[
  {
    "ID": 41709,
    "Description": 2016,
    "LocationAbbr": "US",
    "LocationDesc": "National",
    "DataSource": "BRFSS",
    "Topic": "Obesity / Weight Status",
    "Data_Value": 38.3,
    "Sample_Size": "35,091",
    "Stratification1": "Non-Hispanic Black",
    "StratificationId1": "RACEBLK",
    "LocationDisplayOrder": 0
  },
  {
    "ID": 43798,
    "Description": 2016,
    "LocationAbbr": "AL",
    "LocationDesc": "Alabama",
    "DataSource": "BRFSS",
    "Topic": "Obesity / Weight Status",
    "Data_Value": 44,
    "Sample_Size": "1,728",
    "Stratification1": "Non-Hispanic Black",
    "StratificationId1": "RACEBLK",
    "LocationDisplayOrder": 1
  },
  {
    "ID": 40830,
    "Description": 2016,
    "LocationAbbr": "AK",
    "LocationDesc": "Alaska",
    "DataSource": "BRFSS",
    "Topic": "Obesity / Weight Status",
    "Data_Value": "~",
    "Sample_Size": "~",
    "Stratification1": "Non-Hispanic Black",
    "StratificationId1": "RACEBLK",
    "LocationDisplayOrder": 2
  },
  {
    "ID": 40913,
    "Description": 2016,
    "LocationAbbr": "AZ",
    "LocationDesc": "Arizona",
    "DataSource": "BRFSS",
    "Topic": "Obesity / Weight Status",
    "Data_Value": 31.3,
    "Sample_Size": 222,
    "Stratification1": "Non-Hispanic Black",
    "StratificationId1": "RACEBLK",
    "LocationDisplayOrder": 4
  },
  {
    "ID": 42026,
    "Description": 2016,
    "LocationAbbr": "AR",
    "LocationDesc": "Arkansas",
    "DataSource": "BRFSS",
    "Topic": "Obesity / Weight Status",
    "Data_Value": 47.3,
    "Sample_Size": 715,
    "Stratification1": "Non-Hispanic Black",
    "StratificationId1": "RACEBLK",
    "LocationDisplayOrder": 5
  },
  {
    "ID": 43886,
    "Description": 2016,
    "LocationAbbr": "CA",
    "LocationDesc": "California",
    "DataSource": "BRFSS",
    "Topic": "Obesity / Weight Status",
    "Data_Value": 29.6,
    "Sample_Size": 538,
    "Stratification1": "Non-Hispanic Black",
    "StratificationId1": "RACEBLK",
    "LocationDisplayOrder": 6
  },
  {
    "ID": 41143,
    "Description": 2016,
    "LocationAbbr": "CO",
    "LocationDesc": "Colorado",
    "DataSource": "BRFSS",
    "Topic": "Obesity / Weight Status",
    "Data_Value": 33.5,
    "Sample_Size": 290,
    "Stratification1": "Non-Hispanic Black",
    "StratificationId1": "RACEBLK",
    "LocationDisplayOrder": 8
  },
  {
    "ID": 40085,
    "Description": 2016,
    "LocationAbbr": "CT",
    "LocationDesc": "Connecticut",
    "DataSource": "BRFSS",
    "Topic": "Obesity / Weight Status",
    "Data_Value": 39.1,
    "Sample_Size": 587,
    "Stratification1": "Non-Hispanic Black",
    "StratificationId1": "RACEBLK",
    "LocationDisplayOrder": 9
  },
  {
    "ID": 43967,
    "Description": 2016,
    "LocationAbbr": "DE",
    "LocationDesc": "Delaware",
    "DataSource": "BRFSS",
    "Topic": "Obesity / Weight Status",
    "Data_Value": 39,
    "Sample_Size": 518,
    "Stratification1": "Non-Hispanic Black",
    "StratificationId1": "RACEBLK",
    "LocationDisplayOrder": 10
  },
  {
    "ID": 40592,
    "Description": 2016,
    "LocationAbbr": "DC",
    "LocationDesc": "District of Columbia",
    "DataSource": "BRFSS",
    "Topic": "Obesity / Weight Status",
    "Data_Value": 37.4,
    "Sample_Size": "1,901",
    "Stratification1": "Non-Hispanic Black",
    "StratificationId1": "RACEBLK",
    "LocationDisplayOrder": 11
  },
  {
    "ID": 40122,
    "Description": 2016,
    "LocationAbbr": "FL",
    "LocationDesc": "Florida",
    "DataSource": "BRFSS",
    "Topic": "Obesity / Weight Status",
    "Data_Value": 34,
    "Sample_Size": "3,314",
    "Stratification1": "Non-Hispanic Black",
    "StratificationId1": "RACEBLK",
    "LocationDisplayOrder": 12
  },
  {
    "ID": 41884,
    "Description": 2016,
    "LocationAbbr": "GA",
    "LocationDesc": "Georgia",
    "DataSource": "BRFSS",
    "Topic": "Obesity / Weight Status",
    "Data_Value": 38.2,
    "Sample_Size": "1,252",
    "Stratification1": "Non-Hispanic Black",
    "StratificationId1": "RACEBLK",
    "LocationDisplayOrder": 13
  },
  {
    "ID": 39979,
    "Description": 2016,
    "LocationAbbr": "HI",
    "LocationDesc": "Hawaii",
    "DataSource": "BRFSS",
    "Topic": "Obesity / Weight Status",
    "Data_Value": 28.4,
    "Sample_Size": 59,
    "Stratification1": "Non-Hispanic Black",
    "StratificationId1": "RACEBLK",
    "LocationDisplayOrder": 15
  },
  {
    "ID": 41491,
    "Description": 2016,
    "LocationAbbr": "ID",
    "LocationDesc": "Idaho",
    "DataSource": "BRFSS",
    "Topic": "Obesity / Weight Status",
    "Data_Value": "~",
    "Sample_Size": "~",
    "Stratification1": "Non-Hispanic Black",
    "StratificationId1": "RACEBLK",
    "LocationDisplayOrder": 16
  },
  {
    "ID": 44064,
    "Description": 2016,
    "LocationAbbr": "IL",
    "LocationDesc": "Illinois",
    "DataSource": "BRFSS",
    "Topic": "Obesity / Weight Status",
    "Data_Value": 39.5,
    "Sample_Size": 584,
    "Stratification1": "Non-Hispanic Black",
    "StratificationId1": "RACEBLK",
    "LocationDisplayOrder": 17
  },
  {
    "ID": 43083,
    "Description": 2016,
    "LocationAbbr": "IN",
    "LocationDesc": "Indiana",
    "DataSource": "BRFSS",
    "Topic": "Obesity / Weight Status",
    "Data_Value": 42.1,
    "Sample_Size": 689,
    "Stratification1": "Non-Hispanic Black",
    "StratificationId1": "RACEBLK",
    "LocationDisplayOrder": 18
  },
  {
    "ID": 40445,
    "Description": 2016,
    "LocationAbbr": "IA",
    "LocationDesc": "Iowa",
    "DataSource": "BRFSS",
    "Topic": "Obesity / Weight Status",
    "Data_Value": 35.2,
    "Sample_Size": 109,
    "Stratification1": "Non-Hispanic Black",
    "StratificationId1": "RACEBLK",
    "LocationDisplayOrder": 19
  },
  {
    "ID": 42521,
    "Description": 2016,
    "LocationAbbr": "KS",
    "LocationDesc": "Kansas",
    "DataSource": "BRFSS",
    "Topic": "Obesity / Weight Status",
    "Data_Value": 41.7,
    "Sample_Size": 415,
    "Stratification1": "Non-Hispanic Black",
    "StratificationId1": "RACEBLK",
    "LocationDisplayOrder": 20
  },
  {
    "ID": 44221,
    "Description": 2016,
    "LocationAbbr": "KY",
    "LocationDesc": "Kentucky",
    "DataSource": "BRFSS",
    "Topic": "Obesity / Weight Status",
    "Data_Value": 40.1,
    "Sample_Size": 821,
    "Stratification1": "Non-Hispanic Black",
    "StratificationId1": "RACEBLK",
    "LocationDisplayOrder": 21
  },
  {
    "ID": 43002,
    "Description": 2016,
    "LocationAbbr": "LA",
    "LocationDesc": "Louisiana",
    "DataSource": "BRFSS",
    "Topic": "Obesity / Weight Status",
    "Data_Value": 42,
    "Sample_Size": "1,146",
    "Stratification1": "Non-Hispanic Black",
    "StratificationId1": "RACEBLK",
    "LocationDisplayOrder": 22
  },
  {
    "ID": 43114,
    "Description": 2016,
    "LocationAbbr": "ME",
    "LocationDesc": "Maine",
    "DataSource": "BRFSS",
    "Topic": "Obesity / Weight Status",
    "Data_Value": "~",
    "Sample_Size": "~",
    "Stratification1": "Non-Hispanic Black",
    "StratificationId1": "RACEBLK",
    "LocationDisplayOrder": 23
  },
  {
    "ID": 40683,
    "Description": 2016,
    "LocationAbbr": "MD",
    "LocationDesc": "Maryland",
    "DataSource": "BRFSS",
    "Topic": "Obesity / Weight Status",
    "Data_Value": 37.6,
    "Sample_Size": "3,504",
    "Stratification1": "Non-Hispanic Black",
    "StratificationId1": "RACEBLK",
    "LocationDisplayOrder": 24
  },
  {
    "ID": 44191,
    "Description": 2016,
    "LocationAbbr": "MA",
    "LocationDesc": "Massachusetts",
    "DataSource": "BRFSS",
    "Topic": "Obesity / Weight Status",
    "Data_Value": 36,
    "Sample_Size": 370,
    "Stratification1": "Non-Hispanic Black",
    "StratificationId1": "RACEBLK",
    "LocationDisplayOrder": 25
  },
  {
    "ID": 42369,
    "Description": 2016,
    "LocationAbbr": "MI",
    "LocationDesc": "Michigan",
    "DataSource": "BRFSS",
    "Topic": "Obesity / Weight Status",
    "Data_Value": 38.4,
    "Sample_Size": "1,134",
    "Stratification1": "Non-Hispanic Black",
    "StratificationId1": "RACEBLK",
    "LocationDisplayOrder": 26
  },
  {
    "ID": 42396,
    "Description": 2016,
    "LocationAbbr": "MN",
    "LocationDesc": "Minnesota",
    "DataSource": "BRFSS",
    "Topic": "Obesity / Weight Status",
    "Data_Value": 33.2,
    "Sample_Size": 415,
    "Stratification1": "Non-Hispanic Black",
    "StratificationId1": "RACEBLK",
    "LocationDisplayOrder": 27
  },
  {
    "ID": 40399,
    "Description": 2016,
    "LocationAbbr": "MS",
    "LocationDesc": "Mississippi",
    "DataSource": "BRFSS",
    "Topic": "Obesity / Weight Status",
    "Data_Value": 46.8,
    "Sample_Size": "1,765",
    "Stratification1": "Non-Hispanic Black",
    "StratificationId1": "RACEBLK",
    "LocationDisplayOrder": 28
  },
  {
    "ID": 43221,
    "Description": 2016,
    "LocationAbbr": "MO",
    "LocationDesc": "Missouri",
    "DataSource": "BRFSS",
    "Topic": "Obesity / Weight Status",
    "Data_Value": 39.6,
    "Sample_Size": 607,
    "Stratification1": "Non-Hispanic Black",
    "StratificationId1": "RACEBLK",
    "LocationDisplayOrder": 29
  },
  {
    "ID": 40636,
    "Description": 2016,
    "LocationAbbr": "MT",
    "LocationDesc": "Montana",
    "DataSource": "BRFSS",
    "Topic": "Obesity / Weight Status",
    "Data_Value": "~",
    "Sample_Size": "~",
    "Stratification1": "Non-Hispanic Black",
    "StratificationId1": "RACEBLK",
    "LocationDisplayOrder": 30
  },
  {
    "ID": 41660,
    "Description": 2016,
    "LocationAbbr": "NE",
    "LocationDesc": "Nebraska",
    "DataSource": "BRFSS",
    "Topic": "Obesity / Weight Status",
    "Data_Value": 37.6,
    "Sample_Size": 194,
    "Stratification1": "Non-Hispanic Black",
    "StratificationId1": "RACEBLK",
    "LocationDisplayOrder": 31
  },
  {
    "ID": 42545,
    "Description": 2016,
    "LocationAbbr": "NV",
    "LocationDesc": "Nevada",
    "DataSource": "BRFSS",
    "Topic": "Obesity / Weight Status",
    "Data_Value": 27.7,
    "Sample_Size": 177,
    "Stratification1": "Non-Hispanic Black",
    "StratificationId1": "RACEBLK",
    "LocationDisplayOrder": 32
  },
  {
    "ID": 44201,
    "Description": 2016,
    "LocationAbbr": "NH",
    "LocationDesc": "New Hampshire",
    "DataSource": "BRFSS",
    "Topic": "Obesity / Weight Status",
    "Data_Value": "~",
    "Sample_Size": "~",
    "Stratification1": "Non-Hispanic Black",
    "StratificationId1": "RACEBLK",
    "LocationDisplayOrder": 33
  },
  {
    "ID": 40708,
    "Description": 2016,
    "LocationAbbr": "NJ",
    "LocationDesc": "New Jersey",
    "DataSource": "BRFSS",
    "Topic": "Obesity / Weight Status",
    "Data_Value": 37.5,
    "Sample_Size": 803,
    "Stratification1": "Non-Hispanic Black",
    "StratificationId1": "RACEBLK",
    "LocationDisplayOrder": 34
  },
  {
    "ID": 42197,
    "Description": 2016,
    "LocationAbbr": "NM",
    "LocationDesc": "New Mexico",
    "DataSource": "BRFSS",
    "Topic": "Obesity / Weight Status",
    "Data_Value": 25.5,
    "Sample_Size": 53,
    "Stratification1": "Non-Hispanic Black",
    "StratificationId1": "RACEBLK",
    "LocationDisplayOrder": 35
  },
  {
    "ID": 43567,
    "Description": 2016,
    "LocationAbbr": "NY",
    "LocationDesc": "New York",
    "DataSource": "BRFSS",
    "Topic": "Obesity / Weight Status",
    "Data_Value": 33.8,
    "Sample_Size": "1,555",
    "Stratification1": "Non-Hispanic Black",
    "StratificationId1": "RACEBLK",
    "LocationDisplayOrder": 36
  },
  {
    "ID": 42815,
    "Description": 2016,
    "LocationAbbr": "NC",
    "LocationDesc": "North Carolina",
    "DataSource": "BRFSS",
    "Topic": "Obesity / Weight Status",
    "Data_Value": 41.4,
    "Sample_Size": "1,158",
    "Stratification1": "Non-Hispanic Black",
    "StratificationId1": "RACEBLK",
    "LocationDisplayOrder": 37
  },
  {
    "ID": 44218,
    "Description": 2016,
    "LocationAbbr": "ND",
    "LocationDesc": "North Dakota",
    "DataSource": "BRFSS",
    "Topic": "Obesity / Weight Status",
    "Data_Value": "~",
    "Sample_Size": "~",
    "Stratification1": "Non-Hispanic Black",
    "StratificationId1": "RACEBLK",
    "LocationDisplayOrder": 38
  },
  {
    "ID": 41854,
    "Description": 2016,
    "LocationAbbr": "OH",
    "LocationDesc": "Ohio",
    "DataSource": "BRFSS",
    "Topic": "Obesity / Weight Status",
    "Data_Value": 35.8,
    "Sample_Size": 775,
    "Stratification1": "Non-Hispanic Black",
    "StratificationId1": "RACEBLK",
    "LocationDisplayOrder": 39
  },
  {
    "ID": 41849,
    "Description": 2016,
    "LocationAbbr": "OK",
    "LocationDesc": "Oklahoma",
    "DataSource": "BRFSS",
    "Topic": "Obesity / Weight Status",
    "Data_Value": 39.5,
    "Sample_Size": 346,
    "Stratification1": "Non-Hispanic Black",
    "StratificationId1": "RACEBLK",
    "LocationDisplayOrder": 40
  },
  {
    "ID": 41880,
    "Description": 2016,
    "LocationAbbr": "OR",
    "LocationDesc": "Oregon",
    "DataSource": "BRFSS",
    "Topic": "Obesity / Weight Status",
    "Data_Value": "~",
    "Sample_Size": "~",
    "Stratification1": "Non-Hispanic Black",
    "StratificationId1": "RACEBLK",
    "LocationDisplayOrder": 41
  },
  {
    "ID": 40947,
    "Description": 2016,
    "LocationAbbr": "PA",
    "LocationDesc": "Pennsylvania",
    "DataSource": "BRFSS",
    "Topic": "Obesity / Weight Status",
    "Data_Value": 38.5,
    "Sample_Size": 534,
    "Stratification1": "Non-Hispanic Black",
    "StratificationId1": "RACEBLK",
    "LocationDisplayOrder": 42
  },
  {
    "ID": 43770,
    "Description": 2016,
    "LocationAbbr": "RI",
    "LocationDesc": "Rhode Island",
    "DataSource": "BRFSS",
    "Topic": "Obesity / Weight Status",
    "Data_Value": 28.4,
    "Sample_Size": 167,
    "Stratification1": "Non-Hispanic Black",
    "StratificationId1": "RACEBLK",
    "LocationDisplayOrder": 44
  },
  {
    "ID": 42438,
    "Description": 2016,
    "LocationAbbr": "SC",
    "LocationDesc": "South Carolina",
    "DataSource": "BRFSS",
    "Topic": "Obesity / Weight Status",
    "Data_Value": 41.6,
    "Sample_Size": "2,761",
    "Stratification1": "Non-Hispanic Black",
    "StratificationId1": "RACEBLK",
    "LocationDisplayOrder": 45
  },
  {
    "ID": 40932,
    "Description": 2016,
    "LocationAbbr": "SD",
    "LocationDesc": "South Dakota",
    "DataSource": "BRFSS",
    "Topic": "Obesity / Weight Status",
    "Data_Value": "~",
    "Sample_Size": "~",
    "Stratification1": "Non-Hispanic Black",
    "StratificationId1": "RACEBLK",
    "LocationDisplayOrder": 46
  },
  {
    "ID": 40002,
    "Description": 2016,
    "LocationAbbr": "TN",
    "LocationDesc": "Tennessee",
    "DataSource": "BRFSS",
    "Topic": "Obesity / Weight Status",
    "Data_Value": 46.6,
    "Sample_Size": 675,
    "Stratification1": "Non-Hispanic Black",
    "StratificationId1": "RACEBLK",
    "LocationDisplayOrder": 47
  },
  {
    "ID": 43579,
    "Description": 2016,
    "LocationAbbr": "TX",
    "LocationDesc": "Texas",
    "DataSource": "BRFSS",
    "Topic": "Obesity / Weight Status",
    "Data_Value": 41.7,
    "Sample_Size": 856,
    "Stratification1": "Non-Hispanic Black",
    "StratificationId1": "RACEBLK",
    "LocationDisplayOrder": 48
  },
  {
    "ID": 41494,
    "Description": 2016,
    "LocationAbbr": "UT",
    "LocationDesc": "Utah",
    "DataSource": "BRFSS",
    "Topic": "Obesity / Weight Status",
    "Data_Value": 31.2,
    "Sample_Size": 54,
    "Stratification1": "Non-Hispanic Black",
    "StratificationId1": "RACEBLK",
    "LocationDisplayOrder": 49
  },
  {
    "ID": 40240,
    "Description": 2016,
    "LocationAbbr": "VT",
    "LocationDesc": "Vermont",
    "DataSource": "BRFSS",
    "Topic": "Obesity / Weight Status",
    "Data_Value": "~",
    "Sample_Size": "~",
    "Stratification1": "Non-Hispanic Black",
    "StratificationId1": "RACEBLK",
    "LocationDisplayOrder": 50
  },
  {
    "ID": 41186,
    "Description": 2016,
    "LocationAbbr": "VA",
    "LocationDesc": "Virginia",
    "DataSource": "BRFSS",
    "Topic": "Obesity / Weight Status",
    "Data_Value": 40,
    "Sample_Size": "1,305",
    "Stratification1": "Non-Hispanic Black",
    "StratificationId1": "RACEBLK",
    "LocationDisplayOrder": 51
  },
  {
    "ID": 42565,
    "Description": 2016,
    "LocationAbbr": "WA",
    "LocationDesc": "Washington",
    "DataSource": "BRFSS",
    "Topic": "Obesity / Weight Status",
    "Data_Value": 36.1,
    "Sample_Size": 260,
    "Stratification1": "Non-Hispanic Black",
    "StratificationId1": "RACEBLK",
    "LocationDisplayOrder": 53
  },
  {
    "ID": 40957,
    "Description": 2016,
    "LocationAbbr": "WV",
    "LocationDesc": "West Virginia",
    "DataSource": "BRFSS",
    "Topic": "Obesity / Weight Status",
    "Data_Value": 43.9,
    "Sample_Size": 173,
    "Stratification1": "Non-Hispanic Black",
    "StratificationId1": "RACEBLK",
    "LocationDisplayOrder": 54
  },
  {
    "ID": 42335,
    "Description": 2016,
    "LocationAbbr": "WI",
    "LocationDesc": "Wisconsin",
    "DataSource": "BRFSS",
    "Topic": "Obesity / Weight Status",
    "Data_Value": 31.4,
    "Sample_Size": 265,
    "Stratification1": "Non-Hispanic Black",
    "StratificationId1": "RACEBLK",
    "LocationDisplayOrder": 55
  },
  {
    "ID": 42657,
    "Description": 2016,
    "LocationAbbr": "WY",
    "LocationDesc": "Wyoming",
    "DataSource": "BRFSS",
    "Topic": "Obesity / Weight Status",
    "Data_Value": "~",
    "Sample_Size": "~",
    "Stratification1": "Non-Hispanic Black",
    "StratificationId1": "RACEBLK",
    "LocationDisplayOrder": 56
  },
  {
    "ID": 40764,
    "Description": 2016,
    "LocationAbbr": "GU",
    "LocationDesc": "Guam",
    "DataSource": "BRFSS",
    "Topic": "Obesity / Weight Status",
    "Data_Value": "~",
    "Sample_Size": "~",
    "Stratification1": "Non-Hispanic Black",
    "StratificationId1": "RACEBLK",
    "LocationDisplayOrder": 66
  },
  {
    "ID": 41731,
    "Description": 2016,
    "LocationAbbr": "PR",
    "LocationDesc": "Puerto Rico",
    "DataSource": "BRFSS",
    "Topic": "Obesity / Weight Status",
    "Data_Value": "~",
    "Sample_Size": "~",
    "Stratification1": "Non-Hispanic Black",
    "StratificationId1": "RACEBLK",
    "LocationDisplayOrder": 72
  },
  {
    "ID": 42511,
    "Description": 2016,
    "LocationAbbr": "VI",
    "LocationDesc": "Virgin Islands",
    "DataSource": "BRFSS",
    "Topic": "Obesity / Weight Status",
    "Data_Value": 34.3,
    "Sample_Size": 783,
    "Stratification1": "Non-Hispanic Black",
    "StratificationId1": "RACEBLK",
    "LocationDisplayOrder": 78
  },
  {
    "ID": "",
    "Description": "",
    "LocationAbbr": "",
    "LocationDesc": "",
    "DataSource": "",
    "Topic": "",
    "Data_Value": "",
    "Sample_Size": "",
    "Stratification1": "",
    "StratificationId1": "",
    "LocationDisplayOrder": ""
  },
  {
    "ID": "",
    "Description": "",
    "LocationAbbr": "",
    "LocationDesc": "",
    "DataSource": "",
    "Topic": "",
    "Data_Value": "",
    "Sample_Size": "",
    "Stratification1": "",
    "StratificationId1": "",
    "LocationDisplayOrder": ""
  },
  {
    "ID": "",
    "Description": "",
    "LocationAbbr": "",
    "LocationDesc": "",
    "DataSource": "",
    "Topic": "",
    "Data_Value": "",
    "Sample_Size": "",
    "Stratification1": "",
    "StratificationId1": "",
    "LocationDisplayOrder": ""
  },
  {
    "ID": "",
    "Description": "",
    "LocationAbbr": "",
    "LocationDesc": "",
    "DataSource": "",
    "Topic": "",
    "Data_Value": "",
    "Sample_Size": "",
    "Stratification1": "",
    "StratificationId1": "",
    "LocationDisplayOrder": ""
  },
  {
    "ID": "",
    "Description": "",
    "LocationAbbr": "",
    "LocationDesc": "",
    "DataSource": "",
    "Topic": "",
    "Data_Value": "",
    "Sample_Size": "",
    "Stratification1": "",
    "StratificationId1": "",
    "LocationDisplayOrder": ""
  },
  {
    "ID": "",
    "Description": "",
    "LocationAbbr": "",
    "LocationDesc": "",
    "DataSource": "",
    "Topic": "",
    "Data_Value": "",
    "Sample_Size": "",
    "Stratification1": "",
    "StratificationId1": "",
    "LocationDisplayOrder": ""
  },
  {
    "ID": "",
    "Description": "",
    "LocationAbbr": "",
    "LocationDesc": "",
    "DataSource": "",
    "Topic": "",
    "Data_Value": "",
    "Sample_Size": "",
    "Stratification1": "",
    "StratificationId1": "",
    "LocationDisplayOrder": ""
  },
  {
    "ID": "",
    "Description": "",
    "LocationAbbr": "",
    "LocationDesc": "",
    "DataSource": "",
    "Topic": "",
    "Data_Value": "",
    "Sample_Size": "",
    "Stratification1": "",
    "StratificationId1": "",
    "LocationDisplayOrder": ""
  },
  {
    "ID": "",
    "Description": "",
    "LocationAbbr": "",
    "LocationDesc": "",
    "DataSource": "",
    "Topic": "",
    "Data_Value": "",
    "Sample_Size": "",
    "Stratification1": "",
    "StratificationId1": "",
    "LocationDisplayOrder": ""
  },
  {
    "ID": "",
    "Description": "",
    "LocationAbbr": "",
    "LocationDesc": "",
    "DataSource": "",
    "Topic": "",
    "Data_Value": "",
    "Sample_Size": "",
    "Stratification1": "",
    "StratificationId1": "",
    "LocationDisplayOrder": ""
  }
]