[
  {
    "ID": 43832,
    "Description": 2016,
    "LocationAbbr": "US",
    "LocationDesc": "National",
    "DataSource": "BRFSS",
    "Topic": "Obesity / Weight Status",
    "Data_Value": 25.4,
    "Sample_Size": "120,901",
    "Stratification1": "$75,000 or greater",
    "StratificationId1": "INC75PLUS",
    "LocationDisplayOrder": 0
  },
  {
    "ID": 43625,
    "Description": 2016,
    "LocationAbbr": "AL",
    "LocationDesc": "Alabama",
    "DataSource": "BRFSS",
    "Topic": "Obesity / Weight Status",
    "Data_Value": 34.5,
    "Sample_Size": "1,306",
    "Stratification1": "$75,000 or greater",
    "StratificationId1": "INC75PLUS",
    "LocationDisplayOrder": 1
  },
  {
    "ID": 43084,
    "Description": 2016,
    "LocationAbbr": "AK",
    "LocationDesc": "Alaska",
    "DataSource": "BRFSS",
    "Topic": "Obesity / Weight Status",
    "Data_Value": 30.3,
    "Sample_Size": "1,045",
    "Stratification1": "$75,000 or greater",
    "StratificationId1": "INC75PLUS",
    "LocationDisplayOrder": 2
  },
  {
    "ID": 42100,
    "Description": 2016,
    "LocationAbbr": "AZ",
    "LocationDesc": "Arizona",
    "DataSource": "BRFSS",
    "Topic": "Obesity / Weight Status",
    "Data_Value": 25.8,
    "Sample_Size": "2,507",
    "Stratification1": "$75,000 or greater",
    "StratificationId1": "INC75PLUS",
    "LocationDisplayOrder": 4
  },
  {
    "ID": 42942,
    "Description": 2016,
    "LocationAbbr": "AR",
    "LocationDesc": "Arkansas",
    "DataSource": "BRFSS",
    "Topic": "Obesity / Weight Status",
    "Data_Value": 35.4,
    "Sample_Size": 884,
    "Stratification1": "$75,000 or greater",
    "StratificationId1": "INC75PLUS",
    "LocationDisplayOrder": 5
  },
  {
    "ID": 40784,
    "Description": 2016,
    "LocationAbbr": "CA",
    "LocationDesc": "California",
    "DataSource": "BRFSS",
    "Topic": "Obesity / Weight Status",
    "Data_Value": 20,
    "Sample_Size": "3,595",
    "Stratification1": "$75,000 or greater",
    "StratificationId1": "INC75PLUS",
    "LocationDisplayOrder": 6
  },
  {
    "ID": 40359,
    "Description": 2016,
    "LocationAbbr": "CO",
    "LocationDesc": "Colorado",
    "DataSource": "BRFSS",
    "Topic": "Obesity / Weight Status",
    "Data_Value": 20.6,
    "Sample_Size": "4,742",
    "Stratification1": "$75,000 or greater",
    "StratificationId1": "INC75PLUS",
    "LocationDisplayOrder": 8
  },
  {
    "ID": 40580,
    "Description": 2016,
    "LocationAbbr": "CT",
    "LocationDesc": "Connecticut",
    "DataSource": "BRFSS",
    "Topic": "Obesity / Weight Status",
    "Data_Value": 21.5,
    "Sample_Size": "3,953",
    "Stratification1": "$75,000 or greater",
    "StratificationId1": "INC75PLUS",
    "LocationDisplayOrder": 9
  },
  {
    "ID": 42982,
    "Description": 2016,
    "LocationAbbr": "DE",
    "LocationDesc": "Delaware",
    "DataSource": "BRFSS",
    "Topic": "Obesity / Weight Status",
    "Data_Value": 28.4,
    "Sample_Size": 963,
    "Stratification1": "$75,000 or greater",
    "StratificationId1": "INC75PLUS",
    "LocationDisplayOrder": 10
  },
  {
    "ID": 39989,
    "Description": 2016,
    "LocationAbbr": "DC",
    "LocationDesc": "District of Columbia",
    "DataSource": "BRFSS",
    "Topic": "Obesity / Weight Status",
    "Data_Value": 14.8,
    "Sample_Size": "1,258",
    "Stratification1": "$75,000 or greater",
    "StratificationId1": "INC75PLUS",
    "LocationDisplayOrder": 11
  },
  {
    "ID": 43260,
    "Description": 2016,
    "LocationAbbr": "FL",
    "LocationDesc": "Florida",
    "DataSource": "BRFSS",
    "Topic": "Obesity / Weight Status",
    "Data_Value": 25.4,
    "Sample_Size": "6,593",
    "Stratification1": "$75,000 or greater",
    "StratificationId1": "INC75PLUS",
    "LocationDisplayOrder": 12
  },
  {
    "ID": 40016,
    "Description": 2016,
    "LocationAbbr": "GA",
    "LocationDesc": "Georgia",
    "DataSource": "BRFSS",
    "Topic": "Obesity / Weight Status",
    "Data_Value": 27,
    "Sample_Size": "1,187",
    "Stratification1": "$75,000 or greater",
    "StratificationId1": "INC75PLUS",
    "LocationDisplayOrder": 13
  },
  {
    "ID": 41158,
    "Description": 2016,
    "LocationAbbr": "HI",
    "LocationDesc": "Hawaii",
    "DataSource": "BRFSS",
    "Topic": "Obesity / Weight Status",
    "Data_Value": 22.3,
    "Sample_Size": "2,407",
    "Stratification1": "$75,000 or greater",
    "StratificationId1": "INC75PLUS",
    "LocationDisplayOrder": 15
  },
  {
    "ID": 44202,
    "Description": 2016,
    "LocationAbbr": "ID",
    "LocationDesc": "Idaho",
    "DataSource": "BRFSS",
    "Topic": "Obesity / Weight Status",
    "Data_Value": 25.7,
    "Sample_Size": "1,077",
    "Stratification1": "$75,000 or greater",
    "StratificationId1": "INC75PLUS",
    "LocationDisplayOrder": 16
  },
  {
    "ID": 41265,
    "Description": 2016,
    "LocationAbbr": "IL",
    "LocationDesc": "Illinois",
    "DataSource": "BRFSS",
    "Topic": "Obesity / Weight Status",
    "Data_Value": 28.7,
    "Sample_Size": "1,516",
    "Stratification1": "$75,000 or greater",
    "StratificationId1": "INC75PLUS",
    "LocationDisplayOrder": 17
  },
  {
    "ID": 40685,
    "Description": 2016,
    "LocationAbbr": "IN",
    "LocationDesc": "Indiana",
    "DataSource": "BRFSS",
    "Topic": "Obesity / Weight Status",
    "Data_Value": 28.7,
    "Sample_Size": "2,519",
    "Stratification1": "$75,000 or greater",
    "StratificationId1": "INC75PLUS",
    "LocationDisplayOrder": 18
  },
  {
    "ID": 43001,
    "Description": 2016,
    "LocationAbbr": "IA",
    "LocationDesc": "Iowa",
    "DataSource": "BRFSS",
    "Topic": "Obesity / Weight Status",
    "Data_Value": 28.6,
    "Sample_Size": "1,853",
    "Stratification1": "$75,000 or greater",
    "StratificationId1": "INC75PLUS",
    "LocationDisplayOrder": 19
  },
  {
    "ID": 42632,
    "Description": 2016,
    "LocationAbbr": "KS",
    "LocationDesc": "Kansas",
    "DataSource": "BRFSS",
    "Topic": "Obesity / Weight Status",
    "Data_Value": 27.3,
    "Sample_Size": "3,005",
    "Stratification1": "$75,000 or greater",
    "StratificationId1": "INC75PLUS",
    "LocationDisplayOrder": 20
  },
  {
    "ID": 39637,
    "Description": 2016,
    "LocationAbbr": "KY",
    "LocationDesc": "Kentucky",
    "DataSource": "BRFSS",
    "Topic": "Obesity / Weight Status",
    "Data_Value": 30.2,
    "Sample_Size": "2,150",
    "Stratification1": "$75,000 or greater",
    "StratificationId1": "INC75PLUS",
    "LocationDisplayOrder": 21
  },
  {
    "ID": 39661,
    "Description": 2016,
    "LocationAbbr": "LA",
    "LocationDesc": "Louisiana",
    "DataSource": "BRFSS",
    "Topic": "Obesity / Weight Status",
    "Data_Value": 33.5,
    "Sample_Size": "1,080",
    "Stratification1": "$75,000 or greater",
    "StratificationId1": "INC75PLUS",
    "LocationDisplayOrder": 22
  },
  {
    "ID": 42714,
    "Description": 2016,
    "LocationAbbr": "ME",
    "LocationDesc": "Maine",
    "DataSource": "BRFSS",
    "Topic": "Obesity / Weight Status",
    "Data_Value": 25.1,
    "Sample_Size": "2,432",
    "Stratification1": "$75,000 or greater",
    "StratificationId1": "INC75PLUS",
    "LocationDisplayOrder": 23
  },
  {
    "ID": 42022,
    "Description": 2016,
    "LocationAbbr": "MD",
    "LocationDesc": "Maryland",
    "DataSource": "BRFSS",
    "Topic": "Obesity / Weight Status",
    "Data_Value": 27.6,
    "Sample_Size": "6,338",
    "Stratification1": "$75,000 or greater",
    "StratificationId1": "INC75PLUS",
    "LocationDisplayOrder": 24
  },
  {
    "ID": 41839,
    "Description": 2016,
    "LocationAbbr": "MA",
    "LocationDesc": "Massachusetts",
    "DataSource": "BRFSS",
    "Topic": "Obesity / Weight Status",
    "Data_Value": 20.1,
    "Sample_Size": "2,710",
    "Stratification1": "$75,000 or greater",
    "StratificationId1": "INC75PLUS",
    "LocationDisplayOrder": 25
  },
  {
    "ID": 42963,
    "Description": 2016,
    "LocationAbbr": "MI",
    "LocationDesc": "Michigan",
    "DataSource": "BRFSS",
    "Topic": "Obesity / Weight Status",
    "Data_Value": 27.7,
    "Sample_Size": "2,913",
    "Stratification1": "$75,000 or greater",
    "StratificationId1": "INC75PLUS",
    "LocationDisplayOrder": 26
  },
  {
    "ID": 44068,
    "Description": 2016,
    "LocationAbbr": "MN",
    "LocationDesc": "Minnesota",
    "DataSource": "BRFSS",
    "Topic": "Obesity / Weight Status",
    "Data_Value": 24.3,
    "Sample_Size": "5,207",
    "Stratification1": "$75,000 or greater",
    "StratificationId1": "INC75PLUS",
    "LocationDisplayOrder": 27
  },
  {
    "ID": 43450,
    "Description": 2016,
    "LocationAbbr": "MS",
    "LocationDesc": "Mississippi",
    "DataSource": "BRFSS",
    "Topic": "Obesity / Weight Status",
    "Data_Value": 32.4,
    "Sample_Size": 767,
    "Stratification1": "$75,000 or greater",
    "StratificationId1": "INC75PLUS",
    "LocationDisplayOrder": 28
  },
  {
    "ID": 42232,
    "Description": 2016,
    "LocationAbbr": "MO",
    "LocationDesc": "Missouri",
    "DataSource": "BRFSS",
    "Topic": "Obesity / Weight Status",
    "Data_Value": 28.1,
    "Sample_Size": "1,444",
    "Stratification1": "$75,000 or greater",
    "StratificationId1": "INC75PLUS",
    "LocationDisplayOrder": 29
  },
  {
    "ID": 40501,
    "Description": 2016,
    "LocationAbbr": "MT",
    "LocationDesc": "Montana",
    "DataSource": "BRFSS",
    "Topic": "Obesity / Weight Status",
    "Data_Value": 23.9,
    "Sample_Size": "1,085",
    "Stratification1": "$75,000 or greater",
    "StratificationId1": "INC75PLUS",
    "LocationDisplayOrder": 30
  },
  {
    "ID": 41669,
    "Description": 2016,
    "LocationAbbr": "NE",
    "LocationDesc": "Nebraska",
    "DataSource": "BRFSS",
    "Topic": "Obesity / Weight Status",
    "Data_Value": 29.6,
    "Sample_Size": "3,572",
    "Stratification1": "$75,000 or greater",
    "StratificationId1": "INC75PLUS",
    "LocationDisplayOrder": 31
  },
  {
    "ID": 42006,
    "Description": 2016,
    "LocationAbbr": "NV",
    "LocationDesc": "Nevada",
    "DataSource": "BRFSS",
    "Topic": "Obesity / Weight Status",
    "Data_Value": 21.7,
    "Sample_Size": "1,070",
    "Stratification1": "$75,000 or greater",
    "StratificationId1": "INC75PLUS",
    "LocationDisplayOrder": 32
  },
  {
    "ID": 41078,
    "Description": 2016,
    "LocationAbbr": "NH",
    "LocationDesc": "New Hampshire",
    "DataSource": "BRFSS",
    "Topic": "Obesity / Weight Status",
    "Data_Value": 23.4,
    "Sample_Size": "1,854",
    "Stratification1": "$75,000 or greater",
    "StratificationId1": "INC75PLUS",
    "LocationDisplayOrder": 33
  },
  {
    "ID": 43342,
    "Description": 2016,
    "LocationAbbr": "NJ",
    "LocationDesc": "New Jersey",
    "DataSource": "BRFSS",
    "Topic": "Obesity / Weight Status",
    "Data_Value": 24.2,
    "Sample_Size": "2,401",
    "Stratification1": "$75,000 or greater",
    "StratificationId1": "INC75PLUS",
    "LocationDisplayOrder": 34
  },
  {
    "ID": 43758,
    "Description": 2016,
    "LocationAbbr": "NM",
    "LocationDesc": "New Mexico",
    "DataSource": "BRFSS",
    "Topic": "Obesity / Weight Status",
    "Data_Value": 25.9,
    "Sample_Size": "1,171",
    "Stratification1": "$75,000 or greater",
    "StratificationId1": "INC75PLUS",
    "LocationDisplayOrder": 35
  },
  {
    "ID": 42044,
    "Description": 2016,
    "LocationAbbr": "NY",
    "LocationDesc": "New York",
    "DataSource": "BRFSS",
    "Topic": "Obesity / Weight Status",
    "Data_Value": 20.9,
    "Sample_Size": "8,551",
    "Stratification1": "$75,000 or greater",
    "StratificationId1": "INC75PLUS",
    "LocationDisplayOrder": 36
  },
  {
    "ID": 42899,
    "Description": 2016,
    "LocationAbbr": "NC",
    "LocationDesc": "North Carolina",
    "DataSource": "BRFSS",
    "Topic": "Obesity / Weight Status",
    "Data_Value": 27.6,
    "Sample_Size": "1,388",
    "Stratification1": "$75,000 or greater",
    "StratificationId1": "INC75PLUS",
    "LocationDisplayOrder": 37
  },
  {
    "ID": 42665,
    "Description": 2016,
    "LocationAbbr": "ND",
    "LocationDesc": "North Dakota",
    "DataSource": "BRFSS",
    "Topic": "Obesity / Weight Status",
    "Data_Value": 30.2,
    "Sample_Size": "1,755",
    "Stratification1": "$75,000 or greater",
    "StratificationId1": "INC75PLUS",
    "LocationDisplayOrder": 38
  },
  {
    "ID": 41218,
    "Description": 2016,
    "LocationAbbr": "OH",
    "LocationDesc": "Ohio",
    "DataSource": "BRFSS",
    "Topic": "Obesity / Weight Status",
    "Data_Value": 26.8,
    "Sample_Size": "2,637",
    "Stratification1": "$75,000 or greater",
    "StratificationId1": "INC75PLUS",
    "LocationDisplayOrder": 39
  },
  {
    "ID": 39934,
    "Description": 2016,
    "LocationAbbr": "OK",
    "LocationDesc": "Oklahoma",
    "DataSource": "BRFSS",
    "Topic": "Obesity / Weight Status",
    "Data_Value": 29.9,
    "Sample_Size": "1,385",
    "Stratification1": "$75,000 or greater",
    "StratificationId1": "INC75PLUS",
    "LocationDisplayOrder": 40
  },
  {
    "ID": 41207,
    "Description": 2016,
    "LocationAbbr": "OR",
    "LocationDesc": "Oregon",
    "DataSource": "BRFSS",
    "Topic": "Obesity / Weight Status",
    "Data_Value": 24.5,
    "Sample_Size": "1,424",
    "Stratification1": "$75,000 or greater",
    "StratificationId1": "INC75PLUS",
    "LocationDisplayOrder": 41
  },
  {
    "ID": 41386,
    "Description": 2016,
    "LocationAbbr": "PA",
    "LocationDesc": "Pennsylvania",
    "DataSource": "BRFSS",
    "Topic": "Obesity / Weight Status",
    "Data_Value": 25.2,
    "Sample_Size": "1,914",
    "Stratification1": "$75,000 or greater",
    "StratificationId1": "INC75PLUS",
    "LocationDisplayOrder": 42
  },
  {
    "ID": 41768,
    "Description": 2016,
    "LocationAbbr": "RI",
    "LocationDesc": "Rhode Island",
    "DataSource": "BRFSS",
    "Topic": "Obesity / Weight Status",
    "Data_Value": 22.4,
    "Sample_Size": "1,541",
    "Stratification1": "$75,000 or greater",
    "StratificationId1": "INC75PLUS",
    "LocationDisplayOrder": 44
  },
  {
    "ID": 41309,
    "Description": 2016,
    "LocationAbbr": "SC",
    "LocationDesc": "South Carolina",
    "DataSource": "BRFSS",
    "Topic": "Obesity / Weight Status",
    "Data_Value": 26.9,
    "Sample_Size": "2,251",
    "Stratification1": "$75,000 or greater",
    "StratificationId1": "INC75PLUS",
    "LocationDisplayOrder": 45
  },
  {
    "ID": 41811,
    "Description": 2016,
    "LocationAbbr": "SD",
    "LocationDesc": "South Dakota",
    "DataSource": "BRFSS",
    "Topic": "Obesity / Weight Status",
    "Data_Value": 31.6,
    "Sample_Size": "1,394",
    "Stratification1": "$75,000 or greater",
    "StratificationId1": "INC75PLUS",
    "LocationDisplayOrder": 46
  },
  {
    "ID": 39740,
    "Description": 2016,
    "LocationAbbr": "TN",
    "LocationDesc": "Tennessee",
    "DataSource": "BRFSS",
    "Topic": "Obesity / Weight Status",
    "Data_Value": 31.8,
    "Sample_Size": "1,164",
    "Stratification1": "$75,000 or greater",
    "StratificationId1": "INC75PLUS",
    "LocationDisplayOrder": 47
  },
  {
    "ID": 41909,
    "Description": 2016,
    "LocationAbbr": "TX",
    "LocationDesc": "Texas",
    "DataSource": "BRFSS",
    "Topic": "Obesity / Weight Status",
    "Data_Value": 30.3,
    "Sample_Size": "2,960",
    "Stratification1": "$75,000 or greater",
    "StratificationId1": "INC75PLUS",
    "LocationDisplayOrder": 48
  },
  {
    "ID": 42622,
    "Description": 2016,
    "LocationAbbr": "UT",
    "LocationDesc": "Utah",
    "DataSource": "BRFSS",
    "Topic": "Obesity / Weight Status",
    "Data_Value": 23.9,
    "Sample_Size": "3,288",
    "Stratification1": "$75,000 or greater",
    "StratificationId1": "INC75PLUS",
    "LocationDisplayOrder": 49
  },
  {
    "ID": 42342,
    "Description": 2016,
    "LocationAbbr": "VT",
    "LocationDesc": "Vermont",
    "DataSource": "BRFSS",
    "Topic": "Obesity / Weight Status",
    "Data_Value": 24.1,
    "Sample_Size": "1,691",
    "Stratification1": "$75,000 or greater",
    "StratificationId1": "INC75PLUS",
    "LocationDisplayOrder": 50
  },
  {
    "ID": 40238,
    "Description": 2016,
    "LocationAbbr": "VA",
    "LocationDesc": "Virginia",
    "DataSource": "BRFSS",
    "Topic": "Obesity / Weight Status",
    "Data_Value": 25.1,
    "Sample_Size": "2,741",
    "Stratification1": "$75,000 or greater",
    "StratificationId1": "INC75PLUS",
    "LocationDisplayOrder": 51
  },
  {
    "ID": 42969,
    "Description": 2016,
    "LocationAbbr": "WA",
    "LocationDesc": "Washington",
    "DataSource": "BRFSS",
    "Topic": "Obesity / Weight Status",
    "Data_Value": 24.9,
    "Sample_Size": "4,336",
    "Stratification1": "$75,000 or greater",
    "StratificationId1": "INC75PLUS",
    "LocationDisplayOrder": 53
  },
  {
    "ID": 42160,
    "Description": 2016,
    "LocationAbbr": "WV",
    "LocationDesc": "West Virginia",
    "DataSource": "BRFSS",
    "Topic": "Obesity / Weight Status",
    "Data_Value": 33.5,
    "Sample_Size": "1,323",
    "Stratification1": "$75,000 or greater",
    "StratificationId1": "INC75PLUS",
    "LocationDisplayOrder": 54
  },
  {
    "ID": 41707,
    "Description": 2016,
    "LocationAbbr": "WI",
    "LocationDesc": "Wisconsin",
    "DataSource": "BRFSS",
    "Topic": "Obesity / Weight Status",
    "Data_Value": 27.8,
    "Sample_Size": "1,377",
    "Stratification1": "$75,000 or greater",
    "StratificationId1": "INC75PLUS",
    "LocationDisplayOrder": 55
  },
  {
    "ID": 43522,
    "Description": 2016,
    "LocationAbbr": "WY",
    "LocationDesc": "Wyoming",
    "DataSource": "BRFSS",
    "Topic": "Obesity / Weight Status",
    "Data_Value": 24.2,
    "Sample_Size": "1,177",
    "Stratification1": "$75,000 or greater",
    "StratificationId1": "INC75PLUS",
    "LocationDisplayOrder": 56
  },
  {
    "ID": 40809,
    "Description": 2016,
    "LocationAbbr": "GU",
    "LocationDesc": "Guam",
    "DataSource": "BRFSS",
    "Topic": "Obesity / Weight Status",
    "Data_Value": 27.5,
    "Sample_Size": 322,
    "Stratification1": "$75,000 or greater",
    "StratificationId1": "INC75PLUS",
    "LocationDisplayOrder": 66
  },
  {
    "ID": 43254,
    "Description": 2016,
    "LocationAbbr": "PR",
    "LocationDesc": "Puerto Rico",
    "DataSource": "BRFSS",
    "Topic": "Obesity / Weight Status",
    "Data_Value": 20.5,
    "Sample_Size": 167,
    "Stratification1": "$75,000 or greater",
    "StratificationId1": "INC75PLUS",
    "LocationDisplayOrder": 72
  },
  {
    "ID": 41104,
    "Description": 2016,
    "LocationAbbr": "VI",
    "LocationDesc": "Virgin Islands",
    "DataSource": "BRFSS",
    "Topic": "Obesity / Weight Status",
    "Data_Value": 32.6,
    "Sample_Size": 206,
    "Stratification1": "$75,000 or greater",
    "StratificationId1": "INC75PLUS",
    "LocationDisplayOrder": 78
  },
  {
    "ID": "",
    "Description": "",
    "LocationAbbr": "",
    "LocationDesc": "",
    "DataSource": "",
    "Topic": "",
    "Data_Value": "",
    "Sample_Size": "",
    "Stratification1": "",
    "StratificationId1": "",
    "LocationDisplayOrder": ""
  },
  {
    "ID": "",
    "Description": "",
    "LocationAbbr": "",
    "LocationDesc": "",
    "DataSource": "",
    "Topic": "",
    "Data_Value": "",
    "Sample_Size": "",
    "Stratification1": "",
    "StratificationId1": "",
    "LocationDisplayOrder": ""
  },
  {
    "ID": "",
    "Description": "",
    "LocationAbbr": "",
    "LocationDesc": "",
    "DataSource": "",
    "Topic": "",
    "Data_Value": "",
    "Sample_Size": "",
    "Stratification1": "",
    "StratificationId1": "",
    "LocationDisplayOrder": ""
  },
  {
    "ID": "",
    "Description": "",
    "LocationAbbr": "",
    "LocationDesc": "",
    "DataSource": "",
    "Topic": "",
    "Data_Value": "",
    "Sample_Size": "",
    "Stratification1": "",
    "StratificationId1": "",
    "LocationDisplayOrder": ""
  },
  {
    "ID": "",
    "Description": "",
    "LocationAbbr": "",
    "LocationDesc": "",
    "DataSource": "",
    "Topic": "",
    "Data_Value": "",
    "Sample_Size": "",
    "Stratification1": "",
    "StratificationId1": "",
    "LocationDisplayOrder": ""
  },
  {
    "ID": "",
    "Description": "",
    "LocationAbbr": "",
    "LocationDesc": "",
    "DataSource": "",
    "Topic": "",
    "Data_Value": "",
    "Sample_Size": "",
    "Stratification1": "",
    "StratificationId1": "",
    "LocationDisplayOrder": ""
  },
  {
    "ID": "",
    "Description": "",
    "LocationAbbr": "",
    "LocationDesc": "",
    "DataSource": "",
    "Topic": "",
    "Data_Value": "",
    "Sample_Size": "",
    "Stratification1": "",
    "StratificationId1": "",
    "LocationDisplayOrder": ""
  },
  {
    "ID": "",
    "Description": "",
    "LocationAbbr": "",
    "LocationDesc": "",
    "DataSource": "",
    "Topic": "",
    "Data_Value": "",
    "Sample_Size": "",
    "Stratification1": "",
    "StratificationId1": "",
    "LocationDisplayOrder": ""
  },
  {
    "ID": "",
    "Description": "",
    "LocationAbbr": "",
    "LocationDesc": "",
    "DataSource": "",
    "Topic": "",
    "Data_Value": "",
    "Sample_Size": "",
    "Stratification1": "",
    "StratificationId1": "",
    "LocationDisplayOrder": ""
  }
]