[
  {
    "ID": 41075,
    "Description": 2016,
    "LocationAbbr": "US",
    "LocationDesc": "National",
    "DataSource": "BRFSS",
    "Topic": "Obesity / Weight Status",
    "Data_Value": 31,
    "Sample_Size": "120,735",
    "Stratification1": "Some college or technical school",
    "StratificationId1": "EDUCOTEC",
    "LocationDisplayOrder": 0
  },
  {
    "ID": 43423,
    "Description": 2016,
    "LocationAbbr": "AL",
    "LocationDesc": "Alabama",
    "DataSource": "BRFSS",
    "Topic": "Obesity / Weight Status",
    "Data_Value": 36.3,
    "Sample_Size": "1,894",
    "Stratification1": "Some college or technical school",
    "StratificationId1": "EDUCOTEC",
    "LocationDisplayOrder": 1
  },
  {
    "ID": 42417,
    "Description": 2016,
    "LocationAbbr": "AK",
    "LocationDesc": "Alaska",
    "DataSource": "BRFSS",
    "Topic": "Obesity / Weight Status",
    "Data_Value": 39.9,
    "Sample_Size": 839,
    "Stratification1": "Some college or technical school",
    "StratificationId1": "EDUCOTEC",
    "LocationDisplayOrder": 2
  },
  {
    "ID": 43516,
    "Description": 2016,
    "LocationAbbr": "AZ",
    "LocationDesc": "Arizona",
    "DataSource": "BRFSS",
    "Topic": "Obesity / Weight Status",
    "Data_Value": 30.2,
    "Sample_Size": "3,072",
    "Stratification1": "Some college or technical school",
    "StratificationId1": "EDUCOTEC",
    "LocationDisplayOrder": 4
  },
  {
    "ID": 42389,
    "Description": 2016,
    "LocationAbbr": "AR",
    "LocationDesc": "Arkansas",
    "DataSource": "BRFSS",
    "Topic": "Obesity / Weight Status",
    "Data_Value": 37.8,
    "Sample_Size": "1,245",
    "Stratification1": "Some college or technical school",
    "StratificationId1": "EDUCOTEC",
    "LocationDisplayOrder": 5
  },
  {
    "ID": 43532,
    "Description": 2016,
    "LocationAbbr": "CA",
    "LocationDesc": "California",
    "DataSource": "BRFSS",
    "Topic": "Obesity / Weight Status",
    "Data_Value": 26.7,
    "Sample_Size": "2,599",
    "Stratification1": "Some college or technical school",
    "StratificationId1": "EDUCOTEC",
    "LocationDisplayOrder": 6
  },
  {
    "ID": 42423,
    "Description": 2016,
    "LocationAbbr": "CO",
    "LocationDesc": "Colorado",
    "DataSource": "BRFSS",
    "Topic": "Obesity / Weight Status",
    "Data_Value": 23.9,
    "Sample_Size": "3,742",
    "Stratification1": "Some college or technical school",
    "StratificationId1": "EDUCOTEC",
    "LocationDisplayOrder": 8
  },
  {
    "ID": 42680,
    "Description": 2016,
    "LocationAbbr": "CT",
    "LocationDesc": "Connecticut",
    "DataSource": "BRFSS",
    "Topic": "Obesity / Weight Status",
    "Data_Value": 27.4,
    "Sample_Size": "2,274",
    "Stratification1": "Some college or technical school",
    "StratificationId1": "EDUCOTEC",
    "LocationDisplayOrder": 9
  },
  {
    "ID": 40695,
    "Description": 2016,
    "LocationAbbr": "DE",
    "LocationDesc": "Delaware",
    "DataSource": "BRFSS",
    "Topic": "Obesity / Weight Status",
    "Data_Value": 28.9,
    "Sample_Size": 920,
    "Stratification1": "Some college or technical school",
    "StratificationId1": "EDUCOTEC",
    "LocationDisplayOrder": 10
  },
  {
    "ID": 43031,
    "Description": 2016,
    "LocationAbbr": "DC",
    "LocationDesc": "District of Columbia",
    "DataSource": "BRFSS",
    "Topic": "Obesity / Weight Status",
    "Data_Value": 31.5,
    "Sample_Size": 640,
    "Stratification1": "Some college or technical school",
    "StratificationId1": "EDUCOTEC",
    "LocationDisplayOrder": 11
  },
  {
    "ID": 42164,
    "Description": 2016,
    "LocationAbbr": "FL",
    "LocationDesc": "Florida",
    "DataSource": "BRFSS",
    "Topic": "Obesity / Weight Status",
    "Data_Value": 27.8,
    "Sample_Size": "9,688",
    "Stratification1": "Some college or technical school",
    "StratificationId1": "EDUCOTEC",
    "LocationDisplayOrder": 12
  },
  {
    "ID": 41685,
    "Description": 2016,
    "LocationAbbr": "GA",
    "LocationDesc": "Georgia",
    "DataSource": "BRFSS",
    "Topic": "Obesity / Weight Status",
    "Data_Value": 34.1,
    "Sample_Size": "1,264",
    "Stratification1": "Some college or technical school",
    "StratificationId1": "EDUCOTEC",
    "LocationDisplayOrder": 13
  },
  {
    "ID": 40039,
    "Description": 2016,
    "LocationAbbr": "HI",
    "LocationDesc": "Hawaii",
    "DataSource": "BRFSS",
    "Topic": "Obesity / Weight Status",
    "Data_Value": 24.9,
    "Sample_Size": "2,123",
    "Stratification1": "Some college or technical school",
    "StratificationId1": "EDUCOTEC",
    "LocationDisplayOrder": 15
  },
  {
    "ID": 42452,
    "Description": 2016,
    "LocationAbbr": "ID",
    "LocationDesc": "Idaho",
    "DataSource": "BRFSS",
    "Topic": "Obesity / Weight Status",
    "Data_Value": 28.1,
    "Sample_Size": "1,534",
    "Stratification1": "Some college or technical school",
    "StratificationId1": "EDUCOTEC",
    "LocationDisplayOrder": 16
  },
  {
    "ID": 43193,
    "Description": 2016,
    "LocationAbbr": "IL",
    "LocationDesc": "Illinois",
    "DataSource": "BRFSS",
    "Topic": "Obesity / Weight Status",
    "Data_Value": 32.4,
    "Sample_Size": "1,308",
    "Stratification1": "Some college or technical school",
    "StratificationId1": "EDUCOTEC",
    "LocationDisplayOrder": 17
  },
  {
    "ID": 39757,
    "Description": 2016,
    "LocationAbbr": "IN",
    "LocationDesc": "Indiana",
    "DataSource": "BRFSS",
    "Topic": "Obesity / Weight Status",
    "Data_Value": 34.1,
    "Sample_Size": "2,579",
    "Stratification1": "Some college or technical school",
    "StratificationId1": "EDUCOTEC",
    "LocationDisplayOrder": 18
  },
  {
    "ID": 40530,
    "Description": 2016,
    "LocationAbbr": "IA",
    "LocationDesc": "Iowa",
    "DataSource": "BRFSS",
    "Topic": "Obesity / Weight Status",
    "Data_Value": 33.2,
    "Sample_Size": "1,934",
    "Stratification1": "Some college or technical school",
    "StratificationId1": "EDUCOTEC",
    "LocationDisplayOrder": 19
  },
  {
    "ID": 42101,
    "Description": 2016,
    "LocationAbbr": "KS",
    "LocationDesc": "Kansas",
    "DataSource": "BRFSS",
    "Topic": "Obesity / Weight Status",
    "Data_Value": 33.6,
    "Sample_Size": "3,236",
    "Stratification1": "Some college or technical school",
    "StratificationId1": "EDUCOTEC",
    "LocationDisplayOrder": 20
  },
  {
    "ID": 39769,
    "Description": 2016,
    "LocationAbbr": "KY",
    "LocationDesc": "Kentucky",
    "DataSource": "BRFSS",
    "Topic": "Obesity / Weight Status",
    "Data_Value": 34.3,
    "Sample_Size": "2,718",
    "Stratification1": "Some college or technical school",
    "StratificationId1": "EDUCOTEC",
    "LocationDisplayOrder": 21
  },
  {
    "ID": 42072,
    "Description": 2016,
    "LocationAbbr": "LA",
    "LocationDesc": "Louisiana",
    "DataSource": "BRFSS",
    "Topic": "Obesity / Weight Status",
    "Data_Value": 36,
    "Sample_Size": "1,265",
    "Stratification1": "Some college or technical school",
    "StratificationId1": "EDUCOTEC",
    "LocationDisplayOrder": 22
  },
  {
    "ID": 40534,
    "Description": 2016,
    "LocationAbbr": "ME",
    "LocationDesc": "Maine",
    "DataSource": "BRFSS",
    "Topic": "Obesity / Weight Status",
    "Data_Value": 31.8,
    "Sample_Size": "2,557",
    "Stratification1": "Some college or technical school",
    "StratificationId1": "EDUCOTEC",
    "LocationDisplayOrder": 23
  },
  {
    "ID": 41900,
    "Description": 2016,
    "LocationAbbr": "MD",
    "LocationDesc": "Maryland",
    "DataSource": "BRFSS",
    "Topic": "Obesity / Weight Status",
    "Data_Value": 32.8,
    "Sample_Size": "3,797",
    "Stratification1": "Some college or technical school",
    "StratificationId1": "EDUCOTEC",
    "LocationDisplayOrder": 24
  },
  {
    "ID": 41578,
    "Description": 2016,
    "LocationAbbr": "MA",
    "LocationDesc": "Massachusetts",
    "DataSource": "BRFSS",
    "Topic": "Obesity / Weight Status",
    "Data_Value": 23.7,
    "Sample_Size": "1,705",
    "Stratification1": "Some college or technical school",
    "StratificationId1": "EDUCOTEC",
    "LocationDisplayOrder": 25
  },
  {
    "ID": 40104,
    "Description": 2016,
    "LocationAbbr": "MI",
    "LocationDesc": "Michigan",
    "DataSource": "BRFSS",
    "Topic": "Obesity / Weight Status",
    "Data_Value": 33.2,
    "Sample_Size": "3,445",
    "Stratification1": "Some college or technical school",
    "StratificationId1": "EDUCOTEC",
    "LocationDisplayOrder": 26
  },
  {
    "ID": 42840,
    "Description": 2016,
    "LocationAbbr": "MN",
    "LocationDesc": "Minnesota",
    "DataSource": "BRFSS",
    "Topic": "Obesity / Weight Status",
    "Data_Value": 29.5,
    "Sample_Size": "4,742",
    "Stratification1": "Some college or technical school",
    "StratificationId1": "EDUCOTEC",
    "LocationDisplayOrder": 27
  },
  {
    "ID": 43737,
    "Description": 2016,
    "LocationAbbr": "MS",
    "LocationDesc": "Mississippi",
    "DataSource": "BRFSS",
    "Topic": "Obesity / Weight Status",
    "Data_Value": 40.8,
    "Sample_Size": "1,250",
    "Stratification1": "Some college or technical school",
    "StratificationId1": "EDUCOTEC",
    "LocationDisplayOrder": 28
  },
  {
    "ID": 44106,
    "Description": 2016,
    "LocationAbbr": "MO",
    "LocationDesc": "Missouri",
    "DataSource": "BRFSS",
    "Topic": "Obesity / Weight Status",
    "Data_Value": 33.9,
    "Sample_Size": "1,837",
    "Stratification1": "Some college or technical school",
    "StratificationId1": "EDUCOTEC",
    "LocationDisplayOrder": 29
  },
  {
    "ID": 44091,
    "Description": 2016,
    "LocationAbbr": "MT",
    "LocationDesc": "Montana",
    "DataSource": "BRFSS",
    "Topic": "Obesity / Weight Status",
    "Data_Value": 26.6,
    "Sample_Size": "1,656",
    "Stratification1": "Some college or technical school",
    "StratificationId1": "EDUCOTEC",
    "LocationDisplayOrder": 30
  },
  {
    "ID": 39538,
    "Description": 2016,
    "LocationAbbr": "NE",
    "LocationDesc": "Nebraska",
    "DataSource": "BRFSS",
    "Topic": "Obesity / Weight Status",
    "Data_Value": 32.1,
    "Sample_Size": "4,328",
    "Stratification1": "Some college or technical school",
    "StratificationId1": "EDUCOTEC",
    "LocationDisplayOrder": 31
  },
  {
    "ID": 40823,
    "Description": 2016,
    "LocationAbbr": "NV",
    "LocationDesc": "Nevada",
    "DataSource": "BRFSS",
    "Topic": "Obesity / Weight Status",
    "Data_Value": 25.5,
    "Sample_Size": "1,205",
    "Stratification1": "Some college or technical school",
    "StratificationId1": "EDUCOTEC",
    "LocationDisplayOrder": 32
  },
  {
    "ID": 42697,
    "Description": 2016,
    "LocationAbbr": "NH",
    "LocationDesc": "New Hampshire",
    "DataSource": "BRFSS",
    "Topic": "Obesity / Weight Status",
    "Data_Value": 26.7,
    "Sample_Size": "1,533",
    "Stratification1": "Some college or technical school",
    "StratificationId1": "EDUCOTEC",
    "LocationDisplayOrder": 33
  },
  {
    "ID": 42332,
    "Description": 2016,
    "LocationAbbr": "NJ",
    "LocationDesc": "New Jersey",
    "DataSource": "BRFSS",
    "Topic": "Obesity / Weight Status",
    "Data_Value": 28.5,
    "Sample_Size": "1,614",
    "Stratification1": "Some college or technical school",
    "StratificationId1": "EDUCOTEC",
    "LocationDisplayOrder": 34
  },
  {
    "ID": 43788,
    "Description": 2016,
    "LocationAbbr": "NM",
    "LocationDesc": "New Mexico",
    "DataSource": "BRFSS",
    "Topic": "Obesity / Weight Status",
    "Data_Value": 31,
    "Sample_Size": "1,556",
    "Stratification1": "Some college or technical school",
    "StratificationId1": "EDUCOTEC",
    "LocationDisplayOrder": 35
  },
  {
    "ID": 43840,
    "Description": 2016,
    "LocationAbbr": "NY",
    "LocationDesc": "New York",
    "DataSource": "BRFSS",
    "Topic": "Obesity / Weight Status",
    "Data_Value": 26.1,
    "Sample_Size": "8,065",
    "Stratification1": "Some college or technical school",
    "StratificationId1": "EDUCOTEC",
    "LocationDisplayOrder": 36
  },
  {
    "ID": 41905,
    "Description": 2016,
    "LocationAbbr": "NC",
    "LocationDesc": "North Carolina",
    "DataSource": "BRFSS",
    "Topic": "Obesity / Weight Status",
    "Data_Value": 32.1,
    "Sample_Size": "1,737",
    "Stratification1": "Some college or technical school",
    "StratificationId1": "EDUCOTEC",
    "LocationDisplayOrder": 37
  },
  {
    "ID": 43319,
    "Description": 2016,
    "LocationAbbr": "ND",
    "LocationDesc": "North Dakota",
    "DataSource": "BRFSS",
    "Topic": "Obesity / Weight Status",
    "Data_Value": 34,
    "Sample_Size": "1,753",
    "Stratification1": "Some college or technical school",
    "StratificationId1": "EDUCOTEC",
    "LocationDisplayOrder": 38
  },
  {
    "ID": 41181,
    "Description": 2016,
    "LocationAbbr": "OH",
    "LocationDesc": "Ohio",
    "DataSource": "BRFSS",
    "Topic": "Obesity / Weight Status",
    "Data_Value": 32,
    "Sample_Size": "3,072",
    "Stratification1": "Some college or technical school",
    "StratificationId1": "EDUCOTEC",
    "LocationDisplayOrder": 39
  },
  {
    "ID": 41094,
    "Description": 2016,
    "LocationAbbr": "OK",
    "LocationDesc": "Oklahoma",
    "DataSource": "BRFSS",
    "Topic": "Obesity / Weight Status",
    "Data_Value": 34.6,
    "Sample_Size": "2,055",
    "Stratification1": "Some college or technical school",
    "StratificationId1": "EDUCOTEC",
    "LocationDisplayOrder": 40
  },
  {
    "ID": 41361,
    "Description": 2016,
    "LocationAbbr": "OR",
    "LocationDesc": "Oregon",
    "DataSource": "BRFSS",
    "Topic": "Obesity / Weight Status",
    "Data_Value": 30.8,
    "Sample_Size": "1,544",
    "Stratification1": "Some college or technical school",
    "StratificationId1": "EDUCOTEC",
    "LocationDisplayOrder": 41
  },
  {
    "ID": 40274,
    "Description": 2016,
    "LocationAbbr": "PA",
    "LocationDesc": "Pennsylvania",
    "DataSource": "BRFSS",
    "Topic": "Obesity / Weight Status",
    "Data_Value": 30.5,
    "Sample_Size": "1,496",
    "Stratification1": "Some college or technical school",
    "StratificationId1": "EDUCOTEC",
    "LocationDisplayOrder": 42
  },
  {
    "ID": 42919,
    "Description": 2016,
    "LocationAbbr": "RI",
    "LocationDesc": "Rhode Island",
    "DataSource": "BRFSS",
    "Topic": "Obesity / Weight Status",
    "Data_Value": 24.4,
    "Sample_Size": "1,218",
    "Stratification1": "Some college or technical school",
    "StratificationId1": "EDUCOTEC",
    "LocationDisplayOrder": 44
  },
  {
    "ID": 42842,
    "Description": 2016,
    "LocationAbbr": "SC",
    "LocationDesc": "South Carolina",
    "DataSource": "BRFSS",
    "Topic": "Obesity / Weight Status",
    "Data_Value": 34.1,
    "Sample_Size": "2,845",
    "Stratification1": "Some college or technical school",
    "StratificationId1": "EDUCOTEC",
    "LocationDisplayOrder": 45
  },
  {
    "ID": 42998,
    "Description": 2016,
    "LocationAbbr": "SD",
    "LocationDesc": "South Dakota",
    "DataSource": "BRFSS",
    "Topic": "Obesity / Weight Status",
    "Data_Value": 29.5,
    "Sample_Size": "1,704",
    "Stratification1": "Some college or technical school",
    "StratificationId1": "EDUCOTEC",
    "LocationDisplayOrder": 46
  },
  {
    "ID": 42348,
    "Description": 2016,
    "LocationAbbr": "TN",
    "LocationDesc": "Tennessee",
    "DataSource": "BRFSS",
    "Topic": "Obesity / Weight Status",
    "Data_Value": 37.5,
    "Sample_Size": "1,473",
    "Stratification1": "Some college or technical school",
    "StratificationId1": "EDUCOTEC",
    "LocationDisplayOrder": 47
  },
  {
    "ID": 39748,
    "Description": 2016,
    "LocationAbbr": "TX",
    "LocationDesc": "Texas",
    "DataSource": "BRFSS",
    "Topic": "Obesity / Weight Status",
    "Data_Value": 35.4,
    "Sample_Size": "2,768",
    "Stratification1": "Some college or technical school",
    "StratificationId1": "EDUCOTEC",
    "LocationDisplayOrder": 48
  },
  {
    "ID": 40153,
    "Description": 2016,
    "LocationAbbr": "UT",
    "LocationDesc": "Utah",
    "DataSource": "BRFSS",
    "Topic": "Obesity / Weight Status",
    "Data_Value": 25.1,
    "Sample_Size": "3,343",
    "Stratification1": "Some college or technical school",
    "StratificationId1": "EDUCOTEC",
    "LocationDisplayOrder": 49
  },
  {
    "ID": 42223,
    "Description": 2016,
    "LocationAbbr": "VT",
    "LocationDesc": "Vermont",
    "DataSource": "BRFSS",
    "Topic": "Obesity / Weight Status",
    "Data_Value": 28.3,
    "Sample_Size": "1,423",
    "Stratification1": "Some college or technical school",
    "StratificationId1": "EDUCOTEC",
    "LocationDisplayOrder": 50
  },
  {
    "ID": 40409,
    "Description": 2016,
    "LocationAbbr": "VA",
    "LocationDesc": "Virginia",
    "DataSource": "BRFSS",
    "Topic": "Obesity / Weight Status",
    "Data_Value": 31.9,
    "Sample_Size": "2,062",
    "Stratification1": "Some college or technical school",
    "StratificationId1": "EDUCOTEC",
    "LocationDisplayOrder": 51
  },
  {
    "ID": 43934,
    "Description": 2016,
    "LocationAbbr": "WA",
    "LocationDesc": "Washington",
    "DataSource": "BRFSS",
    "Topic": "Obesity / Weight Status",
    "Data_Value": 32.6,
    "Sample_Size": "3,803",
    "Stratification1": "Some college or technical school",
    "StratificationId1": "EDUCOTEC",
    "LocationDisplayOrder": 53
  },
  {
    "ID": 42140,
    "Description": 2016,
    "LocationAbbr": "WV",
    "LocationDesc": "West Virginia",
    "DataSource": "BRFSS",
    "Topic": "Obesity / Weight Status",
    "Data_Value": 38.8,
    "Sample_Size": "1,600",
    "Stratification1": "Some college or technical school",
    "StratificationId1": "EDUCOTEC",
    "LocationDisplayOrder": 54
  },
  {
    "ID": 43380,
    "Description": 2016,
    "LocationAbbr": "WI",
    "LocationDesc": "Wisconsin",
    "DataSource": "BRFSS",
    "Topic": "Obesity / Weight Status",
    "Data_Value": 34.3,
    "Sample_Size": "1,315",
    "Stratification1": "Some college or technical school",
    "StratificationId1": "EDUCOTEC",
    "LocationDisplayOrder": 55
  },
  {
    "ID": 42405,
    "Description": 2016,
    "LocationAbbr": "WY",
    "LocationDesc": "Wyoming",
    "DataSource": "BRFSS",
    "Topic": "Obesity / Weight Status",
    "Data_Value": 31.8,
    "Sample_Size": "1,360",
    "Stratification1": "Some college or technical school",
    "StratificationId1": "EDUCOTEC",
    "LocationDisplayOrder": 56
  },
  {
    "ID": 41057,
    "Description": 2016,
    "LocationAbbr": "GU",
    "LocationDesc": "Guam",
    "DataSource": "BRFSS",
    "Topic": "Obesity / Weight Status",
    "Data_Value": 23.7,
    "Sample_Size": 353,
    "Stratification1": "Some college or technical school",
    "StratificationId1": "EDUCOTEC",
    "LocationDisplayOrder": 66
  },
  {
    "ID": 43378,
    "Description": 2016,
    "LocationAbbr": "PR",
    "LocationDesc": "Puerto Rico",
    "DataSource": "BRFSS",
    "Topic": "Obesity / Weight Status",
    "Data_Value": 29.5,
    "Sample_Size": "1,420",
    "Stratification1": "Some college or technical school",
    "StratificationId1": "EDUCOTEC",
    "LocationDisplayOrder": 72
  },
  {
    "ID": 43623,
    "Description": 2016,
    "LocationAbbr": "VI",
    "LocationDesc": "Virgin Islands",
    "DataSource": "BRFSS",
    "Topic": "Obesity / Weight Status",
    "Data_Value": 40,
    "Sample_Size": 218,
    "Stratification1": "Some college or technical school",
    "StratificationId1": "EDUCOTEC",
    "LocationDisplayOrder": 78
  },
  {
    "ID": "",
    "Description": "",
    "LocationAbbr": "",
    "LocationDesc": "",
    "DataSource": "",
    "Topic": "",
    "Data_Value": "",
    "Sample_Size": "",
    "Stratification1": "",
    "StratificationId1": "",
    "LocationDisplayOrder": ""
  },
  {
    "ID": "",
    "Description": "",
    "LocationAbbr": "",
    "LocationDesc": "",
    "DataSource": "",
    "Topic": "",
    "Data_Value": "",
    "Sample_Size": "",
    "Stratification1": "",
    "StratificationId1": "",
    "LocationDisplayOrder": ""
  },
  {
    "ID": "",
    "Description": "",
    "LocationAbbr": "",
    "LocationDesc": "",
    "DataSource": "",
    "Topic": "",
    "Data_Value": "",
    "Sample_Size": "",
    "Stratification1": "",
    "StratificationId1": "",
    "LocationDisplayOrder": ""
  },
  {
    "ID": "",
    "Description": "",
    "LocationAbbr": "",
    "LocationDesc": "",
    "DataSource": "",
    "Topic": "",
    "Data_Value": "",
    "Sample_Size": "",
    "Stratification1": "",
    "StratificationId1": "",
    "LocationDisplayOrder": ""
  },
  {
    "ID": "",
    "Description": "",
    "LocationAbbr": "",
    "LocationDesc": "",
    "DataSource": "",
    "Topic": "",
    "Data_Value": "",
    "Sample_Size": "",
    "Stratification1": "",
    "StratificationId1": "",
    "LocationDisplayOrder": ""
  },
  {
    "ID": "",
    "Description": "",
    "LocationAbbr": "",
    "LocationDesc": "",
    "DataSource": "",
    "Topic": "",
    "Data_Value": "",
    "Sample_Size": "",
    "Stratification1": "",
    "StratificationId1": "",
    "LocationDisplayOrder": ""
  },
  {
    "ID": "",
    "Description": "",
    "LocationAbbr": "",
    "LocationDesc": "",
    "DataSource": "",
    "Topic": "",
    "Data_Value": "",
    "Sample_Size": "",
    "Stratification1": "",
    "StratificationId1": "",
    "LocationDisplayOrder": ""
  },
  {
    "ID": "",
    "Description": "",
    "LocationAbbr": "",
    "LocationDesc": "",
    "DataSource": "",
    "Topic": "",
    "Data_Value": "",
    "Sample_Size": "",
    "Stratification1": "",
    "StratificationId1": "",
    "LocationDisplayOrder": ""
  },
  {
    "ID": "",
    "Description": "",
    "LocationAbbr": "",
    "LocationDesc": "",
    "DataSource": "",
    "Topic": "",
    "Data_Value": "",
    "Sample_Size": "",
    "Stratification1": "",
    "StratificationId1": "",
    "LocationDisplayOrder": ""
  }
]