[
  {
    "ID": 43816,
    "Description": 2016,
    "LocationAbbr": "US",
    "LocationDesc": "National",
    "DataSource": "BRFSS",
    "Topic": "Obesity / Weight Status",
    "Data_Value": 35.4,
    "Sample_Size": "36,639",
    "Stratification1": "Less than $15,000",
    "StratificationId1": "INCLESS15",
    "LocationDisplayOrder": 0
  },
  {
    "ID": 40449,
    "Description": 2016,
    "LocationAbbr": "AL",
    "LocationDesc": "Alabama",
    "DataSource": "BRFSS",
    "Topic": "Obesity / Weight Status",
    "Data_Value": 39.8,
    "Sample_Size": 828,
    "Stratification1": "Less than $15,000",
    "StratificationId1": "INCLESS15",
    "LocationDisplayOrder": 1
  },
  {
    "ID": 40981,
    "Description": 2016,
    "LocationAbbr": "AK",
    "LocationDesc": "Alaska",
    "DataSource": "BRFSS",
    "Topic": "Obesity / Weight Status",
    "Data_Value": 27.6,
    "Sample_Size": 223,
    "Stratification1": "Less than $15,000",
    "StratificationId1": "INCLESS15",
    "LocationDisplayOrder": 2
  },
  {
    "ID": 41054,
    "Description": 2016,
    "LocationAbbr": "AZ",
    "LocationDesc": "Arizona",
    "DataSource": "BRFSS",
    "Topic": "Obesity / Weight Status",
    "Data_Value": 32.8,
    "Sample_Size": 842,
    "Stratification1": "Less than $15,000",
    "StratificationId1": "INCLESS15",
    "LocationDisplayOrder": 4
  },
  {
    "ID": 40474,
    "Description": 2016,
    "LocationAbbr": "AR",
    "LocationDesc": "Arkansas",
    "DataSource": "BRFSS",
    "Topic": "Obesity / Weight Status",
    "Data_Value": 43.8,
    "Sample_Size": 558,
    "Stratification1": "Less than $15,000",
    "StratificationId1": "INCLESS15",
    "LocationDisplayOrder": 5
  },
  {
    "ID": 43064,
    "Description": 2016,
    "LocationAbbr": "CA",
    "LocationDesc": "California",
    "DataSource": "BRFSS",
    "Topic": "Obesity / Weight Status",
    "Data_Value": 31.2,
    "Sample_Size": "1,309",
    "Stratification1": "Less than $15,000",
    "StratificationId1": "INCLESS15",
    "LocationDisplayOrder": 6
  },
  {
    "ID": 43792,
    "Description": 2016,
    "LocationAbbr": "CO",
    "LocationDesc": "Colorado",
    "DataSource": "BRFSS",
    "Topic": "Obesity / Weight Status",
    "Data_Value": 24.7,
    "Sample_Size": 827,
    "Stratification1": "Less than $15,000",
    "StratificationId1": "INCLESS15",
    "LocationDisplayOrder": 8
  },
  {
    "ID": 41169,
    "Description": 2016,
    "LocationAbbr": "CT",
    "LocationDesc": "Connecticut",
    "DataSource": "BRFSS",
    "Topic": "Obesity / Weight Status",
    "Data_Value": 36.3,
    "Sample_Size": 535,
    "Stratification1": "Less than $15,000",
    "StratificationId1": "INCLESS15",
    "LocationDisplayOrder": 9
  },
  {
    "ID": 41086,
    "Description": 2016,
    "LocationAbbr": "DE",
    "LocationDesc": "Delaware",
    "DataSource": "BRFSS",
    "Topic": "Obesity / Weight Status",
    "Data_Value": 39.6,
    "Sample_Size": 281,
    "Stratification1": "Less than $15,000",
    "StratificationId1": "INCLESS15",
    "LocationDisplayOrder": 10
  },
  {
    "ID": 43652,
    "Description": 2016,
    "LocationAbbr": "DC",
    "LocationDesc": "District of Columbia",
    "DataSource": "BRFSS",
    "Topic": "Obesity / Weight Status",
    "Data_Value": 34.9,
    "Sample_Size": 266,
    "Stratification1": "Less than $15,000",
    "StratificationId1": "INCLESS15",
    "LocationDisplayOrder": 11
  },
  {
    "ID": 40368,
    "Description": 2016,
    "LocationAbbr": "FL",
    "LocationDesc": "Florida",
    "DataSource": "BRFSS",
    "Topic": "Obesity / Weight Status",
    "Data_Value": 32.2,
    "Sample_Size": "3,093",
    "Stratification1": "Less than $15,000",
    "StratificationId1": "INCLESS15",
    "LocationDisplayOrder": 12
  },
  {
    "ID": 44253,
    "Description": 2016,
    "LocationAbbr": "GA",
    "LocationDesc": "Georgia",
    "DataSource": "BRFSS",
    "Topic": "Obesity / Weight Status",
    "Data_Value": 37.8,
    "Sample_Size": 482,
    "Stratification1": "Less than $15,000",
    "StratificationId1": "INCLESS15",
    "LocationDisplayOrder": 13
  },
  {
    "ID": 41193,
    "Description": 2016,
    "LocationAbbr": "HI",
    "LocationDesc": "Hawaii",
    "DataSource": "BRFSS",
    "Topic": "Obesity / Weight Status",
    "Data_Value": 33.7,
    "Sample_Size": 682,
    "Stratification1": "Less than $15,000",
    "StratificationId1": "INCLESS15",
    "LocationDisplayOrder": 15
  },
  {
    "ID": 42913,
    "Description": 2016,
    "LocationAbbr": "ID",
    "LocationDesc": "Idaho",
    "DataSource": "BRFSS",
    "Topic": "Obesity / Weight Status",
    "Data_Value": 28.8,
    "Sample_Size": 468,
    "Stratification1": "Less than $15,000",
    "StratificationId1": "INCLESS15",
    "LocationDisplayOrder": 16
  },
  {
    "ID": 42763,
    "Description": 2016,
    "LocationAbbr": "IL",
    "LocationDesc": "Illinois",
    "DataSource": "BRFSS",
    "Topic": "Obesity / Weight Status",
    "Data_Value": 38.2,
    "Sample_Size": 391,
    "Stratification1": "Less than $15,000",
    "StratificationId1": "INCLESS15",
    "LocationDisplayOrder": 17
  },
  {
    "ID": 43714,
    "Description": 2016,
    "LocationAbbr": "IN",
    "LocationDesc": "Indiana",
    "DataSource": "BRFSS",
    "Topic": "Obesity / Weight Status",
    "Data_Value": 36.5,
    "Sample_Size": 888,
    "Stratification1": "Less than $15,000",
    "StratificationId1": "INCLESS15",
    "LocationDisplayOrder": 18
  },
  {
    "ID": 40294,
    "Description": 2016,
    "LocationAbbr": "IA",
    "LocationDesc": "Iowa",
    "DataSource": "BRFSS",
    "Topic": "Obesity / Weight Status",
    "Data_Value": 38.3,
    "Sample_Size": 419,
    "Stratification1": "Less than $15,000",
    "StratificationId1": "INCLESS15",
    "LocationDisplayOrder": 19
  },
  {
    "ID": 42191,
    "Description": 2016,
    "LocationAbbr": "KS",
    "LocationDesc": "Kansas",
    "DataSource": "BRFSS",
    "Topic": "Obesity / Weight Status",
    "Data_Value": 37,
    "Sample_Size": 685,
    "Stratification1": "Less than $15,000",
    "StratificationId1": "INCLESS15",
    "LocationDisplayOrder": 20
  },
  {
    "ID": 41188,
    "Description": 2016,
    "LocationAbbr": "KY",
    "LocationDesc": "Kentucky",
    "DataSource": "BRFSS",
    "Topic": "Obesity / Weight Status",
    "Data_Value": 36.3,
    "Sample_Size": "1,058",
    "Stratification1": "Less than $15,000",
    "StratificationId1": "INCLESS15",
    "LocationDisplayOrder": 21
  },
  {
    "ID": 43249,
    "Description": 2016,
    "LocationAbbr": "LA",
    "LocationDesc": "Louisiana",
    "DataSource": "BRFSS",
    "Topic": "Obesity / Weight Status",
    "Data_Value": 35.6,
    "Sample_Size": 591,
    "Stratification1": "Less than $15,000",
    "StratificationId1": "INCLESS15",
    "LocationDisplayOrder": 22
  },
  {
    "ID": 43003,
    "Description": 2016,
    "LocationAbbr": "ME",
    "LocationDesc": "Maine",
    "DataSource": "BRFSS",
    "Topic": "Obesity / Weight Status",
    "Data_Value": 38.1,
    "Sample_Size": 924,
    "Stratification1": "Less than $15,000",
    "StratificationId1": "INCLESS15",
    "LocationDisplayOrder": 23
  },
  {
    "ID": 43151,
    "Description": 2016,
    "LocationAbbr": "MD",
    "LocationDesc": "Maryland",
    "DataSource": "BRFSS",
    "Topic": "Obesity / Weight Status",
    "Data_Value": 32.5,
    "Sample_Size": 985,
    "Stratification1": "Less than $15,000",
    "StratificationId1": "INCLESS15",
    "LocationDisplayOrder": 24
  },
  {
    "ID": 44028,
    "Description": 2016,
    "LocationAbbr": "MA",
    "LocationDesc": "Massachusetts",
    "DataSource": "BRFSS",
    "Topic": "Obesity / Weight Status",
    "Data_Value": 30.7,
    "Sample_Size": 522,
    "Stratification1": "Less than $15,000",
    "StratificationId1": "INCLESS15",
    "LocationDisplayOrder": 25
  },
  {
    "ID": 40106,
    "Description": 2016,
    "LocationAbbr": "MI",
    "LocationDesc": "Michigan",
    "DataSource": "BRFSS",
    "Topic": "Obesity / Weight Status",
    "Data_Value": 38.7,
    "Sample_Size": 920,
    "Stratification1": "Less than $15,000",
    "StratificationId1": "INCLESS15",
    "LocationDisplayOrder": 26
  },
  {
    "ID": 40030,
    "Description": 2016,
    "LocationAbbr": "MN",
    "LocationDesc": "Minnesota",
    "DataSource": "BRFSS",
    "Topic": "Obesity / Weight Status",
    "Data_Value": 34,
    "Sample_Size": 806,
    "Stratification1": "Less than $15,000",
    "StratificationId1": "INCLESS15",
    "LocationDisplayOrder": 27
  },
  {
    "ID": 43425,
    "Description": 2016,
    "LocationAbbr": "MS",
    "LocationDesc": "Mississippi",
    "DataSource": "BRFSS",
    "Topic": "Obesity / Weight Status",
    "Data_Value": 41.2,
    "Sample_Size": 669,
    "Stratification1": "Less than $15,000",
    "StratificationId1": "INCLESS15",
    "LocationDisplayOrder": 28
  },
  {
    "ID": 42458,
    "Description": 2016,
    "LocationAbbr": "MO",
    "LocationDesc": "Missouri",
    "DataSource": "BRFSS",
    "Topic": "Obesity / Weight Status",
    "Data_Value": 38.4,
    "Sample_Size": 624,
    "Stratification1": "Less than $15,000",
    "StratificationId1": "INCLESS15",
    "LocationDisplayOrder": 29
  },
  {
    "ID": 41641,
    "Description": 2016,
    "LocationAbbr": "MT",
    "LocationDesc": "Montana",
    "DataSource": "BRFSS",
    "Topic": "Obesity / Weight Status",
    "Data_Value": 31.2,
    "Sample_Size": 464,
    "Stratification1": "Less than $15,000",
    "StratificationId1": "INCLESS15",
    "LocationDisplayOrder": 30
  },
  {
    "ID": 40258,
    "Description": 2016,
    "LocationAbbr": "NE",
    "LocationDesc": "Nebraska",
    "DataSource": "BRFSS",
    "Topic": "Obesity / Weight Status",
    "Data_Value": 35.9,
    "Sample_Size": "1,005",
    "Stratification1": "Less than $15,000",
    "StratificationId1": "INCLESS15",
    "LocationDisplayOrder": 31
  },
  {
    "ID": 42141,
    "Description": 2016,
    "LocationAbbr": "NV",
    "LocationDesc": "Nevada",
    "DataSource": "BRFSS",
    "Topic": "Obesity / Weight Status",
    "Data_Value": 28.1,
    "Sample_Size": 293,
    "Stratification1": "Less than $15,000",
    "StratificationId1": "INCLESS15",
    "LocationDisplayOrder": 32
  },
  {
    "ID": 40387,
    "Description": 2016,
    "LocationAbbr": "NH",
    "LocationDesc": "New Hampshire",
    "DataSource": "BRFSS",
    "Topic": "Obesity / Weight Status",
    "Data_Value": 31.1,
    "Sample_Size": 356,
    "Stratification1": "Less than $15,000",
    "StratificationId1": "INCLESS15",
    "LocationDisplayOrder": 33
  },
  {
    "ID": 41136,
    "Description": 2016,
    "LocationAbbr": "NJ",
    "LocationDesc": "New Jersey",
    "DataSource": "BRFSS",
    "Topic": "Obesity / Weight Status",
    "Data_Value": 39.6,
    "Sample_Size": 426,
    "Stratification1": "Less than $15,000",
    "StratificationId1": "INCLESS15",
    "LocationDisplayOrder": 34
  },
  {
    "ID": 40215,
    "Description": 2016,
    "LocationAbbr": "NM",
    "LocationDesc": "New Mexico",
    "DataSource": "BRFSS",
    "Topic": "Obesity / Weight Status",
    "Data_Value": 32.7,
    "Sample_Size": 693,
    "Stratification1": "Less than $15,000",
    "StratificationId1": "INCLESS15",
    "LocationDisplayOrder": 35
  },
  {
    "ID": 42703,
    "Description": 2016,
    "LocationAbbr": "NY",
    "LocationDesc": "New York",
    "DataSource": "BRFSS",
    "Topic": "Obesity / Weight Status",
    "Data_Value": 30.7,
    "Sample_Size": "3,077",
    "Stratification1": "Less than $15,000",
    "StratificationId1": "INCLESS15",
    "LocationDisplayOrder": 36
  },
  {
    "ID": 43642,
    "Description": 2016,
    "LocationAbbr": "NC",
    "LocationDesc": "North Carolina",
    "DataSource": "BRFSS",
    "Topic": "Obesity / Weight Status",
    "Data_Value": 37,
    "Sample_Size": 550,
    "Stratification1": "Less than $15,000",
    "StratificationId1": "INCLESS15",
    "LocationDisplayOrder": 37
  },
  {
    "ID": 41217,
    "Description": 2016,
    "LocationAbbr": "ND",
    "LocationDesc": "North Dakota",
    "DataSource": "BRFSS",
    "Topic": "Obesity / Weight Status",
    "Data_Value": 34.9,
    "Sample_Size": 306,
    "Stratification1": "Less than $15,000",
    "StratificationId1": "INCLESS15",
    "LocationDisplayOrder": 38
  },
  {
    "ID": 40653,
    "Description": 2016,
    "LocationAbbr": "OH",
    "LocationDesc": "Ohio",
    "DataSource": "BRFSS",
    "Topic": "Obesity / Weight Status",
    "Data_Value": 38.6,
    "Sample_Size": 979,
    "Stratification1": "Less than $15,000",
    "StratificationId1": "INCLESS15",
    "LocationDisplayOrder": 39
  },
  {
    "ID": 40715,
    "Description": 2016,
    "LocationAbbr": "OK",
    "LocationDesc": "Oklahoma",
    "DataSource": "BRFSS",
    "Topic": "Obesity / Weight Status",
    "Data_Value": 34.4,
    "Sample_Size": 568,
    "Stratification1": "Less than $15,000",
    "StratificationId1": "INCLESS15",
    "LocationDisplayOrder": 40
  },
  {
    "ID": 42828,
    "Description": 2016,
    "LocationAbbr": "OR",
    "LocationDesc": "Oregon",
    "DataSource": "BRFSS",
    "Topic": "Obesity / Weight Status",
    "Data_Value": 34.9,
    "Sample_Size": 366,
    "Stratification1": "Less than $15,000",
    "StratificationId1": "INCLESS15",
    "LocationDisplayOrder": 41
  },
  {
    "ID": 39639,
    "Description": 2016,
    "LocationAbbr": "PA",
    "LocationDesc": "Pennsylvania",
    "DataSource": "BRFSS",
    "Topic": "Obesity / Weight Status",
    "Data_Value": 35.4,
    "Sample_Size": 542,
    "Stratification1": "Less than $15,000",
    "StratificationId1": "INCLESS15",
    "LocationDisplayOrder": 42
  },
  {
    "ID": 42991,
    "Description": 2016,
    "LocationAbbr": "RI",
    "LocationDesc": "Rhode Island",
    "DataSource": "BRFSS",
    "Topic": "Obesity / Weight Status",
    "Data_Value": 37,
    "Sample_Size": 385,
    "Stratification1": "Less than $15,000",
    "StratificationId1": "INCLESS15",
    "LocationDisplayOrder": 44
  },
  {
    "ID": 41467,
    "Description": 2016,
    "LocationAbbr": "SC",
    "LocationDesc": "South Carolina",
    "DataSource": "BRFSS",
    "Topic": "Obesity / Weight Status",
    "Data_Value": 39.5,
    "Sample_Size": "1,110",
    "Stratification1": "Less than $15,000",
    "StratificationId1": "INCLESS15",
    "LocationDisplayOrder": 45
  },
  {
    "ID": 43309,
    "Description": 2016,
    "LocationAbbr": "SD",
    "LocationDesc": "South Dakota",
    "DataSource": "BRFSS",
    "Topic": "Obesity / Weight Status",
    "Data_Value": 25.4,
    "Sample_Size": 357,
    "Stratification1": "Less than $15,000",
    "StratificationId1": "INCLESS15",
    "LocationDisplayOrder": 46
  },
  {
    "ID": 41788,
    "Description": 2016,
    "LocationAbbr": "TN",
    "LocationDesc": "Tennessee",
    "DataSource": "BRFSS",
    "Topic": "Obesity / Weight Status",
    "Data_Value": 34,
    "Sample_Size": 618,
    "Stratification1": "Less than $15,000",
    "StratificationId1": "INCLESS15",
    "LocationDisplayOrder": 47
  },
  {
    "ID": 40178,
    "Description": 2016,
    "LocationAbbr": "TX",
    "LocationDesc": "Texas",
    "DataSource": "BRFSS",
    "Topic": "Obesity / Weight Status",
    "Data_Value": 42.9,
    "Sample_Size": "1,061",
    "Stratification1": "Less than $15,000",
    "StratificationId1": "INCLESS15",
    "LocationDisplayOrder": 48
  },
  {
    "ID": 43727,
    "Description": 2016,
    "LocationAbbr": "UT",
    "LocationDesc": "Utah",
    "DataSource": "BRFSS",
    "Topic": "Obesity / Weight Status",
    "Data_Value": 25.3,
    "Sample_Size": 461,
    "Stratification1": "Less than $15,000",
    "StratificationId1": "INCLESS15",
    "LocationDisplayOrder": 49
  },
  {
    "ID": 39568,
    "Description": 2016,
    "LocationAbbr": "VT",
    "LocationDesc": "Vermont",
    "DataSource": "BRFSS",
    "Topic": "Obesity / Weight Status",
    "Data_Value": 36.9,
    "Sample_Size": 468,
    "Stratification1": "Less than $15,000",
    "StratificationId1": "INCLESS15",
    "LocationDisplayOrder": 50
  },
  {
    "ID": 41826,
    "Description": 2016,
    "LocationAbbr": "VA",
    "LocationDesc": "Virginia",
    "DataSource": "BRFSS",
    "Topic": "Obesity / Weight Status",
    "Data_Value": 38.1,
    "Sample_Size": 531,
    "Stratification1": "Less than $15,000",
    "StratificationId1": "INCLESS15",
    "LocationDisplayOrder": 51
  },
  {
    "ID": 40306,
    "Description": 2016,
    "LocationAbbr": "WA",
    "LocationDesc": "Washington",
    "DataSource": "BRFSS",
    "Topic": "Obesity / Weight Status",
    "Data_Value": 37.6,
    "Sample_Size": 835,
    "Stratification1": "Less than $15,000",
    "StratificationId1": "INCLESS15",
    "LocationDisplayOrder": 53
  },
  {
    "ID": 43337,
    "Description": 2016,
    "LocationAbbr": "WV",
    "LocationDesc": "West Virginia",
    "DataSource": "BRFSS",
    "Topic": "Obesity / Weight Status",
    "Data_Value": 36.2,
    "Sample_Size": 758,
    "Stratification1": "Less than $15,000",
    "StratificationId1": "INCLESS15",
    "LocationDisplayOrder": 54
  },
  {
    "ID": 41544,
    "Description": 2016,
    "LocationAbbr": "WI",
    "LocationDesc": "Wisconsin",
    "DataSource": "BRFSS",
    "Topic": "Obesity / Weight Status",
    "Data_Value": 31.2,
    "Sample_Size": 327,
    "Stratification1": "Less than $15,000",
    "StratificationId1": "INCLESS15",
    "LocationDisplayOrder": 55
  },
  {
    "ID": 42430,
    "Description": 2016,
    "LocationAbbr": "WY",
    "LocationDesc": "Wyoming",
    "DataSource": "BRFSS",
    "Topic": "Obesity / Weight Status",
    "Data_Value": 27.7,
    "Sample_Size": 227,
    "Stratification1": "Less than $15,000",
    "StratificationId1": "INCLESS15",
    "LocationDisplayOrder": 56
  },
  {
    "ID": 43947,
    "Description": 2016,
    "LocationAbbr": "GU",
    "LocationDesc": "Guam",
    "DataSource": "BRFSS",
    "Topic": "Obesity / Weight Status",
    "Data_Value": 23.3,
    "Sample_Size": 171,
    "Stratification1": "Less than $15,000",
    "StratificationId1": "INCLESS15",
    "LocationDisplayOrder": 66
  },
  {
    "ID": 43154,
    "Description": 2016,
    "LocationAbbr": "PR",
    "LocationDesc": "Puerto Rico",
    "DataSource": "BRFSS",
    "Topic": "Obesity / Weight Status",
    "Data_Value": 33.1,
    "Sample_Size": "1,948",
    "Stratification1": "Less than $15,000",
    "StratificationId1": "INCLESS15",
    "LocationDisplayOrder": 72
  },
  {
    "ID": 40972,
    "Description": 2016,
    "LocationAbbr": "VI",
    "LocationDesc": "Virgin Islands",
    "DataSource": "BRFSS",
    "Topic": "Obesity / Weight Status",
    "Data_Value": 25.2,
    "Sample_Size": 199,
    "Stratification1": "Less than $15,000",
    "StratificationId1": "INCLESS15",
    "LocationDisplayOrder": 78
  },
  {
    "ID": "",
    "Description": "",
    "LocationAbbr": "",
    "LocationDesc": "",
    "DataSource": "",
    "Topic": "",
    "Data_Value": "",
    "Sample_Size": "",
    "Stratification1": "",
    "StratificationId1": "",
    "LocationDisplayOrder": ""
  },
  {
    "ID": "",
    "Description": "",
    "LocationAbbr": "",
    "LocationDesc": "",
    "DataSource": "",
    "Topic": "",
    "Data_Value": "",
    "Sample_Size": "",
    "Stratification1": "",
    "StratificationId1": "",
    "LocationDisplayOrder": ""
  },
  {
    "ID": "",
    "Description": "",
    "LocationAbbr": "",
    "LocationDesc": "",
    "DataSource": "",
    "Topic": "",
    "Data_Value": "",
    "Sample_Size": "",
    "Stratification1": "",
    "StratificationId1": "",
    "LocationDisplayOrder": ""
  },
  {
    "ID": "",
    "Description": "",
    "LocationAbbr": "",
    "LocationDesc": "",
    "DataSource": "",
    "Topic": "",
    "Data_Value": "",
    "Sample_Size": "",
    "Stratification1": "",
    "StratificationId1": "",
    "LocationDisplayOrder": ""
  },
  {
    "ID": "",
    "Description": "",
    "LocationAbbr": "",
    "LocationDesc": "",
    "DataSource": "",
    "Topic": "",
    "Data_Value": "",
    "Sample_Size": "",
    "Stratification1": "",
    "StratificationId1": "",
    "LocationDisplayOrder": ""
  },
  {
    "ID": "",
    "Description": "",
    "LocationAbbr": "",
    "LocationDesc": "",
    "DataSource": "",
    "Topic": "",
    "Data_Value": "",
    "Sample_Size": "",
    "Stratification1": "",
    "StratificationId1": "",
    "LocationDisplayOrder": ""
  },
  {
    "ID": "",
    "Description": "",
    "LocationAbbr": "",
    "LocationDesc": "",
    "DataSource": "",
    "Topic": "",
    "Data_Value": "",
    "Sample_Size": "",
    "Stratification1": "",
    "StratificationId1": "",
    "LocationDisplayOrder": ""
  },
  {
    "ID": "",
    "Description": "",
    "LocationAbbr": "",
    "LocationDesc": "",
    "DataSource": "",
    "Topic": "",
    "Data_Value": "",
    "Sample_Size": "",
    "Stratification1": "",
    "StratificationId1": "",
    "LocationDisplayOrder": ""
  },
  {
    "ID": "",
    "Description": "",
    "LocationAbbr": "",
    "LocationDesc": "",
    "DataSource": "",
    "Topic": "",
    "Data_Value": "",
    "Sample_Size": "",
    "Stratification1": "",
    "StratificationId1": "",
    "LocationDisplayOrder": ""
  }
]