[
  {
    "ID": 40692,
    "Description": 2016,
    "LocationAbbr": "US",
    "LocationDesc": "National",
    "DataSource": "BRFSS",
    "Topic": "Obesity / Weight Status",
    "Data_Value": 31.9,
    "Sample_Size": "40,914",
    "Stratification1": "$25,000 - $34,999",
    "StratificationId1": "INC2535",
    "LocationDisplayOrder": 0
  },
  {
    "ID": 40660,
    "Description": 2016,
    "LocationAbbr": "AL",
    "LocationDesc": "Alabama",
    "DataSource": "BRFSS",
    "Topic": "Obesity / Weight Status",
    "Data_Value": 35.3,
    "Sample_Size": 600,
    "Stratification1": "$25,000 - $34,999",
    "StratificationId1": "INC2535",
    "LocationDisplayOrder": 1
  },
  {
    "ID": 40285,
    "Description": 2016,
    "LocationAbbr": "AK",
    "LocationDesc": "Alaska",
    "DataSource": "BRFSS",
    "Topic": "Obesity / Weight Status",
    "Data_Value": 41.5,
    "Sample_Size": 230,
    "Stratification1": "$25,000 - $34,999",
    "StratificationId1": "INC2535",
    "LocationDisplayOrder": 2
  },
  {
    "ID": 43075,
    "Description": 2016,
    "LocationAbbr": "AZ",
    "LocationDesc": "Arizona",
    "DataSource": "BRFSS",
    "Topic": "Obesity / Weight Status",
    "Data_Value": 26.5,
    "Sample_Size": 918,
    "Stratification1": "$25,000 - $34,999",
    "StratificationId1": "INC2535",
    "LocationDisplayOrder": 4
  },
  {
    "ID": 44249,
    "Description": 2016,
    "LocationAbbr": "AR",
    "LocationDesc": "Arkansas",
    "DataSource": "BRFSS",
    "Topic": "Obesity / Weight Status",
    "Data_Value": 38.1,
    "Sample_Size": 541,
    "Stratification1": "$25,000 - $34,999",
    "StratificationId1": "INC2535",
    "LocationDisplayOrder": 5
  },
  {
    "ID": 42561,
    "Description": 2016,
    "LocationAbbr": "CA",
    "LocationDesc": "California",
    "DataSource": "BRFSS",
    "Topic": "Obesity / Weight Status",
    "Data_Value": 27.4,
    "Sample_Size": 839,
    "Stratification1": "$25,000 - $34,999",
    "StratificationId1": "INC2535",
    "LocationDisplayOrder": 6
  },
  {
    "ID": 41990,
    "Description": 2016,
    "LocationAbbr": "CO",
    "LocationDesc": "Colorado",
    "DataSource": "BRFSS",
    "Topic": "Obesity / Weight Status",
    "Data_Value": 23.7,
    "Sample_Size": "1,055",
    "Stratification1": "$25,000 - $34,999",
    "StratificationId1": "INC2535",
    "LocationDisplayOrder": 8
  },
  {
    "ID": 43544,
    "Description": 2016,
    "LocationAbbr": "CT",
    "LocationDesc": "Connecticut",
    "DataSource": "BRFSS",
    "Topic": "Obesity / Weight Status",
    "Data_Value": 26.7,
    "Sample_Size": 660,
    "Stratification1": "$25,000 - $34,999",
    "StratificationId1": "INC2535",
    "LocationDisplayOrder": 9
  },
  {
    "ID": 40989,
    "Description": 2016,
    "LocationAbbr": "DE",
    "LocationDesc": "Delaware",
    "DataSource": "BRFSS",
    "Topic": "Obesity / Weight Status",
    "Data_Value": 29.9,
    "Sample_Size": 360,
    "Stratification1": "$25,000 - $34,999",
    "StratificationId1": "INC2535",
    "LocationDisplayOrder": 10
  },
  {
    "ID": 41686,
    "Description": 2016,
    "LocationAbbr": "DC",
    "LocationDesc": "District of Columbia",
    "DataSource": "BRFSS",
    "Topic": "Obesity / Weight Status",
    "Data_Value": 34.4,
    "Sample_Size": 212,
    "Stratification1": "$25,000 - $34,999",
    "StratificationId1": "INC2535",
    "LocationDisplayOrder": 11
  },
  {
    "ID": 39534,
    "Description": 2016,
    "LocationAbbr": "FL",
    "LocationDesc": "Florida",
    "DataSource": "BRFSS",
    "Topic": "Obesity / Weight Status",
    "Data_Value": 27.5,
    "Sample_Size": "3,557",
    "Stratification1": "$25,000 - $34,999",
    "StratificationId1": "INC2535",
    "LocationDisplayOrder": 12
  },
  {
    "ID": 43964,
    "Description": 2016,
    "LocationAbbr": "GA",
    "LocationDesc": "Georgia",
    "DataSource": "BRFSS",
    "Topic": "Obesity / Weight Status",
    "Data_Value": 32.2,
    "Sample_Size": 465,
    "Stratification1": "$25,000 - $34,999",
    "StratificationId1": "INC2535",
    "LocationDisplayOrder": 13
  },
  {
    "ID": 41045,
    "Description": 2016,
    "LocationAbbr": "HI",
    "LocationDesc": "Hawaii",
    "DataSource": "BRFSS",
    "Topic": "Obesity / Weight Status",
    "Data_Value": 23.8,
    "Sample_Size": 720,
    "Stratification1": "$25,000 - $34,999",
    "StratificationId1": "INC2535",
    "LocationDisplayOrder": 15
  },
  {
    "ID": 43510,
    "Description": 2016,
    "LocationAbbr": "ID",
    "LocationDesc": "Idaho",
    "DataSource": "BRFSS",
    "Topic": "Obesity / Weight Status",
    "Data_Value": 25.4,
    "Sample_Size": 551,
    "Stratification1": "$25,000 - $34,999",
    "StratificationId1": "INC2535",
    "LocationDisplayOrder": 16
  },
  {
    "ID": 43431,
    "Description": 2016,
    "LocationAbbr": "IL",
    "LocationDesc": "Illinois",
    "DataSource": "BRFSS",
    "Topic": "Obesity / Weight Status",
    "Data_Value": 30.2,
    "Sample_Size": 414,
    "Stratification1": "$25,000 - $34,999",
    "StratificationId1": "INC2535",
    "LocationDisplayOrder": 17
  },
  {
    "ID": 43697,
    "Description": 2016,
    "LocationAbbr": "IN",
    "LocationDesc": "Indiana",
    "DataSource": "BRFSS",
    "Topic": "Obesity / Weight Status",
    "Data_Value": 35.2,
    "Sample_Size": "1,096",
    "Stratification1": "$25,000 - $34,999",
    "StratificationId1": "INC2535",
    "LocationDisplayOrder": 18
  },
  {
    "ID": 41257,
    "Description": 2016,
    "LocationAbbr": "IA",
    "LocationDesc": "Iowa",
    "DataSource": "BRFSS",
    "Topic": "Obesity / Weight Status",
    "Data_Value": 31.9,
    "Sample_Size": 620,
    "Stratification1": "$25,000 - $34,999",
    "StratificationId1": "INC2535",
    "LocationDisplayOrder": 19
  },
  {
    "ID": 39908,
    "Description": 2016,
    "LocationAbbr": "KS",
    "LocationDesc": "Kansas",
    "DataSource": "BRFSS",
    "Topic": "Obesity / Weight Status",
    "Data_Value": 33.2,
    "Sample_Size": "1,095",
    "Stratification1": "$25,000 - $34,999",
    "StratificationId1": "INC2535",
    "LocationDisplayOrder": 20
  },
  {
    "ID": 43019,
    "Description": 2016,
    "LocationAbbr": "KY",
    "LocationDesc": "Kentucky",
    "DataSource": "BRFSS",
    "Topic": "Obesity / Weight Status",
    "Data_Value": 39.8,
    "Sample_Size": 862,
    "Stratification1": "$25,000 - $34,999",
    "StratificationId1": "INC2535",
    "LocationDisplayOrder": 21
  },
  {
    "ID": 39971,
    "Description": 2016,
    "LocationAbbr": "LA",
    "LocationDesc": "Louisiana",
    "DataSource": "BRFSS",
    "Topic": "Obesity / Weight Status",
    "Data_Value": 36.6,
    "Sample_Size": 474,
    "Stratification1": "$25,000 - $34,999",
    "StratificationId1": "INC2535",
    "LocationDisplayOrder": 22
  },
  {
    "ID": 43794,
    "Description": 2016,
    "LocationAbbr": "ME",
    "LocationDesc": "Maine",
    "DataSource": "BRFSS",
    "Topic": "Obesity / Weight Status",
    "Data_Value": 34.2,
    "Sample_Size": "1,038",
    "Stratification1": "$25,000 - $34,999",
    "StratificationId1": "INC2535",
    "LocationDisplayOrder": 23
  },
  {
    "ID": 41850,
    "Description": 2016,
    "LocationAbbr": "MD",
    "LocationDesc": "Maryland",
    "DataSource": "BRFSS",
    "Topic": "Obesity / Weight Status",
    "Data_Value": 29.3,
    "Sample_Size": "1,115",
    "Stratification1": "$25,000 - $34,999",
    "StratificationId1": "INC2535",
    "LocationDisplayOrder": 24
  },
  {
    "ID": 42192,
    "Description": 2016,
    "LocationAbbr": "MA",
    "LocationDesc": "Massachusetts",
    "DataSource": "BRFSS",
    "Topic": "Obesity / Weight Status",
    "Data_Value": 26.3,
    "Sample_Size": 508,
    "Stratification1": "$25,000 - $34,999",
    "StratificationId1": "INC2535",
    "LocationDisplayOrder": 25
  },
  {
    "ID": 42718,
    "Description": 2016,
    "LocationAbbr": "MI",
    "LocationDesc": "Michigan",
    "DataSource": "BRFSS",
    "Topic": "Obesity / Weight Status",
    "Data_Value": 34.1,
    "Sample_Size": "1,067",
    "Stratification1": "$25,000 - $34,999",
    "StratificationId1": "INC2535",
    "LocationDisplayOrder": 26
  },
  {
    "ID": 42770,
    "Description": 2016,
    "LocationAbbr": "MN",
    "LocationDesc": "Minnesota",
    "DataSource": "BRFSS",
    "Topic": "Obesity / Weight Status",
    "Data_Value": 30.6,
    "Sample_Size": "1,354",
    "Stratification1": "$25,000 - $34,999",
    "StratificationId1": "INC2535",
    "LocationDisplayOrder": 27
  },
  {
    "ID": 41456,
    "Description": 2016,
    "LocationAbbr": "MS",
    "LocationDesc": "Mississippi",
    "DataSource": "BRFSS",
    "Topic": "Obesity / Weight Status",
    "Data_Value": 36.5,
    "Sample_Size": 490,
    "Stratification1": "$25,000 - $34,999",
    "StratificationId1": "INC2535",
    "LocationDisplayOrder": 28
  },
  {
    "ID": 43266,
    "Description": 2016,
    "LocationAbbr": "MO",
    "LocationDesc": "Missouri",
    "DataSource": "BRFSS",
    "Topic": "Obesity / Weight Status",
    "Data_Value": 30.4,
    "Sample_Size": 664,
    "Stratification1": "$25,000 - $34,999",
    "StratificationId1": "INC2535",
    "LocationDisplayOrder": 29
  },
  {
    "ID": 40155,
    "Description": 2016,
    "LocationAbbr": "MT",
    "LocationDesc": "Montana",
    "DataSource": "BRFSS",
    "Topic": "Obesity / Weight Status",
    "Data_Value": 29.8,
    "Sample_Size": 613,
    "Stratification1": "$25,000 - $34,999",
    "StratificationId1": "INC2535",
    "LocationDisplayOrder": 30
  },
  {
    "ID": 40774,
    "Description": 2016,
    "LocationAbbr": "NE",
    "LocationDesc": "Nebraska",
    "DataSource": "BRFSS",
    "Topic": "Obesity / Weight Status",
    "Data_Value": 34,
    "Sample_Size": "1,601",
    "Stratification1": "$25,000 - $34,999",
    "StratificationId1": "INC2535",
    "LocationDisplayOrder": 31
  },
  {
    "ID": 44095,
    "Description": 2016,
    "LocationAbbr": "NV",
    "LocationDesc": "Nevada",
    "DataSource": "BRFSS",
    "Topic": "Obesity / Weight Status",
    "Data_Value": 29.1,
    "Sample_Size": 383,
    "Stratification1": "$25,000 - $34,999",
    "StratificationId1": "INC2535",
    "LocationDisplayOrder": 32
  },
  {
    "ID": 41611,
    "Description": 2016,
    "LocationAbbr": "NH",
    "LocationDesc": "New Hampshire",
    "DataSource": "BRFSS",
    "Topic": "Obesity / Weight Status",
    "Data_Value": 29.1,
    "Sample_Size": 482,
    "Stratification1": "$25,000 - $34,999",
    "StratificationId1": "INC2535",
    "LocationDisplayOrder": 33
  },
  {
    "ID": 42624,
    "Description": 2016,
    "LocationAbbr": "NJ",
    "LocationDesc": "New Jersey",
    "DataSource": "BRFSS",
    "Topic": "Obesity / Weight Status",
    "Data_Value": 34.6,
    "Sample_Size": 503,
    "Stratification1": "$25,000 - $34,999",
    "StratificationId1": "INC2535",
    "LocationDisplayOrder": 34
  },
  {
    "ID": 42289,
    "Description": 2016,
    "LocationAbbr": "NM",
    "LocationDesc": "New Mexico",
    "DataSource": "BRFSS",
    "Topic": "Obesity / Weight Status",
    "Data_Value": 30.1,
    "Sample_Size": 567,
    "Stratification1": "$25,000 - $34,999",
    "StratificationId1": "INC2535",
    "LocationDisplayOrder": 35
  },
  {
    "ID": 42656,
    "Description": 2016,
    "LocationAbbr": "NY",
    "LocationDesc": "New York",
    "DataSource": "BRFSS",
    "Topic": "Obesity / Weight Status",
    "Data_Value": 25.9,
    "Sample_Size": "3,048",
    "Stratification1": "$25,000 - $34,999",
    "StratificationId1": "INC2535",
    "LocationDisplayOrder": 36
  },
  {
    "ID": 42926,
    "Description": 2016,
    "LocationAbbr": "NC",
    "LocationDesc": "North Carolina",
    "DataSource": "BRFSS",
    "Topic": "Obesity / Weight Status",
    "Data_Value": 34.7,
    "Sample_Size": 578,
    "Stratification1": "$25,000 - $34,999",
    "StratificationId1": "INC2535",
    "LocationDisplayOrder": 37
  },
  {
    "ID": 41466,
    "Description": 2016,
    "LocationAbbr": "ND",
    "LocationDesc": "North Dakota",
    "DataSource": "BRFSS",
    "Topic": "Obesity / Weight Status",
    "Data_Value": 38.4,
    "Sample_Size": 503,
    "Stratification1": "$25,000 - $34,999",
    "StratificationId1": "INC2535",
    "LocationDisplayOrder": 38
  },
  {
    "ID": 43465,
    "Description": 2016,
    "LocationAbbr": "OH",
    "LocationDesc": "Ohio",
    "DataSource": "BRFSS",
    "Topic": "Obesity / Weight Status",
    "Data_Value": 35.4,
    "Sample_Size": "1,262",
    "Stratification1": "$25,000 - $34,999",
    "StratificationId1": "INC2535",
    "LocationDisplayOrder": 39
  },
  {
    "ID": 43609,
    "Description": 2016,
    "LocationAbbr": "OK",
    "LocationDesc": "Oklahoma",
    "DataSource": "BRFSS",
    "Topic": "Obesity / Weight Status",
    "Data_Value": 35.5,
    "Sample_Size": 647,
    "Stratification1": "$25,000 - $34,999",
    "StratificationId1": "INC2535",
    "LocationDisplayOrder": 40
  },
  {
    "ID": 39744,
    "Description": 2016,
    "LocationAbbr": "OR",
    "LocationDesc": "Oregon",
    "DataSource": "BRFSS",
    "Topic": "Obesity / Weight Status",
    "Data_Value": 32,
    "Sample_Size": 439,
    "Stratification1": "$25,000 - $34,999",
    "StratificationId1": "INC2535",
    "LocationDisplayOrder": 41
  },
  {
    "ID": 43200,
    "Description": 2016,
    "LocationAbbr": "PA",
    "LocationDesc": "Pennsylvania",
    "DataSource": "BRFSS",
    "Topic": "Obesity / Weight Status",
    "Data_Value": 37.2,
    "Sample_Size": 556,
    "Stratification1": "$25,000 - $34,999",
    "StratificationId1": "INC2535",
    "LocationDisplayOrder": 42
  },
  {
    "ID": 40363,
    "Description": 2016,
    "LocationAbbr": "RI",
    "LocationDesc": "Rhode Island",
    "DataSource": "BRFSS",
    "Topic": "Obesity / Weight Status",
    "Data_Value": 30.7,
    "Sample_Size": 363,
    "Stratification1": "$25,000 - $34,999",
    "StratificationId1": "INC2535",
    "LocationDisplayOrder": 44
  },
  {
    "ID": 42083,
    "Description": 2016,
    "LocationAbbr": "SC",
    "LocationDesc": "South Carolina",
    "DataSource": "BRFSS",
    "Topic": "Obesity / Weight Status",
    "Data_Value": 37.3,
    "Sample_Size": "1,019",
    "Stratification1": "$25,000 - $34,999",
    "StratificationId1": "INC2535",
    "LocationDisplayOrder": 45
  },
  {
    "ID": 40084,
    "Description": 2016,
    "LocationAbbr": "SD",
    "LocationDesc": "South Dakota",
    "DataSource": "BRFSS",
    "Topic": "Obesity / Weight Status",
    "Data_Value": 34.8,
    "Sample_Size": 521,
    "Stratification1": "$25,000 - $34,999",
    "StratificationId1": "INC2535",
    "LocationDisplayOrder": 46
  },
  {
    "ID": 42973,
    "Description": 2016,
    "LocationAbbr": "TN",
    "LocationDesc": "Tennessee",
    "DataSource": "BRFSS",
    "Topic": "Obesity / Weight Status",
    "Data_Value": 39.4,
    "Sample_Size": 575,
    "Stratification1": "$25,000 - $34,999",
    "StratificationId1": "INC2535",
    "LocationDisplayOrder": 47
  },
  {
    "ID": 40303,
    "Description": 2016,
    "LocationAbbr": "TX",
    "LocationDesc": "Texas",
    "DataSource": "BRFSS",
    "Topic": "Obesity / Weight Status",
    "Data_Value": 36.3,
    "Sample_Size": "1,035",
    "Stratification1": "$25,000 - $34,999",
    "StratificationId1": "INC2535",
    "LocationDisplayOrder": 48
  },
  {
    "ID": 43040,
    "Description": 2016,
    "LocationAbbr": "UT",
    "LocationDesc": "Utah",
    "DataSource": "BRFSS",
    "Topic": "Obesity / Weight Status",
    "Data_Value": 25.2,
    "Sample_Size": 797,
    "Stratification1": "$25,000 - $34,999",
    "StratificationId1": "INC2535",
    "LocationDisplayOrder": 49
  },
  {
    "ID": 42746,
    "Description": 2016,
    "LocationAbbr": "VT",
    "LocationDesc": "Vermont",
    "DataSource": "BRFSS",
    "Topic": "Obesity / Weight Status",
    "Data_Value": 28.1,
    "Sample_Size": 491,
    "Stratification1": "$25,000 - $34,999",
    "StratificationId1": "INC2535",
    "LocationDisplayOrder": 50
  },
  {
    "ID": 41328,
    "Description": 2016,
    "LocationAbbr": "VA",
    "LocationDesc": "Virginia",
    "DataSource": "BRFSS",
    "Topic": "Obesity / Weight Status",
    "Data_Value": 31.5,
    "Sample_Size": 693,
    "Stratification1": "$25,000 - $34,999",
    "StratificationId1": "INC2535",
    "LocationDisplayOrder": 51
  },
  {
    "ID": 39660,
    "Description": 2016,
    "LocationAbbr": "WA",
    "LocationDesc": "Washington",
    "DataSource": "BRFSS",
    "Topic": "Obesity / Weight Status",
    "Data_Value": 33.2,
    "Sample_Size": "1,121",
    "Stratification1": "$25,000 - $34,999",
    "StratificationId1": "INC2535",
    "LocationDisplayOrder": 53
  },
  {
    "ID": 40310,
    "Description": 2016,
    "LocationAbbr": "WV",
    "LocationDesc": "West Virginia",
    "DataSource": "BRFSS",
    "Topic": "Obesity / Weight Status",
    "Data_Value": 43.3,
    "Sample_Size": 706,
    "Stratification1": "$25,000 - $34,999",
    "StratificationId1": "INC2535",
    "LocationDisplayOrder": 54
  },
  {
    "ID": 42526,
    "Description": 2016,
    "LocationAbbr": "WI",
    "LocationDesc": "Wisconsin",
    "DataSource": "BRFSS",
    "Topic": "Obesity / Weight Status",
    "Data_Value": 29.9,
    "Sample_Size": 488,
    "Stratification1": "$25,000 - $34,999",
    "StratificationId1": "INC2535",
    "LocationDisplayOrder": 55
  },
  {
    "ID": 39620,
    "Description": 2016,
    "LocationAbbr": "WY",
    "LocationDesc": "Wyoming",
    "DataSource": "BRFSS",
    "Topic": "Obesity / Weight Status",
    "Data_Value": 25,
    "Sample_Size": 418,
    "Stratification1": "$25,000 - $34,999",
    "StratificationId1": "INC2535",
    "LocationDisplayOrder": 56
  },
  {
    "ID": 41545,
    "Description": 2016,
    "LocationAbbr": "GU",
    "LocationDesc": "Guam",
    "DataSource": "BRFSS",
    "Topic": "Obesity / Weight Status",
    "Data_Value": 37.1,
    "Sample_Size": 161,
    "Stratification1": "$25,000 - $34,999",
    "StratificationId1": "INC2535",
    "LocationDisplayOrder": 66
  },
  {
    "ID": 42686,
    "Description": 2016,
    "LocationAbbr": "PR",
    "LocationDesc": "Puerto Rico",
    "DataSource": "BRFSS",
    "Topic": "Obesity / Weight Status",
    "Data_Value": 26.6,
    "Sample_Size": 465,
    "Stratification1": "$25,000 - $34,999",
    "StratificationId1": "INC2535",
    "LocationDisplayOrder": 72
  },
  {
    "ID": 41401,
    "Description": 2016,
    "LocationAbbr": "VI",
    "LocationDesc": "Virgin Islands",
    "DataSource": "BRFSS",
    "Topic": "Obesity / Weight Status",
    "Data_Value": 30.6,
    "Sample_Size": 150,
    "Stratification1": "$25,000 - $34,999",
    "StratificationId1": "INC2535",
    "LocationDisplayOrder": 78
  },
  {
    "ID": "",
    "Description": "",
    "LocationAbbr": "",
    "LocationDesc": "",
    "DataSource": "",
    "Topic": "",
    "Data_Value": "",
    "Sample_Size": "",
    "Stratification1": "",
    "StratificationId1": "",
    "LocationDisplayOrder": ""
  },
  {
    "ID": "",
    "Description": "",
    "LocationAbbr": "",
    "LocationDesc": "",
    "DataSource": "",
    "Topic": "",
    "Data_Value": "",
    "Sample_Size": "",
    "Stratification1": "",
    "StratificationId1": "",
    "LocationDisplayOrder": ""
  },
  {
    "ID": "",
    "Description": "",
    "LocationAbbr": "",
    "LocationDesc": "",
    "DataSource": "",
    "Topic": "",
    "Data_Value": "",
    "Sample_Size": "",
    "Stratification1": "",
    "StratificationId1": "",
    "LocationDisplayOrder": ""
  },
  {
    "ID": "",
    "Description": "",
    "LocationAbbr": "",
    "LocationDesc": "",
    "DataSource": "",
    "Topic": "",
    "Data_Value": "",
    "Sample_Size": "",
    "Stratification1": "",
    "StratificationId1": "",
    "LocationDisplayOrder": ""
  },
  {
    "ID": "",
    "Description": "",
    "LocationAbbr": "",
    "LocationDesc": "",
    "DataSource": "",
    "Topic": "",
    "Data_Value": "",
    "Sample_Size": "",
    "Stratification1": "",
    "StratificationId1": "",
    "LocationDisplayOrder": ""
  },
  {
    "ID": "",
    "Description": "",
    "LocationAbbr": "",
    "LocationDesc": "",
    "DataSource": "",
    "Topic": "",
    "Data_Value": "",
    "Sample_Size": "",
    "Stratification1": "",
    "StratificationId1": "",
    "LocationDisplayOrder": ""
  },
  {
    "ID": "",
    "Description": "",
    "LocationAbbr": "",
    "LocationDesc": "",
    "DataSource": "",
    "Topic": "",
    "Data_Value": "",
    "Sample_Size": "",
    "Stratification1": "",
    "StratificationId1": "",
    "LocationDisplayOrder": ""
  },
  {
    "ID": "",
    "Description": "",
    "LocationAbbr": "",
    "LocationDesc": "",
    "DataSource": "",
    "Topic": "",
    "Data_Value": "",
    "Sample_Size": "",
    "Stratification1": "",
    "StratificationId1": "",
    "LocationDisplayOrder": ""
  },
  {
    "ID": "",
    "Description": "",
    "LocationAbbr": "",
    "LocationDesc": "",
    "DataSource": "",
    "Topic": "",
    "Data_Value": "",
    "Sample_Size": "",
    "Stratification1": "",
    "StratificationId1": "",
    "LocationDisplayOrder": ""
  }
]