[
  {
    "ID": 40225,
    "Description": 2016,
    "LocationAbbr": "US",
    "LocationDesc": "National",
    "DataSource": "BRFSS",
    "Topic": "Obesity / Weight Status",
    "Data_Value": 34.2,
    "Sample_Size": "96,566",
    "Stratification1": "55 - 64",
    "StratificationId1": "AGEYR5564",
    "LocationDisplayOrder": 0
  },
  {
    "ID": 42002,
    "Description": 2016,
    "LocationAbbr": "AL",
    "LocationDesc": "Alabama",
    "DataSource": "BRFSS",
    "Topic": "Obesity / Weight Status",
    "Data_Value": 40.7,
    "Sample_Size": "1,402",
    "Stratification1": "55 - 64",
    "StratificationId1": "AGEYR5564",
    "LocationDisplayOrder": 1
  },
  {
    "ID": 42278,
    "Description": 2016,
    "LocationAbbr": "AK",
    "LocationDesc": "Alaska",
    "DataSource": "BRFSS",
    "Topic": "Obesity / Weight Status",
    "Data_Value": 30,
    "Sample_Size": 706,
    "Stratification1": "55 - 64",
    "StratificationId1": "AGEYR5564",
    "LocationDisplayOrder": 2
  },
  {
    "ID": 41740,
    "Description": 2016,
    "LocationAbbr": "AZ",
    "LocationDesc": "Arizona",
    "DataSource": "BRFSS",
    "Topic": "Obesity / Weight Status",
    "Data_Value": 33.8,
    "Sample_Size": "2,127",
    "Stratification1": "55 - 64",
    "StratificationId1": "AGEYR5564",
    "LocationDisplayOrder": 4
  },
  {
    "ID": 42297,
    "Description": 2016,
    "LocationAbbr": "AR",
    "LocationDesc": "Arkansas",
    "DataSource": "BRFSS",
    "Topic": "Obesity / Weight Status",
    "Data_Value": 39.6,
    "Sample_Size": "1,036",
    "Stratification1": "55 - 64",
    "StratificationId1": "AGEYR5564",
    "LocationDisplayOrder": 5
  },
  {
    "ID": 41918,
    "Description": 2016,
    "LocationAbbr": "CA",
    "LocationDesc": "California",
    "DataSource": "BRFSS",
    "Topic": "Obesity / Weight Status",
    "Data_Value": 28.9,
    "Sample_Size": "1,930",
    "Stratification1": "55 - 64",
    "StratificationId1": "AGEYR5564",
    "LocationDisplayOrder": 6
  },
  {
    "ID": 40510,
    "Description": 2016,
    "LocationAbbr": "CO",
    "LocationDesc": "Colorado",
    "DataSource": "BRFSS",
    "Topic": "Obesity / Weight Status",
    "Data_Value": 26.9,
    "Sample_Size": "3,151",
    "Stratification1": "55 - 64",
    "StratificationId1": "AGEYR5564",
    "LocationDisplayOrder": 8
  },
  {
    "ID": 41347,
    "Description": 2016,
    "LocationAbbr": "CT",
    "LocationDesc": "Connecticut",
    "DataSource": "BRFSS",
    "Topic": "Obesity / Weight Status",
    "Data_Value": 30.4,
    "Sample_Size": "2,379",
    "Stratification1": "55 - 64",
    "StratificationId1": "AGEYR5564",
    "LocationDisplayOrder": 9
  },
  {
    "ID": 43000,
    "Description": 2016,
    "LocationAbbr": "DE",
    "LocationDesc": "Delaware",
    "DataSource": "BRFSS",
    "Topic": "Obesity / Weight Status",
    "Data_Value": 34.1,
    "Sample_Size": 812,
    "Stratification1": "55 - 64",
    "StratificationId1": "AGEYR5564",
    "LocationDisplayOrder": 10
  },
  {
    "ID": 43480,
    "Description": 2016,
    "LocationAbbr": "DC",
    "LocationDesc": "District of Columbia",
    "DataSource": "BRFSS",
    "Topic": "Obesity / Weight Status",
    "Data_Value": 31.4,
    "Sample_Size": 760,
    "Stratification1": "55 - 64",
    "StratificationId1": "AGEYR5564",
    "LocationDisplayOrder": 11
  },
  {
    "ID": 42772,
    "Description": 2016,
    "LocationAbbr": "FL",
    "LocationDesc": "Florida",
    "DataSource": "BRFSS",
    "Topic": "Obesity / Weight Status",
    "Data_Value": 32.6,
    "Sample_Size": "6,706",
    "Stratification1": "55 - 64",
    "StratificationId1": "AGEYR5564",
    "LocationDisplayOrder": 12
  },
  {
    "ID": 42792,
    "Description": 2016,
    "LocationAbbr": "GA",
    "LocationDesc": "Georgia",
    "DataSource": "BRFSS",
    "Topic": "Obesity / Weight Status",
    "Data_Value": 37.6,
    "Sample_Size": 972,
    "Stratification1": "55 - 64",
    "StratificationId1": "AGEYR5564",
    "LocationDisplayOrder": 13
  },
  {
    "ID": 44778,
    "Description": 2016,
    "LocationAbbr": "HI",
    "LocationDesc": "Hawaii",
    "DataSource": "BRFSS",
    "Topic": "Obesity / Weight Status",
    "Data_Value": 26.4,
    "Sample_Size": "1,755",
    "Stratification1": "55 - 64",
    "StratificationId1": "AGEYR5564",
    "LocationDisplayOrder": 15
  },
  {
    "ID": 43543,
    "Description": 2016,
    "LocationAbbr": "ID",
    "LocationDesc": "Idaho",
    "DataSource": "BRFSS",
    "Topic": "Obesity / Weight Status",
    "Data_Value": 30.7,
    "Sample_Size": "1,009",
    "Stratification1": "55 - 64",
    "StratificationId1": "AGEYR5564",
    "LocationDisplayOrder": 16
  },
  {
    "ID": 42814,
    "Description": 2016,
    "LocationAbbr": "IL",
    "LocationDesc": "Illinois",
    "DataSource": "BRFSS",
    "Topic": "Obesity / Weight Status",
    "Data_Value": 36.9,
    "Sample_Size": 923,
    "Stratification1": "55 - 64",
    "StratificationId1": "AGEYR5564",
    "LocationDisplayOrder": 17
  },
  {
    "ID": 40684,
    "Description": 2016,
    "LocationAbbr": "IN",
    "LocationDesc": "Indiana",
    "DataSource": "BRFSS",
    "Topic": "Obesity / Weight Status",
    "Data_Value": 37.5,
    "Sample_Size": "2,366",
    "Stratification1": "55 - 64",
    "StratificationId1": "AGEYR5564",
    "LocationDisplayOrder": 18
  },
  {
    "ID": 40235,
    "Description": 2016,
    "LocationAbbr": "IA",
    "LocationDesc": "Iowa",
    "DataSource": "BRFSS",
    "Topic": "Obesity / Weight Status",
    "Data_Value": 37.9,
    "Sample_Size": "1,483",
    "Stratification1": "55 - 64",
    "StratificationId1": "AGEYR5564",
    "LocationDisplayOrder": 19
  },
  {
    "ID": 41877,
    "Description": 2016,
    "LocationAbbr": "KS",
    "LocationDesc": "Kansas",
    "DataSource": "BRFSS",
    "Topic": "Obesity / Weight Status",
    "Data_Value": 36.8,
    "Sample_Size": "2,372",
    "Stratification1": "55 - 64",
    "StratificationId1": "AGEYR5564",
    "LocationDisplayOrder": 20
  },
  {
    "ID": 41412,
    "Description": 2016,
    "LocationAbbr": "KY",
    "LocationDesc": "Kentucky",
    "DataSource": "BRFSS",
    "Topic": "Obesity / Weight Status",
    "Data_Value": 37.9,
    "Sample_Size": "2,207",
    "Stratification1": "55 - 64",
    "StratificationId1": "AGEYR5564",
    "LocationDisplayOrder": 21
  },
  {
    "ID": 39745,
    "Description": 2016,
    "LocationAbbr": "LA",
    "LocationDesc": "Louisiana",
    "DataSource": "BRFSS",
    "Topic": "Obesity / Weight Status",
    "Data_Value": 36.6,
    "Sample_Size": "1,112",
    "Stratification1": "55 - 64",
    "StratificationId1": "AGEYR5564",
    "LocationDisplayOrder": 22
  },
  {
    "ID": 42135,
    "Description": 2016,
    "LocationAbbr": "ME",
    "LocationDesc": "Maine",
    "DataSource": "BRFSS",
    "Topic": "Obesity / Weight Status",
    "Data_Value": 33,
    "Sample_Size": "2,310",
    "Stratification1": "55 - 64",
    "StratificationId1": "AGEYR5564",
    "LocationDisplayOrder": 23
  },
  {
    "ID": 42018,
    "Description": 2016,
    "LocationAbbr": "MD",
    "LocationDesc": "Maryland",
    "DataSource": "BRFSS",
    "Topic": "Obesity / Weight Status",
    "Data_Value": 35.5,
    "Sample_Size": "3,867",
    "Stratification1": "55 - 64",
    "StratificationId1": "AGEYR5564",
    "LocationDisplayOrder": 24
  },
  {
    "ID": 44083,
    "Description": 2016,
    "LocationAbbr": "MA",
    "LocationDesc": "Massachusetts",
    "DataSource": "BRFSS",
    "Topic": "Obesity / Weight Status",
    "Data_Value": 28.6,
    "Sample_Size": "1,636",
    "Stratification1": "55 - 64",
    "StratificationId1": "AGEYR5564",
    "LocationDisplayOrder": 25
  },
  {
    "ID": 42890,
    "Description": 2016,
    "LocationAbbr": "MI",
    "LocationDesc": "Michigan",
    "DataSource": "BRFSS",
    "Topic": "Obesity / Weight Status",
    "Data_Value": 34.9,
    "Sample_Size": "2,445",
    "Stratification1": "55 - 64",
    "StratificationId1": "AGEYR5564",
    "LocationDisplayOrder": 26
  },
  {
    "ID": 40991,
    "Description": 2016,
    "LocationAbbr": "MN",
    "LocationDesc": "Minnesota",
    "DataSource": "BRFSS",
    "Topic": "Obesity / Weight Status",
    "Data_Value": 32.7,
    "Sample_Size": "3,375",
    "Stratification1": "55 - 64",
    "StratificationId1": "AGEYR5564",
    "LocationDisplayOrder": 27
  },
  {
    "ID": 40251,
    "Description": 2016,
    "LocationAbbr": "MS",
    "LocationDesc": "Mississippi",
    "DataSource": "BRFSS",
    "Topic": "Obesity / Weight Status",
    "Data_Value": 39.8,
    "Sample_Size": "1,068",
    "Stratification1": "55 - 64",
    "StratificationId1": "AGEYR5564",
    "LocationDisplayOrder": 28
  },
  {
    "ID": 42304,
    "Description": 2016,
    "LocationAbbr": "MO",
    "LocationDesc": "Missouri",
    "DataSource": "BRFSS",
    "Topic": "Obesity / Weight Status",
    "Data_Value": 40.5,
    "Sample_Size": "1,377",
    "Stratification1": "55 - 64",
    "StratificationId1": "AGEYR5564",
    "LocationDisplayOrder": 29
  },
  {
    "ID": 41991,
    "Description": 2016,
    "LocationAbbr": "MT",
    "LocationDesc": "Montana",
    "DataSource": "BRFSS",
    "Topic": "Obesity / Weight Status",
    "Data_Value": 29.1,
    "Sample_Size": "1,270",
    "Stratification1": "55 - 64",
    "StratificationId1": "AGEYR5564",
    "LocationDisplayOrder": 30
  },
  {
    "ID": 43603,
    "Description": 2016,
    "LocationAbbr": "NE",
    "LocationDesc": "Nebraska",
    "DataSource": "BRFSS",
    "Topic": "Obesity / Weight Status",
    "Data_Value": 37.6,
    "Sample_Size": "3,010",
    "Stratification1": "55 - 64",
    "StratificationId1": "AGEYR5564",
    "LocationDisplayOrder": 31
  },
  {
    "ID": 41215,
    "Description": 2016,
    "LocationAbbr": "NV",
    "LocationDesc": "Nevada",
    "DataSource": "BRFSS",
    "Topic": "Obesity / Weight Status",
    "Data_Value": 29.3,
    "Sample_Size": 810,
    "Stratification1": "55 - 64",
    "StratificationId1": "AGEYR5564",
    "LocationDisplayOrder": 32
  },
  {
    "ID": 42958,
    "Description": 2016,
    "LocationAbbr": "NH",
    "LocationDesc": "New Hampshire",
    "DataSource": "BRFSS",
    "Topic": "Obesity / Weight Status",
    "Data_Value": 29.1,
    "Sample_Size": "1,404",
    "Stratification1": "55 - 64",
    "StratificationId1": "AGEYR5564",
    "LocationDisplayOrder": 33
  },
  {
    "ID": 43650,
    "Description": 2016,
    "LocationAbbr": "NJ",
    "LocationDesc": "New Jersey",
    "DataSource": "BRFSS",
    "Topic": "Obesity / Weight Status",
    "Data_Value": 33.9,
    "Sample_Size": "1,614",
    "Stratification1": "55 - 64",
    "StratificationId1": "AGEYR5564",
    "LocationDisplayOrder": 34
  },
  {
    "ID": 41659,
    "Description": 2016,
    "LocationAbbr": "NM",
    "LocationDesc": "New Mexico",
    "DataSource": "BRFSS",
    "Topic": "Obesity / Weight Status",
    "Data_Value": 29.8,
    "Sample_Size": "1,301",
    "Stratification1": "55 - 64",
    "StratificationId1": "AGEYR5564",
    "LocationDisplayOrder": 35
  },
  {
    "ID": 43559,
    "Description": 2016,
    "LocationAbbr": "NY",
    "LocationDesc": "New York",
    "DataSource": "BRFSS",
    "Topic": "Obesity / Weight Status",
    "Data_Value": 31.1,
    "Sample_Size": "7,175",
    "Stratification1": "55 - 64",
    "StratificationId1": "AGEYR5564",
    "LocationDisplayOrder": 36
  },
  {
    "ID": 42516,
    "Description": 2016,
    "LocationAbbr": "NC",
    "LocationDesc": "North Carolina",
    "DataSource": "BRFSS",
    "Topic": "Obesity / Weight Status",
    "Data_Value": 34.6,
    "Sample_Size": "1,188",
    "Stratification1": "55 - 64",
    "StratificationId1": "AGEYR5564",
    "LocationDisplayOrder": 37
  },
  {
    "ID": 41949,
    "Description": 2016,
    "LocationAbbr": "ND",
    "LocationDesc": "North Dakota",
    "DataSource": "BRFSS",
    "Topic": "Obesity / Weight Status",
    "Data_Value": 36,
    "Sample_Size": "1,271",
    "Stratification1": "55 - 64",
    "StratificationId1": "AGEYR5564",
    "LocationDisplayOrder": 38
  },
  {
    "ID": 42931,
    "Description": 2016,
    "LocationAbbr": "OH",
    "LocationDesc": "Ohio",
    "DataSource": "BRFSS",
    "Topic": "Obesity / Weight Status",
    "Data_Value": 37.2,
    "Sample_Size": "2,673",
    "Stratification1": "55 - 64",
    "StratificationId1": "AGEYR5564",
    "LocationDisplayOrder": 39
  },
  {
    "ID": 43437,
    "Description": 2016,
    "LocationAbbr": "OK",
    "LocationDesc": "Oklahoma",
    "DataSource": "BRFSS",
    "Topic": "Obesity / Weight Status",
    "Data_Value": 36.3,
    "Sample_Size": "1,360",
    "Stratification1": "55 - 64",
    "StratificationId1": "AGEYR5564",
    "LocationDisplayOrder": 40
  },
  {
    "ID": 39657,
    "Description": 2016,
    "LocationAbbr": "OR",
    "LocationDesc": "Oregon",
    "DataSource": "BRFSS",
    "Topic": "Obesity / Weight Status",
    "Data_Value": 30.9,
    "Sample_Size": 980,
    "Stratification1": "55 - 64",
    "StratificationId1": "AGEYR5564",
    "LocationDisplayOrder": 41
  },
  {
    "ID": 42591,
    "Description": 2016,
    "LocationAbbr": "PA",
    "LocationDesc": "Pennsylvania",
    "DataSource": "BRFSS",
    "Topic": "Obesity / Weight Status",
    "Data_Value": 34.2,
    "Sample_Size": "1,402",
    "Stratification1": "55 - 64",
    "StratificationId1": "AGEYR5564",
    "LocationDisplayOrder": 42
  },
  {
    "ID": 43791,
    "Description": 2016,
    "LocationAbbr": "RI",
    "LocationDesc": "Rhode Island",
    "DataSource": "BRFSS",
    "Topic": "Obesity / Weight Status",
    "Data_Value": 33.7,
    "Sample_Size": "1,239",
    "Stratification1": "55 - 64",
    "StratificationId1": "AGEYR5564",
    "LocationDisplayOrder": 44
  },
  {
    "ID": 39924,
    "Description": 2016,
    "LocationAbbr": "SC",
    "LocationDesc": "South Carolina",
    "DataSource": "BRFSS",
    "Topic": "Obesity / Weight Status",
    "Data_Value": 34.4,
    "Sample_Size": "2,289",
    "Stratification1": "55 - 64",
    "StratificationId1": "AGEYR5564",
    "LocationDisplayOrder": 45
  },
  {
    "ID": 43453,
    "Description": 2016,
    "LocationAbbr": "SD",
    "LocationDesc": "South Dakota",
    "DataSource": "BRFSS",
    "Topic": "Obesity / Weight Status",
    "Data_Value": 34.2,
    "Sample_Size": "1,215",
    "Stratification1": "55 - 64",
    "StratificationId1": "AGEYR5564",
    "LocationDisplayOrder": 46
  },
  {
    "ID": 41755,
    "Description": 2016,
    "LocationAbbr": "TN",
    "LocationDesc": "Tennessee",
    "DataSource": "BRFSS",
    "Topic": "Obesity / Weight Status",
    "Data_Value": 40.7,
    "Sample_Size": "1,242",
    "Stratification1": "55 - 64",
    "StratificationId1": "AGEYR5564",
    "LocationDisplayOrder": 47
  },
  {
    "ID": 42513,
    "Description": 2016,
    "LocationAbbr": "TX",
    "LocationDesc": "Texas",
    "DataSource": "BRFSS",
    "Topic": "Obesity / Weight Status",
    "Data_Value": 39.2,
    "Sample_Size": "2,126",
    "Stratification1": "55 - 64",
    "StratificationId1": "AGEYR5564",
    "LocationDisplayOrder": 48
  },
  {
    "ID": 43326,
    "Description": 2016,
    "LocationAbbr": "UT",
    "LocationDesc": "Utah",
    "DataSource": "BRFSS",
    "Topic": "Obesity / Weight Status",
    "Data_Value": 34.5,
    "Sample_Size": "1,826",
    "Stratification1": "55 - 64",
    "StratificationId1": "AGEYR5564",
    "LocationDisplayOrder": 49
  },
  {
    "ID": 41631,
    "Description": 2016,
    "LocationAbbr": "VT",
    "LocationDesc": "Vermont",
    "DataSource": "BRFSS",
    "Topic": "Obesity / Weight Status",
    "Data_Value": 30.1,
    "Sample_Size": "1,549",
    "Stratification1": "55 - 64",
    "StratificationId1": "AGEYR5564",
    "LocationDisplayOrder": 50
  },
  {
    "ID": 42464,
    "Description": 2016,
    "LocationAbbr": "VA",
    "LocationDesc": "Virginia",
    "DataSource": "BRFSS",
    "Topic": "Obesity / Weight Status",
    "Data_Value": 33.1,
    "Sample_Size": "1,807",
    "Stratification1": "55 - 64",
    "StratificationId1": "AGEYR5564",
    "LocationDisplayOrder": 51
  },
  {
    "ID": 39796,
    "Description": 2016,
    "LocationAbbr": "WA",
    "LocationDesc": "Washington",
    "DataSource": "BRFSS",
    "Topic": "Obesity / Weight Status",
    "Data_Value": 31.4,
    "Sample_Size": "2,775",
    "Stratification1": "55 - 64",
    "StratificationId1": "AGEYR5564",
    "LocationDisplayOrder": 53
  },
  {
    "ID": 42333,
    "Description": 2016,
    "LocationAbbr": "WV",
    "LocationDesc": "West Virginia",
    "DataSource": "BRFSS",
    "Topic": "Obesity / Weight Status",
    "Data_Value": 43.2,
    "Sample_Size": "1,563",
    "Stratification1": "55 - 64",
    "StratificationId1": "AGEYR5564",
    "LocationDisplayOrder": 54
  },
  {
    "ID": 44231,
    "Description": 2016,
    "LocationAbbr": "WI",
    "LocationDesc": "Wisconsin",
    "DataSource": "BRFSS",
    "Topic": "Obesity / Weight Status",
    "Data_Value": 35.9,
    "Sample_Size": "1,129",
    "Stratification1": "55 - 64",
    "StratificationId1": "AGEYR5564",
    "LocationDisplayOrder": 55
  },
  {
    "ID": 39634,
    "Description": 2016,
    "LocationAbbr": "WY",
    "LocationDesc": "Wyoming",
    "DataSource": "BRFSS",
    "Topic": "Obesity / Weight Status",
    "Data_Value": 30.1,
    "Sample_Size": "1,062",
    "Stratification1": "55 - 64",
    "StratificationId1": "AGEYR5564",
    "LocationDisplayOrder": 56
  },
  {
    "ID": 41322,
    "Description": 2016,
    "LocationAbbr": "GU",
    "LocationDesc": "Guam",
    "DataSource": "BRFSS",
    "Topic": "Obesity / Weight Status",
    "Data_Value": 26.9,
    "Sample_Size": 279,
    "Stratification1": "55 - 64",
    "StratificationId1": "AGEYR5564",
    "LocationDisplayOrder": 66
  },
  {
    "ID": 43286,
    "Description": 2016,
    "LocationAbbr": "PR",
    "LocationDesc": "Puerto Rico",
    "DataSource": "BRFSS",
    "Topic": "Obesity / Weight Status",
    "Data_Value": 36.7,
    "Sample_Size": "1,054",
    "Stratification1": "55 - 64",
    "StratificationId1": "AGEYR5564",
    "LocationDisplayOrder": 72
  },
  {
    "ID": 42393,
    "Description": 2016,
    "LocationAbbr": "VI",
    "LocationDesc": "Virgin Islands",
    "DataSource": "BRFSS",
    "Topic": "Obesity / Weight Status",
    "Data_Value": 33.2,
    "Sample_Size": 306,
    "Stratification1": "55 - 64",
    "StratificationId1": "AGEYR5564",
    "LocationDisplayOrder": 78
  },
  {
    "ID": "",
    "Description": "",
    "LocationAbbr": "",
    "LocationDesc": "",
    "DataSource": "",
    "Topic": "",
    "Data_Value": "",
    "Sample_Size": "",
    "Stratification1": "",
    "StratificationId1": "",
    "LocationDisplayOrder": ""
  },
  {
    "ID": "",
    "Description": "",
    "LocationAbbr": "",
    "LocationDesc": "",
    "DataSource": "",
    "Topic": "",
    "Data_Value": "",
    "Sample_Size": "",
    "Stratification1": "",
    "StratificationId1": "",
    "LocationDisplayOrder": ""
  },
  {
    "ID": "",
    "Description": "",
    "LocationAbbr": "",
    "LocationDesc": "",
    "DataSource": "",
    "Topic": "",
    "Data_Value": "",
    "Sample_Size": "",
    "Stratification1": "",
    "StratificationId1": "",
    "LocationDisplayOrder": ""
  },
  {
    "ID": "",
    "Description": "",
    "LocationAbbr": "",
    "LocationDesc": "",
    "DataSource": "",
    "Topic": "",
    "Data_Value": "",
    "Sample_Size": "",
    "Stratification1": "",
    "StratificationId1": "",
    "LocationDisplayOrder": ""
  },
  {
    "ID": "",
    "Description": "",
    "LocationAbbr": "",
    "LocationDesc": "",
    "DataSource": "",
    "Topic": "",
    "Data_Value": "",
    "Sample_Size": "",
    "Stratification1": "",
    "StratificationId1": "",
    "LocationDisplayOrder": ""
  },
  {
    "ID": "",
    "Description": "",
    "LocationAbbr": "",
    "LocationDesc": "",
    "DataSource": "",
    "Topic": "",
    "Data_Value": "",
    "Sample_Size": "",
    "Stratification1": "",
    "StratificationId1": "",
    "LocationDisplayOrder": ""
  },
  {
    "ID": "",
    "Description": "",
    "LocationAbbr": "",
    "LocationDesc": "",
    "DataSource": "",
    "Topic": "",
    "Data_Value": "",
    "Sample_Size": "",
    "Stratification1": "",
    "StratificationId1": "",
    "LocationDisplayOrder": ""
  },
  {
    "ID": "",
    "Description": "",
    "LocationAbbr": "",
    "LocationDesc": "",
    "DataSource": "",
    "Topic": "",
    "Data_Value": "",
    "Sample_Size": "",
    "Stratification1": "",
    "StratificationId1": "",
    "LocationDisplayOrder": ""
  },
  {
    "ID": "",
    "Description": "",
    "LocationAbbr": "",
    "LocationDesc": "",
    "DataSource": "",
    "Topic": "",
    "Data_Value": "",
    "Sample_Size": "",
    "Stratification1": "",
    "StratificationId1": "",
    "LocationDisplayOrder": ""
  }
]