[
  {
    "ID": 43320,
    "Description": 2016,
    "LocationAbbr": "US",
    "LocationDesc": "National",
    "DataSource": "BRFSS",
    "Topic": "Obesity / Weight Status",
    "Data_Value": 22.2,
    "Sample_Size": "161,309",
    "Stratification1": "College graduate",
    "StratificationId1": "EDUCOGRAD",
    "LocationDisplayOrder": 0
  },
  {
    "ID": 43181,
    "Description": 2016,
    "LocationAbbr": "AL",
    "LocationDesc": "Alabama",
    "DataSource": "BRFSS",
    "Topic": "Obesity / Weight Status",
    "Data_Value": 30.5,
    "Sample_Size": "1,817",
    "Stratification1": "College graduate",
    "StratificationId1": "EDUCOGRAD",
    "LocationDisplayOrder": 1
  },
  {
    "ID": 44275,
    "Description": 2016,
    "LocationAbbr": "AK",
    "LocationDesc": "Alaska",
    "DataSource": "BRFSS",
    "Topic": "Obesity / Weight Status",
    "Data_Value": 21.7,
    "Sample_Size": 973,
    "Stratification1": "College graduate",
    "StratificationId1": "EDUCOGRAD",
    "LocationDisplayOrder": 2
  },
  {
    "ID": 39706,
    "Description": 2016,
    "LocationAbbr": "AZ",
    "LocationDesc": "Arizona",
    "DataSource": "BRFSS",
    "Topic": "Obesity / Weight Status",
    "Data_Value": 22.2,
    "Sample_Size": "4,024",
    "Stratification1": "College graduate",
    "StratificationId1": "EDUCOGRAD",
    "LocationDisplayOrder": 4
  },
  {
    "ID": 43021,
    "Description": 2016,
    "LocationAbbr": "AR",
    "LocationDesc": "Arkansas",
    "DataSource": "BRFSS",
    "Topic": "Obesity / Weight Status",
    "Data_Value": 31.6,
    "Sample_Size": "1,446",
    "Stratification1": "College graduate",
    "StratificationId1": "EDUCOGRAD",
    "LocationDisplayOrder": 5
  },
  {
    "ID": 42254,
    "Description": 2016,
    "LocationAbbr": "CA",
    "LocationDesc": "California",
    "DataSource": "BRFSS",
    "Topic": "Obesity / Weight Status",
    "Data_Value": 15.1,
    "Sample_Size": "4,531",
    "Stratification1": "College graduate",
    "StratificationId1": "EDUCOGRAD",
    "LocationDisplayOrder": 6
  },
  {
    "ID": 41859,
    "Description": 2016,
    "LocationAbbr": "CO",
    "LocationDesc": "Colorado",
    "DataSource": "BRFSS",
    "Topic": "Obesity / Weight Status",
    "Data_Value": 16.9,
    "Sample_Size": "6,187",
    "Stratification1": "College graduate",
    "StratificationId1": "EDUCOGRAD",
    "LocationDisplayOrder": 8
  },
  {
    "ID": 42334,
    "Description": 2016,
    "LocationAbbr": "CT",
    "LocationDesc": "Connecticut",
    "DataSource": "BRFSS",
    "Topic": "Obesity / Weight Status",
    "Data_Value": 19.4,
    "Sample_Size": "4,842",
    "Stratification1": "College graduate",
    "StratificationId1": "EDUCOGRAD",
    "LocationDisplayOrder": 9
  },
  {
    "ID": 42720,
    "Description": 2016,
    "LocationAbbr": "DE",
    "LocationDesc": "Delaware",
    "DataSource": "BRFSS",
    "Topic": "Obesity / Weight Status",
    "Data_Value": 24.2,
    "Sample_Size": "1,291",
    "Stratification1": "College graduate",
    "StratificationId1": "EDUCOGRAD",
    "LocationDisplayOrder": 10
  },
  {
    "ID": 40611,
    "Description": 2016,
    "LocationAbbr": "DC",
    "LocationDesc": "District of Columbia",
    "DataSource": "BRFSS",
    "Topic": "Obesity / Weight Status",
    "Data_Value": 13.4,
    "Sample_Size": "1,857",
    "Stratification1": "College graduate",
    "StratificationId1": "EDUCOGRAD",
    "LocationDisplayOrder": 11
  },
  {
    "ID": 43782,
    "Description": 2016,
    "LocationAbbr": "FL",
    "LocationDesc": "Florida",
    "DataSource": "BRFSS",
    "Topic": "Obesity / Weight Status",
    "Data_Value": 21.9,
    "Sample_Size": "10,084",
    "Stratification1": "College graduate",
    "StratificationId1": "EDUCOGRAD",
    "LocationDisplayOrder": 12
  },
  {
    "ID": 42021,
    "Description": 2016,
    "LocationAbbr": "GA",
    "LocationDesc": "Georgia",
    "DataSource": "BRFSS",
    "Topic": "Obesity / Weight Status",
    "Data_Value": 23.5,
    "Sample_Size": "1,717",
    "Stratification1": "College graduate",
    "StratificationId1": "EDUCOGRAD",
    "LocationDisplayOrder": 13
  },
  {
    "ID": 41439,
    "Description": 2016,
    "LocationAbbr": "HI",
    "LocationDesc": "Hawaii",
    "DataSource": "BRFSS",
    "Topic": "Obesity / Weight Status",
    "Data_Value": 17.8,
    "Sample_Size": "3,244",
    "Stratification1": "College graduate",
    "StratificationId1": "EDUCOGRAD",
    "LocationDisplayOrder": 15
  },
  {
    "ID": 40068,
    "Description": 2016,
    "LocationAbbr": "ID",
    "LocationDesc": "Idaho",
    "DataSource": "BRFSS",
    "Topic": "Obesity / Weight Status",
    "Data_Value": 22.6,
    "Sample_Size": "1,625",
    "Stratification1": "College graduate",
    "StratificationId1": "EDUCOGRAD",
    "LocationDisplayOrder": 16
  },
  {
    "ID": 42589,
    "Description": 2016,
    "LocationAbbr": "IL",
    "LocationDesc": "Illinois",
    "DataSource": "BRFSS",
    "Topic": "Obesity / Weight Status",
    "Data_Value": 26.2,
    "Sample_Size": "1,857",
    "Stratification1": "College graduate",
    "StratificationId1": "EDUCOGRAD",
    "LocationDisplayOrder": 17
  },
  {
    "ID": 43385,
    "Description": 2016,
    "LocationAbbr": "IN",
    "LocationDesc": "Indiana",
    "DataSource": "BRFSS",
    "Topic": "Obesity / Weight Status",
    "Data_Value": 27.2,
    "Sample_Size": "3,400",
    "Stratification1": "College graduate",
    "StratificationId1": "EDUCOGRAD",
    "LocationDisplayOrder": 18
  },
  {
    "ID": 41517,
    "Description": 2016,
    "LocationAbbr": "IA",
    "LocationDesc": "Iowa",
    "DataSource": "BRFSS",
    "Topic": "Obesity / Weight Status",
    "Data_Value": 26.7,
    "Sample_Size": "2,148",
    "Stratification1": "College graduate",
    "StratificationId1": "EDUCOGRAD",
    "LocationDisplayOrder": 19
  },
  {
    "ID": 42403,
    "Description": 2016,
    "LocationAbbr": "KS",
    "LocationDesc": "Kansas",
    "DataSource": "BRFSS",
    "Topic": "Obesity / Weight Status",
    "Data_Value": 27.3,
    "Sample_Size": "4,140",
    "Stratification1": "College graduate",
    "StratificationId1": "EDUCOGRAD",
    "LocationDisplayOrder": 20
  },
  {
    "ID": 43267,
    "Description": 2016,
    "LocationAbbr": "KY",
    "LocationDesc": "Kentucky",
    "DataSource": "BRFSS",
    "Topic": "Obesity / Weight Status",
    "Data_Value": 29.4,
    "Sample_Size": "2,926",
    "Stratification1": "College graduate",
    "StratificationId1": "EDUCOGRAD",
    "LocationDisplayOrder": 21
  },
  {
    "ID": 42059,
    "Description": 2016,
    "LocationAbbr": "LA",
    "LocationDesc": "Louisiana",
    "DataSource": "BRFSS",
    "Topic": "Obesity / Weight Status",
    "Data_Value": 29.3,
    "Sample_Size": "1,445",
    "Stratification1": "College graduate",
    "StratificationId1": "EDUCOGRAD",
    "LocationDisplayOrder": 22
  },
  {
    "ID": 41825,
    "Description": 2016,
    "LocationAbbr": "ME",
    "LocationDesc": "Maine",
    "DataSource": "BRFSS",
    "Topic": "Obesity / Weight Status",
    "Data_Value": 21.9,
    "Sample_Size": "3,673",
    "Stratification1": "College graduate",
    "StratificationId1": "EDUCOGRAD",
    "LocationDisplayOrder": 23
  },
  {
    "ID": 41478,
    "Description": 2016,
    "LocationAbbr": "MD",
    "LocationDesc": "Maryland",
    "DataSource": "BRFSS",
    "Topic": "Obesity / Weight Status",
    "Data_Value": 23.2,
    "Sample_Size": "7,581",
    "Stratification1": "College graduate",
    "StratificationId1": "EDUCOGRAD",
    "LocationDisplayOrder": 24
  },
  {
    "ID": 40032,
    "Description": 2016,
    "LocationAbbr": "MA",
    "LocationDesc": "Massachusetts",
    "DataSource": "BRFSS",
    "Topic": "Obesity / Weight Status",
    "Data_Value": 18,
    "Sample_Size": "3,629",
    "Stratification1": "College graduate",
    "StratificationId1": "EDUCOGRAD",
    "LocationDisplayOrder": 25
  },
  {
    "ID": 41192,
    "Description": 2016,
    "LocationAbbr": "MI",
    "LocationDesc": "Michigan",
    "DataSource": "BRFSS",
    "Topic": "Obesity / Weight Status",
    "Data_Value": 26.2,
    "Sample_Size": "4,040",
    "Stratification1": "College graduate",
    "StratificationId1": "EDUCOGRAD",
    "LocationDisplayOrder": 26
  },
  {
    "ID": 40618,
    "Description": 2016,
    "LocationAbbr": "MN",
    "LocationDesc": "Minnesota",
    "DataSource": "BRFSS",
    "Topic": "Obesity / Weight Status",
    "Data_Value": 22.3,
    "Sample_Size": "6,230",
    "Stratification1": "College graduate",
    "StratificationId1": "EDUCOGRAD",
    "LocationDisplayOrder": 27
  },
  {
    "ID": 41987,
    "Description": 2016,
    "LocationAbbr": "MS",
    "LocationDesc": "Mississippi",
    "DataSource": "BRFSS",
    "Topic": "Obesity / Weight Status",
    "Data_Value": 32,
    "Sample_Size": "1,378",
    "Stratification1": "College graduate",
    "StratificationId1": "EDUCOGRAD",
    "LocationDisplayOrder": 28
  },
  {
    "ID": 41337,
    "Description": 2016,
    "LocationAbbr": "MO",
    "LocationDesc": "Missouri",
    "DataSource": "BRFSS",
    "Topic": "Obesity / Weight Status",
    "Data_Value": 26.6,
    "Sample_Size": "2,018",
    "Stratification1": "College graduate",
    "StratificationId1": "EDUCOGRAD",
    "LocationDisplayOrder": 29
  },
  {
    "ID": 41712,
    "Description": 2016,
    "LocationAbbr": "MT",
    "LocationDesc": "Montana",
    "DataSource": "BRFSS",
    "Topic": "Obesity / Weight Status",
    "Data_Value": 21.7,
    "Sample_Size": "1,836",
    "Stratification1": "College graduate",
    "StratificationId1": "EDUCOGRAD",
    "LocationDisplayOrder": 30
  },
  {
    "ID": 44775,
    "Description": 2016,
    "LocationAbbr": "NE",
    "LocationDesc": "Nebraska",
    "DataSource": "BRFSS",
    "Topic": "Obesity / Weight Status",
    "Data_Value": 29.5,
    "Sample_Size": "4,259",
    "Stratification1": "College graduate",
    "StratificationId1": "EDUCOGRAD",
    "LocationDisplayOrder": 31
  },
  {
    "ID": 41801,
    "Description": 2016,
    "LocationAbbr": "NV",
    "LocationDesc": "Nevada",
    "DataSource": "BRFSS",
    "Topic": "Obesity / Weight Status",
    "Data_Value": 19.2,
    "Sample_Size": "1,360",
    "Stratification1": "College graduate",
    "StratificationId1": "EDUCOGRAD",
    "LocationDisplayOrder": 32
  },
  {
    "ID": 43979,
    "Description": 2016,
    "LocationAbbr": "NH",
    "LocationDesc": "New Hampshire",
    "DataSource": "BRFSS",
    "Topic": "Obesity / Weight Status",
    "Data_Value": 22.8,
    "Sample_Size": "2,484",
    "Stratification1": "College graduate",
    "StratificationId1": "EDUCOGRAD",
    "LocationDisplayOrder": 33
  },
  {
    "ID": 43824,
    "Description": 2016,
    "LocationAbbr": "NJ",
    "LocationDesc": "New Jersey",
    "DataSource": "BRFSS",
    "Topic": "Obesity / Weight Status",
    "Data_Value": 20.2,
    "Sample_Size": "2,879",
    "Stratification1": "College graduate",
    "StratificationId1": "EDUCOGRAD",
    "LocationDisplayOrder": 34
  },
  {
    "ID": 40348,
    "Description": 2016,
    "LocationAbbr": "NM",
    "LocationDesc": "New Mexico",
    "DataSource": "BRFSS",
    "Topic": "Obesity / Weight Status",
    "Data_Value": 22.4,
    "Sample_Size": "1,832",
    "Stratification1": "College graduate",
    "StratificationId1": "EDUCOGRAD",
    "LocationDisplayOrder": 35
  },
  {
    "ID": 43553,
    "Description": 2016,
    "LocationAbbr": "NY",
    "LocationDesc": "New York",
    "DataSource": "BRFSS",
    "Topic": "Obesity / Weight Status",
    "Data_Value": 18.5,
    "Sample_Size": "11,357",
    "Stratification1": "College graduate",
    "StratificationId1": "EDUCOGRAD",
    "LocationDisplayOrder": 36
  },
  {
    "ID": 44102,
    "Description": 2016,
    "LocationAbbr": "NC",
    "LocationDesc": "North Carolina",
    "DataSource": "BRFSS",
    "Topic": "Obesity / Weight Status",
    "Data_Value": 25.5,
    "Sample_Size": "1,967",
    "Stratification1": "College graduate",
    "StratificationId1": "EDUCOGRAD",
    "LocationDisplayOrder": 37
  },
  {
    "ID": 43903,
    "Description": 2016,
    "LocationAbbr": "ND",
    "LocationDesc": "North Dakota",
    "DataSource": "BRFSS",
    "Topic": "Obesity / Weight Status",
    "Data_Value": 28.7,
    "Sample_Size": "1,747",
    "Stratification1": "College graduate",
    "StratificationId1": "EDUCOGRAD",
    "LocationDisplayOrder": 38
  },
  {
    "ID": 41270,
    "Description": 2016,
    "LocationAbbr": "OH",
    "LocationDesc": "Ohio",
    "DataSource": "BRFSS",
    "Topic": "Obesity / Weight Status",
    "Data_Value": 25.4,
    "Sample_Size": "3,487",
    "Stratification1": "College graduate",
    "StratificationId1": "EDUCOGRAD",
    "LocationDisplayOrder": 39
  },
  {
    "ID": 41958,
    "Description": 2016,
    "LocationAbbr": "OK",
    "LocationDesc": "Oklahoma",
    "DataSource": "BRFSS",
    "Topic": "Obesity / Weight Status",
    "Data_Value": 27.9,
    "Sample_Size": "2,002",
    "Stratification1": "College graduate",
    "StratificationId1": "EDUCOGRAD",
    "LocationDisplayOrder": 40
  },
  {
    "ID": 43471,
    "Description": 2016,
    "LocationAbbr": "OR",
    "LocationDesc": "Oregon",
    "DataSource": "BRFSS",
    "Topic": "Obesity / Weight Status",
    "Data_Value": 20.4,
    "Sample_Size": "2,017",
    "Stratification1": "College graduate",
    "StratificationId1": "EDUCOGRAD",
    "LocationDisplayOrder": 41
  },
  {
    "ID": 42268,
    "Description": 2016,
    "LocationAbbr": "PA",
    "LocationDesc": "Pennsylvania",
    "DataSource": "BRFSS",
    "Topic": "Obesity / Weight Status",
    "Data_Value": 21.9,
    "Sample_Size": "2,514",
    "Stratification1": "College graduate",
    "StratificationId1": "EDUCOGRAD",
    "LocationDisplayOrder": 42
  },
  {
    "ID": 39687,
    "Description": 2016,
    "LocationAbbr": "RI",
    "LocationDesc": "Rhode Island",
    "DataSource": "BRFSS",
    "Topic": "Obesity / Weight Status",
    "Data_Value": 20.1,
    "Sample_Size": "2,071",
    "Stratification1": "College graduate",
    "StratificationId1": "EDUCOGRAD",
    "LocationDisplayOrder": 44
  },
  {
    "ID": 42933,
    "Description": 2016,
    "LocationAbbr": "SC",
    "LocationDesc": "South Carolina",
    "DataSource": "BRFSS",
    "Topic": "Obesity / Weight Status",
    "Data_Value": 25.7,
    "Sample_Size": "3,347",
    "Stratification1": "College graduate",
    "StratificationId1": "EDUCOGRAD",
    "LocationDisplayOrder": 45
  },
  {
    "ID": 40344,
    "Description": 2016,
    "LocationAbbr": "SD",
    "LocationDesc": "South Dakota",
    "DataSource": "BRFSS",
    "Topic": "Obesity / Weight Status",
    "Data_Value": 28.7,
    "Sample_Size": "1,897",
    "Stratification1": "College graduate",
    "StratificationId1": "EDUCOGRAD",
    "LocationDisplayOrder": 46
  },
  {
    "ID": 43166,
    "Description": 2016,
    "LocationAbbr": "TN",
    "LocationDesc": "Tennessee",
    "DataSource": "BRFSS",
    "Topic": "Obesity / Weight Status",
    "Data_Value": 28.5,
    "Sample_Size": "1,739",
    "Stratification1": "College graduate",
    "StratificationId1": "EDUCOGRAD",
    "LocationDisplayOrder": 47
  },
  {
    "ID": 39736,
    "Description": 2016,
    "LocationAbbr": "TX",
    "LocationDesc": "Texas",
    "DataSource": "BRFSS",
    "Topic": "Obesity / Weight Status",
    "Data_Value": 24.6,
    "Sample_Size": "4,102",
    "Stratification1": "College graduate",
    "StratificationId1": "EDUCOGRAD",
    "LocationDisplayOrder": 48
  },
  {
    "ID": 44214,
    "Description": 2016,
    "LocationAbbr": "UT",
    "LocationDesc": "Utah",
    "DataSource": "BRFSS",
    "Topic": "Obesity / Weight Status",
    "Data_Value": 23.1,
    "Sample_Size": "3,731",
    "Stratification1": "College graduate",
    "StratificationId1": "EDUCOGRAD",
    "LocationDisplayOrder": 49
  },
  {
    "ID": 39663,
    "Description": 2016,
    "LocationAbbr": "VT",
    "LocationDesc": "Vermont",
    "DataSource": "BRFSS",
    "Topic": "Obesity / Weight Status",
    "Data_Value": 19.5,
    "Sample_Size": "2,611",
    "Stratification1": "College graduate",
    "StratificationId1": "EDUCOGRAD",
    "LocationDisplayOrder": 50
  },
  {
    "ID": 43766,
    "Description": 2016,
    "LocationAbbr": "VA",
    "LocationDesc": "Virginia",
    "DataSource": "BRFSS",
    "Topic": "Obesity / Weight Status",
    "Data_Value": 22,
    "Sample_Size": "3,385",
    "Stratification1": "College graduate",
    "StratificationId1": "EDUCOGRAD",
    "LocationDisplayOrder": 51
  },
  {
    "ID": 40873,
    "Description": 2016,
    "LocationAbbr": "WA",
    "LocationDesc": "Washington",
    "DataSource": "BRFSS",
    "Topic": "Obesity / Weight Status",
    "Data_Value": 20.2,
    "Sample_Size": "5,637",
    "Stratification1": "College graduate",
    "StratificationId1": "EDUCOGRAD",
    "LocationDisplayOrder": 53
  },
  {
    "ID": 42932,
    "Description": 2016,
    "LocationAbbr": "WV",
    "LocationDesc": "West Virginia",
    "DataSource": "BRFSS",
    "Topic": "Obesity / Weight Status",
    "Data_Value": 32.3,
    "Sample_Size": "1,832",
    "Stratification1": "College graduate",
    "StratificationId1": "EDUCOGRAD",
    "LocationDisplayOrder": 54
  },
  {
    "ID": 42808,
    "Description": 2016,
    "LocationAbbr": "WI",
    "LocationDesc": "Wisconsin",
    "DataSource": "BRFSS",
    "Topic": "Obesity / Weight Status",
    "Data_Value": 24.2,
    "Sample_Size": "1,686",
    "Stratification1": "College graduate",
    "StratificationId1": "EDUCOGRAD",
    "LocationDisplayOrder": 55
  },
  {
    "ID": 43778,
    "Description": 2016,
    "LocationAbbr": "WY",
    "LocationDesc": "Wyoming",
    "DataSource": "BRFSS",
    "Topic": "Obesity / Weight Status",
    "Data_Value": 24.2,
    "Sample_Size": "1,427",
    "Stratification1": "College graduate",
    "StratificationId1": "EDUCOGRAD",
    "LocationDisplayOrder": 56
  },
  {
    "ID": 43587,
    "Description": 2016,
    "LocationAbbr": "GU",
    "LocationDesc": "Guam",
    "DataSource": "BRFSS",
    "Topic": "Obesity / Weight Status",
    "Data_Value": 22.4,
    "Sample_Size": 503,
    "Stratification1": "College graduate",
    "StratificationId1": "EDUCOGRAD",
    "LocationDisplayOrder": 66
  },
  {
    "ID": 42734,
    "Description": 2016,
    "LocationAbbr": "PR",
    "LocationDesc": "Puerto Rico",
    "DataSource": "BRFSS",
    "Topic": "Obesity / Weight Status",
    "Data_Value": 27.9,
    "Sample_Size": "1,688",
    "Stratification1": "College graduate",
    "StratificationId1": "EDUCOGRAD",
    "LocationDisplayOrder": 72
  },
  {
    "ID": 40599,
    "Description": 2016,
    "LocationAbbr": "VI",
    "LocationDesc": "Virgin Islands",
    "DataSource": "BRFSS",
    "Topic": "Obesity / Weight Status",
    "Data_Value": 32.5,
    "Sample_Size": 365,
    "Stratification1": "College graduate",
    "StratificationId1": "EDUCOGRAD",
    "LocationDisplayOrder": 78
  },
  {
    "ID": "",
    "Description": "",
    "LocationAbbr": "",
    "LocationDesc": "",
    "DataSource": "",
    "Topic": "",
    "Data_Value": "",
    "Sample_Size": "",
    "Stratification1": "",
    "StratificationId1": "",
    "LocationDisplayOrder": ""
  },
  {
    "ID": "",
    "Description": "",
    "LocationAbbr": "",
    "LocationDesc": "",
    "DataSource": "",
    "Topic": "",
    "Data_Value": "",
    "Sample_Size": "",
    "Stratification1": "",
    "StratificationId1": "",
    "LocationDisplayOrder": ""
  },
  {
    "ID": "",
    "Description": "",
    "LocationAbbr": "",
    "LocationDesc": "",
    "DataSource": "",
    "Topic": "",
    "Data_Value": "",
    "Sample_Size": "",
    "Stratification1": "",
    "StratificationId1": "",
    "LocationDisplayOrder": ""
  },
  {
    "ID": "",
    "Description": "",
    "LocationAbbr": "",
    "LocationDesc": "",
    "DataSource": "",
    "Topic": "",
    "Data_Value": "",
    "Sample_Size": "",
    "Stratification1": "",
    "StratificationId1": "",
    "LocationDisplayOrder": ""
  },
  {
    "ID": "",
    "Description": "",
    "LocationAbbr": "",
    "LocationDesc": "",
    "DataSource": "",
    "Topic": "",
    "Data_Value": "",
    "Sample_Size": "",
    "Stratification1": "",
    "StratificationId1": "",
    "LocationDisplayOrder": ""
  },
  {
    "ID": "",
    "Description": "",
    "LocationAbbr": "",
    "LocationDesc": "",
    "DataSource": "",
    "Topic": "",
    "Data_Value": "",
    "Sample_Size": "",
    "Stratification1": "",
    "StratificationId1": "",
    "LocationDisplayOrder": ""
  },
  {
    "ID": "",
    "Description": "",
    "LocationAbbr": "",
    "LocationDesc": "",
    "DataSource": "",
    "Topic": "",
    "Data_Value": "",
    "Sample_Size": "",
    "Stratification1": "",
    "StratificationId1": "",
    "LocationDisplayOrder": ""
  },
  {
    "ID": "",
    "Description": "",
    "LocationAbbr": "",
    "LocationDesc": "",
    "DataSource": "",
    "Topic": "",
    "Data_Value": "",
    "Sample_Size": "",
    "Stratification1": "",
    "StratificationId1": "",
    "LocationDisplayOrder": ""
  },
  {
    "ID": "",
    "Description": "",
    "LocationAbbr": "",
    "LocationDesc": "",
    "DataSource": "",
    "Topic": "",
    "Data_Value": "",
    "Sample_Size": "",
    "Stratification1": "",
    "StratificationId1": "",
    "LocationDisplayOrder": ""
  }
]