[
  {
    "ID": 43673,
    "Description": 2016,
    "LocationAbbr": "US",
    "LocationDesc": "National",
    "DataSource": "BRFSS",
    "Topic": "Obesity / Weight Status",
    "Data_Value": 38.1,
    "Sample_Size": "6,630",
    "Stratification1": "American Indian / Alaska Native",
    "StratificationId1": "RACENAA",
    "LocationDisplayOrder": 0
  },
  {
    "ID": 40480,
    "Description": 2016,
    "LocationAbbr": "AL",
    "LocationDesc": "Alabama",
    "DataSource": "BRFSS",
    "Topic": "Obesity / Weight Status",
    "Data_Value": 32.9,
    "Sample_Size": 72,
    "Stratification1": "American Indian / Alaska Native",
    "StratificationId1": "RACENAA",
    "LocationDisplayOrder": 1
  },
  {
    "ID": 39896,
    "Description": 2016,
    "LocationAbbr": "AK",
    "LocationDesc": "Alaska",
    "DataSource": "BRFSS",
    "Topic": "Obesity / Weight Status",
    "Data_Value": 43.1,
    "Sample_Size": 433,
    "Stratification1": "American Indian / Alaska Native",
    "StratificationId1": "RACENAA",
    "LocationDisplayOrder": 2
  },
  {
    "ID": 42689,
    "Description": 2016,
    "LocationAbbr": "AZ",
    "LocationDesc": "Arizona",
    "DataSource": "BRFSS",
    "Topic": "Obesity / Weight Status",
    "Data_Value": 42.1,
    "Sample_Size": 452,
    "Stratification1": "American Indian / Alaska Native",
    "StratificationId1": "RACENAA",
    "LocationDisplayOrder": 4
  },
  {
    "ID": 39902,
    "Description": 2016,
    "LocationAbbr": "AR",
    "LocationDesc": "Arkansas",
    "DataSource": "BRFSS",
    "Topic": "Obesity / Weight Status",
    "Data_Value": 28.7,
    "Sample_Size": 75,
    "Stratification1": "American Indian / Alaska Native",
    "StratificationId1": "RACENAA",
    "LocationDisplayOrder": 5
  },
  {
    "ID": 42281,
    "Description": 2016,
    "LocationAbbr": "CA",
    "LocationDesc": "California",
    "DataSource": "BRFSS",
    "Topic": "Obesity / Weight Status",
    "Data_Value": 38.2,
    "Sample_Size": 74,
    "Stratification1": "American Indian / Alaska Native",
    "StratificationId1": "RACENAA",
    "LocationDisplayOrder": 6
  },
  {
    "ID": 41910,
    "Description": 2016,
    "LocationAbbr": "CO",
    "LocationDesc": "Colorado",
    "DataSource": "BRFSS",
    "Topic": "Obesity / Weight Status",
    "Data_Value": 23.6,
    "Sample_Size": 108,
    "Stratification1": "American Indian / Alaska Native",
    "StratificationId1": "RACENAA",
    "LocationDisplayOrder": 8
  },
  {
    "ID": 43367,
    "Description": 2016,
    "LocationAbbr": "CT",
    "LocationDesc": "Connecticut",
    "DataSource": "BRFSS",
    "Topic": "Obesity / Weight Status",
    "Data_Value": "~",
    "Sample_Size": "~",
    "Stratification1": "American Indian / Alaska Native",
    "StratificationId1": "RACENAA",
    "LocationDisplayOrder": 9
  },
  {
    "ID": 40218,
    "Description": 2016,
    "LocationAbbr": "DE",
    "LocationDesc": "Delaware",
    "DataSource": "BRFSS",
    "Topic": "Obesity / Weight Status",
    "Data_Value": "~",
    "Sample_Size": "~",
    "Stratification1": "American Indian / Alaska Native",
    "StratificationId1": "RACENAA",
    "LocationDisplayOrder": 10
  },
  {
    "ID": 40945,
    "Description": 2016,
    "LocationAbbr": "DC",
    "LocationDesc": "District of Columbia",
    "DataSource": "BRFSS",
    "Topic": "Obesity / Weight Status",
    "Data_Value": "~",
    "Sample_Size": "~",
    "Stratification1": "American Indian / Alaska Native",
    "StratificationId1": "RACENAA",
    "LocationDisplayOrder": 11
  },
  {
    "ID": 42497,
    "Description": 2016,
    "LocationAbbr": "FL",
    "LocationDesc": "Florida",
    "DataSource": "BRFSS",
    "Topic": "Obesity / Weight Status",
    "Data_Value": 34.1,
    "Sample_Size": 421,
    "Stratification1": "American Indian / Alaska Native",
    "StratificationId1": "RACENAA",
    "LocationDisplayOrder": 12
  },
  {
    "ID": 41534,
    "Description": 2016,
    "LocationAbbr": "GA",
    "LocationDesc": "Georgia",
    "DataSource": "BRFSS",
    "Topic": "Obesity / Weight Status",
    "Data_Value": "~",
    "Sample_Size": "~",
    "Stratification1": "American Indian / Alaska Native",
    "StratificationId1": "RACENAA",
    "LocationDisplayOrder": 13
  },
  {
    "ID": 41362,
    "Description": 2016,
    "LocationAbbr": "HI",
    "LocationDesc": "Hawaii",
    "DataSource": "BRFSS",
    "Topic": "Obesity / Weight Status",
    "Data_Value": "~",
    "Sample_Size": "~",
    "Stratification1": "American Indian / Alaska Native",
    "StratificationId1": "RACENAA",
    "LocationDisplayOrder": 15
  },
  {
    "ID": 43724,
    "Description": 2016,
    "LocationAbbr": "ID",
    "LocationDesc": "Idaho",
    "DataSource": "BRFSS",
    "Topic": "Obesity / Weight Status",
    "Data_Value": 37.8,
    "Sample_Size": 72,
    "Stratification1": "American Indian / Alaska Native",
    "StratificationId1": "RACENAA",
    "LocationDisplayOrder": 16
  },
  {
    "ID": 42573,
    "Description": 2016,
    "LocationAbbr": "IL",
    "LocationDesc": "Illinois",
    "DataSource": "BRFSS",
    "Topic": "Obesity / Weight Status",
    "Data_Value": "~",
    "Sample_Size": "~",
    "Stratification1": "American Indian / Alaska Native",
    "StratificationId1": "RACENAA",
    "LocationDisplayOrder": 17
  },
  {
    "ID": 41423,
    "Description": 2016,
    "LocationAbbr": "IN",
    "LocationDesc": "Indiana",
    "DataSource": "BRFSS",
    "Topic": "Obesity / Weight Status",
    "Data_Value": 30.6,
    "Sample_Size": 89,
    "Stratification1": "American Indian / Alaska Native",
    "StratificationId1": "RACENAA",
    "LocationDisplayOrder": 18
  },
  {
    "ID": 41105,
    "Description": 2016,
    "LocationAbbr": "IA",
    "LocationDesc": "Iowa",
    "DataSource": "BRFSS",
    "Topic": "Obesity / Weight Status",
    "Data_Value": "~",
    "Sample_Size": "~",
    "Stratification1": "American Indian / Alaska Native",
    "StratificationId1": "RACENAA",
    "LocationDisplayOrder": 19
  },
  {
    "ID": 42856,
    "Description": 2016,
    "LocationAbbr": "KS",
    "LocationDesc": "Kansas",
    "DataSource": "BRFSS",
    "Topic": "Obesity / Weight Status",
    "Data_Value": 31.4,
    "Sample_Size": 120,
    "Stratification1": "American Indian / Alaska Native",
    "StratificationId1": "RACENAA",
    "LocationDisplayOrder": 20
  },
  {
    "ID": 42698,
    "Description": 2016,
    "LocationAbbr": "KY",
    "LocationDesc": "Kentucky",
    "DataSource": "BRFSS",
    "Topic": "Obesity / Weight Status",
    "Data_Value": 25.6,
    "Sample_Size": 69,
    "Stratification1": "American Indian / Alaska Native",
    "StratificationId1": "RACENAA",
    "LocationDisplayOrder": 21
  },
  {
    "ID": 43495,
    "Description": 2016,
    "LocationAbbr": "LA",
    "LocationDesc": "Louisiana",
    "DataSource": "BRFSS",
    "Topic": "Obesity / Weight Status",
    "Data_Value": 48.3,
    "Sample_Size": 61,
    "Stratification1": "American Indian / Alaska Native",
    "StratificationId1": "RACENAA",
    "LocationDisplayOrder": 22
  },
  {
    "ID": 41971,
    "Description": 2016,
    "LocationAbbr": "ME",
    "LocationDesc": "Maine",
    "DataSource": "BRFSS",
    "Topic": "Obesity / Weight Status",
    "Data_Value": 48,
    "Sample_Size": 103,
    "Stratification1": "American Indian / Alaska Native",
    "StratificationId1": "RACENAA",
    "LocationDisplayOrder": 23
  },
  {
    "ID": 40108,
    "Description": 2016,
    "LocationAbbr": "MD",
    "LocationDesc": "Maryland",
    "DataSource": "BRFSS",
    "Topic": "Obesity / Weight Status",
    "Data_Value": 39.2,
    "Sample_Size": 99,
    "Stratification1": "American Indian / Alaska Native",
    "StratificationId1": "RACENAA",
    "LocationDisplayOrder": 24
  },
  {
    "ID": 40926,
    "Description": 2016,
    "LocationAbbr": "MA",
    "LocationDesc": "Massachusetts",
    "DataSource": "BRFSS",
    "Topic": "Obesity / Weight Status",
    "Data_Value": "~",
    "Sample_Size": "~",
    "Stratification1": "American Indian / Alaska Native",
    "StratificationId1": "RACENAA",
    "LocationDisplayOrder": 25
  },
  {
    "ID": 42683,
    "Description": 2016,
    "LocationAbbr": "MI",
    "LocationDesc": "Michigan",
    "DataSource": "BRFSS",
    "Topic": "Obesity / Weight Status",
    "Data_Value": 42.1,
    "Sample_Size": 113,
    "Stratification1": "American Indian / Alaska Native",
    "StratificationId1": "RACENAA",
    "LocationDisplayOrder": 26
  },
  {
    "ID": 39547,
    "Description": 2016,
    "LocationAbbr": "MN",
    "LocationDesc": "Minnesota",
    "DataSource": "BRFSS",
    "Topic": "Obesity / Weight Status",
    "Data_Value": 36.6,
    "Sample_Size": 175,
    "Stratification1": "American Indian / Alaska Native",
    "StratificationId1": "RACENAA",
    "LocationDisplayOrder": 27
  },
  {
    "ID": 40298,
    "Description": 2016,
    "LocationAbbr": "MS",
    "LocationDesc": "Mississippi",
    "DataSource": "BRFSS",
    "Topic": "Obesity / Weight Status",
    "Data_Value": "~",
    "Sample_Size": "~",
    "Stratification1": "American Indian / Alaska Native",
    "StratificationId1": "RACENAA",
    "LocationDisplayOrder": 28
  },
  {
    "ID": 43384,
    "Description": 2016,
    "LocationAbbr": "MO",
    "LocationDesc": "Missouri",
    "DataSource": "BRFSS",
    "Topic": "Obesity / Weight Status",
    "Data_Value": 38.2,
    "Sample_Size": 59,
    "Stratification1": "American Indian / Alaska Native",
    "StratificationId1": "RACENAA",
    "LocationDisplayOrder": 29
  },
  {
    "ID": 39600,
    "Description": 2016,
    "LocationAbbr": "MT",
    "LocationDesc": "Montana",
    "DataSource": "BRFSS",
    "Topic": "Obesity / Weight Status",
    "Data_Value": 31.6,
    "Sample_Size": 560,
    "Stratification1": "American Indian / Alaska Native",
    "StratificationId1": "RACENAA",
    "LocationDisplayOrder": 30
  },
  {
    "ID": 41814,
    "Description": 2016,
    "LocationAbbr": "NE",
    "LocationDesc": "Nebraska",
    "DataSource": "BRFSS",
    "Topic": "Obesity / Weight Status",
    "Data_Value": 38.2,
    "Sample_Size": 152,
    "Stratification1": "American Indian / Alaska Native",
    "StratificationId1": "RACENAA",
    "LocationDisplayOrder": 31
  },
  {
    "ID": 43829,
    "Description": 2016,
    "LocationAbbr": "NV",
    "LocationDesc": "Nevada",
    "DataSource": "BRFSS",
    "Topic": "Obesity / Weight Status",
    "Data_Value": 36.4,
    "Sample_Size": 51,
    "Stratification1": "American Indian / Alaska Native",
    "StratificationId1": "RACENAA",
    "LocationDisplayOrder": 32
  },
  {
    "ID": 41481,
    "Description": 2016,
    "LocationAbbr": "NH",
    "LocationDesc": "New Hampshire",
    "DataSource": "BRFSS",
    "Topic": "Obesity / Weight Status",
    "Data_Value": "~",
    "Sample_Size": "~",
    "Stratification1": "American Indian / Alaska Native",
    "StratificationId1": "RACENAA",
    "LocationDisplayOrder": 33
  },
  {
    "ID": 40168,
    "Description": 2016,
    "LocationAbbr": "NJ",
    "LocationDesc": "New Jersey",
    "DataSource": "BRFSS",
    "Topic": "Obesity / Weight Status",
    "Data_Value": "~",
    "Sample_Size": "~",
    "Stratification1": "American Indian / Alaska Native",
    "StratificationId1": "RACENAA",
    "LocationDisplayOrder": 34
  },
  {
    "ID": 40942,
    "Description": 2016,
    "LocationAbbr": "NM",
    "LocationDesc": "New Mexico",
    "DataSource": "BRFSS",
    "Topic": "Obesity / Weight Status",
    "Data_Value": 37.5,
    "Sample_Size": 534,
    "Stratification1": "American Indian / Alaska Native",
    "StratificationId1": "RACENAA",
    "LocationDisplayOrder": 35
  },
  {
    "ID": 40848,
    "Description": 2016,
    "LocationAbbr": "NY",
    "LocationDesc": "New York",
    "DataSource": "BRFSS",
    "Topic": "Obesity / Weight Status",
    "Data_Value": 25.2,
    "Sample_Size": 255,
    "Stratification1": "American Indian / Alaska Native",
    "StratificationId1": "RACENAA",
    "LocationDisplayOrder": 36
  },
  {
    "ID": 40139,
    "Description": 2016,
    "LocationAbbr": "NC",
    "LocationDesc": "North Carolina",
    "DataSource": "BRFSS",
    "Topic": "Obesity / Weight Status",
    "Data_Value": 39.8,
    "Sample_Size": 103,
    "Stratification1": "American Indian / Alaska Native",
    "StratificationId1": "RACENAA",
    "LocationDisplayOrder": 37
  },
  {
    "ID": 41339,
    "Description": 2016,
    "LocationAbbr": "ND",
    "LocationDesc": "North Dakota",
    "DataSource": "BRFSS",
    "Topic": "Obesity / Weight Status",
    "Data_Value": 46.7,
    "Sample_Size": 154,
    "Stratification1": "American Indian / Alaska Native",
    "StratificationId1": "RACENAA",
    "LocationDisplayOrder": 38
  },
  {
    "ID": 42226,
    "Description": 2016,
    "LocationAbbr": "OH",
    "LocationDesc": "Ohio",
    "DataSource": "BRFSS",
    "Topic": "Obesity / Weight Status",
    "Data_Value": 60.4,
    "Sample_Size": 94,
    "Stratification1": "American Indian / Alaska Native",
    "StratificationId1": "RACENAA",
    "LocationDisplayOrder": 39
  },
  {
    "ID": 41732,
    "Description": 2016,
    "LocationAbbr": "OK",
    "LocationDesc": "Oklahoma",
    "DataSource": "BRFSS",
    "Topic": "Obesity / Weight Status",
    "Data_Value": 40.7,
    "Sample_Size": 407,
    "Stratification1": "American Indian / Alaska Native",
    "StratificationId1": "RACENAA",
    "LocationDisplayOrder": 40
  },
  {
    "ID": 43404,
    "Description": 2016,
    "LocationAbbr": "OR",
    "LocationDesc": "Oregon",
    "DataSource": "BRFSS",
    "Topic": "Obesity / Weight Status",
    "Data_Value": "~",
    "Sample_Size": "~",
    "Stratification1": "American Indian / Alaska Native",
    "StratificationId1": "RACENAA",
    "LocationDisplayOrder": 41
  },
  {
    "ID": 40979,
    "Description": 2016,
    "LocationAbbr": "PA",
    "LocationDesc": "Pennsylvania",
    "DataSource": "BRFSS",
    "Topic": "Obesity / Weight Status",
    "Data_Value": "~",
    "Sample_Size": "~",
    "Stratification1": "American Indian / Alaska Native",
    "StratificationId1": "RACENAA",
    "LocationDisplayOrder": 42
  },
  {
    "ID": 41254,
    "Description": 2016,
    "LocationAbbr": "RI",
    "LocationDesc": "Rhode Island",
    "DataSource": "BRFSS",
    "Topic": "Obesity / Weight Status",
    "Data_Value": "~",
    "Sample_Size": "~",
    "Stratification1": "American Indian / Alaska Native",
    "StratificationId1": "RACENAA",
    "LocationDisplayOrder": 44
  },
  {
    "ID": 41691,
    "Description": 2016,
    "LocationAbbr": "SC",
    "LocationDesc": "South Carolina",
    "DataSource": "BRFSS",
    "Topic": "Obesity / Weight Status",
    "Data_Value": 41.9,
    "Sample_Size": 76,
    "Stratification1": "American Indian / Alaska Native",
    "StratificationId1": "RACENAA",
    "LocationDisplayOrder": 45
  },
  {
    "ID": 43422,
    "Description": 2016,
    "LocationAbbr": "SD",
    "LocationDesc": "South Dakota",
    "DataSource": "BRFSS",
    "Topic": "Obesity / Weight Status",
    "Data_Value": 39.6,
    "Sample_Size": 481,
    "Stratification1": "American Indian / Alaska Native",
    "StratificationId1": "RACENAA",
    "LocationDisplayOrder": 46
  },
  {
    "ID": 43156,
    "Description": 2016,
    "LocationAbbr": "TN",
    "LocationDesc": "Tennessee",
    "DataSource": "BRFSS",
    "Topic": "Obesity / Weight Status",
    "Data_Value": "~",
    "Sample_Size": "~",
    "Stratification1": "American Indian / Alaska Native",
    "StratificationId1": "RACENAA",
    "LocationDisplayOrder": 47
  },
  {
    "ID": 40111,
    "Description": 2016,
    "LocationAbbr": "TX",
    "LocationDesc": "Texas",
    "DataSource": "BRFSS",
    "Topic": "Obesity / Weight Status",
    "Data_Value": 32.5,
    "Sample_Size": 119,
    "Stratification1": "American Indian / Alaska Native",
    "StratificationId1": "RACENAA",
    "LocationDisplayOrder": 48
  },
  {
    "ID": 39700,
    "Description": 2016,
    "LocationAbbr": "UT",
    "LocationDesc": "Utah",
    "DataSource": "BRFSS",
    "Topic": "Obesity / Weight Status",
    "Data_Value": 32.9,
    "Sample_Size": 133,
    "Stratification1": "American Indian / Alaska Native",
    "StratificationId1": "RACENAA",
    "LocationDisplayOrder": 49
  },
  {
    "ID": 42645,
    "Description": 2016,
    "LocationAbbr": "VT",
    "LocationDesc": "Vermont",
    "DataSource": "BRFSS",
    "Topic": "Obesity / Weight Status",
    "Data_Value": 47.6,
    "Sample_Size": 70,
    "Stratification1": "American Indian / Alaska Native",
    "StratificationId1": "RACENAA",
    "LocationDisplayOrder": 50
  },
  {
    "ID": 43281,
    "Description": 2016,
    "LocationAbbr": "VA",
    "LocationDesc": "Virginia",
    "DataSource": "BRFSS",
    "Topic": "Obesity / Weight Status",
    "Data_Value": 47.8,
    "Sample_Size": 61,
    "Stratification1": "American Indian / Alaska Native",
    "StratificationId1": "RACENAA",
    "LocationDisplayOrder": 51
  },
  {
    "ID": 40834,
    "Description": 2016,
    "LocationAbbr": "WA",
    "LocationDesc": "Washington",
    "DataSource": "BRFSS",
    "Topic": "Obesity / Weight Status",
    "Data_Value": 41.9,
    "Sample_Size": 135,
    "Stratification1": "American Indian / Alaska Native",
    "StratificationId1": "RACENAA",
    "LocationDisplayOrder": 53
  },
  {
    "ID": 40498,
    "Description": 2016,
    "LocationAbbr": "WV",
    "LocationDesc": "West Virginia",
    "DataSource": "BRFSS",
    "Topic": "Obesity / Weight Status",
    "Data_Value": "~",
    "Sample_Size": "~",
    "Stratification1": "American Indian / Alaska Native",
    "StratificationId1": "RACENAA",
    "LocationDisplayOrder": 54
  },
  {
    "ID": 40391,
    "Description": 2016,
    "LocationAbbr": "WI",
    "LocationDesc": "Wisconsin",
    "DataSource": "BRFSS",
    "Topic": "Obesity / Weight Status",
    "Data_Value": 48.9,
    "Sample_Size": 60,
    "Stratification1": "American Indian / Alaska Native",
    "StratificationId1": "RACENAA",
    "LocationDisplayOrder": 55
  },
  {
    "ID": 42492,
    "Description": 2016,
    "LocationAbbr": "WY",
    "LocationDesc": "Wyoming",
    "DataSource": "BRFSS",
    "Topic": "Obesity / Weight Status",
    "Data_Value": "~",
    "Sample_Size": "~",
    "Stratification1": "American Indian / Alaska Native",
    "StratificationId1": "RACENAA",
    "LocationDisplayOrder": 56
  },
  {
    "ID": 41540,
    "Description": 2016,
    "LocationAbbr": "GU",
    "LocationDesc": "Guam",
    "DataSource": "BRFSS",
    "Topic": "Obesity / Weight Status",
    "Data_Value": "~",
    "Sample_Size": "~",
    "Stratification1": "American Indian / Alaska Native",
    "StratificationId1": "RACENAA",
    "LocationDisplayOrder": 66
  },
  {
    "ID": 40657,
    "Description": 2016,
    "LocationAbbr": "PR",
    "LocationDesc": "Puerto Rico",
    "DataSource": "BRFSS",
    "Topic": "Obesity / Weight Status",
    "Data_Value": "~",
    "Sample_Size": "~",
    "Stratification1": "American Indian / Alaska Native",
    "StratificationId1": "RACENAA",
    "LocationDisplayOrder": 72
  },
  {
    "ID": 40770,
    "Description": 2016,
    "LocationAbbr": "VI",
    "LocationDesc": "Virgin Islands",
    "DataSource": "BRFSS",
    "Topic": "Obesity / Weight Status",
    "Data_Value": "~",
    "Sample_Size": "~",
    "Stratification1": "American Indian / Alaska Native",
    "StratificationId1": "RACENAA",
    "LocationDisplayOrder": 78
  },
  {
    "ID": "",
    "Description": "",
    "LocationAbbr": "",
    "LocationDesc": "",
    "DataSource": "",
    "Topic": "",
    "Data_Value": "",
    "Sample_Size": "",
    "Stratification1": "",
    "StratificationId1": "",
    "LocationDisplayOrder": ""
  },
  {
    "ID": "",
    "Description": "",
    "LocationAbbr": "",
    "LocationDesc": "",
    "DataSource": "",
    "Topic": "",
    "Data_Value": "",
    "Sample_Size": "",
    "Stratification1": "",
    "StratificationId1": "",
    "LocationDisplayOrder": ""
  },
  {
    "ID": "",
    "Description": "",
    "LocationAbbr": "",
    "LocationDesc": "",
    "DataSource": "",
    "Topic": "",
    "Data_Value": "",
    "Sample_Size": "",
    "Stratification1": "",
    "StratificationId1": "",
    "LocationDisplayOrder": ""
  },
  {
    "ID": "",
    "Description": "",
    "LocationAbbr": "",
    "LocationDesc": "",
    "DataSource": "",
    "Topic": "",
    "Data_Value": "",
    "Sample_Size": "",
    "Stratification1": "",
    "StratificationId1": "",
    "LocationDisplayOrder": ""
  },
  {
    "ID": "",
    "Description": "",
    "LocationAbbr": "",
    "LocationDesc": "",
    "DataSource": "",
    "Topic": "",
    "Data_Value": "",
    "Sample_Size": "",
    "Stratification1": "",
    "StratificationId1": "",
    "LocationDisplayOrder": ""
  },
  {
    "ID": "",
    "Description": "",
    "LocationAbbr": "",
    "LocationDesc": "",
    "DataSource": "",
    "Topic": "",
    "Data_Value": "",
    "Sample_Size": "",
    "Stratification1": "",
    "StratificationId1": "",
    "LocationDisplayOrder": ""
  },
  {
    "ID": "",
    "Description": "",
    "LocationAbbr": "",
    "LocationDesc": "",
    "DataSource": "",
    "Topic": "",
    "Data_Value": "",
    "Sample_Size": "",
    "Stratification1": "",
    "StratificationId1": "",
    "LocationDisplayOrder": ""
  },
  {
    "ID": "",
    "Description": "",
    "LocationAbbr": "",
    "LocationDesc": "",
    "DataSource": "",
    "Topic": "",
    "Data_Value": "",
    "Sample_Size": "",
    "Stratification1": "",
    "StratificationId1": "",
    "LocationDisplayOrder": ""
  },
  {
    "ID": "",
    "Description": "",
    "LocationAbbr": "",
    "LocationDesc": "",
    "DataSource": "",
    "Topic": "",
    "Data_Value": "",
    "Sample_Size": "",
    "Stratification1": "",
    "StratificationId1": "",
    "LocationDisplayOrder": ""
  },
  {
    "ID": "",
    "Description": "",
    "LocationAbbr": "",
    "LocationDesc": "",
    "DataSource": "",
    "Topic": "",
    "Data_Value": "",
    "Sample_Size": "",
    "Stratification1": "",
    "StratificationId1": "",
    "LocationDisplayOrder": ""
  }
]