[
  {
    "ID": 41895,
    "Description": 2016,
    "LocationAbbr": "US",
    "LocationDesc": "National",
    "DataSource": "BRFSS",
    "Topic": "Obesity / Weight Status",
    "Data_Value": 33.4,
    "Sample_Size": "62,605",
    "Stratification1": "$15,000 - $24,999",
    "StratificationId1": "INC1525",
    "LocationDisplayOrder": 0
  },
  {
    "ID": 42929,
    "Description": 2016,
    "LocationAbbr": "AL",
    "LocationDesc": "Alabama",
    "DataSource": "BRFSS",
    "Topic": "Obesity / Weight Status",
    "Data_Value": 40.4,
    "Sample_Size": "1,088",
    "Stratification1": "$15,000 - $24,999",
    "StratificationId1": "INC1525",
    "LocationDisplayOrder": 1
  },
  {
    "ID": 42291,
    "Description": 2016,
    "LocationAbbr": "AK",
    "LocationDesc": "Alaska",
    "DataSource": "BRFSS",
    "Topic": "Obesity / Weight Status",
    "Data_Value": 36.3,
    "Sample_Size": 318,
    "Stratification1": "$15,000 - $24,999",
    "StratificationId1": "INC1525",
    "LocationDisplayOrder": 2
  },
  {
    "ID": 42017,
    "Description": 2016,
    "LocationAbbr": "AZ",
    "LocationDesc": "Arizona",
    "DataSource": "BRFSS",
    "Topic": "Obesity / Weight Status",
    "Data_Value": 36.2,
    "Sample_Size": "1,379",
    "Stratification1": "$15,000 - $24,999",
    "StratificationId1": "INC1525",
    "LocationDisplayOrder": 4
  },
  {
    "ID": 40933,
    "Description": 2016,
    "LocationAbbr": "AR",
    "LocationDesc": "Arkansas",
    "DataSource": "BRFSS",
    "Topic": "Obesity / Weight Status",
    "Data_Value": 33.5,
    "Sample_Size": 831,
    "Stratification1": "$15,000 - $24,999",
    "StratificationId1": "INC1525",
    "LocationDisplayOrder": 5
  },
  {
    "ID": 41047,
    "Description": 2016,
    "LocationAbbr": "CA",
    "LocationDesc": "California",
    "DataSource": "BRFSS",
    "Topic": "Obesity / Weight Status",
    "Data_Value": 29.3,
    "Sample_Size": "1,218",
    "Stratification1": "$15,000 - $24,999",
    "StratificationId1": "INC1525",
    "LocationDisplayOrder": 6
  },
  {
    "ID": 41493,
    "Description": 2016,
    "LocationAbbr": "CO",
    "LocationDesc": "Colorado",
    "DataSource": "BRFSS",
    "Topic": "Obesity / Weight Status",
    "Data_Value": 26.5,
    "Sample_Size": "1,579",
    "Stratification1": "$15,000 - $24,999",
    "StratificationId1": "INC1525",
    "LocationDisplayOrder": 8
  },
  {
    "ID": 42588,
    "Description": 2016,
    "LocationAbbr": "CT",
    "LocationDesc": "Connecticut",
    "DataSource": "BRFSS",
    "Topic": "Obesity / Weight Status",
    "Data_Value": 31.4,
    "Sample_Size": "1,018",
    "Stratification1": "$15,000 - $24,999",
    "StratificationId1": "INC1525",
    "LocationDisplayOrder": 9
  },
  {
    "ID": 41723,
    "Description": 2016,
    "LocationAbbr": "DE",
    "LocationDesc": "Delaware",
    "DataSource": "BRFSS",
    "Topic": "Obesity / Weight Status",
    "Data_Value": 34.9,
    "Sample_Size": 556,
    "Stratification1": "$15,000 - $24,999",
    "StratificationId1": "INC1525",
    "LocationDisplayOrder": 10
  },
  {
    "ID": 41017,
    "Description": 2016,
    "LocationAbbr": "DC",
    "LocationDesc": "District of Columbia",
    "DataSource": "BRFSS",
    "Topic": "Obesity / Weight Status",
    "Data_Value": 36.7,
    "Sample_Size": 373,
    "Stratification1": "$15,000 - $24,999",
    "StratificationId1": "INC1525",
    "LocationDisplayOrder": 11
  },
  {
    "ID": 39623,
    "Description": 2016,
    "LocationAbbr": "FL",
    "LocationDesc": "Florida",
    "DataSource": "BRFSS",
    "Topic": "Obesity / Weight Status",
    "Data_Value": 31.3,
    "Sample_Size": "6,150",
    "Stratification1": "$15,000 - $24,999",
    "StratificationId1": "INC1525",
    "LocationDisplayOrder": 12
  },
  {
    "ID": 42759,
    "Description": 2016,
    "LocationAbbr": "GA",
    "LocationDesc": "Georgia",
    "DataSource": "BRFSS",
    "Topic": "Obesity / Weight Status",
    "Data_Value": 35.4,
    "Sample_Size": 824,
    "Stratification1": "$15,000 - $24,999",
    "StratificationId1": "INC1525",
    "LocationDisplayOrder": 13
  },
  {
    "ID": 41128,
    "Description": 2016,
    "LocationAbbr": "HI",
    "LocationDesc": "Hawaii",
    "DataSource": "BRFSS",
    "Topic": "Obesity / Weight Status",
    "Data_Value": 23.3,
    "Sample_Size": "1,019",
    "Stratification1": "$15,000 - $24,999",
    "StratificationId1": "INC1525",
    "LocationDisplayOrder": 15
  },
  {
    "ID": 43277,
    "Description": 2016,
    "LocationAbbr": "ID",
    "LocationDesc": "Idaho",
    "DataSource": "BRFSS",
    "Topic": "Obesity / Weight Status",
    "Data_Value": 32.3,
    "Sample_Size": 771,
    "Stratification1": "$15,000 - $24,999",
    "StratificationId1": "INC1525",
    "LocationDisplayOrder": 16
  },
  {
    "ID": 42946,
    "Description": 2016,
    "LocationAbbr": "IL",
    "LocationDesc": "Illinois",
    "DataSource": "BRFSS",
    "Topic": "Obesity / Weight Status",
    "Data_Value": 34.7,
    "Sample_Size": 671,
    "Stratification1": "$15,000 - $24,999",
    "StratificationId1": "INC1525",
    "LocationDisplayOrder": 17
  },
  {
    "ID": 41179,
    "Description": 2016,
    "LocationAbbr": "IN",
    "LocationDesc": "Indiana",
    "DataSource": "BRFSS",
    "Topic": "Obesity / Weight Status",
    "Data_Value": 35.3,
    "Sample_Size": "1,731",
    "Stratification1": "$15,000 - $24,999",
    "StratificationId1": "INC1525",
    "LocationDisplayOrder": 18
  },
  {
    "ID": 44273,
    "Description": 2016,
    "LocationAbbr": "IA",
    "LocationDesc": "Iowa",
    "DataSource": "BRFSS",
    "Topic": "Obesity / Weight Status",
    "Data_Value": 34.1,
    "Sample_Size": 871,
    "Stratification1": "$15,000 - $24,999",
    "StratificationId1": "INC1525",
    "LocationDisplayOrder": 19
  },
  {
    "ID": 41458,
    "Description": 2016,
    "LocationAbbr": "KS",
    "LocationDesc": "Kansas",
    "DataSource": "BRFSS",
    "Topic": "Obesity / Weight Status",
    "Data_Value": 34.7,
    "Sample_Size": "1,408",
    "Stratification1": "$15,000 - $24,999",
    "StratificationId1": "INC1525",
    "LocationDisplayOrder": 20
  },
  {
    "ID": 41870,
    "Description": 2016,
    "LocationAbbr": "KY",
    "LocationDesc": "Kentucky",
    "DataSource": "BRFSS",
    "Topic": "Obesity / Weight Status",
    "Data_Value": 38.5,
    "Sample_Size": "1,341",
    "Stratification1": "$15,000 - $24,999",
    "StratificationId1": "INC1525",
    "LocationDisplayOrder": 21
  },
  {
    "ID": 39995,
    "Description": 2016,
    "LocationAbbr": "LA",
    "LocationDesc": "Louisiana",
    "DataSource": "BRFSS",
    "Topic": "Obesity / Weight Status",
    "Data_Value": 42.7,
    "Sample_Size": 842,
    "Stratification1": "$15,000 - $24,999",
    "StratificationId1": "INC1525",
    "LocationDisplayOrder": 22
  },
  {
    "ID": 43831,
    "Description": 2016,
    "LocationAbbr": "ME",
    "LocationDesc": "Maine",
    "DataSource": "BRFSS",
    "Topic": "Obesity / Weight Status",
    "Data_Value": 31.1,
    "Sample_Size": "1,497",
    "Stratification1": "$15,000 - $24,999",
    "StratificationId1": "INC1525",
    "LocationDisplayOrder": 23
  },
  {
    "ID": 43520,
    "Description": 2016,
    "LocationAbbr": "MD",
    "LocationDesc": "Maryland",
    "DataSource": "BRFSS",
    "Topic": "Obesity / Weight Status",
    "Data_Value": 36.6,
    "Sample_Size": "1,730",
    "Stratification1": "$15,000 - $24,999",
    "StratificationId1": "INC1525",
    "LocationDisplayOrder": 24
  },
  {
    "ID": 42234,
    "Description": 2016,
    "LocationAbbr": "MA",
    "LocationDesc": "Massachusetts",
    "DataSource": "BRFSS",
    "Topic": "Obesity / Weight Status",
    "Data_Value": 31.9,
    "Sample_Size": 401,
    "Stratification1": "$15,000 - $24,999",
    "StratificationId1": "INC1525",
    "LocationDisplayOrder": 25
  },
  {
    "ID": 42894,
    "Description": 2016,
    "LocationAbbr": "MI",
    "LocationDesc": "Michigan",
    "DataSource": "BRFSS",
    "Topic": "Obesity / Weight Status",
    "Data_Value": 34.5,
    "Sample_Size": "1,513",
    "Stratification1": "$15,000 - $24,999",
    "StratificationId1": "INC1525",
    "LocationDisplayOrder": 26
  },
  {
    "ID": 39531,
    "Description": 2016,
    "LocationAbbr": "MN",
    "LocationDesc": "Minnesota",
    "DataSource": "BRFSS",
    "Topic": "Obesity / Weight Status",
    "Data_Value": 35.2,
    "Sample_Size": "1,800",
    "Stratification1": "$15,000 - $24,999",
    "StratificationId1": "INC1525",
    "LocationDisplayOrder": 27
  },
  {
    "ID": 39962,
    "Description": 2016,
    "LocationAbbr": "MS",
    "LocationDesc": "Mississippi",
    "DataSource": "BRFSS",
    "Topic": "Obesity / Weight Status",
    "Data_Value": 41.9,
    "Sample_Size": 964,
    "Stratification1": "$15,000 - $24,999",
    "StratificationId1": "INC1525",
    "LocationDisplayOrder": 28
  },
  {
    "ID": 42663,
    "Description": 2016,
    "LocationAbbr": "MO",
    "LocationDesc": "Missouri",
    "DataSource": "BRFSS",
    "Topic": "Obesity / Weight Status",
    "Data_Value": 36.7,
    "Sample_Size": 976,
    "Stratification1": "$15,000 - $24,999",
    "StratificationId1": "INC1525",
    "LocationDisplayOrder": 29
  },
  {
    "ID": 42190,
    "Description": 2016,
    "LocationAbbr": "MT",
    "LocationDesc": "Montana",
    "DataSource": "BRFSS",
    "Topic": "Obesity / Weight Status",
    "Data_Value": 27.2,
    "Sample_Size": 888,
    "Stratification1": "$15,000 - $24,999",
    "StratificationId1": "INC1525",
    "LocationDisplayOrder": 30
  },
  {
    "ID": 44058,
    "Description": 2016,
    "LocationAbbr": "NE",
    "LocationDesc": "Nebraska",
    "DataSource": "BRFSS",
    "Topic": "Obesity / Weight Status",
    "Data_Value": 33.7,
    "Sample_Size": "2,076",
    "Stratification1": "$15,000 - $24,999",
    "StratificationId1": "INC1525",
    "LocationDisplayOrder": 31
  },
  {
    "ID": 40408,
    "Description": 2016,
    "LocationAbbr": "NV",
    "LocationDesc": "Nevada",
    "DataSource": "BRFSS",
    "Topic": "Obesity / Weight Status",
    "Data_Value": 29.3,
    "Sample_Size": 554,
    "Stratification1": "$15,000 - $24,999",
    "StratificationId1": "INC1525",
    "LocationDisplayOrder": 32
  },
  {
    "ID": 43396,
    "Description": 2016,
    "LocationAbbr": "NH",
    "LocationDesc": "New Hampshire",
    "DataSource": "BRFSS",
    "Topic": "Obesity / Weight Status",
    "Data_Value": 32,
    "Sample_Size": 688,
    "Stratification1": "$15,000 - $24,999",
    "StratificationId1": "INC1525",
    "LocationDisplayOrder": 33
  },
  {
    "ID": 42960,
    "Description": 2016,
    "LocationAbbr": "NJ",
    "LocationDesc": "New Jersey",
    "DataSource": "BRFSS",
    "Topic": "Obesity / Weight Status",
    "Data_Value": 31.7,
    "Sample_Size": 957,
    "Stratification1": "$15,000 - $24,999",
    "StratificationId1": "INC1525",
    "LocationDisplayOrder": 34
  },
  {
    "ID": 41875,
    "Description": 2016,
    "LocationAbbr": "NM",
    "LocationDesc": "New Mexico",
    "DataSource": "BRFSS",
    "Topic": "Obesity / Weight Status",
    "Data_Value": 27.7,
    "Sample_Size": "1,095",
    "Stratification1": "$15,000 - $24,999",
    "StratificationId1": "INC1525",
    "LocationDisplayOrder": 35
  },
  {
    "ID": 44781,
    "Description": 2016,
    "LocationAbbr": "NY",
    "LocationDesc": "New York",
    "DataSource": "BRFSS",
    "Topic": "Obesity / Weight Status",
    "Data_Value": 30.3,
    "Sample_Size": "4,999",
    "Stratification1": "$15,000 - $24,999",
    "StratificationId1": "INC1525",
    "LocationDisplayOrder": 36
  },
  {
    "ID": 40978,
    "Description": 2016,
    "LocationAbbr": "NC",
    "LocationDesc": "North Carolina",
    "DataSource": "BRFSS",
    "Topic": "Obesity / Weight Status",
    "Data_Value": 37.5,
    "Sample_Size": 993,
    "Stratification1": "$15,000 - $24,999",
    "StratificationId1": "INC1525",
    "LocationDisplayOrder": 37
  },
  {
    "ID": 40425,
    "Description": 2016,
    "LocationAbbr": "ND",
    "LocationDesc": "North Dakota",
    "DataSource": "BRFSS",
    "Topic": "Obesity / Weight Status",
    "Data_Value": 33.7,
    "Sample_Size": 602,
    "Stratification1": "$15,000 - $24,999",
    "StratificationId1": "INC1525",
    "LocationDisplayOrder": 38
  },
  {
    "ID": 40730,
    "Description": 2016,
    "LocationAbbr": "OH",
    "LocationDesc": "Ohio",
    "DataSource": "BRFSS",
    "Topic": "Obesity / Weight Status",
    "Data_Value": 34.7,
    "Sample_Size": "1,924",
    "Stratification1": "$15,000 - $24,999",
    "StratificationId1": "INC1525",
    "LocationDisplayOrder": 39
  },
  {
    "ID": 42392,
    "Description": 2016,
    "LocationAbbr": "OK",
    "LocationDesc": "Oklahoma",
    "DataSource": "BRFSS",
    "Topic": "Obesity / Weight Status",
    "Data_Value": 35.6,
    "Sample_Size": "1,016",
    "Stratification1": "$15,000 - $24,999",
    "StratificationId1": "INC1525",
    "LocationDisplayOrder": 40
  },
  {
    "ID": 40610,
    "Description": 2016,
    "LocationAbbr": "OR",
    "LocationDesc": "Oregon",
    "DataSource": "BRFSS",
    "Topic": "Obesity / Weight Status",
    "Data_Value": 32.7,
    "Sample_Size": 681,
    "Stratification1": "$15,000 - $24,999",
    "StratificationId1": "INC1525",
    "LocationDisplayOrder": 41
  },
  {
    "ID": 43614,
    "Description": 2016,
    "LocationAbbr": "PA",
    "LocationDesc": "Pennsylvania",
    "DataSource": "BRFSS",
    "Topic": "Obesity / Weight Status",
    "Data_Value": 35,
    "Sample_Size": 903,
    "Stratification1": "$15,000 - $24,999",
    "StratificationId1": "INC1525",
    "LocationDisplayOrder": 42
  },
  {
    "ID": 40163,
    "Description": 2016,
    "LocationAbbr": "RI",
    "LocationDesc": "Rhode Island",
    "DataSource": "BRFSS",
    "Topic": "Obesity / Weight Status",
    "Data_Value": 31.9,
    "Sample_Size": 656,
    "Stratification1": "$15,000 - $24,999",
    "StratificationId1": "INC1525",
    "LocationDisplayOrder": 44
  },
  {
    "ID": 42143,
    "Description": 2016,
    "LocationAbbr": "SC",
    "LocationDesc": "South Carolina",
    "DataSource": "BRFSS",
    "Topic": "Obesity / Weight Status",
    "Data_Value": 35,
    "Sample_Size": "1,725",
    "Stratification1": "$15,000 - $24,999",
    "StratificationId1": "INC1525",
    "LocationDisplayOrder": 45
  },
  {
    "ID": 41205,
    "Description": 2016,
    "LocationAbbr": "SD",
    "LocationDesc": "South Dakota",
    "DataSource": "BRFSS",
    "Topic": "Obesity / Weight Status",
    "Data_Value": 27.9,
    "Sample_Size": 613,
    "Stratification1": "$15,000 - $24,999",
    "StratificationId1": "INC1525",
    "LocationDisplayOrder": 46
  },
  {
    "ID": 43630,
    "Description": 2016,
    "LocationAbbr": "TN",
    "LocationDesc": "Tennessee",
    "DataSource": "BRFSS",
    "Topic": "Obesity / Weight Status",
    "Data_Value": 37.8,
    "Sample_Size": 929,
    "Stratification1": "$15,000 - $24,999",
    "StratificationId1": "INC1525",
    "LocationDisplayOrder": 47
  },
  {
    "ID": 42964,
    "Description": 2016,
    "LocationAbbr": "TX",
    "LocationDesc": "Texas",
    "DataSource": "BRFSS",
    "Topic": "Obesity / Weight Status",
    "Data_Value": 30.9,
    "Sample_Size": "1,628",
    "Stratification1": "$15,000 - $24,999",
    "StratificationId1": "INC1525",
    "LocationDisplayOrder": 48
  },
  {
    "ID": 41224,
    "Description": 2016,
    "LocationAbbr": "UT",
    "LocationDesc": "Utah",
    "DataSource": "BRFSS",
    "Topic": "Obesity / Weight Status",
    "Data_Value": 26.1,
    "Sample_Size": "1,054",
    "Stratification1": "$15,000 - $24,999",
    "StratificationId1": "INC1525",
    "LocationDisplayOrder": 49
  },
  {
    "ID": 40994,
    "Description": 2016,
    "LocationAbbr": "VT",
    "LocationDesc": "Vermont",
    "DataSource": "BRFSS",
    "Topic": "Obesity / Weight Status",
    "Data_Value": 29.5,
    "Sample_Size": 775,
    "Stratification1": "$15,000 - $24,999",
    "StratificationId1": "INC1525",
    "LocationDisplayOrder": 50
  },
  {
    "ID": 41881,
    "Description": 2016,
    "LocationAbbr": "VA",
    "LocationDesc": "Virginia",
    "DataSource": "BRFSS",
    "Topic": "Obesity / Weight Status",
    "Data_Value": 34.9,
    "Sample_Size": "1,158",
    "Stratification1": "$15,000 - $24,999",
    "StratificationId1": "INC1525",
    "LocationDisplayOrder": 51
  },
  {
    "ID": 40944,
    "Description": 2016,
    "LocationAbbr": "WA",
    "LocationDesc": "Washington",
    "DataSource": "BRFSS",
    "Topic": "Obesity / Weight Status",
    "Data_Value": 32.4,
    "Sample_Size": "1,418",
    "Stratification1": "$15,000 - $24,999",
    "StratificationId1": "INC1525",
    "LocationDisplayOrder": 53
  },
  {
    "ID": 41148,
    "Description": 2016,
    "LocationAbbr": "WV",
    "LocationDesc": "West Virginia",
    "DataSource": "BRFSS",
    "Topic": "Obesity / Weight Status",
    "Data_Value": 37.9,
    "Sample_Size": "1,122",
    "Stratification1": "$15,000 - $24,999",
    "StratificationId1": "INC1525",
    "LocationDisplayOrder": 54
  },
  {
    "ID": 42534,
    "Description": 2016,
    "LocationAbbr": "WI",
    "LocationDesc": "Wisconsin",
    "DataSource": "BRFSS",
    "Topic": "Obesity / Weight Status",
    "Data_Value": 33.2,
    "Sample_Size": 656,
    "Stratification1": "$15,000 - $24,999",
    "StratificationId1": "INC1525",
    "LocationDisplayOrder": 55
  },
  {
    "ID": 41856,
    "Description": 2016,
    "LocationAbbr": "WY",
    "LocationDesc": "Wyoming",
    "DataSource": "BRFSS",
    "Topic": "Obesity / Weight Status",
    "Data_Value": 33,
    "Sample_Size": 626,
    "Stratification1": "$15,000 - $24,999",
    "StratificationId1": "INC1525",
    "LocationDisplayOrder": 56
  },
  {
    "ID": 41327,
    "Description": 2016,
    "LocationAbbr": "GU",
    "LocationDesc": "Guam",
    "DataSource": "BRFSS",
    "Topic": "Obesity / Weight Status",
    "Data_Value": 25.3,
    "Sample_Size": 263,
    "Stratification1": "$15,000 - $24,999",
    "StratificationId1": "INC1525",
    "LocationDisplayOrder": 66
  },
  {
    "ID": 40787,
    "Description": 2016,
    "LocationAbbr": "PR",
    "LocationDesc": "Puerto Rico",
    "DataSource": "BRFSS",
    "Topic": "Obesity / Weight Status",
    "Data_Value": 30.5,
    "Sample_Size": "1,426",
    "Stratification1": "$15,000 - $24,999",
    "StratificationId1": "INC1525",
    "LocationDisplayOrder": 72
  },
  {
    "ID": 40257,
    "Description": 2016,
    "LocationAbbr": "VI",
    "LocationDesc": "Virgin Islands",
    "DataSource": "BRFSS",
    "Topic": "Obesity / Weight Status",
    "Data_Value": 34,
    "Sample_Size": 231,
    "Stratification1": "$15,000 - $24,999",
    "StratificationId1": "INC1525",
    "LocationDisplayOrder": 78
  },
  {
    "ID": "",
    "Description": "",
    "LocationAbbr": "",
    "LocationDesc": "",
    "DataSource": "",
    "Topic": "",
    "Data_Value": "",
    "Sample_Size": "",
    "Stratification1": "",
    "StratificationId1": "",
    "LocationDisplayOrder": ""
  },
  {
    "ID": "",
    "Description": "",
    "LocationAbbr": "",
    "LocationDesc": "",
    "DataSource": "",
    "Topic": "",
    "Data_Value": "",
    "Sample_Size": "",
    "Stratification1": "",
    "StratificationId1": "",
    "LocationDisplayOrder": ""
  },
  {
    "ID": "",
    "Description": "",
    "LocationAbbr": "",
    "LocationDesc": "",
    "DataSource": "",
    "Topic": "",
    "Data_Value": "",
    "Sample_Size": "",
    "Stratification1": "",
    "StratificationId1": "",
    "LocationDisplayOrder": ""
  },
  {
    "ID": "",
    "Description": "",
    "LocationAbbr": "",
    "LocationDesc": "",
    "DataSource": "",
    "Topic": "",
    "Data_Value": "",
    "Sample_Size": "",
    "Stratification1": "",
    "StratificationId1": "",
    "LocationDisplayOrder": ""
  },
  {
    "ID": "",
    "Description": "",
    "LocationAbbr": "",
    "LocationDesc": "",
    "DataSource": "",
    "Topic": "",
    "Data_Value": "",
    "Sample_Size": "",
    "Stratification1": "",
    "StratificationId1": "",
    "LocationDisplayOrder": ""
  },
  {
    "ID": "",
    "Description": "",
    "LocationAbbr": "",
    "LocationDesc": "",
    "DataSource": "",
    "Topic": "",
    "Data_Value": "",
    "Sample_Size": "",
    "Stratification1": "",
    "StratificationId1": "",
    "LocationDisplayOrder": ""
  },
  {
    "ID": "",
    "Description": "",
    "LocationAbbr": "",
    "LocationDesc": "",
    "DataSource": "",
    "Topic": "",
    "Data_Value": "",
    "Sample_Size": "",
    "Stratification1": "",
    "StratificationId1": "",
    "LocationDisplayOrder": ""
  },
  {
    "ID": "",
    "Description": "",
    "LocationAbbr": "",
    "LocationDesc": "",
    "DataSource": "",
    "Topic": "",
    "Data_Value": "",
    "Sample_Size": "",
    "Stratification1": "",
    "StratificationId1": "",
    "LocationDisplayOrder": ""
  },
  {
    "ID": "",
    "Description": "",
    "LocationAbbr": "",
    "LocationDesc": "",
    "DataSource": "",
    "Topic": "",
    "Data_Value": "",
    "Sample_Size": "",
    "Stratification1": "",
    "StratificationId1": "",
    "LocationDisplayOrder": ""
  }
]