[
  {
    "ID": 40998,
    "Description": 2016,
    "LocationAbbr": "US",
    "LocationDesc": "National",
    "DataSource": "BRFSS",
    "Topic": "Obesity / Weight Status",
    "Data_Value": 30.6,
    "Sample_Size": 840,
    "Stratification1": "Hawaiian / Pacific Islander",
    "StratificationId1": "RACEHPI",
    "LocationDisplayOrder": 0
  },
  {
    "ID": 40595,
    "Description": 2016,
    "LocationAbbr": "AL",
    "LocationDesc": "Alabama",
    "DataSource": "BRFSS",
    "Topic": "Obesity / Weight Status",
    "Data_Value": "~",
    "Sample_Size": "~",
    "Stratification1": "Hawaiian / Pacific Islander",
    "StratificationId1": "RACEHPI",
    "LocationDisplayOrder": 1
  },
  {
    "ID": 40290,
    "Description": 2016,
    "LocationAbbr": "AK",
    "LocationDesc": "Alaska",
    "DataSource": "BRFSS",
    "Topic": "Obesity / Weight Status",
    "Data_Value": "~",
    "Sample_Size": "~",
    "Stratification1": "Hawaiian / Pacific Islander",
    "StratificationId1": "RACEHPI",
    "LocationDisplayOrder": 2
  },
  {
    "ID": 40881,
    "Description": 2016,
    "LocationAbbr": "AZ",
    "LocationDesc": "Arizona",
    "DataSource": "BRFSS",
    "Topic": "Obesity / Weight Status",
    "Data_Value": "~",
    "Sample_Size": "~",
    "Stratification1": "Hawaiian / Pacific Islander",
    "StratificationId1": "RACEHPI",
    "LocationDisplayOrder": 4
  },
  {
    "ID": 43469,
    "Description": 2016,
    "LocationAbbr": "AR",
    "LocationDesc": "Arkansas",
    "DataSource": "BRFSS",
    "Topic": "Obesity / Weight Status",
    "Data_Value": "~",
    "Sample_Size": "~",
    "Stratification1": "Hawaiian / Pacific Islander",
    "StratificationId1": "RACEHPI",
    "LocationDisplayOrder": 5
  },
  {
    "ID": 40333,
    "Description": 2016,
    "LocationAbbr": "CA",
    "LocationDesc": "California",
    "DataSource": "BRFSS",
    "Topic": "Obesity / Weight Status",
    "Data_Value": "~",
    "Sample_Size": "~",
    "Stratification1": "Hawaiian / Pacific Islander",
    "StratificationId1": "RACEHPI",
    "LocationDisplayOrder": 6
  },
  {
    "ID": 40053,
    "Description": 2016,
    "LocationAbbr": "CO",
    "LocationDesc": "Colorado",
    "DataSource": "BRFSS",
    "Topic": "Obesity / Weight Status",
    "Data_Value": "~",
    "Sample_Size": "~",
    "Stratification1": "Hawaiian / Pacific Islander",
    "StratificationId1": "RACEHPI",
    "LocationDisplayOrder": 8
  },
  {
    "ID": 43292,
    "Description": 2016,
    "LocationAbbr": "CT",
    "LocationDesc": "Connecticut",
    "DataSource": "BRFSS",
    "Topic": "Obesity / Weight Status",
    "Data_Value": "~",
    "Sample_Size": "~",
    "Stratification1": "Hawaiian / Pacific Islander",
    "StratificationId1": "RACEHPI",
    "LocationDisplayOrder": 9
  },
  {
    "ID": 42654,
    "Description": 2016,
    "LocationAbbr": "DE",
    "LocationDesc": "Delaware",
    "DataSource": "BRFSS",
    "Topic": "Obesity / Weight Status",
    "Data_Value": "~",
    "Sample_Size": "~",
    "Stratification1": "Hawaiian / Pacific Islander",
    "StratificationId1": "RACEHPI",
    "LocationDisplayOrder": 10
  },
  {
    "ID": 41776,
    "Description": 2016,
    "LocationAbbr": "DC",
    "LocationDesc": "District of Columbia",
    "DataSource": "BRFSS",
    "Topic": "Obesity / Weight Status",
    "Data_Value": "~",
    "Sample_Size": "~",
    "Stratification1": "Hawaiian / Pacific Islander",
    "StratificationId1": "RACEHPI",
    "LocationDisplayOrder": 11
  },
  {
    "ID": 42177,
    "Description": 2016,
    "LocationAbbr": "FL",
    "LocationDesc": "Florida",
    "DataSource": "BRFSS",
    "Topic": "Obesity / Weight Status",
    "Data_Value": "~",
    "Sample_Size": "~",
    "Stratification1": "Hawaiian / Pacific Islander",
    "StratificationId1": "RACEHPI",
    "LocationDisplayOrder": 12
  },
  {
    "ID": 41065,
    "Description": 2016,
    "LocationAbbr": "GA",
    "LocationDesc": "Georgia",
    "DataSource": "BRFSS",
    "Topic": "Obesity / Weight Status",
    "Data_Value": "~",
    "Sample_Size": "~",
    "Stratification1": "Hawaiian / Pacific Islander",
    "StratificationId1": "RACEHPI",
    "LocationDisplayOrder": 13
  },
  {
    "ID": 40130,
    "Description": 2016,
    "LocationAbbr": "HI",
    "LocationDesc": "Hawaii",
    "DataSource": "BRFSS",
    "Topic": "Obesity / Weight Status",
    "Data_Value": 50.9,
    "Sample_Size": 278,
    "Stratification1": "Hawaiian / Pacific Islander",
    "StratificationId1": "RACEHPI",
    "LocationDisplayOrder": 15
  },
  {
    "ID": 43873,
    "Description": 2016,
    "LocationAbbr": "ID",
    "LocationDesc": "Idaho",
    "DataSource": "BRFSS",
    "Topic": "Obesity / Weight Status",
    "Data_Value": "~",
    "Sample_Size": "~",
    "Stratification1": "Hawaiian / Pacific Islander",
    "StratificationId1": "RACEHPI",
    "LocationDisplayOrder": 16
  },
  {
    "ID": 43560,
    "Description": 2016,
    "LocationAbbr": "IL",
    "LocationDesc": "Illinois",
    "DataSource": "BRFSS",
    "Topic": "Obesity / Weight Status",
    "Data_Value": "~",
    "Sample_Size": "~",
    "Stratification1": "Hawaiian / Pacific Islander",
    "StratificationId1": "RACEHPI",
    "LocationDisplayOrder": 17
  },
  {
    "ID": 39942,
    "Description": 2016,
    "LocationAbbr": "IN",
    "LocationDesc": "Indiana",
    "DataSource": "BRFSS",
    "Topic": "Obesity / Weight Status",
    "Data_Value": "~",
    "Sample_Size": "~",
    "Stratification1": "Hawaiian / Pacific Islander",
    "StratificationId1": "RACEHPI",
    "LocationDisplayOrder": 18
  },
  {
    "ID": 41495,
    "Description": 2016,
    "LocationAbbr": "IA",
    "LocationDesc": "Iowa",
    "DataSource": "BRFSS",
    "Topic": "Obesity / Weight Status",
    "Data_Value": "~",
    "Sample_Size": "~",
    "Stratification1": "Hawaiian / Pacific Islander",
    "StratificationId1": "RACEHPI",
    "LocationDisplayOrder": 19
  },
  {
    "ID": 42580,
    "Description": 2016,
    "LocationAbbr": "KS",
    "LocationDesc": "Kansas",
    "DataSource": "BRFSS",
    "Topic": "Obesity / Weight Status",
    "Data_Value": "~",
    "Sample_Size": "~",
    "Stratification1": "Hawaiian / Pacific Islander",
    "StratificationId1": "RACEHPI",
    "LocationDisplayOrder": 20
  },
  {
    "ID": 42567,
    "Description": 2016,
    "LocationAbbr": "KY",
    "LocationDesc": "Kentucky",
    "DataSource": "BRFSS",
    "Topic": "Obesity / Weight Status",
    "Data_Value": "~",
    "Sample_Size": "~",
    "Stratification1": "Hawaiian / Pacific Islander",
    "StratificationId1": "RACEHPI",
    "LocationDisplayOrder": 21
  },
  {
    "ID": 44803,
    "Description": 2016,
    "LocationAbbr": "LA",
    "LocationDesc": "Louisiana",
    "DataSource": "BRFSS",
    "Topic": "Obesity / Weight Status",
    "Data_Value": "~",
    "Sample_Size": "~",
    "Stratification1": "Hawaiian / Pacific Islander",
    "StratificationId1": "RACEHPI",
    "LocationDisplayOrder": 22
  },
  {
    "ID": 41381,
    "Description": 2016,
    "LocationAbbr": "ME",
    "LocationDesc": "Maine",
    "DataSource": "BRFSS",
    "Topic": "Obesity / Weight Status",
    "Data_Value": "~",
    "Sample_Size": "~",
    "Stratification1": "Hawaiian / Pacific Islander",
    "StratificationId1": "RACEHPI",
    "LocationDisplayOrder": 23
  },
  {
    "ID": 40320,
    "Description": 2016,
    "LocationAbbr": "MD",
    "LocationDesc": "Maryland",
    "DataSource": "BRFSS",
    "Topic": "Obesity / Weight Status",
    "Data_Value": "~",
    "Sample_Size": "~",
    "Stratification1": "Hawaiian / Pacific Islander",
    "StratificationId1": "RACEHPI",
    "LocationDisplayOrder": 24
  },
  {
    "ID": 43678,
    "Description": 2016,
    "LocationAbbr": "MA",
    "LocationDesc": "Massachusetts",
    "DataSource": "BRFSS",
    "Topic": "Obesity / Weight Status",
    "Data_Value": "~",
    "Sample_Size": "~",
    "Stratification1": "Hawaiian / Pacific Islander",
    "StratificationId1": "RACEHPI",
    "LocationDisplayOrder": 25
  },
  {
    "ID": 41999,
    "Description": 2016,
    "LocationAbbr": "MI",
    "LocationDesc": "Michigan",
    "DataSource": "BRFSS",
    "Topic": "Obesity / Weight Status",
    "Data_Value": "~",
    "Sample_Size": "~",
    "Stratification1": "Hawaiian / Pacific Islander",
    "StratificationId1": "RACEHPI",
    "LocationDisplayOrder": 26
  },
  {
    "ID": 41130,
    "Description": 2016,
    "LocationAbbr": "MN",
    "LocationDesc": "Minnesota",
    "DataSource": "BRFSS",
    "Topic": "Obesity / Weight Status",
    "Data_Value": "~",
    "Sample_Size": "~",
    "Stratification1": "Hawaiian / Pacific Islander",
    "StratificationId1": "RACEHPI",
    "LocationDisplayOrder": 27
  },
  {
    "ID": 40262,
    "Description": 2016,
    "LocationAbbr": "MS",
    "LocationDesc": "Mississippi",
    "DataSource": "BRFSS",
    "Topic": "Obesity / Weight Status",
    "Data_Value": "~",
    "Sample_Size": "~",
    "Stratification1": "Hawaiian / Pacific Islander",
    "StratificationId1": "RACEHPI",
    "LocationDisplayOrder": 28
  },
  {
    "ID": 42455,
    "Description": 2016,
    "LocationAbbr": "MO",
    "LocationDesc": "Missouri",
    "DataSource": "BRFSS",
    "Topic": "Obesity / Weight Status",
    "Data_Value": "~",
    "Sample_Size": "~",
    "Stratification1": "Hawaiian / Pacific Islander",
    "StratificationId1": "RACEHPI",
    "LocationDisplayOrder": 29
  },
  {
    "ID": 44261,
    "Description": 2016,
    "LocationAbbr": "MT",
    "LocationDesc": "Montana",
    "DataSource": "BRFSS",
    "Topic": "Obesity / Weight Status",
    "Data_Value": "~",
    "Sample_Size": "~",
    "Stratification1": "Hawaiian / Pacific Islander",
    "StratificationId1": "RACEHPI",
    "LocationDisplayOrder": 30
  },
  {
    "ID": 41607,
    "Description": 2016,
    "LocationAbbr": "NE",
    "LocationDesc": "Nebraska",
    "DataSource": "BRFSS",
    "Topic": "Obesity / Weight Status",
    "Data_Value": "~",
    "Sample_Size": "~",
    "Stratification1": "Hawaiian / Pacific Islander",
    "StratificationId1": "RACEHPI",
    "LocationDisplayOrder": 31
  },
  {
    "ID": 40499,
    "Description": 2016,
    "LocationAbbr": "NV",
    "LocationDesc": "Nevada",
    "DataSource": "BRFSS",
    "Topic": "Obesity / Weight Status",
    "Data_Value": "~",
    "Sample_Size": "~",
    "Stratification1": "Hawaiian / Pacific Islander",
    "StratificationId1": "RACEHPI",
    "LocationDisplayOrder": 32
  },
  {
    "ID": 41049,
    "Description": 2016,
    "LocationAbbr": "NH",
    "LocationDesc": "New Hampshire",
    "DataSource": "BRFSS",
    "Topic": "Obesity / Weight Status",
    "Data_Value": "~",
    "Sample_Size": "~",
    "Stratification1": "Hawaiian / Pacific Islander",
    "StratificationId1": "RACEHPI",
    "LocationDisplayOrder": 33
  },
  {
    "ID": 41093,
    "Description": 2016,
    "LocationAbbr": "NJ",
    "LocationDesc": "New Jersey",
    "DataSource": "BRFSS",
    "Topic": "Obesity / Weight Status",
    "Data_Value": "~",
    "Sample_Size": "~",
    "Stratification1": "Hawaiian / Pacific Islander",
    "StratificationId1": "RACEHPI",
    "LocationDisplayOrder": 34
  },
  {
    "ID": 42397,
    "Description": 2016,
    "LocationAbbr": "NM",
    "LocationDesc": "New Mexico",
    "DataSource": "BRFSS",
    "Topic": "Obesity / Weight Status",
    "Data_Value": "~",
    "Sample_Size": "~",
    "Stratification1": "Hawaiian / Pacific Islander",
    "StratificationId1": "RACEHPI",
    "LocationDisplayOrder": 35
  },
  {
    "ID": 40864,
    "Description": 2016,
    "LocationAbbr": "NY",
    "LocationDesc": "New York",
    "DataSource": "BRFSS",
    "Topic": "Obesity / Weight Status",
    "Data_Value": 25.3,
    "Sample_Size": 50,
    "Stratification1": "Hawaiian / Pacific Islander",
    "StratificationId1": "RACEHPI",
    "LocationDisplayOrder": 36
  },
  {
    "ID": 39761,
    "Description": 2016,
    "LocationAbbr": "NC",
    "LocationDesc": "North Carolina",
    "DataSource": "BRFSS",
    "Topic": "Obesity / Weight Status",
    "Data_Value": "~",
    "Sample_Size": "~",
    "Stratification1": "Hawaiian / Pacific Islander",
    "StratificationId1": "RACEHPI",
    "LocationDisplayOrder": 37
  },
  {
    "ID": 43134,
    "Description": 2016,
    "LocationAbbr": "ND",
    "LocationDesc": "North Dakota",
    "DataSource": "BRFSS",
    "Topic": "Obesity / Weight Status",
    "Data_Value": "~",
    "Sample_Size": "~",
    "Stratification1": "Hawaiian / Pacific Islander",
    "StratificationId1": "RACEHPI",
    "LocationDisplayOrder": 38
  },
  {
    "ID": 39573,
    "Description": 2016,
    "LocationAbbr": "OH",
    "LocationDesc": "Ohio",
    "DataSource": "BRFSS",
    "Topic": "Obesity / Weight Status",
    "Data_Value": "~",
    "Sample_Size": "~",
    "Stratification1": "Hawaiian / Pacific Islander",
    "StratificationId1": "RACEHPI",
    "LocationDisplayOrder": 39
  },
  {
    "ID": 41014,
    "Description": 2016,
    "LocationAbbr": "OK",
    "LocationDesc": "Oklahoma",
    "DataSource": "BRFSS",
    "Topic": "Obesity / Weight Status",
    "Data_Value": "~",
    "Sample_Size": "~",
    "Stratification1": "Hawaiian / Pacific Islander",
    "StratificationId1": "RACEHPI",
    "LocationDisplayOrder": 40
  },
  {
    "ID": 43822,
    "Description": 2016,
    "LocationAbbr": "OR",
    "LocationDesc": "Oregon",
    "DataSource": "BRFSS",
    "Topic": "Obesity / Weight Status",
    "Data_Value": "~",
    "Sample_Size": "~",
    "Stratification1": "Hawaiian / Pacific Islander",
    "StratificationId1": "RACEHPI",
    "LocationDisplayOrder": 41
  },
  {
    "ID": 43087,
    "Description": 2016,
    "LocationAbbr": "PA",
    "LocationDesc": "Pennsylvania",
    "DataSource": "BRFSS",
    "Topic": "Obesity / Weight Status",
    "Data_Value": "~",
    "Sample_Size": "~",
    "Stratification1": "Hawaiian / Pacific Islander",
    "StratificationId1": "RACEHPI",
    "LocationDisplayOrder": 42
  },
  {
    "ID": 43911,
    "Description": 2016,
    "LocationAbbr": "RI",
    "LocationDesc": "Rhode Island",
    "DataSource": "BRFSS",
    "Topic": "Obesity / Weight Status",
    "Data_Value": "~",
    "Sample_Size": "~",
    "Stratification1": "Hawaiian / Pacific Islander",
    "StratificationId1": "RACEHPI",
    "LocationDisplayOrder": 44
  },
  {
    "ID": 42121,
    "Description": 2016,
    "LocationAbbr": "SC",
    "LocationDesc": "South Carolina",
    "DataSource": "BRFSS",
    "Topic": "Obesity / Weight Status",
    "Data_Value": "~",
    "Sample_Size": "~",
    "Stratification1": "Hawaiian / Pacific Islander",
    "StratificationId1": "RACEHPI",
    "LocationDisplayOrder": 45
  },
  {
    "ID": 39656,
    "Description": 2016,
    "LocationAbbr": "SD",
    "LocationDesc": "South Dakota",
    "DataSource": "BRFSS",
    "Topic": "Obesity / Weight Status",
    "Data_Value": "~",
    "Sample_Size": "~",
    "Stratification1": "Hawaiian / Pacific Islander",
    "StratificationId1": "RACEHPI",
    "LocationDisplayOrder": 46
  },
  {
    "ID": 42347,
    "Description": 2016,
    "LocationAbbr": "TN",
    "LocationDesc": "Tennessee",
    "DataSource": "BRFSS",
    "Topic": "Obesity / Weight Status",
    "Data_Value": "~",
    "Sample_Size": "~",
    "Stratification1": "Hawaiian / Pacific Islander",
    "StratificationId1": "RACEHPI",
    "LocationDisplayOrder": 47
  },
  {
    "ID": 41282,
    "Description": 2016,
    "LocationAbbr": "TX",
    "LocationDesc": "Texas",
    "DataSource": "BRFSS",
    "Topic": "Obesity / Weight Status",
    "Data_Value": "~",
    "Sample_Size": "~",
    "Stratification1": "Hawaiian / Pacific Islander",
    "StratificationId1": "RACEHPI",
    "LocationDisplayOrder": 48
  },
  {
    "ID": 40407,
    "Description": 2016,
    "LocationAbbr": "UT",
    "LocationDesc": "Utah",
    "DataSource": "BRFSS",
    "Topic": "Obesity / Weight Status",
    "Data_Value": "~",
    "Sample_Size": "~",
    "Stratification1": "Hawaiian / Pacific Islander",
    "StratificationId1": "RACEHPI",
    "LocationDisplayOrder": 49
  },
  {
    "ID": 41663,
    "Description": 2016,
    "LocationAbbr": "VT",
    "LocationDesc": "Vermont",
    "DataSource": "BRFSS",
    "Topic": "Obesity / Weight Status",
    "Data_Value": "~",
    "Sample_Size": "~",
    "Stratification1": "Hawaiian / Pacific Islander",
    "StratificationId1": "RACEHPI",
    "LocationDisplayOrder": 50
  },
  {
    "ID": 39665,
    "Description": 2016,
    "LocationAbbr": "VA",
    "LocationDesc": "Virginia",
    "DataSource": "BRFSS",
    "Topic": "Obesity / Weight Status",
    "Data_Value": "~",
    "Sample_Size": "~",
    "Stratification1": "Hawaiian / Pacific Islander",
    "StratificationId1": "RACEHPI",
    "LocationDisplayOrder": 51
  },
  {
    "ID": 39770,
    "Description": 2016,
    "LocationAbbr": "WA",
    "LocationDesc": "Washington",
    "DataSource": "BRFSS",
    "Topic": "Obesity / Weight Status",
    "Data_Value": "~",
    "Sample_Size": "~",
    "Stratification1": "Hawaiian / Pacific Islander",
    "StratificationId1": "RACEHPI",
    "LocationDisplayOrder": 53
  },
  {
    "ID": 42161,
    "Description": 2016,
    "LocationAbbr": "WV",
    "LocationDesc": "West Virginia",
    "DataSource": "BRFSS",
    "Topic": "Obesity / Weight Status",
    "Data_Value": "~",
    "Sample_Size": "~",
    "Stratification1": "Hawaiian / Pacific Islander",
    "StratificationId1": "RACEHPI",
    "LocationDisplayOrder": 54
  },
  {
    "ID": 42031,
    "Description": 2016,
    "LocationAbbr": "WI",
    "LocationDesc": "Wisconsin",
    "DataSource": "BRFSS",
    "Topic": "Obesity / Weight Status",
    "Data_Value": "~",
    "Sample_Size": "~",
    "Stratification1": "Hawaiian / Pacific Islander",
    "StratificationId1": "RACEHPI",
    "LocationDisplayOrder": 55
  },
  {
    "ID": 40325,
    "Description": 2016,
    "LocationAbbr": "WY",
    "LocationDesc": "Wyoming",
    "DataSource": "BRFSS",
    "Topic": "Obesity / Weight Status",
    "Data_Value": "~",
    "Sample_Size": "~",
    "Stratification1": "Hawaiian / Pacific Islander",
    "StratificationId1": "RACEHPI",
    "LocationDisplayOrder": 56
  },
  {
    "ID": 42132,
    "Description": 2016,
    "LocationAbbr": "GU",
    "LocationDesc": "Guam",
    "DataSource": "BRFSS",
    "Topic": "Obesity / Weight Status",
    "Data_Value": 38.8,
    "Sample_Size": 476,
    "Stratification1": "Hawaiian / Pacific Islander",
    "StratificationId1": "RACEHPI",
    "LocationDisplayOrder": 66
  },
  {
    "ID": 40969,
    "Description": 2016,
    "LocationAbbr": "PR",
    "LocationDesc": "Puerto Rico",
    "DataSource": "BRFSS",
    "Topic": "Obesity / Weight Status",
    "Data_Value": "~",
    "Sample_Size": "~",
    "Stratification1": "Hawaiian / Pacific Islander",
    "StratificationId1": "RACEHPI",
    "LocationDisplayOrder": 72
  },
  {
    "ID": 40902,
    "Description": 2016,
    "LocationAbbr": "VI",
    "LocationDesc": "Virgin Islands",
    "DataSource": "BRFSS",
    "Topic": "Obesity / Weight Status",
    "Data_Value": "~",
    "Sample_Size": "~",
    "Stratification1": "Hawaiian / Pacific Islander",
    "StratificationId1": "RACEHPI",
    "LocationDisplayOrder": 78
  },
  {
    "ID": "",
    "Description": "",
    "LocationAbbr": "",
    "LocationDesc": "",
    "DataSource": "",
    "Topic": "",
    "Data_Value": "",
    "Sample_Size": "",
    "Stratification1": "",
    "StratificationId1": "",
    "LocationDisplayOrder": ""
  },
  {
    "ID": "",
    "Description": "",
    "LocationAbbr": "",
    "LocationDesc": "",
    "DataSource": "",
    "Topic": "",
    "Data_Value": "",
    "Sample_Size": "",
    "Stratification1": "",
    "StratificationId1": "",
    "LocationDisplayOrder": ""
  },
  {
    "ID": "",
    "Description": "",
    "LocationAbbr": "",
    "LocationDesc": "",
    "DataSource": "",
    "Topic": "",
    "Data_Value": "",
    "Sample_Size": "",
    "Stratification1": "",
    "StratificationId1": "",
    "LocationDisplayOrder": ""
  },
  {
    "ID": "",
    "Description": "",
    "LocationAbbr": "",
    "LocationDesc": "",
    "DataSource": "",
    "Topic": "",
    "Data_Value": "",
    "Sample_Size": "",
    "Stratification1": "",
    "StratificationId1": "",
    "LocationDisplayOrder": ""
  },
  {
    "ID": "",
    "Description": "",
    "LocationAbbr": "",
    "LocationDesc": "",
    "DataSource": "",
    "Topic": "",
    "Data_Value": "",
    "Sample_Size": "",
    "Stratification1": "",
    "StratificationId1": "",
    "LocationDisplayOrder": ""
  },
  {
    "ID": "",
    "Description": "",
    "LocationAbbr": "",
    "LocationDesc": "",
    "DataSource": "",
    "Topic": "",
    "Data_Value": "",
    "Sample_Size": "",
    "Stratification1": "",
    "StratificationId1": "",
    "LocationDisplayOrder": ""
  },
  {
    "ID": "",
    "Description": "",
    "LocationAbbr": "",
    "LocationDesc": "",
    "DataSource": "",
    "Topic": "",
    "Data_Value": "",
    "Sample_Size": "",
    "Stratification1": "",
    "StratificationId1": "",
    "LocationDisplayOrder": ""
  },
  {
    "ID": "",
    "Description": "",
    "LocationAbbr": "",
    "LocationDesc": "",
    "DataSource": "",
    "Topic": "",
    "Data_Value": "",
    "Sample_Size": "",
    "Stratification1": "",
    "StratificationId1": "",
    "LocationDisplayOrder": ""
  },
  {
    "ID": "",
    "Description": "",
    "LocationAbbr": "",
    "LocationDesc": "",
    "DataSource": "",
    "Topic": "",
    "Data_Value": "",
    "Sample_Size": "",
    "Stratification1": "",
    "StratificationId1": "",
    "LocationDisplayOrder": ""
  },
  {
    "ID": "",
    "Description": "",
    "LocationAbbr": "",
    "LocationDesc": "",
    "DataSource": "",
    "Topic": "",
    "Data_Value": "",
    "Sample_Size": "",
    "Stratification1": "",
    "StratificationId1": "",
    "LocationDisplayOrder": ""
  }
]