[
  {
    "ID": 39765,
    "Description": 2016,
    "LocationAbbr": "US",
    "LocationDesc": "National",
    "DataSource": "BRFSS",
    "Topic": "Obesity / Weight Status",
    "Data_Value": 32,
    "Sample_Size": "54,639",
    "Stratification1": "$35,000 - $49,999",
    "StratificationId1": "INC3550",
    "LocationDisplayOrder": 0
  },
  {
    "ID": 43419,
    "Description": 2016,
    "LocationAbbr": "AL",
    "LocationDesc": "Alabama",
    "DataSource": "BRFSS",
    "Topic": "Obesity / Weight Status",
    "Data_Value": 37.5,
    "Sample_Size": 712,
    "Stratification1": "$35,000 - $49,999",
    "StratificationId1": "INC3550",
    "LocationDisplayOrder": 1
  },
  {
    "ID": 44014,
    "Description": 2016,
    "LocationAbbr": "AK",
    "LocationDesc": "Alaska",
    "DataSource": "BRFSS",
    "Topic": "Obesity / Weight Status",
    "Data_Value": 30.1,
    "Sample_Size": 283,
    "Stratification1": "$35,000 - $49,999",
    "StratificationId1": "INC3550",
    "LocationDisplayOrder": 2
  },
  {
    "ID": 43463,
    "Description": 2016,
    "LocationAbbr": "AZ",
    "LocationDesc": "Arizona",
    "DataSource": "BRFSS",
    "Topic": "Obesity / Weight Status",
    "Data_Value": 31.2,
    "Sample_Size": "1,355",
    "Stratification1": "$35,000 - $49,999",
    "StratificationId1": "INC3550",
    "LocationDisplayOrder": 4
  },
  {
    "ID": 41267,
    "Description": 2016,
    "LocationAbbr": "AR",
    "LocationDesc": "Arkansas",
    "DataSource": "BRFSS",
    "Topic": "Obesity / Weight Status",
    "Data_Value": 40.3,
    "Sample_Size": 572,
    "Stratification1": "$35,000 - $49,999",
    "StratificationId1": "INC3550",
    "LocationDisplayOrder": 5
  },
  {
    "ID": 41548,
    "Description": 2016,
    "LocationAbbr": "CA",
    "LocationDesc": "California",
    "DataSource": "BRFSS",
    "Topic": "Obesity / Weight Status",
    "Data_Value": 27.3,
    "Sample_Size": "1,040",
    "Stratification1": "$35,000 - $49,999",
    "StratificationId1": "INC3550",
    "LocationDisplayOrder": 6
  },
  {
    "ID": 40870,
    "Description": 2016,
    "LocationAbbr": "CO",
    "LocationDesc": "Colorado",
    "DataSource": "BRFSS",
    "Topic": "Obesity / Weight Status",
    "Data_Value": 21.2,
    "Sample_Size": "1,621",
    "Stratification1": "$35,000 - $49,999",
    "StratificationId1": "INC3550",
    "LocationDisplayOrder": 8
  },
  {
    "ID": 42930,
    "Description": 2016,
    "LocationAbbr": "CT",
    "LocationDesc": "Connecticut",
    "DataSource": "BRFSS",
    "Topic": "Obesity / Weight Status",
    "Data_Value": 27.9,
    "Sample_Size": 923,
    "Stratification1": "$35,000 - $49,999",
    "StratificationId1": "INC3550",
    "LocationDisplayOrder": 9
  },
  {
    "ID": 39625,
    "Description": 2016,
    "LocationAbbr": "DE",
    "LocationDesc": "Delaware",
    "DataSource": "BRFSS",
    "Topic": "Obesity / Weight Status",
    "Data_Value": 34.7,
    "Sample_Size": 484,
    "Stratification1": "$35,000 - $49,999",
    "StratificationId1": "INC3550",
    "LocationDisplayOrder": 10
  },
  {
    "ID": 42311,
    "Description": 2016,
    "LocationAbbr": "DC",
    "LocationDesc": "District of Columbia",
    "DataSource": "BRFSS",
    "Topic": "Obesity / Weight Status",
    "Data_Value": 28.4,
    "Sample_Size": 290,
    "Stratification1": "$35,000 - $49,999",
    "StratificationId1": "INC3550",
    "LocationDisplayOrder": 11
  },
  {
    "ID": 41025,
    "Description": 2016,
    "LocationAbbr": "FL",
    "LocationDesc": "Florida",
    "DataSource": "BRFSS",
    "Topic": "Obesity / Weight Status",
    "Data_Value": 27.7,
    "Sample_Size": "4,193",
    "Stratification1": "$35,000 - $49,999",
    "StratificationId1": "INC3550",
    "LocationDisplayOrder": 12
  },
  {
    "ID": 41486,
    "Description": 2016,
    "LocationAbbr": "GA",
    "LocationDesc": "Georgia",
    "DataSource": "BRFSS",
    "Topic": "Obesity / Weight Status",
    "Data_Value": 41.1,
    "Sample_Size": 575,
    "Stratification1": "$35,000 - $49,999",
    "StratificationId1": "INC3550",
    "LocationDisplayOrder": 13
  },
  {
    "ID": 43011,
    "Description": 2016,
    "LocationAbbr": "HI",
    "LocationDesc": "Hawaii",
    "DataSource": "BRFSS",
    "Topic": "Obesity / Weight Status",
    "Data_Value": 25.7,
    "Sample_Size": "1,003",
    "Stratification1": "$35,000 - $49,999",
    "StratificationId1": "INC3550",
    "LocationDisplayOrder": 15
  },
  {
    "ID": 40326,
    "Description": 2016,
    "LocationAbbr": "ID",
    "LocationDesc": "Idaho",
    "DataSource": "BRFSS",
    "Topic": "Obesity / Weight Status",
    "Data_Value": 23.8,
    "Sample_Size": 704,
    "Stratification1": "$35,000 - $49,999",
    "StratificationId1": "INC3550",
    "LocationDisplayOrder": 16
  },
  {
    "ID": 41016,
    "Description": 2016,
    "LocationAbbr": "IL",
    "LocationDesc": "Illinois",
    "DataSource": "BRFSS",
    "Topic": "Obesity / Weight Status",
    "Data_Value": 31,
    "Sample_Size": 574,
    "Stratification1": "$35,000 - $49,999",
    "StratificationId1": "INC3550",
    "LocationDisplayOrder": 17
  },
  {
    "ID": 40630,
    "Description": 2016,
    "LocationAbbr": "IN",
    "LocationDesc": "Indiana",
    "DataSource": "BRFSS",
    "Topic": "Obesity / Weight Status",
    "Data_Value": 33.3,
    "Sample_Size": "1,425",
    "Stratification1": "$35,000 - $49,999",
    "StratificationId1": "INC3550",
    "LocationDisplayOrder": 18
  },
  {
    "ID": 40871,
    "Description": 2016,
    "LocationAbbr": "IA",
    "LocationDesc": "Iowa",
    "DataSource": "BRFSS",
    "Topic": "Obesity / Weight Status",
    "Data_Value": 32.7,
    "Sample_Size": 902,
    "Stratification1": "$35,000 - $49,999",
    "StratificationId1": "INC3550",
    "LocationDisplayOrder": 19
  },
  {
    "ID": 42820,
    "Description": 2016,
    "LocationAbbr": "KS",
    "LocationDesc": "Kansas",
    "DataSource": "BRFSS",
    "Topic": "Obesity / Weight Status",
    "Data_Value": 34.8,
    "Sample_Size": "1,506",
    "Stratification1": "$35,000 - $49,999",
    "StratificationId1": "INC3550",
    "LocationDisplayOrder": 20
  },
  {
    "ID": 41388,
    "Description": 2016,
    "LocationAbbr": "KY",
    "LocationDesc": "Kentucky",
    "DataSource": "BRFSS",
    "Topic": "Obesity / Weight Status",
    "Data_Value": 38.3,
    "Sample_Size": "1,152",
    "Stratification1": "$35,000 - $49,999",
    "StratificationId1": "INC3550",
    "LocationDisplayOrder": 21
  },
  {
    "ID": 41040,
    "Description": 2016,
    "LocationAbbr": "LA",
    "LocationDesc": "Louisiana",
    "DataSource": "BRFSS",
    "Topic": "Obesity / Weight Status",
    "Data_Value": 38.4,
    "Sample_Size": 591,
    "Stratification1": "$35,000 - $49,999",
    "StratificationId1": "INC3550",
    "LocationDisplayOrder": 22
  },
  {
    "ID": 42874,
    "Description": 2016,
    "LocationAbbr": "ME",
    "LocationDesc": "Maine",
    "DataSource": "BRFSS",
    "Topic": "Obesity / Weight Status",
    "Data_Value": 33.1,
    "Sample_Size": "1,362",
    "Stratification1": "$35,000 - $49,999",
    "StratificationId1": "INC3550",
    "LocationDisplayOrder": 23
  },
  {
    "ID": 43538,
    "Description": 2016,
    "LocationAbbr": "MD",
    "LocationDesc": "Maryland",
    "DataSource": "BRFSS",
    "Topic": "Obesity / Weight Status",
    "Data_Value": 35.8,
    "Sample_Size": "1,633",
    "Stratification1": "$35,000 - $49,999",
    "StratificationId1": "INC3550",
    "LocationDisplayOrder": 24
  },
  {
    "ID": 44017,
    "Description": 2016,
    "LocationAbbr": "MA",
    "LocationDesc": "Massachusetts",
    "DataSource": "BRFSS",
    "Topic": "Obesity / Weight Status",
    "Data_Value": 27.7,
    "Sample_Size": 754,
    "Stratification1": "$35,000 - $49,999",
    "StratificationId1": "INC3550",
    "LocationDisplayOrder": 25
  },
  {
    "ID": 43435,
    "Description": 2016,
    "LocationAbbr": "MI",
    "LocationDesc": "Michigan",
    "DataSource": "BRFSS",
    "Topic": "Obesity / Weight Status",
    "Data_Value": 37,
    "Sample_Size": "1,483",
    "Stratification1": "$35,000 - $49,999",
    "StratificationId1": "INC3550",
    "LocationDisplayOrder": 26
  },
  {
    "ID": 42307,
    "Description": 2016,
    "LocationAbbr": "MN",
    "LocationDesc": "Minnesota",
    "DataSource": "BRFSS",
    "Topic": "Obesity / Weight Status",
    "Data_Value": 29.2,
    "Sample_Size": "2,034",
    "Stratification1": "$35,000 - $49,999",
    "StratificationId1": "INC3550",
    "LocationDisplayOrder": 27
  },
  {
    "ID": 41642,
    "Description": 2016,
    "LocationAbbr": "MS",
    "LocationDesc": "Mississippi",
    "DataSource": "BRFSS",
    "Topic": "Obesity / Weight Status",
    "Data_Value": 35.8,
    "Sample_Size": 556,
    "Stratification1": "$35,000 - $49,999",
    "StratificationId1": "INC3550",
    "LocationDisplayOrder": 28
  },
  {
    "ID": 42966,
    "Description": 2016,
    "LocationAbbr": "MO",
    "LocationDesc": "Missouri",
    "DataSource": "BRFSS",
    "Topic": "Obesity / Weight Status",
    "Data_Value": 33,
    "Sample_Size": 867,
    "Stratification1": "$35,000 - $49,999",
    "StratificationId1": "INC3550",
    "LocationDisplayOrder": 29
  },
  {
    "ID": 44200,
    "Description": 2016,
    "LocationAbbr": "MT",
    "LocationDesc": "Montana",
    "DataSource": "BRFSS",
    "Topic": "Obesity / Weight Status",
    "Data_Value": 24.2,
    "Sample_Size": 761,
    "Stratification1": "$35,000 - $49,999",
    "StratificationId1": "INC3550",
    "LocationDisplayOrder": 30
  },
  {
    "ID": 41237,
    "Description": 2016,
    "LocationAbbr": "NE",
    "LocationDesc": "Nebraska",
    "DataSource": "BRFSS",
    "Topic": "Obesity / Weight Status",
    "Data_Value": 35.8,
    "Sample_Size": "2,137",
    "Stratification1": "$35,000 - $49,999",
    "StratificationId1": "INC3550",
    "LocationDisplayOrder": 31
  },
  {
    "ID": 43681,
    "Description": 2016,
    "LocationAbbr": "NV",
    "LocationDesc": "Nevada",
    "DataSource": "BRFSS",
    "Topic": "Obesity / Weight Status",
    "Data_Value": 26.2,
    "Sample_Size": 478,
    "Stratification1": "$35,000 - $49,999",
    "StratificationId1": "INC3550",
    "LocationDisplayOrder": 32
  },
  {
    "ID": 40269,
    "Description": 2016,
    "LocationAbbr": "NH",
    "LocationDesc": "New Hampshire",
    "DataSource": "BRFSS",
    "Topic": "Obesity / Weight Status",
    "Data_Value": 31.4,
    "Sample_Size": 713,
    "Stratification1": "$35,000 - $49,999",
    "StratificationId1": "INC3550",
    "LocationDisplayOrder": 33
  },
  {
    "ID": 40634,
    "Description": 2016,
    "LocationAbbr": "NJ",
    "LocationDesc": "New Jersey",
    "DataSource": "BRFSS",
    "Topic": "Obesity / Weight Status",
    "Data_Value": 30.8,
    "Sample_Size": 635,
    "Stratification1": "$35,000 - $49,999",
    "StratificationId1": "INC3550",
    "LocationDisplayOrder": 34
  },
  {
    "ID": 41072,
    "Description": 2016,
    "LocationAbbr": "NM",
    "LocationDesc": "New Mexico",
    "DataSource": "BRFSS",
    "Topic": "Obesity / Weight Status",
    "Data_Value": 29.4,
    "Sample_Size": 713,
    "Stratification1": "$35,000 - $49,999",
    "StratificationId1": "INC3550",
    "LocationDisplayOrder": 35
  },
  {
    "ID": 40584,
    "Description": 2016,
    "LocationAbbr": "NY",
    "LocationDesc": "New York",
    "DataSource": "BRFSS",
    "Topic": "Obesity / Weight Status",
    "Data_Value": 29.7,
    "Sample_Size": "3,871",
    "Stratification1": "$35,000 - $49,999",
    "StratificationId1": "INC3550",
    "LocationDisplayOrder": 36
  },
  {
    "ID": 40430,
    "Description": 2016,
    "LocationAbbr": "NC",
    "LocationDesc": "North Carolina",
    "DataSource": "BRFSS",
    "Topic": "Obesity / Weight Status",
    "Data_Value": 32.2,
    "Sample_Size": 746,
    "Stratification1": "$35,000 - $49,999",
    "StratificationId1": "INC3550",
    "LocationDisplayOrder": 37
  },
  {
    "ID": 43069,
    "Description": 2016,
    "LocationAbbr": "ND",
    "LocationDesc": "North Dakota",
    "DataSource": "BRFSS",
    "Topic": "Obesity / Weight Status",
    "Data_Value": 35,
    "Sample_Size": 768,
    "Stratification1": "$35,000 - $49,999",
    "StratificationId1": "INC3550",
    "LocationDisplayOrder": 38
  },
  {
    "ID": 40955,
    "Description": 2016,
    "LocationAbbr": "OH",
    "LocationDesc": "Ohio",
    "DataSource": "BRFSS",
    "Topic": "Obesity / Weight Status",
    "Data_Value": 30.9,
    "Sample_Size": "1,478",
    "Stratification1": "$35,000 - $49,999",
    "StratificationId1": "INC3550",
    "LocationDisplayOrder": 39
  },
  {
    "ID": 39611,
    "Description": 2016,
    "LocationAbbr": "OK",
    "LocationDesc": "Oklahoma",
    "DataSource": "BRFSS",
    "Topic": "Obesity / Weight Status",
    "Data_Value": 34.5,
    "Sample_Size": 853,
    "Stratification1": "$35,000 - $49,999",
    "StratificationId1": "INC3550",
    "LocationDisplayOrder": 40
  },
  {
    "ID": 43210,
    "Description": 2016,
    "LocationAbbr": "OR",
    "LocationDesc": "Oregon",
    "DataSource": "BRFSS",
    "Topic": "Obesity / Weight Status",
    "Data_Value": 32.6,
    "Sample_Size": 622,
    "Stratification1": "$35,000 - $49,999",
    "StratificationId1": "INC3550",
    "LocationDisplayOrder": 41
  },
  {
    "ID": 43303,
    "Description": 2016,
    "LocationAbbr": "PA",
    "LocationDesc": "Pennsylvania",
    "DataSource": "BRFSS",
    "Topic": "Obesity / Weight Status",
    "Data_Value": 31,
    "Sample_Size": 818,
    "Stratification1": "$35,000 - $49,999",
    "StratificationId1": "INC3550",
    "LocationDisplayOrder": 42
  },
  {
    "ID": 41307,
    "Description": 2016,
    "LocationAbbr": "RI",
    "LocationDesc": "Rhode Island",
    "DataSource": "BRFSS",
    "Topic": "Obesity / Weight Status",
    "Data_Value": 28.8,
    "Sample_Size": 547,
    "Stratification1": "$35,000 - $49,999",
    "StratificationId1": "INC3550",
    "LocationDisplayOrder": 44
  },
  {
    "ID": 39957,
    "Description": 2016,
    "LocationAbbr": "SC",
    "LocationDesc": "South Carolina",
    "DataSource": "BRFSS",
    "Topic": "Obesity / Weight Status",
    "Data_Value": 33.4,
    "Sample_Size": "1,306",
    "Stratification1": "$35,000 - $49,999",
    "StratificationId1": "INC3550",
    "LocationDisplayOrder": 45
  },
  {
    "ID": 41565,
    "Description": 2016,
    "LocationAbbr": "SD",
    "LocationDesc": "South Dakota",
    "DataSource": "BRFSS",
    "Topic": "Obesity / Weight Status",
    "Data_Value": 31.8,
    "Sample_Size": 793,
    "Stratification1": "$35,000 - $49,999",
    "StratificationId1": "INC3550",
    "LocationDisplayOrder": 46
  },
  {
    "ID": 43409,
    "Description": 2016,
    "LocationAbbr": "TN",
    "LocationDesc": "Tennessee",
    "DataSource": "BRFSS",
    "Topic": "Obesity / Weight Status",
    "Data_Value": 38.8,
    "Sample_Size": 769,
    "Stratification1": "$35,000 - $49,999",
    "StratificationId1": "INC3550",
    "LocationDisplayOrder": 47
  },
  {
    "ID": 41820,
    "Description": 2016,
    "LocationAbbr": "TX",
    "LocationDesc": "Texas",
    "DataSource": "BRFSS",
    "Topic": "Obesity / Weight Status",
    "Data_Value": 36.2,
    "Sample_Size": "1,310",
    "Stratification1": "$35,000 - $49,999",
    "StratificationId1": "INC3550",
    "LocationDisplayOrder": 48
  },
  {
    "ID": 41383,
    "Description": 2016,
    "LocationAbbr": "UT",
    "LocationDesc": "Utah",
    "DataSource": "BRFSS",
    "Topic": "Obesity / Weight Status",
    "Data_Value": 30.1,
    "Sample_Size": "1,245",
    "Stratification1": "$35,000 - $49,999",
    "StratificationId1": "INC3550",
    "LocationDisplayOrder": 49
  },
  {
    "ID": 40668,
    "Description": 2016,
    "LocationAbbr": "VT",
    "LocationDesc": "Vermont",
    "DataSource": "BRFSS",
    "Topic": "Obesity / Weight Status",
    "Data_Value": 26,
    "Sample_Size": 819,
    "Stratification1": "$35,000 - $49,999",
    "StratificationId1": "INC3550",
    "LocationDisplayOrder": 50
  },
  {
    "ID": 43941,
    "Description": 2016,
    "LocationAbbr": "VA",
    "LocationDesc": "Virginia",
    "DataSource": "BRFSS",
    "Topic": "Obesity / Weight Status",
    "Data_Value": 31.7,
    "Sample_Size": 986,
    "Stratification1": "$35,000 - $49,999",
    "StratificationId1": "INC3550",
    "LocationDisplayOrder": 51
  },
  {
    "ID": 41170,
    "Description": 2016,
    "LocationAbbr": "WA",
    "LocationDesc": "Washington",
    "DataSource": "BRFSS",
    "Topic": "Obesity / Weight Status",
    "Data_Value": 31.2,
    "Sample_Size": "1,657",
    "Stratification1": "$35,000 - $49,999",
    "StratificationId1": "INC3550",
    "LocationDisplayOrder": 53
  },
  {
    "ID": 39609,
    "Description": 2016,
    "LocationAbbr": "WV",
    "LocationDesc": "West Virginia",
    "DataSource": "BRFSS",
    "Topic": "Obesity / Weight Status",
    "Data_Value": 40.6,
    "Sample_Size": 800,
    "Stratification1": "$35,000 - $49,999",
    "StratificationId1": "INC3550",
    "LocationDisplayOrder": 54
  },
  {
    "ID": 42542,
    "Description": 2016,
    "LocationAbbr": "WI",
    "LocationDesc": "Wisconsin",
    "DataSource": "BRFSS",
    "Topic": "Obesity / Weight Status",
    "Data_Value": 33.3,
    "Sample_Size": 645,
    "Stratification1": "$35,000 - $49,999",
    "StratificationId1": "INC3550",
    "LocationDisplayOrder": 55
  },
  {
    "ID": 43316,
    "Description": 2016,
    "LocationAbbr": "WY",
    "LocationDesc": "Wyoming",
    "DataSource": "BRFSS",
    "Topic": "Obesity / Weight Status",
    "Data_Value": 28.1,
    "Sample_Size": 575,
    "Stratification1": "$35,000 - $49,999",
    "StratificationId1": "INC3550",
    "LocationDisplayOrder": 56
  },
  {
    "ID": 43065,
    "Description": 2016,
    "LocationAbbr": "GU",
    "LocationDesc": "Guam",
    "DataSource": "BRFSS",
    "Topic": "Obesity / Weight Status",
    "Data_Value": 33.3,
    "Sample_Size": 224,
    "Stratification1": "$35,000 - $49,999",
    "StratificationId1": "INC3550",
    "LocationDisplayOrder": 66
  },
  {
    "ID": 42275,
    "Description": 2016,
    "LocationAbbr": "PR",
    "LocationDesc": "Puerto Rico",
    "DataSource": "BRFSS",
    "Topic": "Obesity / Weight Status",
    "Data_Value": 31.5,
    "Sample_Size": 328,
    "Stratification1": "$35,000 - $49,999",
    "StratificationId1": "INC3550",
    "LocationDisplayOrder": 72
  },
  {
    "ID": 42412,
    "Description": 2016,
    "LocationAbbr": "VI",
    "LocationDesc": "Virgin Islands",
    "DataSource": "BRFSS",
    "Topic": "Obesity / Weight Status",
    "Data_Value": 36.3,
    "Sample_Size": 153,
    "Stratification1": "$35,000 - $49,999",
    "StratificationId1": "INC3550",
    "LocationDisplayOrder": 78
  },
  {
    "ID": "",
    "Description": "",
    "LocationAbbr": "",
    "LocationDesc": "",
    "DataSource": "",
    "Topic": "",
    "Data_Value": "",
    "Sample_Size": "",
    "Stratification1": "",
    "StratificationId1": "",
    "LocationDisplayOrder": ""
  },
  {
    "ID": "",
    "Description": "",
    "LocationAbbr": "",
    "LocationDesc": "",
    "DataSource": "",
    "Topic": "",
    "Data_Value": "",
    "Sample_Size": "",
    "Stratification1": "",
    "StratificationId1": "",
    "LocationDisplayOrder": ""
  },
  {
    "ID": "",
    "Description": "",
    "LocationAbbr": "",
    "LocationDesc": "",
    "DataSource": "",
    "Topic": "",
    "Data_Value": "",
    "Sample_Size": "",
    "Stratification1": "",
    "StratificationId1": "",
    "LocationDisplayOrder": ""
  },
  {
    "ID": "",
    "Description": "",
    "LocationAbbr": "",
    "LocationDesc": "",
    "DataSource": "",
    "Topic": "",
    "Data_Value": "",
    "Sample_Size": "",
    "Stratification1": "",
    "StratificationId1": "",
    "LocationDisplayOrder": ""
  },
  {
    "ID": "",
    "Description": "",
    "LocationAbbr": "",
    "LocationDesc": "",
    "DataSource": "",
    "Topic": "",
    "Data_Value": "",
    "Sample_Size": "",
    "Stratification1": "",
    "StratificationId1": "",
    "LocationDisplayOrder": ""
  },
  {
    "ID": "",
    "Description": "",
    "LocationAbbr": "",
    "LocationDesc": "",
    "DataSource": "",
    "Topic": "",
    "Data_Value": "",
    "Sample_Size": "",
    "Stratification1": "",
    "StratificationId1": "",
    "LocationDisplayOrder": ""
  },
  {
    "ID": "",
    "Description": "",
    "LocationAbbr": "",
    "LocationDesc": "",
    "DataSource": "",
    "Topic": "",
    "Data_Value": "",
    "Sample_Size": "",
    "Stratification1": "",
    "StratificationId1": "",
    "LocationDisplayOrder": ""
  },
  {
    "ID": "",
    "Description": "",
    "LocationAbbr": "",
    "LocationDesc": "",
    "DataSource": "",
    "Topic": "",
    "Data_Value": "",
    "Sample_Size": "",
    "Stratification1": "",
    "StratificationId1": "",
    "LocationDisplayOrder": ""
  },
  {
    "ID": "",
    "Description": "",
    "LocationAbbr": "",
    "LocationDesc": "",
    "DataSource": "",
    "Topic": "",
    "Data_Value": "",
    "Sample_Size": "",
    "Stratification1": "",
    "StratificationId1": "",
    "LocationDisplayOrder": ""
  }
]