[
  {
    "ID": 43795,
    "Description": 2016,
    "LocationAbbr": "US",
    "LocationDesc": "National",
    "DataSource": "BRFSS",
    "Topic": "Obesity / Weight Status",
    "Data_Value": 33.1,
    "Sample_Size": "28,666",
    "Stratification1": "Hispanic",
    "StratificationId1": "RACEHIS",
    "LocationDisplayOrder": 0
  },
  {
    "ID": 39730,
    "Description": 2016,
    "LocationAbbr": "AL",
    "LocationDesc": "Alabama",
    "DataSource": "BRFSS",
    "Topic": "Obesity / Weight Status",
    "Data_Value": 29.8,
    "Sample_Size": 76,
    "Stratification1": "Hispanic",
    "StratificationId1": "RACEHIS",
    "LocationDisplayOrder": 1
  },
  {
    "ID": 42810,
    "Description": 2016,
    "LocationAbbr": "AK",
    "LocationDesc": "Alaska",
    "DataSource": "BRFSS",
    "Topic": "Obesity / Weight Status",
    "Data_Value": 29.9,
    "Sample_Size": 85,
    "Stratification1": "Hispanic",
    "StratificationId1": "RACEHIS",
    "LocationDisplayOrder": 2
  },
  {
    "ID": 44029,
    "Description": 2016,
    "LocationAbbr": "AZ",
    "LocationDesc": "Arizona",
    "DataSource": "BRFSS",
    "Topic": "Obesity / Weight Status",
    "Data_Value": 35.2,
    "Sample_Size": "1,138",
    "Stratification1": "Hispanic",
    "StratificationId1": "RACEHIS",
    "LocationDisplayOrder": 4
  },
  {
    "ID": 42793,
    "Description": 2016,
    "LocationAbbr": "AR",
    "LocationDesc": "Arkansas",
    "DataSource": "BRFSS",
    "Topic": "Obesity / Weight Status",
    "Data_Value": 29.3,
    "Sample_Size": 96,
    "Stratification1": "Hispanic",
    "StratificationId1": "RACEHIS",
    "LocationDisplayOrder": 5
  },
  {
    "ID": 41978,
    "Description": 2016,
    "LocationAbbr": "CA",
    "LocationDesc": "California",
    "DataSource": "BRFSS",
    "Topic": "Obesity / Weight Status",
    "Data_Value": 33.3,
    "Sample_Size": "3,002",
    "Stratification1": "Hispanic",
    "StratificationId1": "RACEHIS",
    "LocationDisplayOrder": 6
  },
  {
    "ID": 39533,
    "Description": 2016,
    "LocationAbbr": "CO",
    "LocationDesc": "Colorado",
    "DataSource": "BRFSS",
    "Topic": "Obesity / Weight Status",
    "Data_Value": 26.9,
    "Sample_Size": "1,691",
    "Stratification1": "Hispanic",
    "StratificationId1": "RACEHIS",
    "LocationDisplayOrder": 8
  },
  {
    "ID": 42157,
    "Description": 2016,
    "LocationAbbr": "CT",
    "LocationDesc": "Connecticut",
    "DataSource": "BRFSS",
    "Topic": "Obesity / Weight Status",
    "Data_Value": 33,
    "Sample_Size": 902,
    "Stratification1": "Hispanic",
    "StratificationId1": "RACEHIS",
    "LocationDisplayOrder": 9
  },
  {
    "ID": 43608,
    "Description": 2016,
    "LocationAbbr": "DE",
    "LocationDesc": "Delaware",
    "DataSource": "BRFSS",
    "Topic": "Obesity / Weight Status",
    "Data_Value": 27.2,
    "Sample_Size": 278,
    "Stratification1": "Hispanic",
    "StratificationId1": "RACEHIS",
    "LocationDisplayOrder": 10
  },
  {
    "ID": 41177,
    "Description": 2016,
    "LocationAbbr": "DC",
    "LocationDesc": "District of Columbia",
    "DataSource": "BRFSS",
    "Topic": "Obesity / Weight Status",
    "Data_Value": 20.8,
    "Sample_Size": 139,
    "Stratification1": "Hispanic",
    "StratificationId1": "RACEHIS",
    "LocationDisplayOrder": 11
  },
  {
    "ID": 39672,
    "Description": 2016,
    "LocationAbbr": "FL",
    "LocationDesc": "Florida",
    "DataSource": "BRFSS",
    "Topic": "Obesity / Weight Status",
    "Data_Value": 27.2,
    "Sample_Size": "3,683",
    "Stratification1": "Hispanic",
    "StratificationId1": "RACEHIS",
    "LocationDisplayOrder": 12
  },
  {
    "ID": 41085,
    "Description": 2016,
    "LocationAbbr": "GA",
    "LocationDesc": "Georgia",
    "DataSource": "BRFSS",
    "Topic": "Obesity / Weight Status",
    "Data_Value": 32.4,
    "Sample_Size": 227,
    "Stratification1": "Hispanic",
    "StratificationId1": "RACEHIS",
    "LocationDisplayOrder": 13
  },
  {
    "ID": 43282,
    "Description": 2016,
    "LocationAbbr": "HI",
    "LocationDesc": "Hawaii",
    "DataSource": "BRFSS",
    "Topic": "Obesity / Weight Status",
    "Data_Value": 31.8,
    "Sample_Size": 539,
    "Stratification1": "Hispanic",
    "StratificationId1": "RACEHIS",
    "LocationDisplayOrder": 15
  },
  {
    "ID": 42370,
    "Description": 2016,
    "LocationAbbr": "ID",
    "LocationDesc": "Idaho",
    "DataSource": "BRFSS",
    "Topic": "Obesity / Weight Status",
    "Data_Value": 30.3,
    "Sample_Size": 254,
    "Stratification1": "Hispanic",
    "StratificationId1": "RACEHIS",
    "LocationDisplayOrder": 16
  },
  {
    "ID": 40463,
    "Description": 2016,
    "LocationAbbr": "IL",
    "LocationDesc": "Illinois",
    "DataSource": "BRFSS",
    "Topic": "Obesity / Weight Status",
    "Data_Value": 36.6,
    "Sample_Size": 425,
    "Stratification1": "Hispanic",
    "StratificationId1": "RACEHIS",
    "LocationDisplayOrder": 17
  },
  {
    "ID": 39907,
    "Description": 2016,
    "LocationAbbr": "IN",
    "LocationDesc": "Indiana",
    "DataSource": "BRFSS",
    "Topic": "Obesity / Weight Status",
    "Data_Value": 26.8,
    "Sample_Size": 330,
    "Stratification1": "Hispanic",
    "StratificationId1": "RACEHIS",
    "LocationDisplayOrder": 18
  },
  {
    "ID": 43628,
    "Description": 2016,
    "LocationAbbr": "IA",
    "LocationDesc": "Iowa",
    "DataSource": "BRFSS",
    "Topic": "Obesity / Weight Status",
    "Data_Value": 27.8,
    "Sample_Size": 191,
    "Stratification1": "Hispanic",
    "StratificationId1": "RACEHIS",
    "LocationDisplayOrder": 19
  },
  {
    "ID": 40260,
    "Description": 2016,
    "LocationAbbr": "KS",
    "LocationDesc": "Kansas",
    "DataSource": "BRFSS",
    "Topic": "Obesity / Weight Status",
    "Data_Value": 32.9,
    "Sample_Size": 493,
    "Stratification1": "Hispanic",
    "StratificationId1": "RACEHIS",
    "LocationDisplayOrder": 20
  },
  {
    "ID": 40060,
    "Description": 2016,
    "LocationAbbr": "KY",
    "LocationDesc": "Kentucky",
    "DataSource": "BRFSS",
    "Topic": "Obesity / Weight Status",
    "Data_Value": 30.2,
    "Sample_Size": 98,
    "Stratification1": "Hispanic",
    "StratificationId1": "RACEHIS",
    "LocationDisplayOrder": 21
  },
  {
    "ID": 41483,
    "Description": 2016,
    "LocationAbbr": "LA",
    "LocationDesc": "Louisiana",
    "DataSource": "BRFSS",
    "Topic": "Obesity / Weight Status",
    "Data_Value": 32.9,
    "Sample_Size": 135,
    "Stratification1": "Hispanic",
    "StratificationId1": "RACEHIS",
    "LocationDisplayOrder": 22
  },
  {
    "ID": 43887,
    "Description": 2016,
    "LocationAbbr": "ME",
    "LocationDesc": "Maine",
    "DataSource": "BRFSS",
    "Topic": "Obesity / Weight Status",
    "Data_Value": 34.2,
    "Sample_Size": 76,
    "Stratification1": "Hispanic",
    "StratificationId1": "RACEHIS",
    "LocationDisplayOrder": 23
  },
  {
    "ID": 42152,
    "Description": 2016,
    "LocationAbbr": "MD",
    "LocationDesc": "Maryland",
    "DataSource": "BRFSS",
    "Topic": "Obesity / Weight Status",
    "Data_Value": 28.9,
    "Sample_Size": 552,
    "Stratification1": "Hispanic",
    "StratificationId1": "RACEHIS",
    "LocationDisplayOrder": 24
  },
  {
    "ID": 43224,
    "Description": 2016,
    "LocationAbbr": "MA",
    "LocationDesc": "Massachusetts",
    "DataSource": "BRFSS",
    "Topic": "Obesity / Weight Status",
    "Data_Value": 28.9,
    "Sample_Size": 594,
    "Stratification1": "Hispanic",
    "StratificationId1": "RACEHIS",
    "LocationDisplayOrder": 25
  },
  {
    "ID": 42896,
    "Description": 2016,
    "LocationAbbr": "MI",
    "LocationDesc": "Michigan",
    "DataSource": "BRFSS",
    "Topic": "Obesity / Weight Status",
    "Data_Value": 37.3,
    "Sample_Size": 280,
    "Stratification1": "Hispanic",
    "StratificationId1": "RACEHIS",
    "LocationDisplayOrder": 26
  },
  {
    "ID": 41675,
    "Description": 2016,
    "LocationAbbr": "MN",
    "LocationDesc": "Minnesota",
    "DataSource": "BRFSS",
    "Topic": "Obesity / Weight Status",
    "Data_Value": 35,
    "Sample_Size": 545,
    "Stratification1": "Hispanic",
    "StratificationId1": "RACEHIS",
    "LocationDisplayOrder": 27
  },
  {
    "ID": 41342,
    "Description": 2016,
    "LocationAbbr": "MS",
    "LocationDesc": "Mississippi",
    "DataSource": "BRFSS",
    "Topic": "Obesity / Weight Status",
    "Data_Value": 25.4,
    "Sample_Size": 54,
    "Stratification1": "Hispanic",
    "StratificationId1": "RACEHIS",
    "LocationDisplayOrder": 28
  },
  {
    "ID": 43394,
    "Description": 2016,
    "LocationAbbr": "MO",
    "LocationDesc": "Missouri",
    "DataSource": "BRFSS",
    "Topic": "Obesity / Weight Status",
    "Data_Value": 34.6,
    "Sample_Size": 132,
    "Stratification1": "Hispanic",
    "StratificationId1": "RACEHIS",
    "LocationDisplayOrder": 29
  },
  {
    "ID": 42249,
    "Description": 2016,
    "LocationAbbr": "MT",
    "LocationDesc": "Montana",
    "DataSource": "BRFSS",
    "Topic": "Obesity / Weight Status",
    "Data_Value": 28,
    "Sample_Size": 101,
    "Stratification1": "Hispanic",
    "StratificationId1": "RACEHIS",
    "LocationDisplayOrder": 30
  },
  {
    "ID": 44260,
    "Description": 2016,
    "LocationAbbr": "NE",
    "LocationDesc": "Nebraska",
    "DataSource": "BRFSS",
    "Topic": "Obesity / Weight Status",
    "Data_Value": 33.1,
    "Sample_Size": 700,
    "Stratification1": "Hispanic",
    "StratificationId1": "RACEHIS",
    "LocationDisplayOrder": 31
  },
  {
    "ID": 43023,
    "Description": 2016,
    "LocationAbbr": "NV",
    "LocationDesc": "Nevada",
    "DataSource": "BRFSS",
    "Topic": "Obesity / Weight Status",
    "Data_Value": 26.2,
    "Sample_Size": 641,
    "Stratification1": "Hispanic",
    "StratificationId1": "RACEHIS",
    "LocationDisplayOrder": 32
  },
  {
    "ID": 43576,
    "Description": 2016,
    "LocationAbbr": "NH",
    "LocationDesc": "New Hampshire",
    "DataSource": "BRFSS",
    "Topic": "Obesity / Weight Status",
    "Data_Value": 15.8,
    "Sample_Size": 70,
    "Stratification1": "Hispanic",
    "StratificationId1": "RACEHIS",
    "LocationDisplayOrder": 33
  },
  {
    "ID": 43755,
    "Description": 2016,
    "LocationAbbr": "NJ",
    "LocationDesc": "New Jersey",
    "DataSource": "BRFSS",
    "Topic": "Obesity / Weight Status",
    "Data_Value": 36.7,
    "Sample_Size": 858,
    "Stratification1": "Hispanic",
    "StratificationId1": "RACEHIS",
    "LocationDisplayOrder": 34
  },
  {
    "ID": 43343,
    "Description": 2016,
    "LocationAbbr": "NM",
    "LocationDesc": "New Mexico",
    "DataSource": "BRFSS",
    "Topic": "Obesity / Weight Status",
    "Data_Value": 29.8,
    "Sample_Size": "1,736",
    "Stratification1": "Hispanic",
    "StratificationId1": "RACEHIS",
    "LocationDisplayOrder": 35
  },
  {
    "ID": 42440,
    "Description": 2016,
    "LocationAbbr": "NY",
    "LocationDesc": "New York",
    "DataSource": "BRFSS",
    "Topic": "Obesity / Weight Status",
    "Data_Value": 29.8,
    "Sample_Size": "2,096",
    "Stratification1": "Hispanic",
    "StratificationId1": "RACEHIS",
    "LocationDisplayOrder": 36
  },
  {
    "ID": 42271,
    "Description": 2016,
    "LocationAbbr": "NC",
    "LocationDesc": "North Carolina",
    "DataSource": "BRFSS",
    "Topic": "Obesity / Weight Status",
    "Data_Value": 31.2,
    "Sample_Size": 378,
    "Stratification1": "Hispanic",
    "StratificationId1": "RACEHIS",
    "LocationDisplayOrder": 37
  },
  {
    "ID": 40749,
    "Description": 2016,
    "LocationAbbr": "ND",
    "LocationDesc": "North Dakota",
    "DataSource": "BRFSS",
    "Topic": "Obesity / Weight Status",
    "Data_Value": 40.7,
    "Sample_Size": 66,
    "Stratification1": "Hispanic",
    "StratificationId1": "RACEHIS",
    "LocationDisplayOrder": 38
  },
  {
    "ID": 41232,
    "Description": 2016,
    "LocationAbbr": "OH",
    "LocationDesc": "Ohio",
    "DataSource": "BRFSS",
    "Topic": "Obesity / Weight Status",
    "Data_Value": 37.9,
    "Sample_Size": 158,
    "Stratification1": "Hispanic",
    "StratificationId1": "RACEHIS",
    "LocationDisplayOrder": 39
  },
  {
    "ID": 44272,
    "Description": 2016,
    "LocationAbbr": "OK",
    "LocationDesc": "Oklahoma",
    "DataSource": "BRFSS",
    "Topic": "Obesity / Weight Status",
    "Data_Value": 42.6,
    "Sample_Size": 258,
    "Stratification1": "Hispanic",
    "StratificationId1": "RACEHIS",
    "LocationDisplayOrder": 40
  },
  {
    "ID": 44100,
    "Description": 2016,
    "LocationAbbr": "OR",
    "LocationDesc": "Oregon",
    "DataSource": "BRFSS",
    "Topic": "Obesity / Weight Status",
    "Data_Value": 35.2,
    "Sample_Size": 279,
    "Stratification1": "Hispanic",
    "StratificationId1": "RACEHIS",
    "LocationDisplayOrder": 41
  },
  {
    "ID": 41902,
    "Description": 2016,
    "LocationAbbr": "PA",
    "LocationDesc": "Pennsylvania",
    "DataSource": "BRFSS",
    "Topic": "Obesity / Weight Status",
    "Data_Value": 36.9,
    "Sample_Size": 199,
    "Stratification1": "Hispanic",
    "StratificationId1": "RACEHIS",
    "LocationDisplayOrder": 42
  },
  {
    "ID": 42220,
    "Description": 2016,
    "LocationAbbr": "RI",
    "LocationDesc": "Rhode Island",
    "DataSource": "BRFSS",
    "Topic": "Obesity / Weight Status",
    "Data_Value": 36.1,
    "Sample_Size": 363,
    "Stratification1": "Hispanic",
    "StratificationId1": "RACEHIS",
    "LocationDisplayOrder": 44
  },
  {
    "ID": 42861,
    "Description": 2016,
    "LocationAbbr": "SC",
    "LocationDesc": "South Carolina",
    "DataSource": "BRFSS",
    "Topic": "Obesity / Weight Status",
    "Data_Value": 24.3,
    "Sample_Size": 189,
    "Stratification1": "Hispanic",
    "StratificationId1": "RACEHIS",
    "LocationDisplayOrder": 45
  },
  {
    "ID": 42327,
    "Description": 2016,
    "LocationAbbr": "SD",
    "LocationDesc": "South Dakota",
    "DataSource": "BRFSS",
    "Topic": "Obesity / Weight Status",
    "Data_Value": 31.1,
    "Sample_Size": 62,
    "Stratification1": "Hispanic",
    "StratificationId1": "RACEHIS",
    "LocationDisplayOrder": 46
  },
  {
    "ID": 43012,
    "Description": 2016,
    "LocationAbbr": "TN",
    "LocationDesc": "Tennessee",
    "DataSource": "BRFSS",
    "Topic": "Obesity / Weight Status",
    "Data_Value": 39.1,
    "Sample_Size": 105,
    "Stratification1": "Hispanic",
    "StratificationId1": "RACEHIS",
    "LocationDisplayOrder": 47
  },
  {
    "ID": 41644,
    "Description": 2016,
    "LocationAbbr": "TX",
    "LocationDesc": "Texas",
    "DataSource": "BRFSS",
    "Topic": "Obesity / Weight Status",
    "Data_Value": 37.8,
    "Sample_Size": "2,258",
    "Stratification1": "Hispanic",
    "StratificationId1": "RACEHIS",
    "LocationDisplayOrder": 48
  },
  {
    "ID": 40895,
    "Description": 2016,
    "LocationAbbr": "UT",
    "LocationDesc": "Utah",
    "DataSource": "BRFSS",
    "Topic": "Obesity / Weight Status",
    "Data_Value": 28.8,
    "Sample_Size": 589,
    "Stratification1": "Hispanic",
    "StratificationId1": "RACEHIS",
    "LocationDisplayOrder": 49
  },
  {
    "ID": 39742,
    "Description": 2016,
    "LocationAbbr": "VT",
    "LocationDesc": "Vermont",
    "DataSource": "BRFSS",
    "Topic": "Obesity / Weight Status",
    "Data_Value": 27.4,
    "Sample_Size": 77,
    "Stratification1": "Hispanic",
    "StratificationId1": "RACEHIS",
    "LocationDisplayOrder": 50
  },
  {
    "ID": 41210,
    "Description": 2016,
    "LocationAbbr": "VA",
    "LocationDesc": "Virginia",
    "DataSource": "BRFSS",
    "Topic": "Obesity / Weight Status",
    "Data_Value": 28,
    "Sample_Size": 394,
    "Stratification1": "Hispanic",
    "StratificationId1": "RACEHIS",
    "LocationDisplayOrder": 51
  },
  {
    "ID": 41891,
    "Description": 2016,
    "LocationAbbr": "WA",
    "LocationDesc": "Washington",
    "DataSource": "BRFSS",
    "Topic": "Obesity / Weight Status",
    "Data_Value": 37.7,
    "Sample_Size": 725,
    "Stratification1": "Hispanic",
    "StratificationId1": "RACEHIS",
    "LocationDisplayOrder": 53
  },
  {
    "ID": 39792,
    "Description": 2016,
    "LocationAbbr": "WV",
    "LocationDesc": "West Virginia",
    "DataSource": "BRFSS",
    "Topic": "Obesity / Weight Status",
    "Data_Value": "~",
    "Sample_Size": "~",
    "Stratification1": "Hispanic",
    "StratificationId1": "RACEHIS",
    "LocationDisplayOrder": 54
  },
  {
    "ID": 40356,
    "Description": 2016,
    "LocationAbbr": "WI",
    "LocationDesc": "Wisconsin",
    "DataSource": "BRFSS",
    "Topic": "Obesity / Weight Status",
    "Data_Value": 25.1,
    "Sample_Size": 112,
    "Stratification1": "Hispanic",
    "StratificationId1": "RACEHIS",
    "LocationDisplayOrder": 55
  },
  {
    "ID": 40726,
    "Description": 2016,
    "LocationAbbr": "WY",
    "LocationDesc": "Wyoming",
    "DataSource": "BRFSS",
    "Topic": "Obesity / Weight Status",
    "Data_Value": 29.3,
    "Sample_Size": 196,
    "Stratification1": "Hispanic",
    "StratificationId1": "RACEHIS",
    "LocationDisplayOrder": 56
  },
  {
    "ID": 42785,
    "Description": 2016,
    "LocationAbbr": "GU",
    "LocationDesc": "Guam",
    "DataSource": "BRFSS",
    "Topic": "Obesity / Weight Status",
    "Data_Value": 28.8,
    "Sample_Size": 121,
    "Stratification1": "Hispanic",
    "StratificationId1": "RACEHIS",
    "LocationDisplayOrder": 66
  },
  {
    "ID": 43497,
    "Description": 2016,
    "LocationAbbr": "PR",
    "LocationDesc": "Puerto Rico",
    "DataSource": "BRFSS",
    "Topic": "Obesity / Weight Status",
    "Data_Value": 30.7,
    "Sample_Size": "5,457",
    "Stratification1": "Hispanic",
    "StratificationId1": "RACEHIS",
    "LocationDisplayOrder": 72
  },
  {
    "ID": 40929,
    "Description": 2016,
    "LocationAbbr": "VI",
    "LocationDesc": "Virgin Islands",
    "DataSource": "BRFSS",
    "Topic": "Obesity / Weight Status",
    "Data_Value": 32.7,
    "Sample_Size": 170,
    "Stratification1": "Hispanic",
    "StratificationId1": "RACEHIS",
    "LocationDisplayOrder": 78
  },
  {
    "ID": "",
    "Description": "",
    "LocationAbbr": "",
    "LocationDesc": "",
    "DataSource": "",
    "Topic": "",
    "Data_Value": "",
    "Sample_Size": "",
    "Stratification1": "",
    "StratificationId1": "",
    "LocationDisplayOrder": ""
  },
  {
    "ID": "",
    "Description": "",
    "LocationAbbr": "",
    "LocationDesc": "",
    "DataSource": "",
    "Topic": "",
    "Data_Value": "",
    "Sample_Size": "",
    "Stratification1": "",
    "StratificationId1": "",
    "LocationDisplayOrder": ""
  },
  {
    "ID": "",
    "Description": "",
    "LocationAbbr": "",
    "LocationDesc": "",
    "DataSource": "",
    "Topic": "",
    "Data_Value": "",
    "Sample_Size": "",
    "Stratification1": "",
    "StratificationId1": "",
    "LocationDisplayOrder": ""
  },
  {
    "ID": "",
    "Description": "",
    "LocationAbbr": "",
    "LocationDesc": "",
    "DataSource": "",
    "Topic": "",
    "Data_Value": "",
    "Sample_Size": "",
    "Stratification1": "",
    "StratificationId1": "",
    "LocationDisplayOrder": ""
  },
  {
    "ID": "",
    "Description": "",
    "LocationAbbr": "",
    "LocationDesc": "",
    "DataSource": "",
    "Topic": "",
    "Data_Value": "",
    "Sample_Size": "",
    "Stratification1": "",
    "StratificationId1": "",
    "LocationDisplayOrder": ""
  },
  {
    "ID": "",
    "Description": "",
    "LocationAbbr": "",
    "LocationDesc": "",
    "DataSource": "",
    "Topic": "",
    "Data_Value": "",
    "Sample_Size": "",
    "Stratification1": "",
    "StratificationId1": "",
    "LocationDisplayOrder": ""
  },
  {
    "ID": "",
    "Description": "",
    "LocationAbbr": "",
    "LocationDesc": "",
    "DataSource": "",
    "Topic": "",
    "Data_Value": "",
    "Sample_Size": "",
    "Stratification1": "",
    "StratificationId1": "",
    "LocationDisplayOrder": ""
  },
  {
    "ID": "",
    "Description": "",
    "LocationAbbr": "",
    "LocationDesc": "",
    "DataSource": "",
    "Topic": "",
    "Data_Value": "",
    "Sample_Size": "",
    "Stratification1": "",
    "StratificationId1": "",
    "LocationDisplayOrder": ""
  },
  {
    "ID": "",
    "Description": "",
    "LocationAbbr": "",
    "LocationDesc": "",
    "DataSource": "",
    "Topic": "",
    "Data_Value": "",
    "Sample_Size": "",
    "Stratification1": "",
    "StratificationId1": "",
    "LocationDisplayOrder": ""
  },
  {
    "ID": "",
    "Description": "",
    "LocationAbbr": "",
    "LocationDesc": "",
    "DataSource": "",
    "Topic": "",
    "Data_Value": "",
    "Sample_Size": "",
    "Stratification1": "",
    "StratificationId1": "",
    "LocationDisplayOrder": ""
  }
]