[
  {
    "ID": 47233,
    "Description": 2017,
    "LocationAbbr": "US",
    "LocationDesc": "National",
    "DataSource": "BRFSS",
    "Topic": "Obesity / Weight Status",
    "Data_Value": 30.1,
    "Sample_Size": "408,448",
    "Stratification1": "Total",
    "StratificationId1": "OVERALL",
    "LocationDisplayOrder": 0
  },
  {
    "ID": 57906,
    "Description": 2017,
    "LocationAbbr": "AL",
    "LocationDesc": "Alabama",
    "DataSource": "BRFSS",
    "Topic": "Obesity / Weight Status",
    "Data_Value": 36.3,
    "Sample_Size": "6,245",
    "Stratification1": "Total",
    "StratificationId1": "OVERALL",
    "LocationDisplayOrder": 1
  },
  {
    "ID": 58481,
    "Description": 2017,
    "LocationAbbr": "AK",
    "LocationDesc": "Alaska",
    "DataSource": "BRFSS",
    "Topic": "Obesity / Weight Status",
    "Data_Value": 34.2,
    "Sample_Size": "3,031",
    "Stratification1": "Total",
    "StratificationId1": "OVERALL",
    "LocationDisplayOrder": 2
  },
  {
    "ID": 56367,
    "Description": 2017,
    "LocationAbbr": "AZ",
    "LocationDesc": "Arizona",
    "DataSource": "BRFSS",
    "Topic": "Obesity / Weight Status",
    "Data_Value": 29.5,
    "Sample_Size": "14,164",
    "Stratification1": "Total",
    "StratificationId1": "OVERALL",
    "LocationDisplayOrder": 4
  },
  {
    "ID": 55256,
    "Description": 2017,
    "LocationAbbr": "AR",
    "LocationDesc": "Arkansas",
    "DataSource": "BRFSS",
    "Topic": "Obesity / Weight Status",
    "Data_Value": 35,
    "Sample_Size": "4,884",
    "Stratification1": "Total",
    "StratificationId1": "OVERALL",
    "LocationDisplayOrder": 5
  },
  {
    "ID": 51870,
    "Description": 2017,
    "LocationAbbr": "CA",
    "LocationDesc": "California",
    "DataSource": "BRFSS",
    "Topic": "Obesity / Weight Status",
    "Data_Value": 25.1,
    "Sample_Size": "8,475",
    "Stratification1": "Total",
    "StratificationId1": "OVERALL",
    "LocationDisplayOrder": 6
  },
  {
    "ID": 55846,
    "Description": 2017,
    "LocationAbbr": "CO",
    "LocationDesc": "Colorado",
    "DataSource": "BRFSS",
    "Topic": "Obesity / Weight Status",
    "Data_Value": 22.6,
    "Sample_Size": "9,063",
    "Stratification1": "Total",
    "StratificationId1": "OVERALL",
    "LocationDisplayOrder": 8
  },
  {
    "ID": 47600,
    "Description": 2017,
    "LocationAbbr": "CT",
    "LocationDesc": "Connecticut",
    "DataSource": "BRFSS",
    "Topic": "Obesity / Weight Status",
    "Data_Value": 26.9,
    "Sample_Size": "9,505",
    "Stratification1": "Total",
    "StratificationId1": "OVERALL",
    "LocationDisplayOrder": 9
  },
  {
    "ID": 46054,
    "Description": 2017,
    "LocationAbbr": "DE",
    "LocationDesc": "Delaware",
    "DataSource": "BRFSS",
    "Topic": "Obesity / Weight Status",
    "Data_Value": 31.8,
    "Sample_Size": "3,648",
    "Stratification1": "Total",
    "StratificationId1": "OVERALL",
    "LocationDisplayOrder": 10
  },
  {
    "ID": 48522,
    "Description": 2017,
    "LocationAbbr": "DC",
    "LocationDesc": "District of Columbia",
    "DataSource": "BRFSS",
    "Topic": "Obesity / Weight Status",
    "Data_Value": 23,
    "Sample_Size": "4,091",
    "Stratification1": "Total",
    "StratificationId1": "OVERALL",
    "LocationDisplayOrder": 11
  },
  {
    "ID": 47947,
    "Description": 2017,
    "LocationAbbr": "FL",
    "LocationDesc": "Florida",
    "DataSource": "BRFSS",
    "Topic": "Obesity / Weight Status",
    "Data_Value": 28.4,
    "Sample_Size": "19,913",
    "Stratification1": "Total",
    "StratificationId1": "OVERALL",
    "LocationDisplayOrder": 12
  },
  {
    "ID": 47823,
    "Description": 2017,
    "LocationAbbr": "GA",
    "LocationDesc": "Georgia",
    "DataSource": "BRFSS",
    "Topic": "Obesity / Weight Status",
    "Data_Value": 31.6,
    "Sample_Size": "5,369",
    "Stratification1": "Total",
    "StratificationId1": "OVERALL",
    "LocationDisplayOrder": 13
  },
  {
    "ID": 50253,
    "Description": 2017,
    "LocationAbbr": "HI",
    "LocationDesc": "Hawaii",
    "DataSource": "BRFSS",
    "Topic": "Obesity / Weight Status",
    "Data_Value": 23.8,
    "Sample_Size": "7,319",
    "Stratification1": "Total",
    "StratificationId1": "OVERALL",
    "LocationDisplayOrder": 15
  },
  {
    "ID": 58060,
    "Description": 2017,
    "LocationAbbr": "ID",
    "LocationDesc": "Idaho",
    "DataSource": "BRFSS",
    "Topic": "Obesity / Weight Status",
    "Data_Value": 29.3,
    "Sample_Size": "4,623",
    "Stratification1": "Total",
    "StratificationId1": "OVERALL",
    "LocationDisplayOrder": 16
  },
  {
    "ID": 47390,
    "Description": 2017,
    "LocationAbbr": "IL",
    "LocationDesc": "Illinois",
    "DataSource": "BRFSS",
    "Topic": "Obesity / Weight Status",
    "Data_Value": 31.1,
    "Sample_Size": "5,247",
    "Stratification1": "Total",
    "StratificationId1": "OVERALL",
    "LocationDisplayOrder": 17
  },
  {
    "ID": 47258,
    "Description": 2017,
    "LocationAbbr": "IN",
    "LocationDesc": "Indiana",
    "DataSource": "BRFSS",
    "Topic": "Obesity / Weight Status",
    "Data_Value": 33.6,
    "Sample_Size": "12,973",
    "Stratification1": "Total",
    "StratificationId1": "OVERALL",
    "LocationDisplayOrder": 18
  },
  {
    "ID": 50946,
    "Description": 2017,
    "LocationAbbr": "IA",
    "LocationDesc": "Iowa",
    "DataSource": "BRFSS",
    "Topic": "Obesity / Weight Status",
    "Data_Value": 36.4,
    "Sample_Size": "7,113",
    "Stratification1": "Total",
    "StratificationId1": "OVERALL",
    "LocationDisplayOrder": 19
  },
  {
    "ID": 56857,
    "Description": 2017,
    "LocationAbbr": "KS",
    "LocationDesc": "Kansas",
    "DataSource": "BRFSS",
    "Topic": "Obesity / Weight Status",
    "Data_Value": 32.4,
    "Sample_Size": "19,783",
    "Stratification1": "Total",
    "StratificationId1": "OVERALL",
    "LocationDisplayOrder": 20
  },
  {
    "ID": 51011,
    "Description": 2017,
    "LocationAbbr": "KY",
    "LocationDesc": "Kentucky",
    "DataSource": "BRFSS",
    "Topic": "Obesity / Weight Status",
    "Data_Value": 34.3,
    "Sample_Size": "8,018",
    "Stratification1": "Total",
    "StratificationId1": "OVERALL",
    "LocationDisplayOrder": 21
  },
  {
    "ID": 48341,
    "Description": 2017,
    "LocationAbbr": "LA",
    "LocationDesc": "Louisiana",
    "DataSource": "BRFSS",
    "Topic": "Obesity / Weight Status",
    "Data_Value": 36.2,
    "Sample_Size": "4,439",
    "Stratification1": "Total",
    "StratificationId1": "OVERALL",
    "LocationDisplayOrder": 22
  },
  {
    "ID": 57412,
    "Description": 2017,
    "LocationAbbr": "ME",
    "LocationDesc": "Maine",
    "DataSource": "BRFSS",
    "Topic": "Obesity / Weight Status",
    "Data_Value": 29.1,
    "Sample_Size": "9,295",
    "Stratification1": "Total",
    "StratificationId1": "OVERALL",
    "LocationDisplayOrder": 23
  },
  {
    "ID": 54130,
    "Description": 2017,
    "LocationAbbr": "MD",
    "LocationDesc": "Maryland",
    "DataSource": "BRFSS",
    "Topic": "Obesity / Weight Status",
    "Data_Value": 31.3,
    "Sample_Size": "12,386",
    "Stratification1": "Total",
    "StratificationId1": "OVERALL",
    "LocationDisplayOrder": 24
  },
  {
    "ID": 46332,
    "Description": 2017,
    "LocationAbbr": "MA",
    "LocationDesc": "Massachusetts",
    "DataSource": "BRFSS",
    "Topic": "Obesity / Weight Status",
    "Data_Value": 25.9,
    "Sample_Size": "6,272",
    "Stratification1": "Total",
    "StratificationId1": "OVERALL",
    "LocationDisplayOrder": 25
  },
  {
    "ID": 55838,
    "Description": 2017,
    "LocationAbbr": "MI",
    "LocationDesc": "Michigan",
    "DataSource": "BRFSS",
    "Topic": "Obesity / Weight Status",
    "Data_Value": 32.3,
    "Sample_Size": "10,129",
    "Stratification1": "Total",
    "StratificationId1": "OVERALL",
    "LocationDisplayOrder": 26
  },
  {
    "ID": 48583,
    "Description": 2017,
    "LocationAbbr": "MN",
    "LocationDesc": "Minnesota",
    "DataSource": "BRFSS",
    "Topic": "Obesity / Weight Status",
    "Data_Value": 28.4,
    "Sample_Size": "15,445",
    "Stratification1": "Total",
    "StratificationId1": "OVERALL",
    "LocationDisplayOrder": 27
  },
  {
    "ID": 50826,
    "Description": 2017,
    "LocationAbbr": "MS",
    "LocationDesc": "Mississippi",
    "DataSource": "BRFSS",
    "Topic": "Obesity / Weight Status",
    "Data_Value": 37.3,
    "Sample_Size": "4,750",
    "Stratification1": "Total",
    "StratificationId1": "OVERALL",
    "LocationDisplayOrder": 28
  },
  {
    "ID": 57681,
    "Description": 2017,
    "LocationAbbr": "MO",
    "LocationDesc": "Missouri",
    "DataSource": "BRFSS",
    "Topic": "Obesity / Weight Status",
    "Data_Value": 32.5,
    "Sample_Size": "7,010",
    "Stratification1": "Total",
    "StratificationId1": "OVERALL",
    "LocationDisplayOrder": 29
  },
  {
    "ID": 53588,
    "Description": 2017,
    "LocationAbbr": "MT",
    "LocationDesc": "Montana",
    "DataSource": "BRFSS",
    "Topic": "Obesity / Weight Status",
    "Data_Value": 25.3,
    "Sample_Size": "5,512",
    "Stratification1": "Total",
    "StratificationId1": "OVERALL",
    "LocationDisplayOrder": 30
  },
  {
    "ID": 54698,
    "Description": 2017,
    "LocationAbbr": "NE",
    "LocationDesc": "Nebraska",
    "DataSource": "BRFSS",
    "Topic": "Obesity / Weight Status",
    "Data_Value": 32.8,
    "Sample_Size": "14,330",
    "Stratification1": "Total",
    "StratificationId1": "OVERALL",
    "LocationDisplayOrder": 31
  },
  {
    "ID": 58208,
    "Description": 2017,
    "LocationAbbr": "NV",
    "LocationDesc": "Nevada",
    "DataSource": "BRFSS",
    "Topic": "Obesity / Weight Status",
    "Data_Value": 26.7,
    "Sample_Size": "3,496",
    "Stratification1": "Total",
    "StratificationId1": "OVERALL",
    "LocationDisplayOrder": 32
  },
  {
    "ID": 57431,
    "Description": 2017,
    "LocationAbbr": "NH",
    "LocationDesc": "New Hampshire",
    "DataSource": "BRFSS",
    "Topic": "Obesity / Weight Status",
    "Data_Value": 28.1,
    "Sample_Size": "5,191",
    "Stratification1": "Total",
    "StratificationId1": "OVERALL",
    "LocationDisplayOrder": 33
  },
  {
    "ID": 45944,
    "Description": 2017,
    "LocationAbbr": "NJ",
    "LocationDesc": "New Jersey",
    "DataSource": "BRFSS",
    "Topic": "Obesity / Weight Status",
    "Data_Value": 27.3,
    "Sample_Size": "10,394",
    "Stratification1": "Total",
    "StratificationId1": "OVERALL",
    "LocationDisplayOrder": 34
  },
  {
    "ID": 44436,
    "Description": 2017,
    "LocationAbbr": "NM",
    "LocationDesc": "New Mexico",
    "DataSource": "BRFSS",
    "Topic": "Obesity / Weight Status",
    "Data_Value": 28.4,
    "Sample_Size": "6,046",
    "Stratification1": "Total",
    "StratificationId1": "OVERALL",
    "LocationDisplayOrder": 35
  },
  {
    "ID": 50446,
    "Description": 2017,
    "LocationAbbr": "NY",
    "LocationDesc": "New York",
    "DataSource": "BRFSS",
    "Topic": "Obesity / Weight Status",
    "Data_Value": 25.7,
    "Sample_Size": "11,180",
    "Stratification1": "Total",
    "StratificationId1": "OVERALL",
    "LocationDisplayOrder": 36
  },
  {
    "ID": 53657,
    "Description": 2017,
    "LocationAbbr": "NC",
    "LocationDesc": "North Carolina",
    "DataSource": "BRFSS",
    "Topic": "Obesity / Weight Status",
    "Data_Value": 32.1,
    "Sample_Size": "4,483",
    "Stratification1": "Total",
    "StratificationId1": "OVERALL",
    "LocationDisplayOrder": 37
  },
  {
    "ID": 44339,
    "Description": 2017,
    "LocationAbbr": "ND",
    "LocationDesc": "North Dakota",
    "DataSource": "BRFSS",
    "Topic": "Obesity / Weight Status",
    "Data_Value": 33.2,
    "Sample_Size": "6,532",
    "Stratification1": "Total",
    "StratificationId1": "OVERALL",
    "LocationDisplayOrder": 38
  },
  {
    "ID": 51737,
    "Description": 2017,
    "LocationAbbr": "OH",
    "LocationDesc": "Ohio",
    "DataSource": "BRFSS",
    "Topic": "Obesity / Weight Status",
    "Data_Value": 33.8,
    "Sample_Size": "11,398",
    "Stratification1": "Total",
    "StratificationId1": "OVERALL",
    "LocationDisplayOrder": 39
  },
  {
    "ID": 55680,
    "Description": 2017,
    "LocationAbbr": "OK",
    "LocationDesc": "Oklahoma",
    "DataSource": "BRFSS",
    "Topic": "Obesity / Weight Status",
    "Data_Value": 36.5,
    "Sample_Size": "6,113",
    "Stratification1": "Total",
    "StratificationId1": "OVERALL",
    "LocationDisplayOrder": 40
  },
  {
    "ID": 46480,
    "Description": 2017,
    "LocationAbbr": "OR",
    "LocationDesc": "Oregon",
    "DataSource": "BRFSS",
    "Topic": "Obesity / Weight Status",
    "Data_Value": 29.4,
    "Sample_Size": "4,909",
    "Stratification1": "Total",
    "StratificationId1": "OVERALL",
    "LocationDisplayOrder": 41
  },
  {
    "ID": 54226,
    "Description": 2017,
    "LocationAbbr": "PA",
    "LocationDesc": "Pennsylvania",
    "DataSource": "BRFSS",
    "Topic": "Obesity / Weight Status",
    "Data_Value": 31.6,
    "Sample_Size": "6,135",
    "Stratification1": "Total",
    "StratificationId1": "OVERALL",
    "LocationDisplayOrder": 42
  },
  {
    "ID": 56513,
    "Description": 2017,
    "LocationAbbr": "RI",
    "LocationDesc": "Rhode Island",
    "DataSource": "BRFSS",
    "Topic": "Obesity / Weight Status",
    "Data_Value": 30,
    "Sample_Size": "5,141",
    "Stratification1": "Total",
    "StratificationId1": "OVERALL",
    "LocationDisplayOrder": 44
  },
  {
    "ID": 47845,
    "Description": 2017,
    "LocationAbbr": "SC",
    "LocationDesc": "South Carolina",
    "DataSource": "BRFSS",
    "Topic": "Obesity / Weight Status",
    "Data_Value": 34.1,
    "Sample_Size": "10,475",
    "Stratification1": "Total",
    "StratificationId1": "OVERALL",
    "LocationDisplayOrder": 45
  },
  {
    "ID": 49450,
    "Description": 2017,
    "LocationAbbr": "SD",
    "LocationDesc": "South Dakota",
    "DataSource": "BRFSS",
    "Topic": "Obesity / Weight Status",
    "Data_Value": 31.9,
    "Sample_Size": "6,533",
    "Stratification1": "Total",
    "StratificationId1": "OVERALL",
    "LocationDisplayOrder": 46
  },
  {
    "ID": 50074,
    "Description": 2017,
    "LocationAbbr": "TN",
    "LocationDesc": "Tennessee",
    "DataSource": "BRFSS",
    "Topic": "Obesity / Weight Status",
    "Data_Value": 32.8,
    "Sample_Size": "5,354",
    "Stratification1": "Total",
    "StratificationId1": "OVERALL",
    "LocationDisplayOrder": 47
  },
  {
    "ID": 45601,
    "Description": 2017,
    "LocationAbbr": "TX",
    "LocationDesc": "Texas",
    "DataSource": "BRFSS",
    "Topic": "Obesity / Weight Status",
    "Data_Value": 33,
    "Sample_Size": "11,238",
    "Stratification1": "Total",
    "StratificationId1": "OVERALL",
    "LocationDisplayOrder": 48
  },
  {
    "ID": 50337,
    "Description": 2017,
    "LocationAbbr": "UT",
    "LocationDesc": "Utah",
    "DataSource": "BRFSS",
    "Topic": "Obesity / Weight Status",
    "Data_Value": 25.3,
    "Sample_Size": "9,325",
    "Stratification1": "Total",
    "StratificationId1": "OVERALL",
    "LocationDisplayOrder": 49
  },
  {
    "ID": 54841,
    "Description": 2017,
    "LocationAbbr": "VT",
    "LocationDesc": "Vermont",
    "DataSource": "BRFSS",
    "Topic": "Obesity / Weight Status",
    "Data_Value": 27.6,
    "Sample_Size": "5,980",
    "Stratification1": "Total",
    "StratificationId1": "OVERALL",
    "LocationDisplayOrder": 50
  },
  {
    "ID": 53222,
    "Description": 2017,
    "LocationAbbr": "VA",
    "LocationDesc": "Virginia",
    "DataSource": "BRFSS",
    "Topic": "Obesity / Weight Status",
    "Data_Value": 30.1,
    "Sample_Size": "8,809",
    "Stratification1": "Total",
    "StratificationId1": "OVERALL",
    "LocationDisplayOrder": 51
  },
  {
    "ID": 56825,
    "Description": 2017,
    "LocationAbbr": "WA",
    "LocationDesc": "Washington",
    "DataSource": "BRFSS",
    "Topic": "Obesity / Weight Status",
    "Data_Value": 27.7,
    "Sample_Size": "12,062",
    "Stratification1": "Total",
    "StratificationId1": "OVERALL",
    "LocationDisplayOrder": 53
  },
  {
    "ID": 44719,
    "Description": 2017,
    "LocationAbbr": "WV",
    "LocationDesc": "West Virginia",
    "DataSource": "BRFSS",
    "Topic": "Obesity / Weight Status",
    "Data_Value": 38.1,
    "Sample_Size": "5,116",
    "Stratification1": "Total",
    "StratificationId1": "OVERALL",
    "LocationDisplayOrder": 54
  },
  {
    "ID": 57070,
    "Description": 2017,
    "LocationAbbr": "WI",
    "LocationDesc": "Wisconsin",
    "DataSource": "BRFSS",
    "Topic": "Obesity / Weight Status",
    "Data_Value": 32,
    "Sample_Size": "5,348",
    "Stratification1": "Total",
    "StratificationId1": "OVERALL",
    "LocationDisplayOrder": 55
  },
  {
    "ID": 48386,
    "Description": 2017,
    "LocationAbbr": "WY",
    "LocationDesc": "Wyoming",
    "DataSource": "BRFSS",
    "Topic": "Obesity / Weight Status",
    "Data_Value": 28.8,
    "Sample_Size": "4,158",
    "Stratification1": "Total",
    "StratificationId1": "OVERALL",
    "LocationDisplayOrder": 56
  },
  {
    "ID": 46994,
    "Description": 2017,
    "LocationAbbr": "GU",
    "LocationDesc": "Guam",
    "DataSource": "BRFSS",
    "Topic": "Obesity / Weight Status",
    "Data_Value": 34.3,
    "Sample_Size": "1,427",
    "Stratification1": "Total",
    "StratificationId1": "OVERALL",
    "LocationDisplayOrder": 66
  },
  {
    "ID": 46854,
    "Description": 2017,
    "LocationAbbr": "PR",
    "LocationDesc": "Puerto Rico",
    "DataSource": "BRFSS",
    "Topic": "Obesity / Weight Status",
    "Data_Value": 32.9,
    "Sample_Size": "4,264",
    "Stratification1": "Total",
    "StratificationId1": "OVERALL",
    "LocationDisplayOrder": 72
  },
  {
    "ID": 44371,
    "Description": 2017,
    "LocationAbbr": "VI",
    "LocationDesc": "Virgin Islands",
    "DataSource": "BRFSS",
    "Topic": "Obesity / Weight Status",
    "Data_Value": "~",
    "Sample_Size": "~",
    "Stratification1": "Total",
    "StratificationId1": "OVERALL",
    "LocationDisplayOrder": 78
  },
  {
    "ID": "",
    "Description": "",
    "LocationAbbr": "",
    "LocationDesc": "",
    "DataSource": "",
    "Topic": "",
    "Data_Value": "",
    "Sample_Size": "",
    "Stratification1": "",
    "StratificationId1": "",
    "LocationDisplayOrder": ""
  },
  {
    "ID": "",
    "Description": "",
    "LocationAbbr": "",
    "LocationDesc": "",
    "DataSource": "",
    "Topic": "",
    "Data_Value": "",
    "Sample_Size": "",
    "Stratification1": "",
    "StratificationId1": "",
    "LocationDisplayOrder": ""
  },
  {
    "ID": "",
    "Description": "",
    "LocationAbbr": "",
    "LocationDesc": "",
    "DataSource": "",
    "Topic": "",
    "Data_Value": "",
    "Sample_Size": "",
    "Stratification1": "",
    "StratificationId1": "",
    "LocationDisplayOrder": ""
  },
  {
    "ID": "",
    "Description": "",
    "LocationAbbr": "",
    "LocationDesc": "",
    "DataSource": "",
    "Topic": "",
    "Data_Value": "",
    "Sample_Size": "",
    "Stratification1": "",
    "StratificationId1": "",
    "LocationDisplayOrder": ""
  },
  {
    "ID": "",
    "Description": "",
    "LocationAbbr": "",
    "LocationDesc": "",
    "DataSource": "",
    "Topic": "",
    "Data_Value": "",
    "Sample_Size": "",
    "Stratification1": "",
    "StratificationId1": "",
    "LocationDisplayOrder": ""
  },
  {
    "ID": "",
    "Description": "",
    "LocationAbbr": "",
    "LocationDesc": "",
    "DataSource": "",
    "Topic": "",
    "Data_Value": "",
    "Sample_Size": "",
    "Stratification1": "",
    "StratificationId1": "",
    "LocationDisplayOrder": ""
  },
  {
    "ID": "",
    "Description": "",
    "LocationAbbr": "",
    "LocationDesc": "",
    "DataSource": "",
    "Topic": "",
    "Data_Value": "",
    "Sample_Size": "",
    "Stratification1": "",
    "StratificationId1": "",
    "LocationDisplayOrder": ""
  },
  {
    "ID": "",
    "Description": "",
    "LocationAbbr": "",
    "LocationDesc": "",
    "DataSource": "",
    "Topic": "",
    "Data_Value": "",
    "Sample_Size": "",
    "Stratification1": "",
    "StratificationId1": "",
    "LocationDisplayOrder": ""
  },
  {
    "ID": "",
    "Description": "",
    "LocationAbbr": "",
    "LocationDesc": "",
    "DataSource": "",
    "Topic": "",
    "Data_Value": "",
    "Sample_Size": "",
    "Stratification1": "",
    "StratificationId1": "",
    "LocationDisplayOrder": ""
  },
  {
    "ID": "",
    "Description": "",
    "LocationAbbr": "",
    "LocationDesc": "",
    "DataSource": "",
    "Topic": "",
    "Data_Value": "",
    "Sample_Size": "",
    "Stratification1": "",
    "StratificationId1": "",
    "LocationDisplayOrder": ""
  }
]