[
  {
    "ID": 58089,
    "Description": 2017,
    "LocationAbbr": "US",
    "LocationDesc": "National",
    "DataSource": "BRFSS",
    "Topic": "Obesity / Weight Status",
    "Data_Value": 26.9,
    "Sample_Size": "2,027",
    "Stratification1": "Other",
    "StratificationId1": "RACEOTH",
    "LocationDisplayOrder": 0
  },
  {
    "ID": 49877,
    "Description": 2017,
    "LocationAbbr": "AL",
    "LocationDesc": "Alabama",
    "DataSource": "BRFSS",
    "Topic": "Obesity / Weight Status",
    "Data_Value": "~",
    "Sample_Size": "~",
    "Stratification1": "Other",
    "StratificationId1": "RACEOTH",
    "LocationDisplayOrder": 1
  },
  {
    "ID": 47408,
    "Description": 2017,
    "LocationAbbr": "AK",
    "LocationDesc": "Alaska",
    "DataSource": "BRFSS",
    "Topic": "Obesity / Weight Status",
    "Data_Value": "~",
    "Sample_Size": "~",
    "Stratification1": "Other",
    "StratificationId1": "RACEOTH",
    "LocationDisplayOrder": 2
  },
  {
    "ID": 49792,
    "Description": 2017,
    "LocationAbbr": "AZ",
    "LocationDesc": "Arizona",
    "DataSource": "BRFSS",
    "Topic": "Obesity / Weight Status",
    "Data_Value": 31.2,
    "Sample_Size": 133,
    "Stratification1": "Other",
    "StratificationId1": "RACEOTH",
    "LocationDisplayOrder": 4
  },
  {
    "ID": 49444,
    "Description": 2017,
    "LocationAbbr": "AR",
    "LocationDesc": "Arkansas",
    "DataSource": "BRFSS",
    "Topic": "Obesity / Weight Status",
    "Data_Value": "~",
    "Sample_Size": "~",
    "Stratification1": "Other",
    "StratificationId1": "RACEOTH",
    "LocationDisplayOrder": 5
  },
  {
    "ID": 56922,
    "Description": 2017,
    "LocationAbbr": "CA",
    "LocationDesc": "California",
    "DataSource": "BRFSS",
    "Topic": "Obesity / Weight Status",
    "Data_Value": 28.1,
    "Sample_Size": 139,
    "Stratification1": "Other",
    "StratificationId1": "RACEOTH",
    "LocationDisplayOrder": 6
  },
  {
    "ID": 52505,
    "Description": 2017,
    "LocationAbbr": "CO",
    "LocationDesc": "Colorado",
    "DataSource": "BRFSS",
    "Topic": "Obesity / Weight Status",
    "Data_Value": 13,
    "Sample_Size": 62,
    "Stratification1": "Other",
    "StratificationId1": "RACEOTH",
    "LocationDisplayOrder": 8
  },
  {
    "ID": 51651,
    "Description": 2017,
    "LocationAbbr": "CT",
    "LocationDesc": "Connecticut",
    "DataSource": "BRFSS",
    "Topic": "Obesity / Weight Status",
    "Data_Value": 27,
    "Sample_Size": 107,
    "Stratification1": "Other",
    "StratificationId1": "RACEOTH",
    "LocationDisplayOrder": 9
  },
  {
    "ID": 54587,
    "Description": 2017,
    "LocationAbbr": "DE",
    "LocationDesc": "Delaware",
    "DataSource": "BRFSS",
    "Topic": "Obesity / Weight Status",
    "Data_Value": "~",
    "Sample_Size": "~",
    "Stratification1": "Other",
    "StratificationId1": "RACEOTH",
    "LocationDisplayOrder": 10
  },
  {
    "ID": 54875,
    "Description": 2017,
    "LocationAbbr": "DC",
    "LocationDesc": "District of Columbia",
    "DataSource": "BRFSS",
    "Topic": "Obesity / Weight Status",
    "Data_Value": 17.9,
    "Sample_Size": 85,
    "Stratification1": "Other",
    "StratificationId1": "RACEOTH",
    "LocationDisplayOrder": 11
  },
  {
    "ID": 55689,
    "Description": 2017,
    "LocationAbbr": "FL",
    "LocationDesc": "Florida",
    "DataSource": "BRFSS",
    "Topic": "Obesity / Weight Status",
    "Data_Value": 10.6,
    "Sample_Size": 111,
    "Stratification1": "Other",
    "StratificationId1": "RACEOTH",
    "LocationDisplayOrder": 12
  },
  {
    "ID": 53728,
    "Description": 2017,
    "LocationAbbr": "GA",
    "LocationDesc": "Georgia",
    "DataSource": "BRFSS",
    "Topic": "Obesity / Weight Status",
    "Data_Value": "~",
    "Sample_Size": "~",
    "Stratification1": "Other",
    "StratificationId1": "RACEOTH",
    "LocationDisplayOrder": 13
  },
  {
    "ID": 49689,
    "Description": 2017,
    "LocationAbbr": "HI",
    "LocationDesc": "Hawaii",
    "DataSource": "BRFSS",
    "Topic": "Obesity / Weight Status",
    "Data_Value": "~",
    "Sample_Size": "~",
    "Stratification1": "Other",
    "StratificationId1": "RACEOTH",
    "LocationDisplayOrder": 15
  },
  {
    "ID": 50327,
    "Description": 2017,
    "LocationAbbr": "ID",
    "LocationDesc": "Idaho",
    "DataSource": "BRFSS",
    "Topic": "Obesity / Weight Status",
    "Data_Value": "~",
    "Sample_Size": "~",
    "Stratification1": "Other",
    "StratificationId1": "RACEOTH",
    "LocationDisplayOrder": 16
  },
  {
    "ID": 55262,
    "Description": 2017,
    "LocationAbbr": "IL",
    "LocationDesc": "Illinois",
    "DataSource": "BRFSS",
    "Topic": "Obesity / Weight Status",
    "Data_Value": "~",
    "Sample_Size": "~",
    "Stratification1": "Other",
    "StratificationId1": "RACEOTH",
    "LocationDisplayOrder": 17
  },
  {
    "ID": 48632,
    "Description": 2017,
    "LocationAbbr": "IN",
    "LocationDesc": "Indiana",
    "DataSource": "BRFSS",
    "Topic": "Obesity / Weight Status",
    "Data_Value": "~",
    "Sample_Size": "~",
    "Stratification1": "Other",
    "StratificationId1": "RACEOTH",
    "LocationDisplayOrder": 18
  },
  {
    "ID": 58065,
    "Description": 2017,
    "LocationAbbr": "IA",
    "LocationDesc": "Iowa",
    "DataSource": "BRFSS",
    "Topic": "Obesity / Weight Status",
    "Data_Value": "~",
    "Sample_Size": "~",
    "Stratification1": "Other",
    "StratificationId1": "RACEOTH",
    "LocationDisplayOrder": 19
  },
  {
    "ID": 57400,
    "Description": 2017,
    "LocationAbbr": "KS",
    "LocationDesc": "Kansas",
    "DataSource": "BRFSS",
    "Topic": "Obesity / Weight Status",
    "Data_Value": "~",
    "Sample_Size": "~",
    "Stratification1": "Other",
    "StratificationId1": "RACEOTH",
    "LocationDisplayOrder": 20
  },
  {
    "ID": 57192,
    "Description": 2017,
    "LocationAbbr": "KY",
    "LocationDesc": "Kentucky",
    "DataSource": "BRFSS",
    "Topic": "Obesity / Weight Status",
    "Data_Value": "~",
    "Sample_Size": "~",
    "Stratification1": "Other",
    "StratificationId1": "RACEOTH",
    "LocationDisplayOrder": 21
  },
  {
    "ID": 51719,
    "Description": 2017,
    "LocationAbbr": "LA",
    "LocationDesc": "Louisiana",
    "DataSource": "BRFSS",
    "Topic": "Obesity / Weight Status",
    "Data_Value": "~",
    "Sample_Size": "~",
    "Stratification1": "Other",
    "StratificationId1": "RACEOTH",
    "LocationDisplayOrder": 22
  },
  {
    "ID": 51830,
    "Description": 2017,
    "LocationAbbr": "ME",
    "LocationDesc": "Maine",
    "DataSource": "BRFSS",
    "Topic": "Obesity / Weight Status",
    "Data_Value": "~",
    "Sample_Size": "~",
    "Stratification1": "Other",
    "StratificationId1": "RACEOTH",
    "LocationDisplayOrder": 23
  },
  {
    "ID": 57858,
    "Description": 2017,
    "LocationAbbr": "MD",
    "LocationDesc": "Maryland",
    "DataSource": "BRFSS",
    "Topic": "Obesity / Weight Status",
    "Data_Value": 28.9,
    "Sample_Size": 114,
    "Stratification1": "Other",
    "StratificationId1": "RACEOTH",
    "LocationDisplayOrder": 24
  },
  {
    "ID": 50023,
    "Description": 2017,
    "LocationAbbr": "MA",
    "LocationDesc": "Massachusetts",
    "DataSource": "BRFSS",
    "Topic": "Obesity / Weight Status",
    "Data_Value": "~",
    "Sample_Size": "~",
    "Stratification1": "Other",
    "StratificationId1": "RACEOTH",
    "LocationDisplayOrder": 25
  },
  {
    "ID": 46858,
    "Description": 2017,
    "LocationAbbr": "MI",
    "LocationDesc": "Michigan",
    "DataSource": "BRFSS",
    "Topic": "Obesity / Weight Status",
    "Data_Value": "~",
    "Sample_Size": "~",
    "Stratification1": "Other",
    "StratificationId1": "RACEOTH",
    "LocationDisplayOrder": 26
  },
  {
    "ID": 53452,
    "Description": 2017,
    "LocationAbbr": "MN",
    "LocationDesc": "Minnesota",
    "DataSource": "BRFSS",
    "Topic": "Obesity / Weight Status",
    "Data_Value": "~",
    "Sample_Size": "~",
    "Stratification1": "Other",
    "StratificationId1": "RACEOTH",
    "LocationDisplayOrder": 27
  },
  {
    "ID": 55722,
    "Description": 2017,
    "LocationAbbr": "MS",
    "LocationDesc": "Mississippi",
    "DataSource": "BRFSS",
    "Topic": "Obesity / Weight Status",
    "Data_Value": "~",
    "Sample_Size": "~",
    "Stratification1": "Other",
    "StratificationId1": "RACEOTH",
    "LocationDisplayOrder": 28
  },
  {
    "ID": 45201,
    "Description": 2017,
    "LocationAbbr": "MO",
    "LocationDesc": "Missouri",
    "DataSource": "BRFSS",
    "Topic": "Obesity / Weight Status",
    "Data_Value": "~",
    "Sample_Size": "~",
    "Stratification1": "Other",
    "StratificationId1": "RACEOTH",
    "LocationDisplayOrder": 29
  },
  {
    "ID": 51780,
    "Description": 2017,
    "LocationAbbr": "MT",
    "LocationDesc": "Montana",
    "DataSource": "BRFSS",
    "Topic": "Obesity / Weight Status",
    "Data_Value": "~",
    "Sample_Size": "~",
    "Stratification1": "Other",
    "StratificationId1": "RACEOTH",
    "LocationDisplayOrder": 30
  },
  {
    "ID": 46173,
    "Description": 2017,
    "LocationAbbr": "NE",
    "LocationDesc": "Nebraska",
    "DataSource": "BRFSS",
    "Topic": "Obesity / Weight Status",
    "Data_Value": "~",
    "Sample_Size": "~",
    "Stratification1": "Other",
    "StratificationId1": "RACEOTH",
    "LocationDisplayOrder": 31
  },
  {
    "ID": 52144,
    "Description": 2017,
    "LocationAbbr": "NV",
    "LocationDesc": "Nevada",
    "DataSource": "BRFSS",
    "Topic": "Obesity / Weight Status",
    "Data_Value": "~",
    "Sample_Size": "~",
    "Stratification1": "Other",
    "StratificationId1": "RACEOTH",
    "LocationDisplayOrder": 32
  },
  {
    "ID": 52615,
    "Description": 2017,
    "LocationAbbr": "NH",
    "LocationDesc": "New Hampshire",
    "DataSource": "BRFSS",
    "Topic": "Obesity / Weight Status",
    "Data_Value": "~",
    "Sample_Size": "~",
    "Stratification1": "Other",
    "StratificationId1": "RACEOTH",
    "LocationDisplayOrder": 33
  },
  {
    "ID": 48418,
    "Description": 2017,
    "LocationAbbr": "NJ",
    "LocationDesc": "New Jersey",
    "DataSource": "BRFSS",
    "Topic": "Obesity / Weight Status",
    "Data_Value": 35.6,
    "Sample_Size": 54,
    "Stratification1": "Other",
    "StratificationId1": "RACEOTH",
    "LocationDisplayOrder": 34
  },
  {
    "ID": 47072,
    "Description": 2017,
    "LocationAbbr": "NM",
    "LocationDesc": "New Mexico",
    "DataSource": "BRFSS",
    "Topic": "Obesity / Weight Status",
    "Data_Value": "~",
    "Sample_Size": "~",
    "Stratification1": "Other",
    "StratificationId1": "RACEOTH",
    "LocationDisplayOrder": 35
  },
  {
    "ID": 49515,
    "Description": 2017,
    "LocationAbbr": "NY",
    "LocationDesc": "New York",
    "DataSource": "BRFSS",
    "Topic": "Obesity / Weight Status",
    "Data_Value": "~",
    "Sample_Size": "~",
    "Stratification1": "Other",
    "StratificationId1": "RACEOTH",
    "LocationDisplayOrder": 36
  },
  {
    "ID": 52028,
    "Description": 2017,
    "LocationAbbr": "NC",
    "LocationDesc": "North Carolina",
    "DataSource": "BRFSS",
    "Topic": "Obesity / Weight Status",
    "Data_Value": "~",
    "Sample_Size": "~",
    "Stratification1": "Other",
    "StratificationId1": "RACEOTH",
    "LocationDisplayOrder": 37
  },
  {
    "ID": 52929,
    "Description": 2017,
    "LocationAbbr": "ND",
    "LocationDesc": "North Dakota",
    "DataSource": "BRFSS",
    "Topic": "Obesity / Weight Status",
    "Data_Value": "~",
    "Sample_Size": "~",
    "Stratification1": "Other",
    "StratificationId1": "RACEOTH",
    "LocationDisplayOrder": 38
  },
  {
    "ID": 49106,
    "Description": 2017,
    "LocationAbbr": "OH",
    "LocationDesc": "Ohio",
    "DataSource": "BRFSS",
    "Topic": "Obesity / Weight Status",
    "Data_Value": "~",
    "Sample_Size": "~",
    "Stratification1": "Other",
    "StratificationId1": "RACEOTH",
    "LocationDisplayOrder": 39
  },
  {
    "ID": 46050,
    "Description": 2017,
    "LocationAbbr": "OK",
    "LocationDesc": "Oklahoma",
    "DataSource": "BRFSS",
    "Topic": "Obesity / Weight Status",
    "Data_Value": "~",
    "Sample_Size": "~",
    "Stratification1": "Other",
    "StratificationId1": "RACEOTH",
    "LocationDisplayOrder": 40
  },
  {
    "ID": 52592,
    "Description": 2017,
    "LocationAbbr": "OR",
    "LocationDesc": "Oregon",
    "DataSource": "BRFSS",
    "Topic": "Obesity / Weight Status",
    "Data_Value": "~",
    "Sample_Size": "~",
    "Stratification1": "Other",
    "StratificationId1": "RACEOTH",
    "LocationDisplayOrder": 41
  },
  {
    "ID": 54684,
    "Description": 2017,
    "LocationAbbr": "PA",
    "LocationDesc": "Pennsylvania",
    "DataSource": "BRFSS",
    "Topic": "Obesity / Weight Status",
    "Data_Value": "~",
    "Sample_Size": "~",
    "Stratification1": "Other",
    "StratificationId1": "RACEOTH",
    "LocationDisplayOrder": 42
  },
  {
    "ID": 52106,
    "Description": 2017,
    "LocationAbbr": "RI",
    "LocationDesc": "Rhode Island",
    "DataSource": "BRFSS",
    "Topic": "Obesity / Weight Status",
    "Data_Value": 24.6,
    "Sample_Size": 78,
    "Stratification1": "Other",
    "StratificationId1": "RACEOTH",
    "LocationDisplayOrder": 44
  },
  {
    "ID": 49322,
    "Description": 2017,
    "LocationAbbr": "SC",
    "LocationDesc": "South Carolina",
    "DataSource": "BRFSS",
    "Topic": "Obesity / Weight Status",
    "Data_Value": 32.1,
    "Sample_Size": 70,
    "Stratification1": "Other",
    "StratificationId1": "RACEOTH",
    "LocationDisplayOrder": 45
  },
  {
    "ID": 54358,
    "Description": 2017,
    "LocationAbbr": "SD",
    "LocationDesc": "South Dakota",
    "DataSource": "BRFSS",
    "Topic": "Obesity / Weight Status",
    "Data_Value": "~",
    "Sample_Size": "~",
    "Stratification1": "Other",
    "StratificationId1": "RACEOTH",
    "LocationDisplayOrder": 46
  },
  {
    "ID": 45487,
    "Description": 2017,
    "LocationAbbr": "TN",
    "LocationDesc": "Tennessee",
    "DataSource": "BRFSS",
    "Topic": "Obesity / Weight Status",
    "Data_Value": "~",
    "Sample_Size": "~",
    "Stratification1": "Other",
    "StratificationId1": "RACEOTH",
    "LocationDisplayOrder": 47
  },
  {
    "ID": 47279,
    "Description": 2017,
    "LocationAbbr": "TX",
    "LocationDesc": "Texas",
    "DataSource": "BRFSS",
    "Topic": "Obesity / Weight Status",
    "Data_Value": "~",
    "Sample_Size": "~",
    "Stratification1": "Other",
    "StratificationId1": "RACEOTH",
    "LocationDisplayOrder": 48
  },
  {
    "ID": 53162,
    "Description": 2017,
    "LocationAbbr": "UT",
    "LocationDesc": "Utah",
    "DataSource": "BRFSS",
    "Topic": "Obesity / Weight Status",
    "Data_Value": "~",
    "Sample_Size": "~",
    "Stratification1": "Other",
    "StratificationId1": "RACEOTH",
    "LocationDisplayOrder": 49
  },
  {
    "ID": 56093,
    "Description": 2017,
    "LocationAbbr": "VT",
    "LocationDesc": "Vermont",
    "DataSource": "BRFSS",
    "Topic": "Obesity / Weight Status",
    "Data_Value": "~",
    "Sample_Size": "~",
    "Stratification1": "Other",
    "StratificationId1": "RACEOTH",
    "LocationDisplayOrder": 50
  },
  {
    "ID": 46787,
    "Description": 2017,
    "LocationAbbr": "VA",
    "LocationDesc": "Virginia",
    "DataSource": "BRFSS",
    "Topic": "Obesity / Weight Status",
    "Data_Value": "~",
    "Sample_Size": "~",
    "Stratification1": "Other",
    "StratificationId1": "RACEOTH",
    "LocationDisplayOrder": 51
  },
  {
    "ID": 44439,
    "Description": 2017,
    "LocationAbbr": "WA",
    "LocationDesc": "Washington",
    "DataSource": "BRFSS",
    "Topic": "Obesity / Weight Status",
    "Data_Value": 32.8,
    "Sample_Size": 125,
    "Stratification1": "Other",
    "StratificationId1": "RACEOTH",
    "LocationDisplayOrder": 53
  },
  {
    "ID": 58212,
    "Description": 2017,
    "LocationAbbr": "WV",
    "LocationDesc": "West Virginia",
    "DataSource": "BRFSS",
    "Topic": "Obesity / Weight Status",
    "Data_Value": "~",
    "Sample_Size": "~",
    "Stratification1": "Other",
    "StratificationId1": "RACEOTH",
    "LocationDisplayOrder": 54
  },
  {
    "ID": 55018,
    "Description": 2017,
    "LocationAbbr": "WI",
    "LocationDesc": "Wisconsin",
    "DataSource": "BRFSS",
    "Topic": "Obesity / Weight Status",
    "Data_Value": "~",
    "Sample_Size": "~",
    "Stratification1": "Other",
    "StratificationId1": "RACEOTH",
    "LocationDisplayOrder": 55
  },
  {
    "ID": 57467,
    "Description": 2017,
    "LocationAbbr": "WY",
    "LocationDesc": "Wyoming",
    "DataSource": "BRFSS",
    "Topic": "Obesity / Weight Status",
    "Data_Value": "~",
    "Sample_Size": "~",
    "Stratification1": "Other",
    "StratificationId1": "RACEOTH",
    "LocationDisplayOrder": 56
  },
  {
    "ID": 51643,
    "Description": 2017,
    "LocationAbbr": "GU",
    "LocationDesc": "Guam",
    "DataSource": "BRFSS",
    "Topic": "Obesity / Weight Status",
    "Data_Value": "~",
    "Sample_Size": "~",
    "Stratification1": "Other",
    "StratificationId1": "RACEOTH",
    "LocationDisplayOrder": 66
  },
  {
    "ID": 56805,
    "Description": 2017,
    "LocationAbbr": "PR",
    "LocationDesc": "Puerto Rico",
    "DataSource": "BRFSS",
    "Topic": "Obesity / Weight Status",
    "Data_Value": "~",
    "Sample_Size": "~",
    "Stratification1": "Other",
    "StratificationId1": "RACEOTH",
    "LocationDisplayOrder": 72
  },
  {
    "ID": 56958,
    "Description": 2017,
    "LocationAbbr": "VI",
    "LocationDesc": "Virgin Islands",
    "DataSource": "BRFSS",
    "Topic": "Obesity / Weight Status",
    "Data_Value": "~",
    "Sample_Size": "~",
    "Stratification1": "Other",
    "StratificationId1": "RACEOTH",
    "LocationDisplayOrder": 78
  },
  {
    "ID": "",
    "Description": "",
    "LocationAbbr": "",
    "LocationDesc": "",
    "DataSource": "",
    "Topic": "",
    "Data_Value": "",
    "Sample_Size": "",
    "Stratification1": "",
    "StratificationId1": "",
    "LocationDisplayOrder": ""
  },
  {
    "ID": "",
    "Description": "",
    "LocationAbbr": "",
    "LocationDesc": "",
    "DataSource": "",
    "Topic": "",
    "Data_Value": "",
    "Sample_Size": "",
    "Stratification1": "",
    "StratificationId1": "",
    "LocationDisplayOrder": ""
  },
  {
    "ID": "",
    "Description": "",
    "LocationAbbr": "",
    "LocationDesc": "",
    "DataSource": "",
    "Topic": "",
    "Data_Value": "",
    "Sample_Size": "",
    "Stratification1": "",
    "StratificationId1": "",
    "LocationDisplayOrder": ""
  },
  {
    "ID": "",
    "Description": "",
    "LocationAbbr": "",
    "LocationDesc": "",
    "DataSource": "",
    "Topic": "",
    "Data_Value": "",
    "Sample_Size": "",
    "Stratification1": "",
    "StratificationId1": "",
    "LocationDisplayOrder": ""
  },
  {
    "ID": "",
    "Description": "",
    "LocationAbbr": "",
    "LocationDesc": "",
    "DataSource": "",
    "Topic": "",
    "Data_Value": "",
    "Sample_Size": "",
    "Stratification1": "",
    "StratificationId1": "",
    "LocationDisplayOrder": ""
  },
  {
    "ID": "",
    "Description": "",
    "LocationAbbr": "",
    "LocationDesc": "",
    "DataSource": "",
    "Topic": "",
    "Data_Value": "",
    "Sample_Size": "",
    "Stratification1": "",
    "StratificationId1": "",
    "LocationDisplayOrder": ""
  },
  {
    "ID": "",
    "Description": "",
    "LocationAbbr": "",
    "LocationDesc": "",
    "DataSource": "",
    "Topic": "",
    "Data_Value": "",
    "Sample_Size": "",
    "Stratification1": "",
    "StratificationId1": "",
    "LocationDisplayOrder": ""
  },
  {
    "ID": "",
    "Description": "",
    "LocationAbbr": "",
    "LocationDesc": "",
    "DataSource": "",
    "Topic": "",
    "Data_Value": "",
    "Sample_Size": "",
    "Stratification1": "",
    "StratificationId1": "",
    "LocationDisplayOrder": ""
  },
  {
    "ID": "",
    "Description": "",
    "LocationAbbr": "",
    "LocationDesc": "",
    "DataSource": "",
    "Topic": "",
    "Data_Value": "",
    "Sample_Size": "",
    "Stratification1": "",
    "StratificationId1": "",
    "LocationDisplayOrder": ""
  },
  {
    "ID": "",
    "Description": "",
    "LocationAbbr": "",
    "LocationDesc": "",
    "DataSource": "",
    "Topic": "",
    "Data_Value": "",
    "Sample_Size": "",
    "Stratification1": "",
    "StratificationId1": "",
    "LocationDisplayOrder": ""
  }
]