[
  {
    "ID": 50820,
    "Description": 2017,
    "LocationAbbr": "US",
    "LocationDesc": "National",
    "DataSource": "BRFSS",
    "Topic": "Obesity / Weight Status",
    "Data_Value": 16.5,
    "Sample_Size": "23,516",
    "Stratification1": "18 - 24",
    "StratificationId1": "AGEYR1824",
    "LocationDisplayOrder": 0
  },
  {
    "ID": 51924,
    "Description": 2017,
    "LocationAbbr": "AL",
    "LocationDesc": "Alabama",
    "DataSource": "BRFSS",
    "Topic": "Obesity / Weight Status",
    "Data_Value": 20.7,
    "Sample_Size": 315,
    "Stratification1": "18 - 24",
    "StratificationId1": "AGEYR1824",
    "LocationDisplayOrder": 1
  },
  {
    "ID": 52152,
    "Description": 2017,
    "LocationAbbr": "AK",
    "LocationDesc": "Alaska",
    "DataSource": "BRFSS",
    "Topic": "Obesity / Weight Status",
    "Data_Value": 23,
    "Sample_Size": 157,
    "Stratification1": "18 - 24",
    "StratificationId1": "AGEYR1824",
    "LocationDisplayOrder": 2
  },
  {
    "ID": 46585,
    "Description": 2017,
    "LocationAbbr": "AZ",
    "LocationDesc": "Arizona",
    "DataSource": "BRFSS",
    "Topic": "Obesity / Weight Status",
    "Data_Value": 18.2,
    "Sample_Size": 775,
    "Stratification1": "18 - 24",
    "StratificationId1": "AGEYR1824",
    "LocationDisplayOrder": 4
  },
  {
    "ID": 48544,
    "Description": 2017,
    "LocationAbbr": "AR",
    "LocationDesc": "Arkansas",
    "DataSource": "BRFSS",
    "Topic": "Obesity / Weight Status",
    "Data_Value": 13.3,
    "Sample_Size": 138,
    "Stratification1": "18 - 24",
    "StratificationId1": "AGEYR1824",
    "LocationDisplayOrder": 5
  },
  {
    "ID": 44613,
    "Description": 2017,
    "LocationAbbr": "CA",
    "LocationDesc": "California",
    "DataSource": "BRFSS",
    "Topic": "Obesity / Weight Status",
    "Data_Value": 12.7,
    "Sample_Size": 797,
    "Stratification1": "18 - 24",
    "StratificationId1": "AGEYR1824",
    "LocationDisplayOrder": 6
  },
  {
    "ID": 55787,
    "Description": 2017,
    "LocationAbbr": "CO",
    "LocationDesc": "Colorado",
    "DataSource": "BRFSS",
    "Topic": "Obesity / Weight Status",
    "Data_Value": 13.1,
    "Sample_Size": 543,
    "Stratification1": "18 - 24",
    "StratificationId1": "AGEYR1824",
    "LocationDisplayOrder": 8
  },
  {
    "ID": 47138,
    "Description": 2017,
    "LocationAbbr": "CT",
    "LocationDesc": "Connecticut",
    "DataSource": "BRFSS",
    "Topic": "Obesity / Weight Status",
    "Data_Value": 16.2,
    "Sample_Size": 413,
    "Stratification1": "18 - 24",
    "StratificationId1": "AGEYR1824",
    "LocationDisplayOrder": 9
  },
  {
    "ID": 47376,
    "Description": 2017,
    "LocationAbbr": "DE",
    "LocationDesc": "Delaware",
    "DataSource": "BRFSS",
    "Topic": "Obesity / Weight Status",
    "Data_Value": 15.5,
    "Sample_Size": 215,
    "Stratification1": "18 - 24",
    "StratificationId1": "AGEYR1824",
    "LocationDisplayOrder": 10
  },
  {
    "ID": 52123,
    "Description": 2017,
    "LocationAbbr": "DC",
    "LocationDesc": "District of Columbia",
    "DataSource": "BRFSS",
    "Topic": "Obesity / Weight Status",
    "Data_Value": 16,
    "Sample_Size": 216,
    "Stratification1": "18 - 24",
    "StratificationId1": "AGEYR1824",
    "LocationDisplayOrder": 11
  },
  {
    "ID": 46859,
    "Description": 2017,
    "LocationAbbr": "FL",
    "LocationDesc": "Florida",
    "DataSource": "BRFSS",
    "Topic": "Obesity / Weight Status",
    "Data_Value": 17.1,
    "Sample_Size": "1,213",
    "Stratification1": "18 - 24",
    "StratificationId1": "AGEYR1824",
    "LocationDisplayOrder": 12
  },
  {
    "ID": 47900,
    "Description": 2017,
    "LocationAbbr": "GA",
    "LocationDesc": "Georgia",
    "DataSource": "BRFSS",
    "Topic": "Obesity / Weight Status",
    "Data_Value": 16.9,
    "Sample_Size": 349,
    "Stratification1": "18 - 24",
    "StratificationId1": "AGEYR1824",
    "LocationDisplayOrder": 13
  },
  {
    "ID": 46222,
    "Description": 2017,
    "LocationAbbr": "HI",
    "LocationDesc": "Hawaii",
    "DataSource": "BRFSS",
    "Topic": "Obesity / Weight Status",
    "Data_Value": 15.9,
    "Sample_Size": 467,
    "Stratification1": "18 - 24",
    "StratificationId1": "AGEYR1824",
    "LocationDisplayOrder": 15
  },
  {
    "ID": 51920,
    "Description": 2017,
    "LocationAbbr": "ID",
    "LocationDesc": "Idaho",
    "DataSource": "BRFSS",
    "Topic": "Obesity / Weight Status",
    "Data_Value": 16.2,
    "Sample_Size": 288,
    "Stratification1": "18 - 24",
    "StratificationId1": "AGEYR1824",
    "LocationDisplayOrder": 16
  },
  {
    "ID": 56852,
    "Description": 2017,
    "LocationAbbr": "IL",
    "LocationDesc": "Illinois",
    "DataSource": "BRFSS",
    "Topic": "Obesity / Weight Status",
    "Data_Value": 13.6,
    "Sample_Size": 331,
    "Stratification1": "18 - 24",
    "StratificationId1": "AGEYR1824",
    "LocationDisplayOrder": 17
  },
  {
    "ID": 56172,
    "Description": 2017,
    "LocationAbbr": "IN",
    "LocationDesc": "Indiana",
    "DataSource": "BRFSS",
    "Topic": "Obesity / Weight Status",
    "Data_Value": 20.5,
    "Sample_Size": 630,
    "Stratification1": "18 - 24",
    "StratificationId1": "AGEYR1824",
    "LocationDisplayOrder": 18
  },
  {
    "ID": 55578,
    "Description": 2017,
    "LocationAbbr": "IA",
    "LocationDesc": "Iowa",
    "DataSource": "BRFSS",
    "Topic": "Obesity / Weight Status",
    "Data_Value": 22.6,
    "Sample_Size": 473,
    "Stratification1": "18 - 24",
    "StratificationId1": "AGEYR1824",
    "LocationDisplayOrder": 19
  },
  {
    "ID": 47096,
    "Description": 2017,
    "LocationAbbr": "KS",
    "LocationDesc": "Kansas",
    "DataSource": "BRFSS",
    "Topic": "Obesity / Weight Status",
    "Data_Value": 21.9,
    "Sample_Size": "1,329",
    "Stratification1": "18 - 24",
    "StratificationId1": "AGEYR1824",
    "LocationDisplayOrder": 20
  },
  {
    "ID": 45491,
    "Description": 2017,
    "LocationAbbr": "KY",
    "LocationDesc": "Kentucky",
    "DataSource": "BRFSS",
    "Topic": "Obesity / Weight Status",
    "Data_Value": 20.3,
    "Sample_Size": 552,
    "Stratification1": "18 - 24",
    "StratificationId1": "AGEYR1824",
    "LocationDisplayOrder": 21
  },
  {
    "ID": 46266,
    "Description": 2017,
    "LocationAbbr": "LA",
    "LocationDesc": "Louisiana",
    "DataSource": "BRFSS",
    "Topic": "Obesity / Weight Status",
    "Data_Value": 21,
    "Sample_Size": 295,
    "Stratification1": "18 - 24",
    "StratificationId1": "AGEYR1824",
    "LocationDisplayOrder": 22
  },
  {
    "ID": 49286,
    "Description": 2017,
    "LocationAbbr": "ME",
    "LocationDesc": "Maine",
    "DataSource": "BRFSS",
    "Topic": "Obesity / Weight Status",
    "Data_Value": 12.9,
    "Sample_Size": 328,
    "Stratification1": "18 - 24",
    "StratificationId1": "AGEYR1824",
    "LocationDisplayOrder": 23
  },
  {
    "ID": 53551,
    "Description": 2017,
    "LocationAbbr": "MD",
    "LocationDesc": "Maryland",
    "DataSource": "BRFSS",
    "Topic": "Obesity / Weight Status",
    "Data_Value": 18.4,
    "Sample_Size": 437,
    "Stratification1": "18 - 24",
    "StratificationId1": "AGEYR1824",
    "LocationDisplayOrder": 24
  },
  {
    "ID": 45080,
    "Description": 2017,
    "LocationAbbr": "MA",
    "LocationDesc": "Massachusetts",
    "DataSource": "BRFSS",
    "Topic": "Obesity / Weight Status",
    "Data_Value": 9.5,
    "Sample_Size": 400,
    "Stratification1": "18 - 24",
    "StratificationId1": "AGEYR1824",
    "LocationDisplayOrder": 25
  },
  {
    "ID": 57980,
    "Description": 2017,
    "LocationAbbr": "MI",
    "LocationDesc": "Michigan",
    "DataSource": "BRFSS",
    "Topic": "Obesity / Weight Status",
    "Data_Value": 18.1,
    "Sample_Size": 757,
    "Stratification1": "18 - 24",
    "StratificationId1": "AGEYR1824",
    "LocationDisplayOrder": 26
  },
  {
    "ID": 46235,
    "Description": 2017,
    "LocationAbbr": "MN",
    "LocationDesc": "Minnesota",
    "DataSource": "BRFSS",
    "Topic": "Obesity / Weight Status",
    "Data_Value": 15.2,
    "Sample_Size": "1,019",
    "Stratification1": "18 - 24",
    "StratificationId1": "AGEYR1824",
    "LocationDisplayOrder": 27
  },
  {
    "ID": 46394,
    "Description": 2017,
    "LocationAbbr": "MS",
    "LocationDesc": "Mississippi",
    "DataSource": "BRFSS",
    "Topic": "Obesity / Weight Status",
    "Data_Value": 24.2,
    "Sample_Size": 206,
    "Stratification1": "18 - 24",
    "StratificationId1": "AGEYR1824",
    "LocationDisplayOrder": 28
  },
  {
    "ID": 55966,
    "Description": 2017,
    "LocationAbbr": "MO",
    "LocationDesc": "Missouri",
    "DataSource": "BRFSS",
    "Topic": "Obesity / Weight Status",
    "Data_Value": 19.4,
    "Sample_Size": 459,
    "Stratification1": "18 - 24",
    "StratificationId1": "AGEYR1824",
    "LocationDisplayOrder": 29
  },
  {
    "ID": 55660,
    "Description": 2017,
    "LocationAbbr": "MT",
    "LocationDesc": "Montana",
    "DataSource": "BRFSS",
    "Topic": "Obesity / Weight Status",
    "Data_Value": 14.2,
    "Sample_Size": 327,
    "Stratification1": "18 - 24",
    "StratificationId1": "AGEYR1824",
    "LocationDisplayOrder": 30
  },
  {
    "ID": 47889,
    "Description": 2017,
    "LocationAbbr": "NE",
    "LocationDesc": "Nebraska",
    "DataSource": "BRFSS",
    "Topic": "Obesity / Weight Status",
    "Data_Value": 18,
    "Sample_Size": 912,
    "Stratification1": "18 - 24",
    "StratificationId1": "AGEYR1824",
    "LocationDisplayOrder": 31
  },
  {
    "ID": 54303,
    "Description": 2017,
    "LocationAbbr": "NV",
    "LocationDesc": "Nevada",
    "DataSource": "BRFSS",
    "Topic": "Obesity / Weight Status",
    "Data_Value": 17.4,
    "Sample_Size": 205,
    "Stratification1": "18 - 24",
    "StratificationId1": "AGEYR1824",
    "LocationDisplayOrder": 32
  },
  {
    "ID": 52535,
    "Description": 2017,
    "LocationAbbr": "NH",
    "LocationDesc": "New Hampshire",
    "DataSource": "BRFSS",
    "Topic": "Obesity / Weight Status",
    "Data_Value": 17.1,
    "Sample_Size": 167,
    "Stratification1": "18 - 24",
    "StratificationId1": "AGEYR1824",
    "LocationDisplayOrder": 33
  },
  {
    "ID": 48489,
    "Description": 2017,
    "LocationAbbr": "NJ",
    "LocationDesc": "New Jersey",
    "DataSource": "BRFSS",
    "Topic": "Obesity / Weight Status",
    "Data_Value": 15.3,
    "Sample_Size": 440,
    "Stratification1": "18 - 24",
    "StratificationId1": "AGEYR1824",
    "LocationDisplayOrder": 34
  },
  {
    "ID": 55521,
    "Description": 2017,
    "LocationAbbr": "NM",
    "LocationDesc": "New Mexico",
    "DataSource": "BRFSS",
    "Topic": "Obesity / Weight Status",
    "Data_Value": 17.1,
    "Sample_Size": 305,
    "Stratification1": "18 - 24",
    "StratificationId1": "AGEYR1824",
    "LocationDisplayOrder": 35
  },
  {
    "ID": 51511,
    "Description": 2017,
    "LocationAbbr": "NY",
    "LocationDesc": "New York",
    "DataSource": "BRFSS",
    "Topic": "Obesity / Weight Status",
    "Data_Value": 12.3,
    "Sample_Size": 752,
    "Stratification1": "18 - 24",
    "StratificationId1": "AGEYR1824",
    "LocationDisplayOrder": 36
  },
  {
    "ID": 50838,
    "Description": 2017,
    "LocationAbbr": "NC",
    "LocationDesc": "North Carolina",
    "DataSource": "BRFSS",
    "Topic": "Obesity / Weight Status",
    "Data_Value": 15.6,
    "Sample_Size": 339,
    "Stratification1": "18 - 24",
    "StratificationId1": "AGEYR1824",
    "LocationDisplayOrder": 37
  },
  {
    "ID": 44168,
    "Description": 2017,
    "LocationAbbr": "ND",
    "LocationDesc": "North Dakota",
    "DataSource": "BRFSS",
    "Topic": "Obesity / Weight Status",
    "Data_Value": 21.5,
    "Sample_Size": 356,
    "Stratification1": "18 - 24",
    "StratificationId1": "AGEYR1824",
    "LocationDisplayOrder": 38
  },
  {
    "ID": 58605,
    "Description": 2017,
    "LocationAbbr": "OH",
    "LocationDesc": "Ohio",
    "DataSource": "BRFSS",
    "Topic": "Obesity / Weight Status",
    "Data_Value": 18.9,
    "Sample_Size": 553,
    "Stratification1": "18 - 24",
    "StratificationId1": "AGEYR1824",
    "LocationDisplayOrder": 39
  },
  {
    "ID": 54469,
    "Description": 2017,
    "LocationAbbr": "OK",
    "LocationDesc": "Oklahoma",
    "DataSource": "BRFSS",
    "Topic": "Obesity / Weight Status",
    "Data_Value": 28.2,
    "Sample_Size": 303,
    "Stratification1": "18 - 24",
    "StratificationId1": "AGEYR1824",
    "LocationDisplayOrder": 40
  },
  {
    "ID": 56855,
    "Description": 2017,
    "LocationAbbr": "OR",
    "LocationDesc": "Oregon",
    "DataSource": "BRFSS",
    "Topic": "Obesity / Weight Status",
    "Data_Value": 17.9,
    "Sample_Size": 315,
    "Stratification1": "18 - 24",
    "StratificationId1": "AGEYR1824",
    "LocationDisplayOrder": 41
  },
  {
    "ID": 53401,
    "Description": 2017,
    "LocationAbbr": "PA",
    "LocationDesc": "Pennsylvania",
    "DataSource": "BRFSS",
    "Topic": "Obesity / Weight Status",
    "Data_Value": 15.9,
    "Sample_Size": 483,
    "Stratification1": "18 - 24",
    "StratificationId1": "AGEYR1824",
    "LocationDisplayOrder": 42
  },
  {
    "ID": 47919,
    "Description": 2017,
    "LocationAbbr": "RI",
    "LocationDesc": "Rhode Island",
    "DataSource": "BRFSS",
    "Topic": "Obesity / Weight Status",
    "Data_Value": 15.8,
    "Sample_Size": 223,
    "Stratification1": "18 - 24",
    "StratificationId1": "AGEYR1824",
    "LocationDisplayOrder": 44
  },
  {
    "ID": 48486,
    "Description": 2017,
    "LocationAbbr": "SC",
    "LocationDesc": "South Carolina",
    "DataSource": "BRFSS",
    "Topic": "Obesity / Weight Status",
    "Data_Value": 22.3,
    "Sample_Size": 411,
    "Stratification1": "18 - 24",
    "StratificationId1": "AGEYR1824",
    "LocationDisplayOrder": 45
  },
  {
    "ID": 53912,
    "Description": 2017,
    "LocationAbbr": "SD",
    "LocationDesc": "South Dakota",
    "DataSource": "BRFSS",
    "Topic": "Obesity / Weight Status",
    "Data_Value": 19.3,
    "Sample_Size": 331,
    "Stratification1": "18 - 24",
    "StratificationId1": "AGEYR1824",
    "LocationDisplayOrder": 46
  },
  {
    "ID": 49050,
    "Description": 2017,
    "LocationAbbr": "TN",
    "LocationDesc": "Tennessee",
    "DataSource": "BRFSS",
    "Topic": "Obesity / Weight Status",
    "Data_Value": 15.6,
    "Sample_Size": 301,
    "Stratification1": "18 - 24",
    "StratificationId1": "AGEYR1824",
    "LocationDisplayOrder": 47
  },
  {
    "ID": 56696,
    "Description": 2017,
    "LocationAbbr": "TX",
    "LocationDesc": "Texas",
    "DataSource": "BRFSS",
    "Topic": "Obesity / Weight Status",
    "Data_Value": 16.4,
    "Sample_Size": 616,
    "Stratification1": "18 - 24",
    "StratificationId1": "AGEYR1824",
    "LocationDisplayOrder": 48
  },
  {
    "ID": 52196,
    "Description": 2017,
    "LocationAbbr": "UT",
    "LocationDesc": "Utah",
    "DataSource": "BRFSS",
    "Topic": "Obesity / Weight Status",
    "Data_Value": 13.3,
    "Sample_Size": 896,
    "Stratification1": "18 - 24",
    "StratificationId1": "AGEYR1824",
    "LocationDisplayOrder": 49
  },
  {
    "ID": 54519,
    "Description": 2017,
    "LocationAbbr": "VT",
    "LocationDesc": "Vermont",
    "DataSource": "BRFSS",
    "Topic": "Obesity / Weight Status",
    "Data_Value": 14.3,
    "Sample_Size": 280,
    "Stratification1": "18 - 24",
    "StratificationId1": "AGEYR1824",
    "LocationDisplayOrder": 50
  },
  {
    "ID": 55068,
    "Description": 2017,
    "LocationAbbr": "VA",
    "LocationDesc": "Virginia",
    "DataSource": "BRFSS",
    "Topic": "Obesity / Weight Status",
    "Data_Value": 17.7,
    "Sample_Size": 459,
    "Stratification1": "18 - 24",
    "StratificationId1": "AGEYR1824",
    "LocationDisplayOrder": 51
  },
  {
    "ID": 47303,
    "Description": 2017,
    "LocationAbbr": "WA",
    "LocationDesc": "Washington",
    "DataSource": "BRFSS",
    "Topic": "Obesity / Weight Status",
    "Data_Value": 17.3,
    "Sample_Size": 703,
    "Stratification1": "18 - 24",
    "StratificationId1": "AGEYR1824",
    "LocationDisplayOrder": 53
  },
  {
    "ID": 44470,
    "Description": 2017,
    "LocationAbbr": "WV",
    "LocationDesc": "West Virginia",
    "DataSource": "BRFSS",
    "Topic": "Obesity / Weight Status",
    "Data_Value": 24.5,
    "Sample_Size": 199,
    "Stratification1": "18 - 24",
    "StratificationId1": "AGEYR1824",
    "LocationDisplayOrder": 54
  },
  {
    "ID": 49261,
    "Description": 2017,
    "LocationAbbr": "WI",
    "LocationDesc": "Wisconsin",
    "DataSource": "BRFSS",
    "Topic": "Obesity / Weight Status",
    "Data_Value": 22.5,
    "Sample_Size": 332,
    "Stratification1": "18 - 24",
    "StratificationId1": "AGEYR1824",
    "LocationDisplayOrder": 55
  },
  {
    "ID": 58250,
    "Description": 2017,
    "LocationAbbr": "WY",
    "LocationDesc": "Wyoming",
    "DataSource": "BRFSS",
    "Topic": "Obesity / Weight Status",
    "Data_Value": 13,
    "Sample_Size": 206,
    "Stratification1": "18 - 24",
    "StratificationId1": "AGEYR1824",
    "LocationDisplayOrder": 56
  },
  {
    "ID": 48820,
    "Description": 2017,
    "LocationAbbr": "GU",
    "LocationDesc": "Guam",
    "DataSource": "BRFSS",
    "Topic": "Obesity / Weight Status",
    "Data_Value": 14.5,
    "Sample_Size": 155,
    "Stratification1": "18 - 24",
    "StratificationId1": "AGEYR1824",
    "LocationDisplayOrder": 66
  },
  {
    "ID": 45906,
    "Description": 2017,
    "LocationAbbr": "PR",
    "LocationDesc": "Puerto Rico",
    "DataSource": "BRFSS",
    "Topic": "Obesity / Weight Status",
    "Data_Value": 14.4,
    "Sample_Size": 314,
    "Stratification1": "18 - 24",
    "StratificationId1": "AGEYR1824",
    "LocationDisplayOrder": 72
  },
  {
    "ID": 49879,
    "Description": 2017,
    "LocationAbbr": "VI",
    "LocationDesc": "Virgin Islands",
    "DataSource": "BRFSS",
    "Topic": "Obesity / Weight Status",
    "Data_Value": "~",
    "Sample_Size": "~",
    "Stratification1": "18 - 24",
    "StratificationId1": "AGEYR1824",
    "LocationDisplayOrder": 78
  },
  {
    "ID": "",
    "Description": "",
    "LocationAbbr": "",
    "LocationDesc": "",
    "DataSource": "",
    "Topic": "",
    "Data_Value": "",
    "Sample_Size": "",
    "Stratification1": "",
    "StratificationId1": "",
    "LocationDisplayOrder": ""
  },
  {
    "ID": "",
    "Description": "",
    "LocationAbbr": "",
    "LocationDesc": "",
    "DataSource": "",
    "Topic": "",
    "Data_Value": "",
    "Sample_Size": "",
    "Stratification1": "",
    "StratificationId1": "",
    "LocationDisplayOrder": ""
  },
  {
    "ID": "",
    "Description": "",
    "LocationAbbr": "",
    "LocationDesc": "",
    "DataSource": "",
    "Topic": "",
    "Data_Value": "",
    "Sample_Size": "",
    "Stratification1": "",
    "StratificationId1": "",
    "LocationDisplayOrder": ""
  },
  {
    "ID": "",
    "Description": "",
    "LocationAbbr": "",
    "LocationDesc": "",
    "DataSource": "",
    "Topic": "",
    "Data_Value": "",
    "Sample_Size": "",
    "Stratification1": "",
    "StratificationId1": "",
    "LocationDisplayOrder": ""
  },
  {
    "ID": "",
    "Description": "",
    "LocationAbbr": "",
    "LocationDesc": "",
    "DataSource": "",
    "Topic": "",
    "Data_Value": "",
    "Sample_Size": "",
    "Stratification1": "",
    "StratificationId1": "",
    "LocationDisplayOrder": ""
  },
  {
    "ID": "",
    "Description": "",
    "LocationAbbr": "",
    "LocationDesc": "",
    "DataSource": "",
    "Topic": "",
    "Data_Value": "",
    "Sample_Size": "",
    "Stratification1": "",
    "StratificationId1": "",
    "LocationDisplayOrder": ""
  },
  {
    "ID": "",
    "Description": "",
    "LocationAbbr": "",
    "LocationDesc": "",
    "DataSource": "",
    "Topic": "",
    "Data_Value": "",
    "Sample_Size": "",
    "Stratification1": "",
    "StratificationId1": "",
    "LocationDisplayOrder": ""
  },
  {
    "ID": "",
    "Description": "",
    "LocationAbbr": "",
    "LocationDesc": "",
    "DataSource": "",
    "Topic": "",
    "Data_Value": "",
    "Sample_Size": "",
    "Stratification1": "",
    "StratificationId1": "",
    "LocationDisplayOrder": ""
  },
  {
    "ID": "",
    "Description": "",
    "LocationAbbr": "",
    "LocationDesc": "",
    "DataSource": "",
    "Topic": "",
    "Data_Value": "",
    "Sample_Size": "",
    "Stratification1": "",
    "StratificationId1": "",
    "LocationDisplayOrder": ""
  },
  {
    "ID": "",
    "Description": "",
    "LocationAbbr": "",
    "LocationDesc": "",
    "DataSource": "",
    "Topic": "",
    "Data_Value": "",
    "Sample_Size": "",
    "Stratification1": "",
    "StratificationId1": "",
    "LocationDisplayOrder": ""
  }
]