[
  {
    "ID": 54567,
    "Description": 2017,
    "LocationAbbr": "US",
    "LocationDesc": "National",
    "DataSource": "BRFSS",
    "Topic": "Obesity / Weight Status",
    "Data_Value": 28.2,
    "Sample_Size": "41,784",
    "Stratification1": "25 - 34",
    "StratificationId1": "AGEYR2534",
    "LocationDisplayOrder": 0
  },
  {
    "ID": 52640,
    "Description": 2017,
    "LocationAbbr": "AL",
    "LocationDesc": "Alabama",
    "DataSource": "BRFSS",
    "Topic": "Obesity / Weight Status",
    "Data_Value": 36.3,
    "Sample_Size": 615,
    "Stratification1": "25 - 34",
    "StratificationId1": "AGEYR2534",
    "LocationDisplayOrder": 1
  },
  {
    "ID": 56191,
    "Description": 2017,
    "LocationAbbr": "AK",
    "LocationDesc": "Alaska",
    "DataSource": "BRFSS",
    "Topic": "Obesity / Weight Status",
    "Data_Value": 31.4,
    "Sample_Size": 321,
    "Stratification1": "25 - 34",
    "StratificationId1": "AGEYR2534",
    "LocationDisplayOrder": 2
  },
  {
    "ID": 44305,
    "Description": 2017,
    "LocationAbbr": "AZ",
    "LocationDesc": "Arizona",
    "DataSource": "BRFSS",
    "Topic": "Obesity / Weight Status",
    "Data_Value": 30.5,
    "Sample_Size": "1,254",
    "Stratification1": "25 - 34",
    "StratificationId1": "AGEYR2534",
    "LocationDisplayOrder": 4
  },
  {
    "ID": 52276,
    "Description": 2017,
    "LocationAbbr": "AR",
    "LocationDesc": "Arkansas",
    "DataSource": "BRFSS",
    "Topic": "Obesity / Weight Status",
    "Data_Value": 38.8,
    "Sample_Size": 214,
    "Stratification1": "25 - 34",
    "StratificationId1": "AGEYR2534",
    "LocationDisplayOrder": 5
  },
  {
    "ID": 51955,
    "Description": 2017,
    "LocationAbbr": "CA",
    "LocationDesc": "California",
    "DataSource": "BRFSS",
    "Topic": "Obesity / Weight Status",
    "Data_Value": 22.6,
    "Sample_Size": "1,449",
    "Stratification1": "25 - 34",
    "StratificationId1": "AGEYR2534",
    "LocationDisplayOrder": 6
  },
  {
    "ID": 46124,
    "Description": 2017,
    "LocationAbbr": "CO",
    "LocationDesc": "Colorado",
    "DataSource": "BRFSS",
    "Topic": "Obesity / Weight Status",
    "Data_Value": 19.1,
    "Sample_Size": "1,051",
    "Stratification1": "25 - 34",
    "StratificationId1": "AGEYR2534",
    "LocationDisplayOrder": 8
  },
  {
    "ID": 58195,
    "Description": 2017,
    "LocationAbbr": "CT",
    "LocationDesc": "Connecticut",
    "DataSource": "BRFSS",
    "Topic": "Obesity / Weight Status",
    "Data_Value": 27.2,
    "Sample_Size": 725,
    "Stratification1": "25 - 34",
    "StratificationId1": "AGEYR2534",
    "LocationDisplayOrder": 9
  },
  {
    "ID": 52418,
    "Description": 2017,
    "LocationAbbr": "DE",
    "LocationDesc": "Delaware",
    "DataSource": "BRFSS",
    "Topic": "Obesity / Weight Status",
    "Data_Value": 27.4,
    "Sample_Size": 382,
    "Stratification1": "25 - 34",
    "StratificationId1": "AGEYR2534",
    "LocationDisplayOrder": 10
  },
  {
    "ID": 53355,
    "Description": 2017,
    "LocationAbbr": "DC",
    "LocationDesc": "District of Columbia",
    "DataSource": "BRFSS",
    "Topic": "Obesity / Weight Status",
    "Data_Value": 18.3,
    "Sample_Size": 584,
    "Stratification1": "25 - 34",
    "StratificationId1": "AGEYR2534",
    "LocationDisplayOrder": 11
  },
  {
    "ID": 56376,
    "Description": 2017,
    "LocationAbbr": "FL",
    "LocationDesc": "Florida",
    "DataSource": "BRFSS",
    "Topic": "Obesity / Weight Status",
    "Data_Value": 27.6,
    "Sample_Size": "2,184",
    "Stratification1": "25 - 34",
    "StratificationId1": "AGEYR2534",
    "LocationDisplayOrder": 12
  },
  {
    "ID": 54890,
    "Description": 2017,
    "LocationAbbr": "GA",
    "LocationDesc": "Georgia",
    "DataSource": "BRFSS",
    "Topic": "Obesity / Weight Status",
    "Data_Value": 29.1,
    "Sample_Size": 639,
    "Stratification1": "25 - 34",
    "StratificationId1": "AGEYR2534",
    "LocationDisplayOrder": 13
  },
  {
    "ID": 48765,
    "Description": 2017,
    "LocationAbbr": "HI",
    "LocationDesc": "Hawaii",
    "DataSource": "BRFSS",
    "Topic": "Obesity / Weight Status",
    "Data_Value": 26.8,
    "Sample_Size": 866,
    "Stratification1": "25 - 34",
    "StratificationId1": "AGEYR2534",
    "LocationDisplayOrder": 15
  },
  {
    "ID": 48150,
    "Description": 2017,
    "LocationAbbr": "ID",
    "LocationDesc": "Idaho",
    "DataSource": "BRFSS",
    "Topic": "Obesity / Weight Status",
    "Data_Value": 29,
    "Sample_Size": 444,
    "Stratification1": "25 - 34",
    "StratificationId1": "AGEYR2534",
    "LocationDisplayOrder": 16
  },
  {
    "ID": 57657,
    "Description": 2017,
    "LocationAbbr": "IL",
    "LocationDesc": "Illinois",
    "DataSource": "BRFSS",
    "Topic": "Obesity / Weight Status",
    "Data_Value": 29.4,
    "Sample_Size": 603,
    "Stratification1": "25 - 34",
    "StratificationId1": "AGEYR2534",
    "LocationDisplayOrder": 17
  },
  {
    "ID": 51690,
    "Description": 2017,
    "LocationAbbr": "IN",
    "LocationDesc": "Indiana",
    "DataSource": "BRFSS",
    "Topic": "Obesity / Weight Status",
    "Data_Value": 31.4,
    "Sample_Size": "1,107",
    "Stratification1": "25 - 34",
    "StratificationId1": "AGEYR2534",
    "LocationDisplayOrder": 18
  },
  {
    "ID": 53112,
    "Description": 2017,
    "LocationAbbr": "IA",
    "LocationDesc": "Iowa",
    "DataSource": "BRFSS",
    "Topic": "Obesity / Weight Status",
    "Data_Value": 37.7,
    "Sample_Size": 790,
    "Stratification1": "25 - 34",
    "StratificationId1": "AGEYR2534",
    "LocationDisplayOrder": 19
  },
  {
    "ID": 48380,
    "Description": 2017,
    "LocationAbbr": "KS",
    "LocationDesc": "Kansas",
    "DataSource": "BRFSS",
    "Topic": "Obesity / Weight Status",
    "Data_Value": 31.4,
    "Sample_Size": "2,179",
    "Stratification1": "25 - 34",
    "StratificationId1": "AGEYR2534",
    "LocationDisplayOrder": 20
  },
  {
    "ID": 50189,
    "Description": 2017,
    "LocationAbbr": "KY",
    "LocationDesc": "Kentucky",
    "DataSource": "BRFSS",
    "Topic": "Obesity / Weight Status",
    "Data_Value": 35.9,
    "Sample_Size": 814,
    "Stratification1": "25 - 34",
    "StratificationId1": "AGEYR2534",
    "LocationDisplayOrder": 21
  },
  {
    "ID": 51946,
    "Description": 2017,
    "LocationAbbr": "LA",
    "LocationDesc": "Louisiana",
    "DataSource": "BRFSS",
    "Topic": "Obesity / Weight Status",
    "Data_Value": 34.9,
    "Sample_Size": 551,
    "Stratification1": "25 - 34",
    "StratificationId1": "AGEYR2534",
    "LocationDisplayOrder": 22
  },
  {
    "ID": 50599,
    "Description": 2017,
    "LocationAbbr": "ME",
    "LocationDesc": "Maine",
    "DataSource": "BRFSS",
    "Topic": "Obesity / Weight Status",
    "Data_Value": 26.9,
    "Sample_Size": 747,
    "Stratification1": "25 - 34",
    "StratificationId1": "AGEYR2534",
    "LocationDisplayOrder": 23
  },
  {
    "ID": 45718,
    "Description": 2017,
    "LocationAbbr": "MD",
    "LocationDesc": "Maryland",
    "DataSource": "BRFSS",
    "Topic": "Obesity / Weight Status",
    "Data_Value": 26.3,
    "Sample_Size": 823,
    "Stratification1": "25 - 34",
    "StratificationId1": "AGEYR2534",
    "LocationDisplayOrder": 24
  },
  {
    "ID": 49095,
    "Description": 2017,
    "LocationAbbr": "MA",
    "LocationDesc": "Massachusetts",
    "DataSource": "BRFSS",
    "Topic": "Obesity / Weight Status",
    "Data_Value": 26.1,
    "Sample_Size": 656,
    "Stratification1": "25 - 34",
    "StratificationId1": "AGEYR2534",
    "LocationDisplayOrder": 25
  },
  {
    "ID": 58487,
    "Description": 2017,
    "LocationAbbr": "MI",
    "LocationDesc": "Michigan",
    "DataSource": "BRFSS",
    "Topic": "Obesity / Weight Status",
    "Data_Value": 28.9,
    "Sample_Size": "1,019",
    "Stratification1": "25 - 34",
    "StratificationId1": "AGEYR2534",
    "LocationDisplayOrder": 26
  },
  {
    "ID": 45155,
    "Description": 2017,
    "LocationAbbr": "MN",
    "LocationDesc": "Minnesota",
    "DataSource": "BRFSS",
    "Topic": "Obesity / Weight Status",
    "Data_Value": 24.1,
    "Sample_Size": "1,785",
    "Stratification1": "25 - 34",
    "StratificationId1": "AGEYR2534",
    "LocationDisplayOrder": 27
  },
  {
    "ID": 52163,
    "Description": 2017,
    "LocationAbbr": "MS",
    "LocationDesc": "Mississippi",
    "DataSource": "BRFSS",
    "Topic": "Obesity / Weight Status",
    "Data_Value": 39.9,
    "Sample_Size": 391,
    "Stratification1": "25 - 34",
    "StratificationId1": "AGEYR2534",
    "LocationDisplayOrder": 28
  },
  {
    "ID": 52146,
    "Description": 2017,
    "LocationAbbr": "MO",
    "LocationDesc": "Missouri",
    "DataSource": "BRFSS",
    "Topic": "Obesity / Weight Status",
    "Data_Value": 30.7,
    "Sample_Size": 701,
    "Stratification1": "25 - 34",
    "StratificationId1": "AGEYR2534",
    "LocationDisplayOrder": 29
  },
  {
    "ID": 46977,
    "Description": 2017,
    "LocationAbbr": "MT",
    "LocationDesc": "Montana",
    "DataSource": "BRFSS",
    "Topic": "Obesity / Weight Status",
    "Data_Value": 22.3,
    "Sample_Size": 556,
    "Stratification1": "25 - 34",
    "StratificationId1": "AGEYR2534",
    "LocationDisplayOrder": 30
  },
  {
    "ID": 49193,
    "Description": 2017,
    "LocationAbbr": "NE",
    "LocationDesc": "Nebraska",
    "DataSource": "BRFSS",
    "Topic": "Obesity / Weight Status",
    "Data_Value": 30.6,
    "Sample_Size": "1,561",
    "Stratification1": "25 - 34",
    "StratificationId1": "AGEYR2534",
    "LocationDisplayOrder": 31
  },
  {
    "ID": 53526,
    "Description": 2017,
    "LocationAbbr": "NV",
    "LocationDesc": "Nevada",
    "DataSource": "BRFSS",
    "Topic": "Obesity / Weight Status",
    "Data_Value": 28.9,
    "Sample_Size": 373,
    "Stratification1": "25 - 34",
    "StratificationId1": "AGEYR2534",
    "LocationDisplayOrder": 32
  },
  {
    "ID": 49112,
    "Description": 2017,
    "LocationAbbr": "NH",
    "LocationDesc": "New Hampshire",
    "DataSource": "BRFSS",
    "Topic": "Obesity / Weight Status",
    "Data_Value": 29.6,
    "Sample_Size": 348,
    "Stratification1": "25 - 34",
    "StratificationId1": "AGEYR2534",
    "LocationDisplayOrder": 33
  },
  {
    "ID": 51659,
    "Description": 2017,
    "LocationAbbr": "NJ",
    "LocationDesc": "New Jersey",
    "DataSource": "BRFSS",
    "Topic": "Obesity / Weight Status",
    "Data_Value": 25.7,
    "Sample_Size": 752,
    "Stratification1": "25 - 34",
    "StratificationId1": "AGEYR2534",
    "LocationDisplayOrder": 34
  },
  {
    "ID": 44614,
    "Description": 2017,
    "LocationAbbr": "NM",
    "LocationDesc": "New Mexico",
    "DataSource": "BRFSS",
    "Topic": "Obesity / Weight Status",
    "Data_Value": 30.4,
    "Sample_Size": 599,
    "Stratification1": "25 - 34",
    "StratificationId1": "AGEYR2534",
    "LocationDisplayOrder": 35
  },
  {
    "ID": 50178,
    "Description": 2017,
    "LocationAbbr": "NY",
    "LocationDesc": "New York",
    "DataSource": "BRFSS",
    "Topic": "Obesity / Weight Status",
    "Data_Value": 22,
    "Sample_Size": "1,359",
    "Stratification1": "25 - 34",
    "StratificationId1": "AGEYR2534",
    "LocationDisplayOrder": 36
  },
  {
    "ID": 53144,
    "Description": 2017,
    "LocationAbbr": "NC",
    "LocationDesc": "North Carolina",
    "DataSource": "BRFSS",
    "Topic": "Obesity / Weight Status",
    "Data_Value": 32.6,
    "Sample_Size": 555,
    "Stratification1": "25 - 34",
    "StratificationId1": "AGEYR2534",
    "LocationDisplayOrder": 37
  },
  {
    "ID": 57315,
    "Description": 2017,
    "LocationAbbr": "ND",
    "LocationDesc": "North Dakota",
    "DataSource": "BRFSS",
    "Topic": "Obesity / Weight Status",
    "Data_Value": 31.5,
    "Sample_Size": 640,
    "Stratification1": "25 - 34",
    "StratificationId1": "AGEYR2534",
    "LocationDisplayOrder": 38
  },
  {
    "ID": 51361,
    "Description": 2017,
    "LocationAbbr": "OH",
    "LocationDesc": "Ohio",
    "DataSource": "BRFSS",
    "Topic": "Obesity / Weight Status",
    "Data_Value": 32.5,
    "Sample_Size": 931,
    "Stratification1": "25 - 34",
    "StratificationId1": "AGEYR2534",
    "LocationDisplayOrder": 39
  },
  {
    "ID": 46028,
    "Description": 2017,
    "LocationAbbr": "OK",
    "LocationDesc": "Oklahoma",
    "DataSource": "BRFSS",
    "Topic": "Obesity / Weight Status",
    "Data_Value": 31.7,
    "Sample_Size": 628,
    "Stratification1": "25 - 34",
    "StratificationId1": "AGEYR2534",
    "LocationDisplayOrder": 40
  },
  {
    "ID": 54063,
    "Description": 2017,
    "LocationAbbr": "OR",
    "LocationDesc": "Oregon",
    "DataSource": "BRFSS",
    "Topic": "Obesity / Weight Status",
    "Data_Value": 25.5,
    "Sample_Size": 591,
    "Stratification1": "25 - 34",
    "StratificationId1": "AGEYR2534",
    "LocationDisplayOrder": 41
  },
  {
    "ID": 50222,
    "Description": 2017,
    "LocationAbbr": "PA",
    "LocationDesc": "Pennsylvania",
    "DataSource": "BRFSS",
    "Topic": "Obesity / Weight Status",
    "Data_Value": 29.8,
    "Sample_Size": 784,
    "Stratification1": "25 - 34",
    "StratificationId1": "AGEYR2534",
    "LocationDisplayOrder": 42
  },
  {
    "ID": 52096,
    "Description": 2017,
    "LocationAbbr": "RI",
    "LocationDesc": "Rhode Island",
    "DataSource": "BRFSS",
    "Topic": "Obesity / Weight Status",
    "Data_Value": 30.9,
    "Sample_Size": 458,
    "Stratification1": "25 - 34",
    "StratificationId1": "AGEYR2534",
    "LocationDisplayOrder": 44
  },
  {
    "ID": 53188,
    "Description": 2017,
    "LocationAbbr": "SC",
    "LocationDesc": "South Carolina",
    "DataSource": "BRFSS",
    "Topic": "Obesity / Weight Status",
    "Data_Value": 33.7,
    "Sample_Size": 825,
    "Stratification1": "25 - 34",
    "StratificationId1": "AGEYR2534",
    "LocationDisplayOrder": 45
  },
  {
    "ID": 44951,
    "Description": 2017,
    "LocationAbbr": "SD",
    "LocationDesc": "South Dakota",
    "DataSource": "BRFSS",
    "Topic": "Obesity / Weight Status",
    "Data_Value": 32.8,
    "Sample_Size": 622,
    "Stratification1": "25 - 34",
    "StratificationId1": "AGEYR2534",
    "LocationDisplayOrder": 46
  },
  {
    "ID": 48523,
    "Description": 2017,
    "LocationAbbr": "TN",
    "LocationDesc": "Tennessee",
    "DataSource": "BRFSS",
    "Topic": "Obesity / Weight Status",
    "Data_Value": 31.1,
    "Sample_Size": 606,
    "Stratification1": "25 - 34",
    "StratificationId1": "AGEYR2534",
    "LocationDisplayOrder": 47
  },
  {
    "ID": 54305,
    "Description": 2017,
    "LocationAbbr": "TX",
    "LocationDesc": "Texas",
    "DataSource": "BRFSS",
    "Topic": "Obesity / Weight Status",
    "Data_Value": 30.6,
    "Sample_Size": "1,201",
    "Stratification1": "25 - 34",
    "StratificationId1": "AGEYR2534",
    "LocationDisplayOrder": 48
  },
  {
    "ID": 46066,
    "Description": 2017,
    "LocationAbbr": "UT",
    "LocationDesc": "Utah",
    "DataSource": "BRFSS",
    "Topic": "Obesity / Weight Status",
    "Data_Value": 21.6,
    "Sample_Size": "1,430",
    "Stratification1": "25 - 34",
    "StratificationId1": "AGEYR2534",
    "LocationDisplayOrder": 49
  },
  {
    "ID": 56053,
    "Description": 2017,
    "LocationAbbr": "VT",
    "LocationDesc": "Vermont",
    "DataSource": "BRFSS",
    "Topic": "Obesity / Weight Status",
    "Data_Value": 27.7,
    "Sample_Size": 520,
    "Stratification1": "25 - 34",
    "StratificationId1": "AGEYR2534",
    "LocationDisplayOrder": 50
  },
  {
    "ID": 45706,
    "Description": 2017,
    "LocationAbbr": "VA",
    "LocationDesc": "Virginia",
    "DataSource": "BRFSS",
    "Topic": "Obesity / Weight Status",
    "Data_Value": 28.8,
    "Sample_Size": 890,
    "Stratification1": "25 - 34",
    "StratificationId1": "AGEYR2534",
    "LocationDisplayOrder": 51
  },
  {
    "ID": 54493,
    "Description": 2017,
    "LocationAbbr": "WA",
    "LocationDesc": "Washington",
    "DataSource": "BRFSS",
    "Topic": "Obesity / Weight Status",
    "Data_Value": 25.1,
    "Sample_Size": "1,291",
    "Stratification1": "25 - 34",
    "StratificationId1": "AGEYR2534",
    "LocationDisplayOrder": 53
  },
  {
    "ID": 50398,
    "Description": 2017,
    "LocationAbbr": "WV",
    "LocationDesc": "West Virginia",
    "DataSource": "BRFSS",
    "Topic": "Obesity / Weight Status",
    "Data_Value": 35.8,
    "Sample_Size": 450,
    "Stratification1": "25 - 34",
    "StratificationId1": "AGEYR2534",
    "LocationDisplayOrder": 54
  },
  {
    "ID": 48476,
    "Description": 2017,
    "LocationAbbr": "WI",
    "LocationDesc": "Wisconsin",
    "DataSource": "BRFSS",
    "Topic": "Obesity / Weight Status",
    "Data_Value": 30.4,
    "Sample_Size": 547,
    "Stratification1": "25 - 34",
    "StratificationId1": "AGEYR2534",
    "LocationDisplayOrder": 55
  },
  {
    "ID": 48585,
    "Description": 2017,
    "LocationAbbr": "WY",
    "LocationDesc": "Wyoming",
    "DataSource": "BRFSS",
    "Topic": "Obesity / Weight Status",
    "Data_Value": 24.2,
    "Sample_Size": 373,
    "Stratification1": "25 - 34",
    "StratificationId1": "AGEYR2534",
    "LocationDisplayOrder": 56
  },
  {
    "ID": 50085,
    "Description": 2017,
    "LocationAbbr": "GU",
    "LocationDesc": "Guam",
    "DataSource": "BRFSS",
    "Topic": "Obesity / Weight Status",
    "Data_Value": 42.8,
    "Sample_Size": 229,
    "Stratification1": "25 - 34",
    "StratificationId1": "AGEYR2534",
    "LocationDisplayOrder": 66
  },
  {
    "ID": 46580,
    "Description": 2017,
    "LocationAbbr": "PR",
    "LocationDesc": "Puerto Rico",
    "DataSource": "BRFSS",
    "Topic": "Obesity / Weight Status",
    "Data_Value": 31.7,
    "Sample_Size": 499,
    "Stratification1": "25 - 34",
    "StratificationId1": "AGEYR2534",
    "LocationDisplayOrder": 72
  },
  {
    "ID": 51980,
    "Description": 2017,
    "LocationAbbr": "VI",
    "LocationDesc": "Virgin Islands",
    "DataSource": "BRFSS",
    "Topic": "Obesity / Weight Status",
    "Data_Value": "~",
    "Sample_Size": "~",
    "Stratification1": "25 - 34",
    "StratificationId1": "AGEYR2534",
    "LocationDisplayOrder": 78
  },
  {
    "ID": "",
    "Description": "",
    "LocationAbbr": "",
    "LocationDesc": "",
    "DataSource": "",
    "Topic": "",
    "Data_Value": "",
    "Sample_Size": "",
    "Stratification1": "",
    "StratificationId1": "",
    "LocationDisplayOrder": ""
  },
  {
    "ID": "",
    "Description": "",
    "LocationAbbr": "",
    "LocationDesc": "",
    "DataSource": "",
    "Topic": "",
    "Data_Value": "",
    "Sample_Size": "",
    "Stratification1": "",
    "StratificationId1": "",
    "LocationDisplayOrder": ""
  },
  {
    "ID": "",
    "Description": "",
    "LocationAbbr": "",
    "LocationDesc": "",
    "DataSource": "",
    "Topic": "",
    "Data_Value": "",
    "Sample_Size": "",
    "Stratification1": "",
    "StratificationId1": "",
    "LocationDisplayOrder": ""
  },
  {
    "ID": "",
    "Description": "",
    "LocationAbbr": "",
    "LocationDesc": "",
    "DataSource": "",
    "Topic": "",
    "Data_Value": "",
    "Sample_Size": "",
    "Stratification1": "",
    "StratificationId1": "",
    "LocationDisplayOrder": ""
  },
  {
    "ID": "",
    "Description": "",
    "LocationAbbr": "",
    "LocationDesc": "",
    "DataSource": "",
    "Topic": "",
    "Data_Value": "",
    "Sample_Size": "",
    "Stratification1": "",
    "StratificationId1": "",
    "LocationDisplayOrder": ""
  },
  {
    "ID": "",
    "Description": "",
    "LocationAbbr": "",
    "LocationDesc": "",
    "DataSource": "",
    "Topic": "",
    "Data_Value": "",
    "Sample_Size": "",
    "Stratification1": "",
    "StratificationId1": "",
    "LocationDisplayOrder": ""
  },
  {
    "ID": "",
    "Description": "",
    "LocationAbbr": "",
    "LocationDesc": "",
    "DataSource": "",
    "Topic": "",
    "Data_Value": "",
    "Sample_Size": "",
    "Stratification1": "",
    "StratificationId1": "",
    "LocationDisplayOrder": ""
  },
  {
    "ID": "",
    "Description": "",
    "LocationAbbr": "",
    "LocationDesc": "",
    "DataSource": "",
    "Topic": "",
    "Data_Value": "",
    "Sample_Size": "",
    "Stratification1": "",
    "StratificationId1": "",
    "LocationDisplayOrder": ""
  },
  {
    "ID": "",
    "Description": "",
    "LocationAbbr": "",
    "LocationDesc": "",
    "DataSource": "",
    "Topic": "",
    "Data_Value": "",
    "Sample_Size": "",
    "Stratification1": "",
    "StratificationId1": "",
    "LocationDisplayOrder": ""
  },
  {
    "ID": "",
    "Description": "",
    "LocationAbbr": "",
    "LocationDesc": "",
    "DataSource": "",
    "Topic": "",
    "Data_Value": "",
    "Sample_Size": "",
    "Stratification1": "",
    "StratificationId1": "",
    "LocationDisplayOrder": ""
  }
]