[
  {
    "ID": 54082,
    "Description": 2017,
    "LocationAbbr": "US",
    "LocationDesc": "National",
    "DataSource": "BRFSS",
    "Topic": "Obesity / Weight Status",
    "Data_Value": 33,
    "Sample_Size": "46,647",
    "Stratification1": "35 - 44",
    "StratificationId1": "AGEYR3544",
    "LocationDisplayOrder": 0
  },
  {
    "ID": 58477,
    "Description": 2017,
    "LocationAbbr": "AL",
    "LocationDesc": "Alabama",
    "DataSource": "BRFSS",
    "Topic": "Obesity / Weight Status",
    "Data_Value": 42.2,
    "Sample_Size": 719,
    "Stratification1": "35 - 44",
    "StratificationId1": "AGEYR3544",
    "LocationDisplayOrder": 1
  },
  {
    "ID": 46058,
    "Description": 2017,
    "LocationAbbr": "AK",
    "LocationDesc": "Alaska",
    "DataSource": "BRFSS",
    "Topic": "Obesity / Weight Status",
    "Data_Value": 41.5,
    "Sample_Size": 378,
    "Stratification1": "35 - 44",
    "StratificationId1": "AGEYR3544",
    "LocationDisplayOrder": 2
  },
  {
    "ID": 47705,
    "Description": 2017,
    "LocationAbbr": "AZ",
    "LocationDesc": "Arizona",
    "DataSource": "BRFSS",
    "Topic": "Obesity / Weight Status",
    "Data_Value": 34.4,
    "Sample_Size": "1,602",
    "Stratification1": "35 - 44",
    "StratificationId1": "AGEYR3544",
    "LocationDisplayOrder": 4
  },
  {
    "ID": 53044,
    "Description": 2017,
    "LocationAbbr": "AR",
    "LocationDesc": "Arkansas",
    "DataSource": "BRFSS",
    "Topic": "Obesity / Weight Status",
    "Data_Value": 41.8,
    "Sample_Size": 367,
    "Stratification1": "35 - 44",
    "StratificationId1": "AGEYR3544",
    "LocationDisplayOrder": 5
  },
  {
    "ID": 47093,
    "Description": 2017,
    "LocationAbbr": "CA",
    "LocationDesc": "California",
    "DataSource": "BRFSS",
    "Topic": "Obesity / Weight Status",
    "Data_Value": 25.4,
    "Sample_Size": "1,289",
    "Stratification1": "35 - 44",
    "StratificationId1": "AGEYR3544",
    "LocationDisplayOrder": 6
  },
  {
    "ID": 46952,
    "Description": 2017,
    "LocationAbbr": "CO",
    "LocationDesc": "Colorado",
    "DataSource": "BRFSS",
    "Topic": "Obesity / Weight Status",
    "Data_Value": 25.1,
    "Sample_Size": "1,106",
    "Stratification1": "35 - 44",
    "StratificationId1": "AGEYR3544",
    "LocationDisplayOrder": 8
  },
  {
    "ID": 57456,
    "Description": 2017,
    "LocationAbbr": "CT",
    "LocationDesc": "Connecticut",
    "DataSource": "BRFSS",
    "Topic": "Obesity / Weight Status",
    "Data_Value": 27,
    "Sample_Size": 958,
    "Stratification1": "35 - 44",
    "StratificationId1": "AGEYR3544",
    "LocationDisplayOrder": 9
  },
  {
    "ID": 50217,
    "Description": 2017,
    "LocationAbbr": "DE",
    "LocationDesc": "Delaware",
    "DataSource": "BRFSS",
    "Topic": "Obesity / Weight Status",
    "Data_Value": 35.7,
    "Sample_Size": 392,
    "Stratification1": "35 - 44",
    "StratificationId1": "AGEYR3544",
    "LocationDisplayOrder": 10
  },
  {
    "ID": 54473,
    "Description": 2017,
    "LocationAbbr": "DC",
    "LocationDesc": "District of Columbia",
    "DataSource": "BRFSS",
    "Topic": "Obesity / Weight Status",
    "Data_Value": 23.9,
    "Sample_Size": 605,
    "Stratification1": "35 - 44",
    "StratificationId1": "AGEYR3544",
    "LocationDisplayOrder": 11
  },
  {
    "ID": 49117,
    "Description": 2017,
    "LocationAbbr": "FL",
    "LocationDesc": "Florida",
    "DataSource": "BRFSS",
    "Topic": "Obesity / Weight Status",
    "Data_Value": 30.4,
    "Sample_Size": "2,135",
    "Stratification1": "35 - 44",
    "StratificationId1": "AGEYR3544",
    "LocationDisplayOrder": 12
  },
  {
    "ID": 45294,
    "Description": 2017,
    "LocationAbbr": "GA",
    "LocationDesc": "Georgia",
    "DataSource": "BRFSS",
    "Topic": "Obesity / Weight Status",
    "Data_Value": 37,
    "Sample_Size": 623,
    "Stratification1": "35 - 44",
    "StratificationId1": "AGEYR3544",
    "LocationDisplayOrder": 13
  },
  {
    "ID": 55033,
    "Description": 2017,
    "LocationAbbr": "HI",
    "LocationDesc": "Hawaii",
    "DataSource": "BRFSS",
    "Topic": "Obesity / Weight Status",
    "Data_Value": 28.5,
    "Sample_Size": 953,
    "Stratification1": "35 - 44",
    "StratificationId1": "AGEYR3544",
    "LocationDisplayOrder": 15
  },
  {
    "ID": 54922,
    "Description": 2017,
    "LocationAbbr": "ID",
    "LocationDesc": "Idaho",
    "DataSource": "BRFSS",
    "Topic": "Obesity / Weight Status",
    "Data_Value": 31.9,
    "Sample_Size": 610,
    "Stratification1": "35 - 44",
    "StratificationId1": "AGEYR3544",
    "LocationDisplayOrder": 16
  },
  {
    "ID": 48309,
    "Description": 2017,
    "LocationAbbr": "IL",
    "LocationDesc": "Illinois",
    "DataSource": "BRFSS",
    "Topic": "Obesity / Weight Status",
    "Data_Value": 31.6,
    "Sample_Size": 617,
    "Stratification1": "35 - 44",
    "StratificationId1": "AGEYR3544",
    "LocationDisplayOrder": 17
  },
  {
    "ID": 57291,
    "Description": 2017,
    "LocationAbbr": "IN",
    "LocationDesc": "Indiana",
    "DataSource": "BRFSS",
    "Topic": "Obesity / Weight Status",
    "Data_Value": 36.2,
    "Sample_Size": "1,322",
    "Stratification1": "35 - 44",
    "StratificationId1": "AGEYR3544",
    "LocationDisplayOrder": 18
  },
  {
    "ID": 53196,
    "Description": 2017,
    "LocationAbbr": "IA",
    "LocationDesc": "Iowa",
    "DataSource": "BRFSS",
    "Topic": "Obesity / Weight Status",
    "Data_Value": 39.1,
    "Sample_Size": 860,
    "Stratification1": "35 - 44",
    "StratificationId1": "AGEYR3544",
    "LocationDisplayOrder": 19
  },
  {
    "ID": 54635,
    "Description": 2017,
    "LocationAbbr": "KS",
    "LocationDesc": "Kansas",
    "DataSource": "BRFSS",
    "Topic": "Obesity / Weight Status",
    "Data_Value": 35.6,
    "Sample_Size": "2,446",
    "Stratification1": "35 - 44",
    "StratificationId1": "AGEYR3544",
    "LocationDisplayOrder": 20
  },
  {
    "ID": 55495,
    "Description": 2017,
    "LocationAbbr": "KY",
    "LocationDesc": "Kentucky",
    "DataSource": "BRFSS",
    "Topic": "Obesity / Weight Status",
    "Data_Value": 38.7,
    "Sample_Size": 926,
    "Stratification1": "35 - 44",
    "StratificationId1": "AGEYR3544",
    "LocationDisplayOrder": 21
  },
  {
    "ID": 57656,
    "Description": 2017,
    "LocationAbbr": "LA",
    "LocationDesc": "Louisiana",
    "DataSource": "BRFSS",
    "Topic": "Obesity / Weight Status",
    "Data_Value": 38.3,
    "Sample_Size": 577,
    "Stratification1": "35 - 44",
    "StratificationId1": "AGEYR3544",
    "LocationDisplayOrder": 22
  },
  {
    "ID": 50850,
    "Description": 2017,
    "LocationAbbr": "ME",
    "LocationDesc": "Maine",
    "DataSource": "BRFSS",
    "Topic": "Obesity / Weight Status",
    "Data_Value": 32.4,
    "Sample_Size": 901,
    "Stratification1": "35 - 44",
    "StratificationId1": "AGEYR3544",
    "LocationDisplayOrder": 23
  },
  {
    "ID": 50755,
    "Description": 2017,
    "LocationAbbr": "MD",
    "LocationDesc": "Maryland",
    "DataSource": "BRFSS",
    "Topic": "Obesity / Weight Status",
    "Data_Value": 36.3,
    "Sample_Size": "1,171",
    "Stratification1": "35 - 44",
    "StratificationId1": "AGEYR3544",
    "LocationDisplayOrder": 24
  },
  {
    "ID": 44326,
    "Description": 2017,
    "LocationAbbr": "MA",
    "LocationDesc": "Massachusetts",
    "DataSource": "BRFSS",
    "Topic": "Obesity / Weight Status",
    "Data_Value": 28.5,
    "Sample_Size": 652,
    "Stratification1": "35 - 44",
    "StratificationId1": "AGEYR3544",
    "LocationDisplayOrder": 25
  },
  {
    "ID": 57739,
    "Description": 2017,
    "LocationAbbr": "MI",
    "LocationDesc": "Michigan",
    "DataSource": "BRFSS",
    "Topic": "Obesity / Weight Status",
    "Data_Value": 35.5,
    "Sample_Size": "1,085",
    "Stratification1": "35 - 44",
    "StratificationId1": "AGEYR3544",
    "LocationDisplayOrder": 26
  },
  {
    "ID": 53963,
    "Description": 2017,
    "LocationAbbr": "MN",
    "LocationDesc": "Minnesota",
    "DataSource": "BRFSS",
    "Topic": "Obesity / Weight Status",
    "Data_Value": 33.5,
    "Sample_Size": "1,939",
    "Stratification1": "35 - 44",
    "StratificationId1": "AGEYR3544",
    "LocationDisplayOrder": 27
  },
  {
    "ID": 57585,
    "Description": 2017,
    "LocationAbbr": "MS",
    "LocationDesc": "Mississippi",
    "DataSource": "BRFSS",
    "Topic": "Obesity / Weight Status",
    "Data_Value": 41.1,
    "Sample_Size": 482,
    "Stratification1": "35 - 44",
    "StratificationId1": "AGEYR3544",
    "LocationDisplayOrder": 28
  },
  {
    "ID": 51032,
    "Description": 2017,
    "LocationAbbr": "MO",
    "LocationDesc": "Missouri",
    "DataSource": "BRFSS",
    "Topic": "Obesity / Weight Status",
    "Data_Value": 34.9,
    "Sample_Size": 721,
    "Stratification1": "35 - 44",
    "StratificationId1": "AGEYR3544",
    "LocationDisplayOrder": 29
  },
  {
    "ID": 52951,
    "Description": 2017,
    "LocationAbbr": "MT",
    "LocationDesc": "Montana",
    "DataSource": "BRFSS",
    "Topic": "Obesity / Weight Status",
    "Data_Value": 29.1,
    "Sample_Size": 559,
    "Stratification1": "35 - 44",
    "StratificationId1": "AGEYR3544",
    "LocationDisplayOrder": 30
  },
  {
    "ID": 57459,
    "Description": 2017,
    "LocationAbbr": "NE",
    "LocationDesc": "Nebraska",
    "DataSource": "BRFSS",
    "Topic": "Obesity / Weight Status",
    "Data_Value": 36,
    "Sample_Size": "1,634",
    "Stratification1": "35 - 44",
    "StratificationId1": "AGEYR3544",
    "LocationDisplayOrder": 31
  },
  {
    "ID": 55538,
    "Description": 2017,
    "LocationAbbr": "NV",
    "LocationDesc": "Nevada",
    "DataSource": "BRFSS",
    "Topic": "Obesity / Weight Status",
    "Data_Value": 25.3,
    "Sample_Size": 378,
    "Stratification1": "35 - 44",
    "StratificationId1": "AGEYR3544",
    "LocationDisplayOrder": 32
  },
  {
    "ID": 54746,
    "Description": 2017,
    "LocationAbbr": "NH",
    "LocationDesc": "New Hampshire",
    "DataSource": "BRFSS",
    "Topic": "Obesity / Weight Status",
    "Data_Value": 28.9,
    "Sample_Size": 461,
    "Stratification1": "35 - 44",
    "StratificationId1": "AGEYR3544",
    "LocationDisplayOrder": 33
  },
  {
    "ID": 52148,
    "Description": 2017,
    "LocationAbbr": "NJ",
    "LocationDesc": "New Jersey",
    "DataSource": "BRFSS",
    "Topic": "Obesity / Weight Status",
    "Data_Value": 28.6,
    "Sample_Size": "1,048",
    "Stratification1": "35 - 44",
    "StratificationId1": "AGEYR3544",
    "LocationDisplayOrder": 34
  },
  {
    "ID": 45778,
    "Description": 2017,
    "LocationAbbr": "NM",
    "LocationDesc": "New Mexico",
    "DataSource": "BRFSS",
    "Topic": "Obesity / Weight Status",
    "Data_Value": 34.3,
    "Sample_Size": 672,
    "Stratification1": "35 - 44",
    "StratificationId1": "AGEYR3544",
    "LocationDisplayOrder": 35
  },
  {
    "ID": 52183,
    "Description": 2017,
    "LocationAbbr": "NY",
    "LocationDesc": "New York",
    "DataSource": "BRFSS",
    "Topic": "Obesity / Weight Status",
    "Data_Value": 28.4,
    "Sample_Size": "1,373",
    "Stratification1": "35 - 44",
    "StratificationId1": "AGEYR3544",
    "LocationDisplayOrder": 36
  },
  {
    "ID": 51403,
    "Description": 2017,
    "LocationAbbr": "NC",
    "LocationDesc": "North Carolina",
    "DataSource": "BRFSS",
    "Topic": "Obesity / Weight Status",
    "Data_Value": 34.2,
    "Sample_Size": 588,
    "Stratification1": "35 - 44",
    "StratificationId1": "AGEYR3544",
    "LocationDisplayOrder": 37
  },
  {
    "ID": 44369,
    "Description": 2017,
    "LocationAbbr": "ND",
    "LocationDesc": "North Dakota",
    "DataSource": "BRFSS",
    "Topic": "Obesity / Weight Status",
    "Data_Value": 38.5,
    "Sample_Size": 656,
    "Stratification1": "35 - 44",
    "StratificationId1": "AGEYR3544",
    "LocationDisplayOrder": 38
  },
  {
    "ID": 48696,
    "Description": 2017,
    "LocationAbbr": "OH",
    "LocationDesc": "Ohio",
    "DataSource": "BRFSS",
    "Topic": "Obesity / Weight Status",
    "Data_Value": 38.8,
    "Sample_Size": "1,163",
    "Stratification1": "35 - 44",
    "StratificationId1": "AGEYR3544",
    "LocationDisplayOrder": 39
  },
  {
    "ID": 48909,
    "Description": 2017,
    "LocationAbbr": "OK",
    "LocationDesc": "Oklahoma",
    "DataSource": "BRFSS",
    "Topic": "Obesity / Weight Status",
    "Data_Value": 43.2,
    "Sample_Size": 672,
    "Stratification1": "35 - 44",
    "StratificationId1": "AGEYR3544",
    "LocationDisplayOrder": 40
  },
  {
    "ID": 58021,
    "Description": 2017,
    "LocationAbbr": "OR",
    "LocationDesc": "Oregon",
    "DataSource": "BRFSS",
    "Topic": "Obesity / Weight Status",
    "Data_Value": 30.5,
    "Sample_Size": 671,
    "Stratification1": "35 - 44",
    "StratificationId1": "AGEYR3544",
    "LocationDisplayOrder": 41
  },
  {
    "ID": 52939,
    "Description": 2017,
    "LocationAbbr": "PA",
    "LocationDesc": "Pennsylvania",
    "DataSource": "BRFSS",
    "Topic": "Obesity / Weight Status",
    "Data_Value": 33,
    "Sample_Size": 729,
    "Stratification1": "35 - 44",
    "StratificationId1": "AGEYR3544",
    "LocationDisplayOrder": 42
  },
  {
    "ID": 47736,
    "Description": 2017,
    "LocationAbbr": "RI",
    "LocationDesc": "Rhode Island",
    "DataSource": "BRFSS",
    "Topic": "Obesity / Weight Status",
    "Data_Value": 32.3,
    "Sample_Size": 487,
    "Stratification1": "35 - 44",
    "StratificationId1": "AGEYR3544",
    "LocationDisplayOrder": 44
  },
  {
    "ID": 57929,
    "Description": 2017,
    "LocationAbbr": "SC",
    "LocationDesc": "South Carolina",
    "DataSource": "BRFSS",
    "Topic": "Obesity / Weight Status",
    "Data_Value": 39.7,
    "Sample_Size": "1,001",
    "Stratification1": "35 - 44",
    "StratificationId1": "AGEYR3544",
    "LocationDisplayOrder": 45
  },
  {
    "ID": 49324,
    "Description": 2017,
    "LocationAbbr": "SD",
    "LocationDesc": "South Dakota",
    "DataSource": "BRFSS",
    "Topic": "Obesity / Weight Status",
    "Data_Value": 29.6,
    "Sample_Size": 708,
    "Stratification1": "35 - 44",
    "StratificationId1": "AGEYR3544",
    "LocationDisplayOrder": 46
  },
  {
    "ID": 49715,
    "Description": 2017,
    "LocationAbbr": "TN",
    "LocationDesc": "Tennessee",
    "DataSource": "BRFSS",
    "Topic": "Obesity / Weight Status",
    "Data_Value": 38.9,
    "Sample_Size": 678,
    "Stratification1": "35 - 44",
    "StratificationId1": "AGEYR3544",
    "LocationDisplayOrder": 47
  },
  {
    "ID": 55627,
    "Description": 2017,
    "LocationAbbr": "TX",
    "LocationDesc": "Texas",
    "DataSource": "BRFSS",
    "Topic": "Obesity / Weight Status",
    "Data_Value": 39.3,
    "Sample_Size": "1,290",
    "Stratification1": "35 - 44",
    "StratificationId1": "AGEYR3544",
    "LocationDisplayOrder": 48
  },
  {
    "ID": 54822,
    "Description": 2017,
    "LocationAbbr": "UT",
    "LocationDesc": "Utah",
    "DataSource": "BRFSS",
    "Topic": "Obesity / Weight Status",
    "Data_Value": 28.4,
    "Sample_Size": "1,662",
    "Stratification1": "35 - 44",
    "StratificationId1": "AGEYR3544",
    "LocationDisplayOrder": 49
  },
  {
    "ID": 50839,
    "Description": 2017,
    "LocationAbbr": "VT",
    "LocationDesc": "Vermont",
    "DataSource": "BRFSS",
    "Topic": "Obesity / Weight Status",
    "Data_Value": 30.3,
    "Sample_Size": 627,
    "Stratification1": "35 - 44",
    "StratificationId1": "AGEYR3544",
    "LocationDisplayOrder": 50
  },
  {
    "ID": 57343,
    "Description": 2017,
    "LocationAbbr": "VA",
    "LocationDesc": "Virginia",
    "DataSource": "BRFSS",
    "Topic": "Obesity / Weight Status",
    "Data_Value": 31.8,
    "Sample_Size": 998,
    "Stratification1": "35 - 44",
    "StratificationId1": "AGEYR3544",
    "LocationDisplayOrder": 51
  },
  {
    "ID": 44710,
    "Description": 2017,
    "LocationAbbr": "WA",
    "LocationDesc": "Washington",
    "DataSource": "BRFSS",
    "Topic": "Obesity / Weight Status",
    "Data_Value": 31.4,
    "Sample_Size": "1,483",
    "Stratification1": "35 - 44",
    "StratificationId1": "AGEYR3544",
    "LocationDisplayOrder": 53
  },
  {
    "ID": 54992,
    "Description": 2017,
    "LocationAbbr": "WV",
    "LocationDesc": "West Virginia",
    "DataSource": "BRFSS",
    "Topic": "Obesity / Weight Status",
    "Data_Value": 41.9,
    "Sample_Size": 569,
    "Stratification1": "35 - 44",
    "StratificationId1": "AGEYR3544",
    "LocationDisplayOrder": 54
  },
  {
    "ID": 57453,
    "Description": 2017,
    "LocationAbbr": "WI",
    "LocationDesc": "Wisconsin",
    "DataSource": "BRFSS",
    "Topic": "Obesity / Weight Status",
    "Data_Value": 32.6,
    "Sample_Size": 641,
    "Stratification1": "35 - 44",
    "StratificationId1": "AGEYR3544",
    "LocationDisplayOrder": 55
  },
  {
    "ID": 52253,
    "Description": 2017,
    "LocationAbbr": "WY",
    "LocationDesc": "Wyoming",
    "DataSource": "BRFSS",
    "Topic": "Obesity / Weight Status",
    "Data_Value": 33.3,
    "Sample_Size": 463,
    "Stratification1": "35 - 44",
    "StratificationId1": "AGEYR3544",
    "LocationDisplayOrder": 56
  },
  {
    "ID": 51424,
    "Description": 2017,
    "LocationAbbr": "GU",
    "LocationDesc": "Guam",
    "DataSource": "BRFSS",
    "Topic": "Obesity / Weight Status",
    "Data_Value": 41.5,
    "Sample_Size": 235,
    "Stratification1": "35 - 44",
    "StratificationId1": "AGEYR3544",
    "LocationDisplayOrder": 66
  },
  {
    "ID": 48515,
    "Description": 2017,
    "LocationAbbr": "PR",
    "LocationDesc": "Puerto Rico",
    "DataSource": "BRFSS",
    "Topic": "Obesity / Weight Status",
    "Data_Value": 38.8,
    "Sample_Size": 531,
    "Stratification1": "35 - 44",
    "StratificationId1": "AGEYR3544",
    "LocationDisplayOrder": 72
  },
  {
    "ID": 49044,
    "Description": 2017,
    "LocationAbbr": "VI",
    "LocationDesc": "Virgin Islands",
    "DataSource": "BRFSS",
    "Topic": "Obesity / Weight Status",
    "Data_Value": "~",
    "Sample_Size": "~",
    "Stratification1": "35 - 44",
    "StratificationId1": "AGEYR3544",
    "LocationDisplayOrder": 78
  },
  {
    "ID": "",
    "Description": "",
    "LocationAbbr": "",
    "LocationDesc": "",
    "DataSource": "",
    "Topic": "",
    "Data_Value": "",
    "Sample_Size": "",
    "Stratification1": "",
    "StratificationId1": "",
    "LocationDisplayOrder": ""
  },
  {
    "ID": "",
    "Description": "",
    "LocationAbbr": "",
    "LocationDesc": "",
    "DataSource": "",
    "Topic": "",
    "Data_Value": "",
    "Sample_Size": "",
    "Stratification1": "",
    "StratificationId1": "",
    "LocationDisplayOrder": ""
  },
  {
    "ID": "",
    "Description": "",
    "LocationAbbr": "",
    "LocationDesc": "",
    "DataSource": "",
    "Topic": "",
    "Data_Value": "",
    "Sample_Size": "",
    "Stratification1": "",
    "StratificationId1": "",
    "LocationDisplayOrder": ""
  },
  {
    "ID": "",
    "Description": "",
    "LocationAbbr": "",
    "LocationDesc": "",
    "DataSource": "",
    "Topic": "",
    "Data_Value": "",
    "Sample_Size": "",
    "Stratification1": "",
    "StratificationId1": "",
    "LocationDisplayOrder": ""
  },
  {
    "ID": "",
    "Description": "",
    "LocationAbbr": "",
    "LocationDesc": "",
    "DataSource": "",
    "Topic": "",
    "Data_Value": "",
    "Sample_Size": "",
    "Stratification1": "",
    "StratificationId1": "",
    "LocationDisplayOrder": ""
  },
  {
    "ID": "",
    "Description": "",
    "LocationAbbr": "",
    "LocationDesc": "",
    "DataSource": "",
    "Topic": "",
    "Data_Value": "",
    "Sample_Size": "",
    "Stratification1": "",
    "StratificationId1": "",
    "LocationDisplayOrder": ""
  },
  {
    "ID": "",
    "Description": "",
    "LocationAbbr": "",
    "LocationDesc": "",
    "DataSource": "",
    "Topic": "",
    "Data_Value": "",
    "Sample_Size": "",
    "Stratification1": "",
    "StratificationId1": "",
    "LocationDisplayOrder": ""
  },
  {
    "ID": "",
    "Description": "",
    "LocationAbbr": "",
    "LocationDesc": "",
    "DataSource": "",
    "Topic": "",
    "Data_Value": "",
    "Sample_Size": "",
    "Stratification1": "",
    "StratificationId1": "",
    "LocationDisplayOrder": ""
  },
  {
    "ID": "",
    "Description": "",
    "LocationAbbr": "",
    "LocationDesc": "",
    "DataSource": "",
    "Topic": "",
    "Data_Value": "",
    "Sample_Size": "",
    "Stratification1": "",
    "StratificationId1": "",
    "LocationDisplayOrder": ""
  },
  {
    "ID": "",
    "Description": "",
    "LocationAbbr": "",
    "LocationDesc": "",
    "DataSource": "",
    "Topic": "",
    "Data_Value": "",
    "Sample_Size": "",
    "Stratification1": "",
    "StratificationId1": "",
    "LocationDisplayOrder": ""
  }
]