[
  {
    "ID": 56407,
    "Description": 2017,
    "LocationAbbr": "US",
    "LocationDesc": "National",
    "DataSource": "BRFSS",
    "Topic": "Obesity / Weight Status",
    "Data_Value": 31.9,
    "Sample_Size": "113,782",
    "Stratification1": "Some college or technical school",
    "StratificationId1": "EDUCOTEC",
    "LocationDisplayOrder": 0
  },
  {
    "ID": 51858,
    "Description": 2017,
    "LocationAbbr": "AL",
    "LocationDesc": "Alabama",
    "DataSource": "BRFSS",
    "Topic": "Obesity / Weight Status",
    "Data_Value": 36.3,
    "Sample_Size": "1,789",
    "Stratification1": "Some college or technical school",
    "StratificationId1": "EDUCOTEC",
    "LocationDisplayOrder": 1
  },
  {
    "ID": 49799,
    "Description": 2017,
    "LocationAbbr": "AK",
    "LocationDesc": "Alaska",
    "DataSource": "BRFSS",
    "Topic": "Obesity / Weight Status",
    "Data_Value": 38.9,
    "Sample_Size": 867,
    "Stratification1": "Some college or technical school",
    "StratificationId1": "EDUCOTEC",
    "LocationDisplayOrder": 2
  },
  {
    "ID": 52905,
    "Description": 2017,
    "LocationAbbr": "AZ",
    "LocationDesc": "Arizona",
    "DataSource": "BRFSS",
    "Topic": "Obesity / Weight Status",
    "Data_Value": 30.3,
    "Sample_Size": "4,437",
    "Stratification1": "Some college or technical school",
    "StratificationId1": "EDUCOTEC",
    "LocationDisplayOrder": 4
  },
  {
    "ID": 47483,
    "Description": 2017,
    "LocationAbbr": "AR",
    "LocationDesc": "Arkansas",
    "DataSource": "BRFSS",
    "Topic": "Obesity / Weight Status",
    "Data_Value": 38.5,
    "Sample_Size": "1,322",
    "Stratification1": "Some college or technical school",
    "StratificationId1": "EDUCOTEC",
    "LocationDisplayOrder": 5
  },
  {
    "ID": 51165,
    "Description": 2017,
    "LocationAbbr": "CA",
    "LocationDesc": "California",
    "DataSource": "BRFSS",
    "Topic": "Obesity / Weight Status",
    "Data_Value": 28,
    "Sample_Size": "2,151",
    "Stratification1": "Some college or technical school",
    "StratificationId1": "EDUCOTEC",
    "LocationDisplayOrder": 6
  },
  {
    "ID": 53148,
    "Description": 2017,
    "LocationAbbr": "CO",
    "LocationDesc": "Colorado",
    "DataSource": "BRFSS",
    "Topic": "Obesity / Weight Status",
    "Data_Value": 25.7,
    "Sample_Size": "2,495",
    "Stratification1": "Some college or technical school",
    "StratificationId1": "EDUCOTEC",
    "LocationDisplayOrder": 8
  },
  {
    "ID": 57288,
    "Description": 2017,
    "LocationAbbr": "CT",
    "LocationDesc": "Connecticut",
    "DataSource": "BRFSS",
    "Topic": "Obesity / Weight Status",
    "Data_Value": 28.6,
    "Sample_Size": "2,193",
    "Stratification1": "Some college or technical school",
    "StratificationId1": "EDUCOTEC",
    "LocationDisplayOrder": 9
  },
  {
    "ID": 46133,
    "Description": 2017,
    "LocationAbbr": "DE",
    "LocationDesc": "Delaware",
    "DataSource": "BRFSS",
    "Topic": "Obesity / Weight Status",
    "Data_Value": 31.1,
    "Sample_Size": 930,
    "Stratification1": "Some college or technical school",
    "StratificationId1": "EDUCOTEC",
    "LocationDisplayOrder": 10
  },
  {
    "ID": 52440,
    "Description": 2017,
    "LocationAbbr": "DC",
    "LocationDesc": "District of Columbia",
    "DataSource": "BRFSS",
    "Topic": "Obesity / Weight Status",
    "Data_Value": 28.2,
    "Sample_Size": 806,
    "Stratification1": "Some college or technical school",
    "StratificationId1": "EDUCOTEC",
    "LocationDisplayOrder": 11
  },
  {
    "ID": 51552,
    "Description": 2017,
    "LocationAbbr": "FL",
    "LocationDesc": "Florida",
    "DataSource": "BRFSS",
    "Topic": "Obesity / Weight Status",
    "Data_Value": 28.7,
    "Sample_Size": "5,978",
    "Stratification1": "Some college or technical school",
    "StratificationId1": "EDUCOTEC",
    "LocationDisplayOrder": 12
  },
  {
    "ID": 56378,
    "Description": 2017,
    "LocationAbbr": "GA",
    "LocationDesc": "Georgia",
    "DataSource": "BRFSS",
    "Topic": "Obesity / Weight Status",
    "Data_Value": 32.7,
    "Sample_Size": "1,339",
    "Stratification1": "Some college or technical school",
    "StratificationId1": "EDUCOTEC",
    "LocationDisplayOrder": 13
  },
  {
    "ID": 48868,
    "Description": 2017,
    "LocationAbbr": "HI",
    "LocationDesc": "Hawaii",
    "DataSource": "BRFSS",
    "Topic": "Obesity / Weight Status",
    "Data_Value": 23.3,
    "Sample_Size": "2,108",
    "Stratification1": "Some college or technical school",
    "StratificationId1": "EDUCOTEC",
    "LocationDisplayOrder": 15
  },
  {
    "ID": 49140,
    "Description": 2017,
    "LocationAbbr": "ID",
    "LocationDesc": "Idaho",
    "DataSource": "BRFSS",
    "Topic": "Obesity / Weight Status",
    "Data_Value": 29.6,
    "Sample_Size": "1,498",
    "Stratification1": "Some college or technical school",
    "StratificationId1": "EDUCOTEC",
    "LocationDisplayOrder": 16
  },
  {
    "ID": 58264,
    "Description": 2017,
    "LocationAbbr": "IL",
    "LocationDesc": "Illinois",
    "DataSource": "BRFSS",
    "Topic": "Obesity / Weight Status",
    "Data_Value": 34.5,
    "Sample_Size": "1,388",
    "Stratification1": "Some college or technical school",
    "StratificationId1": "EDUCOTEC",
    "LocationDisplayOrder": 17
  },
  {
    "ID": 46072,
    "Description": 2017,
    "LocationAbbr": "IN",
    "LocationDesc": "Indiana",
    "DataSource": "BRFSS",
    "Topic": "Obesity / Weight Status",
    "Data_Value": 36.2,
    "Sample_Size": "3,296",
    "Stratification1": "Some college or technical school",
    "StratificationId1": "EDUCOTEC",
    "LocationDisplayOrder": 18
  },
  {
    "ID": 45235,
    "Description": 2017,
    "LocationAbbr": "IA",
    "LocationDesc": "Iowa",
    "DataSource": "BRFSS",
    "Topic": "Obesity / Weight Status",
    "Data_Value": 38,
    "Sample_Size": "2,090",
    "Stratification1": "Some college or technical school",
    "StratificationId1": "EDUCOTEC",
    "LocationDisplayOrder": 19
  },
  {
    "ID": 44487,
    "Description": 2017,
    "LocationAbbr": "KS",
    "LocationDesc": "Kansas",
    "DataSource": "BRFSS",
    "Topic": "Obesity / Weight Status",
    "Data_Value": 34.4,
    "Sample_Size": "6,049",
    "Stratification1": "Some college or technical school",
    "StratificationId1": "EDUCOTEC",
    "LocationDisplayOrder": 20
  },
  {
    "ID": 48072,
    "Description": 2017,
    "LocationAbbr": "KY",
    "LocationDesc": "Kentucky",
    "DataSource": "BRFSS",
    "Topic": "Obesity / Weight Status",
    "Data_Value": 35.2,
    "Sample_Size": "2,270",
    "Stratification1": "Some college or technical school",
    "StratificationId1": "EDUCOTEC",
    "LocationDisplayOrder": 21
  },
  {
    "ID": 51213,
    "Description": 2017,
    "LocationAbbr": "LA",
    "LocationDesc": "Louisiana",
    "DataSource": "BRFSS",
    "Topic": "Obesity / Weight Status",
    "Data_Value": 37.7,
    "Sample_Size": "1,188",
    "Stratification1": "Some college or technical school",
    "StratificationId1": "EDUCOTEC",
    "LocationDisplayOrder": 22
  },
  {
    "ID": 53481,
    "Description": 2017,
    "LocationAbbr": "ME",
    "LocationDesc": "Maine",
    "DataSource": "BRFSS",
    "Topic": "Obesity / Weight Status",
    "Data_Value": 31.1,
    "Sample_Size": "2,353",
    "Stratification1": "Some college or technical school",
    "StratificationId1": "EDUCOTEC",
    "LocationDisplayOrder": 23
  },
  {
    "ID": 53246,
    "Description": 2017,
    "LocationAbbr": "MD",
    "LocationDesc": "Maryland",
    "DataSource": "BRFSS",
    "Topic": "Obesity / Weight Status",
    "Data_Value": 33.2,
    "Sample_Size": "2,825",
    "Stratification1": "Some college or technical school",
    "StratificationId1": "EDUCOTEC",
    "LocationDisplayOrder": 24
  },
  {
    "ID": 53577,
    "Description": 2017,
    "LocationAbbr": "MA",
    "LocationDesc": "Massachusetts",
    "DataSource": "BRFSS",
    "Topic": "Obesity / Weight Status",
    "Data_Value": 26.3,
    "Sample_Size": "1,503",
    "Stratification1": "Some college or technical school",
    "StratificationId1": "EDUCOTEC",
    "LocationDisplayOrder": 25
  },
  {
    "ID": 56014,
    "Description": 2017,
    "LocationAbbr": "MI",
    "LocationDesc": "Michigan",
    "DataSource": "BRFSS",
    "Topic": "Obesity / Weight Status",
    "Data_Value": 33.7,
    "Sample_Size": "3,052",
    "Stratification1": "Some college or technical school",
    "StratificationId1": "EDUCOTEC",
    "LocationDisplayOrder": 26
  },
  {
    "ID": 47380,
    "Description": 2017,
    "LocationAbbr": "MN",
    "LocationDesc": "Minnesota",
    "DataSource": "BRFSS",
    "Topic": "Obesity / Weight Status",
    "Data_Value": 31.4,
    "Sample_Size": "4,713",
    "Stratification1": "Some college or technical school",
    "StratificationId1": "EDUCOTEC",
    "LocationDisplayOrder": 27
  },
  {
    "ID": 44933,
    "Description": 2017,
    "LocationAbbr": "MS",
    "LocationDesc": "Mississippi",
    "DataSource": "BRFSS",
    "Topic": "Obesity / Weight Status",
    "Data_Value": 37.8,
    "Sample_Size": "1,339",
    "Stratification1": "Some college or technical school",
    "StratificationId1": "EDUCOTEC",
    "LocationDisplayOrder": 28
  },
  {
    "ID": 56404,
    "Description": 2017,
    "LocationAbbr": "MO",
    "LocationDesc": "Missouri",
    "DataSource": "BRFSS",
    "Topic": "Obesity / Weight Status",
    "Data_Value": 35.5,
    "Sample_Size": "1,976",
    "Stratification1": "Some college or technical school",
    "StratificationId1": "EDUCOTEC",
    "LocationDisplayOrder": 29
  },
  {
    "ID": 49354,
    "Description": 2017,
    "LocationAbbr": "MT",
    "LocationDesc": "Montana",
    "DataSource": "BRFSS",
    "Topic": "Obesity / Weight Status",
    "Data_Value": 26.2,
    "Sample_Size": "1,785",
    "Stratification1": "Some college or technical school",
    "StratificationId1": "EDUCOTEC",
    "LocationDisplayOrder": 30
  },
  {
    "ID": 53874,
    "Description": 2017,
    "LocationAbbr": "NE",
    "LocationDesc": "Nebraska",
    "DataSource": "BRFSS",
    "Topic": "Obesity / Weight Status",
    "Data_Value": 33.8,
    "Sample_Size": "4,460",
    "Stratification1": "Some college or technical school",
    "StratificationId1": "EDUCOTEC",
    "LocationDisplayOrder": 31
  },
  {
    "ID": 52306,
    "Description": 2017,
    "LocationAbbr": "NV",
    "LocationDesc": "Nevada",
    "DataSource": "BRFSS",
    "Topic": "Obesity / Weight Status",
    "Data_Value": 28.8,
    "Sample_Size": "1,200",
    "Stratification1": "Some college or technical school",
    "StratificationId1": "EDUCOTEC",
    "LocationDisplayOrder": 32
  },
  {
    "ID": 53374,
    "Description": 2017,
    "LocationAbbr": "NH",
    "LocationDesc": "New Hampshire",
    "DataSource": "BRFSS",
    "Topic": "Obesity / Weight Status",
    "Data_Value": 29.1,
    "Sample_Size": "1,354",
    "Stratification1": "Some college or technical school",
    "StratificationId1": "EDUCOTEC",
    "LocationDisplayOrder": 33
  },
  {
    "ID": 48732,
    "Description": 2017,
    "LocationAbbr": "NJ",
    "LocationDesc": "New Jersey",
    "DataSource": "BRFSS",
    "Topic": "Obesity / Weight Status",
    "Data_Value": 28,
    "Sample_Size": "2,496",
    "Stratification1": "Some college or technical school",
    "StratificationId1": "EDUCOTEC",
    "LocationDisplayOrder": 34
  },
  {
    "ID": 56692,
    "Description": 2017,
    "LocationAbbr": "NM",
    "LocationDesc": "New Mexico",
    "DataSource": "BRFSS",
    "Topic": "Obesity / Weight Status",
    "Data_Value": 28.1,
    "Sample_Size": "1,644",
    "Stratification1": "Some college or technical school",
    "StratificationId1": "EDUCOTEC",
    "LocationDisplayOrder": 35
  },
  {
    "ID": 56111,
    "Description": 2017,
    "LocationAbbr": "NY",
    "LocationDesc": "New York",
    "DataSource": "BRFSS",
    "Topic": "Obesity / Weight Status",
    "Data_Value": 28.2,
    "Sample_Size": "2,662",
    "Stratification1": "Some college or technical school",
    "StratificationId1": "EDUCOTEC",
    "LocationDisplayOrder": 36
  },
  {
    "ID": 45423,
    "Description": 2017,
    "LocationAbbr": "NC",
    "LocationDesc": "North Carolina",
    "DataSource": "BRFSS",
    "Topic": "Obesity / Weight Status",
    "Data_Value": 36.9,
    "Sample_Size": "1,261",
    "Stratification1": "Some college or technical school",
    "StratificationId1": "EDUCOTEC",
    "LocationDisplayOrder": 37
  },
  {
    "ID": 45208,
    "Description": 2017,
    "LocationAbbr": "ND",
    "LocationDesc": "North Dakota",
    "DataSource": "BRFSS",
    "Topic": "Obesity / Weight Status",
    "Data_Value": 35.6,
    "Sample_Size": "2,100",
    "Stratification1": "Some college or technical school",
    "StratificationId1": "EDUCOTEC",
    "LocationDisplayOrder": 38
  },
  {
    "ID": 54317,
    "Description": 2017,
    "LocationAbbr": "OH",
    "LocationDesc": "Ohio",
    "DataSource": "BRFSS",
    "Topic": "Obesity / Weight Status",
    "Data_Value": 35.1,
    "Sample_Size": "3,042",
    "Stratification1": "Some college or technical school",
    "StratificationId1": "EDUCOTEC",
    "LocationDisplayOrder": 39
  },
  {
    "ID": 55338,
    "Description": 2017,
    "LocationAbbr": "OK",
    "LocationDesc": "Oklahoma",
    "DataSource": "BRFSS",
    "Topic": "Obesity / Weight Status",
    "Data_Value": 38.8,
    "Sample_Size": "1,929",
    "Stratification1": "Some college or technical school",
    "StratificationId1": "EDUCOTEC",
    "LocationDisplayOrder": 40
  },
  {
    "ID": 54017,
    "Description": 2017,
    "LocationAbbr": "OR",
    "LocationDesc": "Oregon",
    "DataSource": "BRFSS",
    "Topic": "Obesity / Weight Status",
    "Data_Value": 31.9,
    "Sample_Size": "1,468",
    "Stratification1": "Some college or technical school",
    "StratificationId1": "EDUCOTEC",
    "LocationDisplayOrder": 41
  },
  {
    "ID": 46516,
    "Description": 2017,
    "LocationAbbr": "PA",
    "LocationDesc": "Pennsylvania",
    "DataSource": "BRFSS",
    "Topic": "Obesity / Weight Status",
    "Data_Value": 32.1,
    "Sample_Size": "1,532",
    "Stratification1": "Some college or technical school",
    "StratificationId1": "EDUCOTEC",
    "LocationDisplayOrder": 42
  },
  {
    "ID": 51304,
    "Description": 2017,
    "LocationAbbr": "RI",
    "LocationDesc": "Rhode Island",
    "DataSource": "BRFSS",
    "Topic": "Obesity / Weight Status",
    "Data_Value": 29.3,
    "Sample_Size": "1,268",
    "Stratification1": "Some college or technical school",
    "StratificationId1": "EDUCOTEC",
    "LocationDisplayOrder": 44
  },
  {
    "ID": 46312,
    "Description": 2017,
    "LocationAbbr": "SC",
    "LocationDesc": "South Carolina",
    "DataSource": "BRFSS",
    "Topic": "Obesity / Weight Status",
    "Data_Value": 35.5,
    "Sample_Size": "2,898",
    "Stratification1": "Some college or technical school",
    "StratificationId1": "EDUCOTEC",
    "LocationDisplayOrder": 45
  },
  {
    "ID": 45989,
    "Description": 2017,
    "LocationAbbr": "SD",
    "LocationDesc": "South Dakota",
    "DataSource": "BRFSS",
    "Topic": "Obesity / Weight Status",
    "Data_Value": 32.1,
    "Sample_Size": "1,962",
    "Stratification1": "Some college or technical school",
    "StratificationId1": "EDUCOTEC",
    "LocationDisplayOrder": 46
  },
  {
    "ID": 48216,
    "Description": 2017,
    "LocationAbbr": "TN",
    "LocationDesc": "Tennessee",
    "DataSource": "BRFSS",
    "Topic": "Obesity / Weight Status",
    "Data_Value": 36.5,
    "Sample_Size": "1,392",
    "Stratification1": "Some college or technical school",
    "StratificationId1": "EDUCOTEC",
    "LocationDisplayOrder": 47
  },
  {
    "ID": 50489,
    "Description": 2017,
    "LocationAbbr": "TX",
    "LocationDesc": "Texas",
    "DataSource": "BRFSS",
    "Topic": "Obesity / Weight Status",
    "Data_Value": 32.7,
    "Sample_Size": "2,913",
    "Stratification1": "Some college or technical school",
    "StratificationId1": "EDUCOTEC",
    "LocationDisplayOrder": 48
  },
  {
    "ID": 57688,
    "Description": 2017,
    "LocationAbbr": "UT",
    "LocationDesc": "Utah",
    "DataSource": "BRFSS",
    "Topic": "Obesity / Weight Status",
    "Data_Value": 27,
    "Sample_Size": "3,012",
    "Stratification1": "Some college or technical school",
    "StratificationId1": "EDUCOTEC",
    "LocationDisplayOrder": 49
  },
  {
    "ID": 48690,
    "Description": 2017,
    "LocationAbbr": "VT",
    "LocationDesc": "Vermont",
    "DataSource": "BRFSS",
    "Topic": "Obesity / Weight Status",
    "Data_Value": 27.5,
    "Sample_Size": "1,428",
    "Stratification1": "Some college or technical school",
    "StratificationId1": "EDUCOTEC",
    "LocationDisplayOrder": 50
  },
  {
    "ID": 55767,
    "Description": 2017,
    "LocationAbbr": "VA",
    "LocationDesc": "Virginia",
    "DataSource": "BRFSS",
    "Topic": "Obesity / Weight Status",
    "Data_Value": 31.8,
    "Sample_Size": "2,264",
    "Stratification1": "Some college or technical school",
    "StratificationId1": "EDUCOTEC",
    "LocationDisplayOrder": 51
  },
  {
    "ID": 48158,
    "Description": 2017,
    "LocationAbbr": "WA",
    "LocationDesc": "Washington",
    "DataSource": "BRFSS",
    "Topic": "Obesity / Weight Status",
    "Data_Value": 30.2,
    "Sample_Size": "3,514",
    "Stratification1": "Some college or technical school",
    "StratificationId1": "EDUCOTEC",
    "LocationDisplayOrder": 53
  },
  {
    "ID": 46089,
    "Description": 2017,
    "LocationAbbr": "WV",
    "LocationDesc": "West Virginia",
    "DataSource": "BRFSS",
    "Topic": "Obesity / Weight Status",
    "Data_Value": 42.5,
    "Sample_Size": "1,316",
    "Stratification1": "Some college or technical school",
    "StratificationId1": "EDUCOTEC",
    "LocationDisplayOrder": 54
  },
  {
    "ID": 54585,
    "Description": 2017,
    "LocationAbbr": "WI",
    "LocationDesc": "Wisconsin",
    "DataSource": "BRFSS",
    "Topic": "Obesity / Weight Status",
    "Data_Value": 35.8,
    "Sample_Size": "1,552",
    "Stratification1": "Some college or technical school",
    "StratificationId1": "EDUCOTEC",
    "LocationDisplayOrder": 55
  },
  {
    "ID": 56437,
    "Description": 2017,
    "LocationAbbr": "WY",
    "LocationDesc": "Wyoming",
    "DataSource": "BRFSS",
    "Topic": "Obesity / Weight Status",
    "Data_Value": 32.1,
    "Sample_Size": "1,375",
    "Stratification1": "Some college or technical school",
    "StratificationId1": "EDUCOTEC",
    "LocationDisplayOrder": 56
  },
  {
    "ID": 45243,
    "Description": 2017,
    "LocationAbbr": "GU",
    "LocationDesc": "Guam",
    "DataSource": "BRFSS",
    "Topic": "Obesity / Weight Status",
    "Data_Value": 36.1,
    "Sample_Size": 358,
    "Stratification1": "Some college or technical school",
    "StratificationId1": "EDUCOTEC",
    "LocationDisplayOrder": 66
  },
  {
    "ID": 49674,
    "Description": 2017,
    "LocationAbbr": "PR",
    "LocationDesc": "Puerto Rico",
    "DataSource": "BRFSS",
    "Topic": "Obesity / Weight Status",
    "Data_Value": 30.5,
    "Sample_Size": "1,074",
    "Stratification1": "Some college or technical school",
    "StratificationId1": "EDUCOTEC",
    "LocationDisplayOrder": 72
  },
  {
    "ID": 53050,
    "Description": 2017,
    "LocationAbbr": "VI",
    "LocationDesc": "Virgin Islands",
    "DataSource": "BRFSS",
    "Topic": "Obesity / Weight Status",
    "Data_Value": "~",
    "Sample_Size": "~",
    "Stratification1": "Some college or technical school",
    "StratificationId1": "EDUCOTEC",
    "LocationDisplayOrder": 78
  },
  {
    "ID": "",
    "Description": "",
    "LocationAbbr": "",
    "LocationDesc": "",
    "DataSource": "",
    "Topic": "",
    "Data_Value": "",
    "Sample_Size": "",
    "Stratification1": "",
    "StratificationId1": "",
    "LocationDisplayOrder": ""
  },
  {
    "ID": "",
    "Description": "",
    "LocationAbbr": "",
    "LocationDesc": "",
    "DataSource": "",
    "Topic": "",
    "Data_Value": "",
    "Sample_Size": "",
    "Stratification1": "",
    "StratificationId1": "",
    "LocationDisplayOrder": ""
  },
  {
    "ID": "",
    "Description": "",
    "LocationAbbr": "",
    "LocationDesc": "",
    "DataSource": "",
    "Topic": "",
    "Data_Value": "",
    "Sample_Size": "",
    "Stratification1": "",
    "StratificationId1": "",
    "LocationDisplayOrder": ""
  },
  {
    "ID": "",
    "Description": "",
    "LocationAbbr": "",
    "LocationDesc": "",
    "DataSource": "",
    "Topic": "",
    "Data_Value": "",
    "Sample_Size": "",
    "Stratification1": "",
    "StratificationId1": "",
    "LocationDisplayOrder": ""
  },
  {
    "ID": "",
    "Description": "",
    "LocationAbbr": "",
    "LocationDesc": "",
    "DataSource": "",
    "Topic": "",
    "Data_Value": "",
    "Sample_Size": "",
    "Stratification1": "",
    "StratificationId1": "",
    "LocationDisplayOrder": ""
  },
  {
    "ID": "",
    "Description": "",
    "LocationAbbr": "",
    "LocationDesc": "",
    "DataSource": "",
    "Topic": "",
    "Data_Value": "",
    "Sample_Size": "",
    "Stratification1": "",
    "StratificationId1": "",
    "LocationDisplayOrder": ""
  },
  {
    "ID": "",
    "Description": "",
    "LocationAbbr": "",
    "LocationDesc": "",
    "DataSource": "",
    "Topic": "",
    "Data_Value": "",
    "Sample_Size": "",
    "Stratification1": "",
    "StratificationId1": "",
    "LocationDisplayOrder": ""
  },
  {
    "ID": "",
    "Description": "",
    "LocationAbbr": "",
    "LocationDesc": "",
    "DataSource": "",
    "Topic": "",
    "Data_Value": "",
    "Sample_Size": "",
    "Stratification1": "",
    "StratificationId1": "",
    "LocationDisplayOrder": ""
  },
  {
    "ID": "",
    "Description": "",
    "LocationAbbr": "",
    "LocationDesc": "",
    "DataSource": "",
    "Topic": "",
    "Data_Value": "",
    "Sample_Size": "",
    "Stratification1": "",
    "StratificationId1": "",
    "LocationDisplayOrder": ""
  },
  {
    "ID": "",
    "Description": "",
    "LocationAbbr": "",
    "LocationDesc": "",
    "DataSource": "",
    "Topic": "",
    "Data_Value": "",
    "Sample_Size": "",
    "Stratification1": "",
    "StratificationId1": "",
    "LocationDisplayOrder": ""
  }
]