[
  {
    "ID": 44398,
    "Description": 2017,
    "LocationAbbr": "US",
    "LocationDesc": "National",
    "DataSource": "BRFSS",
    "Topic": "Obesity / Weight Status",
    "Data_Value": 32.4,
    "Sample_Size": "27,518",
    "Stratification1": "Hispanic",
    "StratificationId1": "RACEHIS",
    "LocationDisplayOrder": 0
  },
  {
    "ID": 47386,
    "Description": 2017,
    "LocationAbbr": "AL",
    "LocationDesc": "Alabama",
    "DataSource": "BRFSS",
    "Topic": "Obesity / Weight Status",
    "Data_Value": 34.4,
    "Sample_Size": 75,
    "Stratification1": "Hispanic",
    "StratificationId1": "RACEHIS",
    "LocationDisplayOrder": 1
  },
  {
    "ID": 58083,
    "Description": 2017,
    "LocationAbbr": "AK",
    "LocationDesc": "Alaska",
    "DataSource": "BRFSS",
    "Topic": "Obesity / Weight Status",
    "Data_Value": 32.3,
    "Sample_Size": 79,
    "Stratification1": "Hispanic",
    "StratificationId1": "RACEHIS",
    "LocationDisplayOrder": 2
  },
  {
    "ID": 51377,
    "Description": 2017,
    "LocationAbbr": "AZ",
    "LocationDesc": "Arizona",
    "DataSource": "BRFSS",
    "Topic": "Obesity / Weight Status",
    "Data_Value": 35.4,
    "Sample_Size": "2,117",
    "Stratification1": "Hispanic",
    "StratificationId1": "RACEHIS",
    "LocationDisplayOrder": 4
  },
  {
    "ID": 53922,
    "Description": 2017,
    "LocationAbbr": "AR",
    "LocationDesc": "Arkansas",
    "DataSource": "BRFSS",
    "Topic": "Obesity / Weight Status",
    "Data_Value": 28.5,
    "Sample_Size": 76,
    "Stratification1": "Hispanic",
    "StratificationId1": "RACEHIS",
    "LocationDisplayOrder": 5
  },
  {
    "ID": 51730,
    "Description": 2017,
    "LocationAbbr": "CA",
    "LocationDesc": "California",
    "DataSource": "BRFSS",
    "Topic": "Obesity / Weight Status",
    "Data_Value": 31.7,
    "Sample_Size": "2,404",
    "Stratification1": "Hispanic",
    "StratificationId1": "RACEHIS",
    "LocationDisplayOrder": 6
  },
  {
    "ID": 44864,
    "Description": 2017,
    "LocationAbbr": "CO",
    "LocationDesc": "Colorado",
    "DataSource": "BRFSS",
    "Topic": "Obesity / Weight Status",
    "Data_Value": 27.7,
    "Sample_Size": "1,112",
    "Stratification1": "Hispanic",
    "StratificationId1": "RACEHIS",
    "LocationDisplayOrder": 8
  },
  {
    "ID": 46956,
    "Description": 2017,
    "LocationAbbr": "CT",
    "LocationDesc": "Connecticut",
    "DataSource": "BRFSS",
    "Topic": "Obesity / Weight Status",
    "Data_Value": 32,
    "Sample_Size": 715,
    "Stratification1": "Hispanic",
    "StratificationId1": "RACEHIS",
    "LocationDisplayOrder": 9
  },
  {
    "ID": 44113,
    "Description": 2017,
    "LocationAbbr": "DE",
    "LocationDesc": "Delaware",
    "DataSource": "BRFSS",
    "Topic": "Obesity / Weight Status",
    "Data_Value": 30.3,
    "Sample_Size": 283,
    "Stratification1": "Hispanic",
    "StratificationId1": "RACEHIS",
    "LocationDisplayOrder": 10
  },
  {
    "ID": 52033,
    "Description": 2017,
    "LocationAbbr": "DC",
    "LocationDesc": "District of Columbia",
    "DataSource": "BRFSS",
    "Topic": "Obesity / Weight Status",
    "Data_Value": 19.2,
    "Sample_Size": 182,
    "Stratification1": "Hispanic",
    "StratificationId1": "RACEHIS",
    "LocationDisplayOrder": 11
  },
  {
    "ID": 56978,
    "Description": 2017,
    "LocationAbbr": "FL",
    "LocationDesc": "Florida",
    "DataSource": "BRFSS",
    "Topic": "Obesity / Weight Status",
    "Data_Value": 31.2,
    "Sample_Size": "1,974",
    "Stratification1": "Hispanic",
    "StratificationId1": "RACEHIS",
    "LocationDisplayOrder": 12
  },
  {
    "ID": 48207,
    "Description": 2017,
    "LocationAbbr": "GA",
    "LocationDesc": "Georgia",
    "DataSource": "BRFSS",
    "Topic": "Obesity / Weight Status",
    "Data_Value": 27.4,
    "Sample_Size": 362,
    "Stratification1": "Hispanic",
    "StratificationId1": "RACEHIS",
    "LocationDisplayOrder": 13
  },
  {
    "ID": 53572,
    "Description": 2017,
    "LocationAbbr": "HI",
    "LocationDesc": "Hawaii",
    "DataSource": "BRFSS",
    "Topic": "Obesity / Weight Status",
    "Data_Value": 33.9,
    "Sample_Size": 616,
    "Stratification1": "Hispanic",
    "StratificationId1": "RACEHIS",
    "LocationDisplayOrder": 15
  },
  {
    "ID": 46772,
    "Description": 2017,
    "LocationAbbr": "ID",
    "LocationDesc": "Idaho",
    "DataSource": "BRFSS",
    "Topic": "Obesity / Weight Status",
    "Data_Value": 37.3,
    "Sample_Size": 273,
    "Stratification1": "Hispanic",
    "StratificationId1": "RACEHIS",
    "LocationDisplayOrder": 16
  },
  {
    "ID": 54129,
    "Description": 2017,
    "LocationAbbr": "IL",
    "LocationDesc": "Illinois",
    "DataSource": "BRFSS",
    "Topic": "Obesity / Weight Status",
    "Data_Value": 33.6,
    "Sample_Size": 572,
    "Stratification1": "Hispanic",
    "StratificationId1": "RACEHIS",
    "LocationDisplayOrder": 17
  },
  {
    "ID": 54354,
    "Description": 2017,
    "LocationAbbr": "IN",
    "LocationDesc": "Indiana",
    "DataSource": "BRFSS",
    "Topic": "Obesity / Weight Status",
    "Data_Value": 29.3,
    "Sample_Size": 513,
    "Stratification1": "Hispanic",
    "StratificationId1": "RACEHIS",
    "LocationDisplayOrder": 18
  },
  {
    "ID": 57531,
    "Description": 2017,
    "LocationAbbr": "IA",
    "LocationDesc": "Iowa",
    "DataSource": "BRFSS",
    "Topic": "Obesity / Weight Status",
    "Data_Value": 38.1,
    "Sample_Size": 248,
    "Stratification1": "Hispanic",
    "StratificationId1": "RACEHIS",
    "LocationDisplayOrder": 19
  },
  {
    "ID": 51710,
    "Description": 2017,
    "LocationAbbr": "KS",
    "LocationDesc": "Kansas",
    "DataSource": "BRFSS",
    "Topic": "Obesity / Weight Status",
    "Data_Value": 37.7,
    "Sample_Size": 837,
    "Stratification1": "Hispanic",
    "StratificationId1": "RACEHIS",
    "LocationDisplayOrder": 20
  },
  {
    "ID": 45035,
    "Description": 2017,
    "LocationAbbr": "KY",
    "LocationDesc": "Kentucky",
    "DataSource": "BRFSS",
    "Topic": "Obesity / Weight Status",
    "Data_Value": 28.9,
    "Sample_Size": 98,
    "Stratification1": "Hispanic",
    "StratificationId1": "RACEHIS",
    "LocationDisplayOrder": 21
  },
  {
    "ID": 45353,
    "Description": 2017,
    "LocationAbbr": "LA",
    "LocationDesc": "Louisiana",
    "DataSource": "BRFSS",
    "Topic": "Obesity / Weight Status",
    "Data_Value": 33.2,
    "Sample_Size": 104,
    "Stratification1": "Hispanic",
    "StratificationId1": "RACEHIS",
    "LocationDisplayOrder": 22
  },
  {
    "ID": 49532,
    "Description": 2017,
    "LocationAbbr": "ME",
    "LocationDesc": "Maine",
    "DataSource": "BRFSS",
    "Topic": "Obesity / Weight Status",
    "Data_Value": 36.7,
    "Sample_Size": 60,
    "Stratification1": "Hispanic",
    "StratificationId1": "RACEHIS",
    "LocationDisplayOrder": 23
  },
  {
    "ID": 54547,
    "Description": 2017,
    "LocationAbbr": "MD",
    "LocationDesc": "Maryland",
    "DataSource": "BRFSS",
    "Topic": "Obesity / Weight Status",
    "Data_Value": 29.4,
    "Sample_Size": 336,
    "Stratification1": "Hispanic",
    "StratificationId1": "RACEHIS",
    "LocationDisplayOrder": 24
  },
  {
    "ID": 45545,
    "Description": 2017,
    "LocationAbbr": "MA",
    "LocationDesc": "Massachusetts",
    "DataSource": "BRFSS",
    "Topic": "Obesity / Weight Status",
    "Data_Value": 30.9,
    "Sample_Size": 444,
    "Stratification1": "Hispanic",
    "StratificationId1": "RACEHIS",
    "LocationDisplayOrder": 25
  },
  {
    "ID": 46616,
    "Description": 2017,
    "LocationAbbr": "MI",
    "LocationDesc": "Michigan",
    "DataSource": "BRFSS",
    "Topic": "Obesity / Weight Status",
    "Data_Value": 37.7,
    "Sample_Size": 280,
    "Stratification1": "Hispanic",
    "StratificationId1": "RACEHIS",
    "LocationDisplayOrder": 26
  },
  {
    "ID": 49143,
    "Description": 2017,
    "LocationAbbr": "MN",
    "LocationDesc": "Minnesota",
    "DataSource": "BRFSS",
    "Topic": "Obesity / Weight Status",
    "Data_Value": 35.8,
    "Sample_Size": 445,
    "Stratification1": "Hispanic",
    "StratificationId1": "RACEHIS",
    "LocationDisplayOrder": 27
  },
  {
    "ID": 46314,
    "Description": 2017,
    "LocationAbbr": "MS",
    "LocationDesc": "Mississippi",
    "DataSource": "BRFSS",
    "Topic": "Obesity / Weight Status",
    "Data_Value": "~",
    "Sample_Size": "~",
    "Stratification1": "Hispanic",
    "StratificationId1": "RACEHIS",
    "LocationDisplayOrder": 28
  },
  {
    "ID": 47354,
    "Description": 2017,
    "LocationAbbr": "MO",
    "LocationDesc": "Missouri",
    "DataSource": "BRFSS",
    "Topic": "Obesity / Weight Status",
    "Data_Value": 24,
    "Sample_Size": 130,
    "Stratification1": "Hispanic",
    "StratificationId1": "RACEHIS",
    "LocationDisplayOrder": 29
  },
  {
    "ID": 54489,
    "Description": 2017,
    "LocationAbbr": "MT",
    "LocationDesc": "Montana",
    "DataSource": "BRFSS",
    "Topic": "Obesity / Weight Status",
    "Data_Value": 28.8,
    "Sample_Size": 104,
    "Stratification1": "Hispanic",
    "StratificationId1": "RACEHIS",
    "LocationDisplayOrder": 30
  },
  {
    "ID": 52476,
    "Description": 2017,
    "LocationAbbr": "NE",
    "LocationDesc": "Nebraska",
    "DataSource": "BRFSS",
    "Topic": "Obesity / Weight Status",
    "Data_Value": 34.6,
    "Sample_Size": 811,
    "Stratification1": "Hispanic",
    "StratificationId1": "RACEHIS",
    "LocationDisplayOrder": 31
  },
  {
    "ID": 48038,
    "Description": 2017,
    "LocationAbbr": "NV",
    "LocationDesc": "Nevada",
    "DataSource": "BRFSS",
    "Topic": "Obesity / Weight Status",
    "Data_Value": 26.4,
    "Sample_Size": 516,
    "Stratification1": "Hispanic",
    "StratificationId1": "RACEHIS",
    "LocationDisplayOrder": 32
  },
  {
    "ID": 52980,
    "Description": 2017,
    "LocationAbbr": "NH",
    "LocationDesc": "New Hampshire",
    "DataSource": "BRFSS",
    "Topic": "Obesity / Weight Status",
    "Data_Value": 35.4,
    "Sample_Size": 58,
    "Stratification1": "Hispanic",
    "StratificationId1": "RACEHIS",
    "LocationDisplayOrder": 33
  },
  {
    "ID": 56290,
    "Description": 2017,
    "LocationAbbr": "NJ",
    "LocationDesc": "New Jersey",
    "DataSource": "BRFSS",
    "Topic": "Obesity / Weight Status",
    "Data_Value": 32.6,
    "Sample_Size": "1,070",
    "Stratification1": "Hispanic",
    "StratificationId1": "RACEHIS",
    "LocationDisplayOrder": 34
  },
  {
    "ID": 56496,
    "Description": 2017,
    "LocationAbbr": "NM",
    "LocationDesc": "New Mexico",
    "DataSource": "BRFSS",
    "Topic": "Obesity / Weight Status",
    "Data_Value": 30.8,
    "Sample_Size": "1,861",
    "Stratification1": "Hispanic",
    "StratificationId1": "RACEHIS",
    "LocationDisplayOrder": 35
  },
  {
    "ID": 49478,
    "Description": 2017,
    "LocationAbbr": "NY",
    "LocationDesc": "New York",
    "DataSource": "BRFSS",
    "Topic": "Obesity / Weight Status",
    "Data_Value": 27.1,
    "Sample_Size": "1,522",
    "Stratification1": "Hispanic",
    "StratificationId1": "RACEHIS",
    "LocationDisplayOrder": 36
  },
  {
    "ID": 46706,
    "Description": 2017,
    "LocationAbbr": "NC",
    "LocationDesc": "North Carolina",
    "DataSource": "BRFSS",
    "Topic": "Obesity / Weight Status",
    "Data_Value": 28.1,
    "Sample_Size": 271,
    "Stratification1": "Hispanic",
    "StratificationId1": "RACEHIS",
    "LocationDisplayOrder": 37
  },
  {
    "ID": 49833,
    "Description": 2017,
    "LocationAbbr": "ND",
    "LocationDesc": "North Dakota",
    "DataSource": "BRFSS",
    "Topic": "Obesity / Weight Status",
    "Data_Value": 38.7,
    "Sample_Size": 62,
    "Stratification1": "Hispanic",
    "StratificationId1": "RACEHIS",
    "LocationDisplayOrder": 38
  },
  {
    "ID": 53634,
    "Description": 2017,
    "LocationAbbr": "OH",
    "LocationDesc": "Ohio",
    "DataSource": "BRFSS",
    "Topic": "Obesity / Weight Status",
    "Data_Value": 38.2,
    "Sample_Size": 189,
    "Stratification1": "Hispanic",
    "StratificationId1": "RACEHIS",
    "LocationDisplayOrder": 39
  },
  {
    "ID": 54193,
    "Description": 2017,
    "LocationAbbr": "OK",
    "LocationDesc": "Oklahoma",
    "DataSource": "BRFSS",
    "Topic": "Obesity / Weight Status",
    "Data_Value": 36,
    "Sample_Size": 255,
    "Stratification1": "Hispanic",
    "StratificationId1": "RACEHIS",
    "LocationDisplayOrder": 40
  },
  {
    "ID": 44848,
    "Description": 2017,
    "LocationAbbr": "OR",
    "LocationDesc": "Oregon",
    "DataSource": "BRFSS",
    "Topic": "Obesity / Weight Status",
    "Data_Value": 33.4,
    "Sample_Size": 286,
    "Stratification1": "Hispanic",
    "StratificationId1": "RACEHIS",
    "LocationDisplayOrder": 41
  },
  {
    "ID": 45152,
    "Description": 2017,
    "LocationAbbr": "PA",
    "LocationDesc": "Pennsylvania",
    "DataSource": "BRFSS",
    "Topic": "Obesity / Weight Status",
    "Data_Value": 25,
    "Sample_Size": 249,
    "Stratification1": "Hispanic",
    "StratificationId1": "RACEHIS",
    "LocationDisplayOrder": 42
  },
  {
    "ID": 51990,
    "Description": 2017,
    "LocationAbbr": "RI",
    "LocationDesc": "Rhode Island",
    "DataSource": "BRFSS",
    "Topic": "Obesity / Weight Status",
    "Data_Value": 34.8,
    "Sample_Size": 387,
    "Stratification1": "Hispanic",
    "StratificationId1": "RACEHIS",
    "LocationDisplayOrder": 44
  },
  {
    "ID": 50658,
    "Description": 2017,
    "LocationAbbr": "SC",
    "LocationDesc": "South Carolina",
    "DataSource": "BRFSS",
    "Topic": "Obesity / Weight Status",
    "Data_Value": 30.8,
    "Sample_Size": 256,
    "Stratification1": "Hispanic",
    "StratificationId1": "RACEHIS",
    "LocationDisplayOrder": 45
  },
  {
    "ID": 58564,
    "Description": 2017,
    "LocationAbbr": "SD",
    "LocationDesc": "South Dakota",
    "DataSource": "BRFSS",
    "Topic": "Obesity / Weight Status",
    "Data_Value": 44,
    "Sample_Size": 78,
    "Stratification1": "Hispanic",
    "StratificationId1": "RACEHIS",
    "LocationDisplayOrder": 46
  },
  {
    "ID": 56577,
    "Description": 2017,
    "LocationAbbr": "TN",
    "LocationDesc": "Tennessee",
    "DataSource": "BRFSS",
    "Topic": "Obesity / Weight Status",
    "Data_Value": 27,
    "Sample_Size": 104,
    "Stratification1": "Hispanic",
    "StratificationId1": "RACEHIS",
    "LocationDisplayOrder": 47
  },
  {
    "ID": 53970,
    "Description": 2017,
    "LocationAbbr": "TX",
    "LocationDesc": "Texas",
    "DataSource": "BRFSS",
    "Topic": "Obesity / Weight Status",
    "Data_Value": 37.3,
    "Sample_Size": "2,798",
    "Stratification1": "Hispanic",
    "StratificationId1": "RACEHIS",
    "LocationDisplayOrder": 48
  },
  {
    "ID": 56795,
    "Description": 2017,
    "LocationAbbr": "UT",
    "LocationDesc": "Utah",
    "DataSource": "BRFSS",
    "Topic": "Obesity / Weight Status",
    "Data_Value": 27.9,
    "Sample_Size": 716,
    "Stratification1": "Hispanic",
    "StratificationId1": "RACEHIS",
    "LocationDisplayOrder": 49
  },
  {
    "ID": 54943,
    "Description": 2017,
    "LocationAbbr": "VT",
    "LocationDesc": "Vermont",
    "DataSource": "BRFSS",
    "Topic": "Obesity / Weight Status",
    "Data_Value": 25.4,
    "Sample_Size": 51,
    "Stratification1": "Hispanic",
    "StratificationId1": "RACEHIS",
    "LocationDisplayOrder": 50
  },
  {
    "ID": 49287,
    "Description": 2017,
    "LocationAbbr": "VA",
    "LocationDesc": "Virginia",
    "DataSource": "BRFSS",
    "Topic": "Obesity / Weight Status",
    "Data_Value": 32.2,
    "Sample_Size": 325,
    "Stratification1": "Hispanic",
    "StratificationId1": "RACEHIS",
    "LocationDisplayOrder": 51
  },
  {
    "ID": 44722,
    "Description": 2017,
    "LocationAbbr": "WA",
    "LocationDesc": "Washington",
    "DataSource": "BRFSS",
    "Topic": "Obesity / Weight Status",
    "Data_Value": 33.1,
    "Sample_Size": 758,
    "Stratification1": "Hispanic",
    "StratificationId1": "RACEHIS",
    "LocationDisplayOrder": 53
  },
  {
    "ID": 48626,
    "Description": 2017,
    "LocationAbbr": "WV",
    "LocationDesc": "West Virginia",
    "DataSource": "BRFSS",
    "Topic": "Obesity / Weight Status",
    "Data_Value": "~",
    "Sample_Size": "~",
    "Stratification1": "Hispanic",
    "StratificationId1": "RACEHIS",
    "LocationDisplayOrder": 54
  },
  {
    "ID": 48022,
    "Description": 2017,
    "LocationAbbr": "WI",
    "LocationDesc": "Wisconsin",
    "DataSource": "BRFSS",
    "Topic": "Obesity / Weight Status",
    "Data_Value": 38.7,
    "Sample_Size": 152,
    "Stratification1": "Hispanic",
    "StratificationId1": "RACEHIS",
    "LocationDisplayOrder": 55
  },
  {
    "ID": 48749,
    "Description": 2017,
    "LocationAbbr": "WY",
    "LocationDesc": "Wyoming",
    "DataSource": "BRFSS",
    "Topic": "Obesity / Weight Status",
    "Data_Value": 25.8,
    "Sample_Size": 216,
    "Stratification1": "Hispanic",
    "StratificationId1": "RACEHIS",
    "LocationDisplayOrder": 56
  },
  {
    "ID": 55880,
    "Description": 2017,
    "LocationAbbr": "GU",
    "LocationDesc": "Guam",
    "DataSource": "BRFSS",
    "Topic": "Obesity / Weight Status",
    "Data_Value": 33.6,
    "Sample_Size": 132,
    "Stratification1": "Hispanic",
    "StratificationId1": "RACEHIS",
    "LocationDisplayOrder": 66
  },
  {
    "ID": 57035,
    "Description": 2017,
    "LocationAbbr": "PR",
    "LocationDesc": "Puerto Rico",
    "DataSource": "BRFSS",
    "Topic": "Obesity / Weight Status",
    "Data_Value": 33,
    "Sample_Size": "4,222",
    "Stratification1": "Hispanic",
    "StratificationId1": "RACEHIS",
    "LocationDisplayOrder": 72
  },
  {
    "ID": 44353,
    "Description": 2017,
    "LocationAbbr": "VI",
    "LocationDesc": "Virgin Islands",
    "DataSource": "BRFSS",
    "Topic": "Obesity / Weight Status",
    "Data_Value": "~",
    "Sample_Size": "~",
    "Stratification1": "Hispanic",
    "StratificationId1": "RACEHIS",
    "LocationDisplayOrder": 78
  },
  {
    "ID": "",
    "Description": "",
    "LocationAbbr": "",
    "LocationDesc": "",
    "DataSource": "",
    "Topic": "",
    "Data_Value": "",
    "Sample_Size": "",
    "Stratification1": "",
    "StratificationId1": "",
    "LocationDisplayOrder": ""
  },
  {
    "ID": "",
    "Description": "",
    "LocationAbbr": "",
    "LocationDesc": "",
    "DataSource": "",
    "Topic": "",
    "Data_Value": "",
    "Sample_Size": "",
    "Stratification1": "",
    "StratificationId1": "",
    "LocationDisplayOrder": ""
  },
  {
    "ID": "",
    "Description": "",
    "LocationAbbr": "",
    "LocationDesc": "",
    "DataSource": "",
    "Topic": "",
    "Data_Value": "",
    "Sample_Size": "",
    "Stratification1": "",
    "StratificationId1": "",
    "LocationDisplayOrder": ""
  },
  {
    "ID": "",
    "Description": "",
    "LocationAbbr": "",
    "LocationDesc": "",
    "DataSource": "",
    "Topic": "",
    "Data_Value": "",
    "Sample_Size": "",
    "Stratification1": "",
    "StratificationId1": "",
    "LocationDisplayOrder": ""
  },
  {
    "ID": "",
    "Description": "",
    "LocationAbbr": "",
    "LocationDesc": "",
    "DataSource": "",
    "Topic": "",
    "Data_Value": "",
    "Sample_Size": "",
    "Stratification1": "",
    "StratificationId1": "",
    "LocationDisplayOrder": ""
  },
  {
    "ID": "",
    "Description": "",
    "LocationAbbr": "",
    "LocationDesc": "",
    "DataSource": "",
    "Topic": "",
    "Data_Value": "",
    "Sample_Size": "",
    "Stratification1": "",
    "StratificationId1": "",
    "LocationDisplayOrder": ""
  },
  {
    "ID": "",
    "Description": "",
    "LocationAbbr": "",
    "LocationDesc": "",
    "DataSource": "",
    "Topic": "",
    "Data_Value": "",
    "Sample_Size": "",
    "Stratification1": "",
    "StratificationId1": "",
    "LocationDisplayOrder": ""
  },
  {
    "ID": "",
    "Description": "",
    "LocationAbbr": "",
    "LocationDesc": "",
    "DataSource": "",
    "Topic": "",
    "Data_Value": "",
    "Sample_Size": "",
    "Stratification1": "",
    "StratificationId1": "",
    "LocationDisplayOrder": ""
  },
  {
    "ID": "",
    "Description": "",
    "LocationAbbr": "",
    "LocationDesc": "",
    "DataSource": "",
    "Topic": "",
    "Data_Value": "",
    "Sample_Size": "",
    "Stratification1": "",
    "StratificationId1": "",
    "LocationDisplayOrder": ""
  },
  {
    "ID": "",
    "Description": "",
    "LocationAbbr": "",
    "LocationDesc": "",
    "DataSource": "",
    "Topic": "",
    "Data_Value": "",
    "Sample_Size": "",
    "Stratification1": "",
    "StratificationId1": "",
    "LocationDisplayOrder": ""
  }
]