[
  {
    "ID": 58283,
    "Description": 2017,
    "LocationAbbr": "US",
    "LocationDesc": "National",
    "DataSource": "BRFSS",
    "Topic": "Obesity / Weight Status",
    "Data_Value": 29.3,
    "Sample_Size": "313,952",
    "Stratification1": "Non-Hispanic White",
    "StratificationId1": "RACEWHT",
    "LocationDisplayOrder": 0
  },
  {
    "ID": 46609,
    "Description": 2017,
    "LocationAbbr": "AL",
    "LocationDesc": "Alabama",
    "DataSource": "BRFSS",
    "Topic": "Obesity / Weight Status",
    "Data_Value": 33.6,
    "Sample_Size": "4,260",
    "Stratification1": "Non-Hispanic White",
    "StratificationId1": "RACEWHT",
    "LocationDisplayOrder": 1
  },
  {
    "ID": 45296,
    "Description": 2017,
    "LocationAbbr": "AK",
    "LocationDesc": "Alaska",
    "DataSource": "BRFSS",
    "Topic": "Obesity / Weight Status",
    "Data_Value": 32.6,
    "Sample_Size": "2,160",
    "Stratification1": "Non-Hispanic White",
    "StratificationId1": "RACEWHT",
    "LocationDisplayOrder": 2
  },
  {
    "ID": 46002,
    "Description": 2017,
    "LocationAbbr": "AZ",
    "LocationDesc": "Arizona",
    "DataSource": "BRFSS",
    "Topic": "Obesity / Weight Status",
    "Data_Value": 26.9,
    "Sample_Size": "10,211",
    "Stratification1": "Non-Hispanic White",
    "StratificationId1": "RACEWHT",
    "LocationDisplayOrder": 4
  },
  {
    "ID": 50583,
    "Description": 2017,
    "LocationAbbr": "AR",
    "LocationDesc": "Arkansas",
    "DataSource": "BRFSS",
    "Topic": "Obesity / Weight Status",
    "Data_Value": 34,
    "Sample_Size": "3,808",
    "Stratification1": "Non-Hispanic White",
    "StratificationId1": "RACEWHT",
    "LocationDisplayOrder": 5
  },
  {
    "ID": 45253,
    "Description": 2017,
    "LocationAbbr": "CA",
    "LocationDesc": "California",
    "DataSource": "BRFSS",
    "Topic": "Obesity / Weight Status",
    "Data_Value": 23.8,
    "Sample_Size": "4,463",
    "Stratification1": "Non-Hispanic White",
    "StratificationId1": "RACEWHT",
    "LocationDisplayOrder": 6
  },
  {
    "ID": 58269,
    "Description": 2017,
    "LocationAbbr": "CO",
    "LocationDesc": "Colorado",
    "DataSource": "BRFSS",
    "Topic": "Obesity / Weight Status",
    "Data_Value": 21.4,
    "Sample_Size": "7,005",
    "Stratification1": "Non-Hispanic White",
    "StratificationId1": "RACEWHT",
    "LocationDisplayOrder": 8
  },
  {
    "ID": 48443,
    "Description": 2017,
    "LocationAbbr": "CT",
    "LocationDesc": "Connecticut",
    "DataSource": "BRFSS",
    "Topic": "Obesity / Weight Status",
    "Data_Value": 25.6,
    "Sample_Size": "7,538",
    "Stratification1": "Non-Hispanic White",
    "StratificationId1": "RACEWHT",
    "LocationDisplayOrder": 9
  },
  {
    "ID": 54110,
    "Description": 2017,
    "LocationAbbr": "DE",
    "LocationDesc": "Delaware",
    "DataSource": "BRFSS",
    "Topic": "Obesity / Weight Status",
    "Data_Value": 30.4,
    "Sample_Size": "2,534",
    "Stratification1": "Non-Hispanic White",
    "StratificationId1": "RACEWHT",
    "LocationDisplayOrder": 10
  },
  {
    "ID": 58100,
    "Description": 2017,
    "LocationAbbr": "DC",
    "LocationDesc": "District of Columbia",
    "DataSource": "BRFSS",
    "Topic": "Obesity / Weight Status",
    "Data_Value": 12.2,
    "Sample_Size": "1,283",
    "Stratification1": "Non-Hispanic White",
    "StratificationId1": "RACEWHT",
    "LocationDisplayOrder": 11
  },
  {
    "ID": 51134,
    "Description": 2017,
    "LocationAbbr": "FL",
    "LocationDesc": "Florida",
    "DataSource": "BRFSS",
    "Topic": "Obesity / Weight Status",
    "Data_Value": 25.9,
    "Sample_Size": "14,541",
    "Stratification1": "Non-Hispanic White",
    "StratificationId1": "RACEWHT",
    "LocationDisplayOrder": 12
  },
  {
    "ID": 49131,
    "Description": 2017,
    "LocationAbbr": "GA",
    "LocationDesc": "Georgia",
    "DataSource": "BRFSS",
    "Topic": "Obesity / Weight Status",
    "Data_Value": 30.9,
    "Sample_Size": "3,182",
    "Stratification1": "Non-Hispanic White",
    "StratificationId1": "RACEWHT",
    "LocationDisplayOrder": 13
  },
  {
    "ID": 44883,
    "Description": 2017,
    "LocationAbbr": "HI",
    "LocationDesc": "Hawaii",
    "DataSource": "BRFSS",
    "Topic": "Obesity / Weight Status",
    "Data_Value": 17.3,
    "Sample_Size": "2,318",
    "Stratification1": "Non-Hispanic White",
    "StratificationId1": "RACEWHT",
    "LocationDisplayOrder": 15
  },
  {
    "ID": 53230,
    "Description": 2017,
    "LocationAbbr": "ID",
    "LocationDesc": "Idaho",
    "DataSource": "BRFSS",
    "Topic": "Obesity / Weight Status",
    "Data_Value": 28.1,
    "Sample_Size": "4,137",
    "Stratification1": "Non-Hispanic White",
    "StratificationId1": "RACEWHT",
    "LocationDisplayOrder": 16
  },
  {
    "ID": 45269,
    "Description": 2017,
    "LocationAbbr": "IL",
    "LocationDesc": "Illinois",
    "DataSource": "BRFSS",
    "Topic": "Obesity / Weight Status",
    "Data_Value": 31,
    "Sample_Size": "3,695",
    "Stratification1": "Non-Hispanic White",
    "StratificationId1": "RACEWHT",
    "LocationDisplayOrder": 17
  },
  {
    "ID": 48475,
    "Description": 2017,
    "LocationAbbr": "IN",
    "LocationDesc": "Indiana",
    "DataSource": "BRFSS",
    "Topic": "Obesity / Weight Status",
    "Data_Value": 33.3,
    "Sample_Size": "10,930",
    "Stratification1": "Non-Hispanic White",
    "StratificationId1": "RACEWHT",
    "LocationDisplayOrder": 18
  },
  {
    "ID": 53594,
    "Description": 2017,
    "LocationAbbr": "IA",
    "LocationDesc": "Iowa",
    "DataSource": "BRFSS",
    "Topic": "Obesity / Weight Status",
    "Data_Value": 36.6,
    "Sample_Size": "6,452",
    "Stratification1": "Non-Hispanic White",
    "StratificationId1": "RACEWHT",
    "LocationDisplayOrder": 19
  },
  {
    "ID": 46363,
    "Description": 2017,
    "LocationAbbr": "KS",
    "LocationDesc": "Kansas",
    "DataSource": "BRFSS",
    "Topic": "Obesity / Weight Status",
    "Data_Value": 32.1,
    "Sample_Size": "17,060",
    "Stratification1": "Non-Hispanic White",
    "StratificationId1": "RACEWHT",
    "LocationDisplayOrder": 20
  },
  {
    "ID": 50185,
    "Description": 2017,
    "LocationAbbr": "KY",
    "LocationDesc": "Kentucky",
    "DataSource": "BRFSS",
    "Topic": "Obesity / Weight Status",
    "Data_Value": 34.5,
    "Sample_Size": "6,661",
    "Stratification1": "Non-Hispanic White",
    "StratificationId1": "RACEWHT",
    "LocationDisplayOrder": 21
  },
  {
    "ID": 56081,
    "Description": 2017,
    "LocationAbbr": "LA",
    "LocationDesc": "Louisiana",
    "DataSource": "BRFSS",
    "Topic": "Obesity / Weight Status",
    "Data_Value": 33.5,
    "Sample_Size": "2,982",
    "Stratification1": "Non-Hispanic White",
    "StratificationId1": "RACEWHT",
    "LocationDisplayOrder": 22
  },
  {
    "ID": 48273,
    "Description": 2017,
    "LocationAbbr": "ME",
    "LocationDesc": "Maine",
    "DataSource": "BRFSS",
    "Topic": "Obesity / Weight Status",
    "Data_Value": 29.2,
    "Sample_Size": "8,783",
    "Stratification1": "Non-Hispanic White",
    "StratificationId1": "RACEWHT",
    "LocationDisplayOrder": 23
  },
  {
    "ID": 50931,
    "Description": 2017,
    "LocationAbbr": "MD",
    "LocationDesc": "Maryland",
    "DataSource": "BRFSS",
    "Topic": "Obesity / Weight Status",
    "Data_Value": 28.7,
    "Sample_Size": "8,863",
    "Stratification1": "Non-Hispanic White",
    "StratificationId1": "RACEWHT",
    "LocationDisplayOrder": 24
  },
  {
    "ID": 51415,
    "Description": 2017,
    "LocationAbbr": "MA",
    "LocationDesc": "Massachusetts",
    "DataSource": "BRFSS",
    "Topic": "Obesity / Weight Status",
    "Data_Value": 25.9,
    "Sample_Size": "4,975",
    "Stratification1": "Non-Hispanic White",
    "StratificationId1": "RACEWHT",
    "LocationDisplayOrder": 25
  },
  {
    "ID": 45897,
    "Description": 2017,
    "LocationAbbr": "MI",
    "LocationDesc": "Michigan",
    "DataSource": "BRFSS",
    "Topic": "Obesity / Weight Status",
    "Data_Value": 30.9,
    "Sample_Size": "8,186",
    "Stratification1": "Non-Hispanic White",
    "StratificationId1": "RACEWHT",
    "LocationDisplayOrder": 26
  },
  {
    "ID": 46132,
    "Description": 2017,
    "LocationAbbr": "MN",
    "LocationDesc": "Minnesota",
    "DataSource": "BRFSS",
    "Topic": "Obesity / Weight Status",
    "Data_Value": 28.4,
    "Sample_Size": "13,694",
    "Stratification1": "Non-Hispanic White",
    "StratificationId1": "RACEWHT",
    "LocationDisplayOrder": 27
  },
  {
    "ID": 48700,
    "Description": 2017,
    "LocationAbbr": "MS",
    "LocationDesc": "Mississippi",
    "DataSource": "BRFSS",
    "Topic": "Obesity / Weight Status",
    "Data_Value": 33,
    "Sample_Size": "3,061",
    "Stratification1": "Non-Hispanic White",
    "StratificationId1": "RACEWHT",
    "LocationDisplayOrder": 28
  },
  {
    "ID": 57523,
    "Description": 2017,
    "LocationAbbr": "MO",
    "LocationDesc": "Missouri",
    "DataSource": "BRFSS",
    "Topic": "Obesity / Weight Status",
    "Data_Value": 32,
    "Sample_Size": "5,844",
    "Stratification1": "Non-Hispanic White",
    "StratificationId1": "RACEWHT",
    "LocationDisplayOrder": 29
  },
  {
    "ID": 48065,
    "Description": 2017,
    "LocationAbbr": "MT",
    "LocationDesc": "Montana",
    "DataSource": "BRFSS",
    "Topic": "Obesity / Weight Status",
    "Data_Value": 24.2,
    "Sample_Size": "4,549",
    "Stratification1": "Non-Hispanic White",
    "StratificationId1": "RACEWHT",
    "LocationDisplayOrder": 30
  },
  {
    "ID": 57057,
    "Description": 2017,
    "LocationAbbr": "NE",
    "LocationDesc": "Nebraska",
    "DataSource": "BRFSS",
    "Topic": "Obesity / Weight Status",
    "Data_Value": 32.2,
    "Sample_Size": "12,762",
    "Stratification1": "Non-Hispanic White",
    "StratificationId1": "RACEWHT",
    "LocationDisplayOrder": 31
  },
  {
    "ID": 57817,
    "Description": 2017,
    "LocationAbbr": "NV",
    "LocationDesc": "Nevada",
    "DataSource": "BRFSS",
    "Topic": "Obesity / Weight Status",
    "Data_Value": 25.1,
    "Sample_Size": "2,447",
    "Stratification1": "Non-Hispanic White",
    "StratificationId1": "RACEWHT",
    "LocationDisplayOrder": 32
  },
  {
    "ID": 46587,
    "Description": 2017,
    "LocationAbbr": "NH",
    "LocationDesc": "New Hampshire",
    "DataSource": "BRFSS",
    "Topic": "Obesity / Weight Status",
    "Data_Value": 28.3,
    "Sample_Size": "4,854",
    "Stratification1": "Non-Hispanic White",
    "StratificationId1": "RACEWHT",
    "LocationDisplayOrder": 33
  },
  {
    "ID": 55095,
    "Description": 2017,
    "LocationAbbr": "NJ",
    "LocationDesc": "New Jersey",
    "DataSource": "BRFSS",
    "Topic": "Obesity / Weight Status",
    "Data_Value": 26.8,
    "Sample_Size": "7,309",
    "Stratification1": "Non-Hispanic White",
    "StratificationId1": "RACEWHT",
    "LocationDisplayOrder": 34
  },
  {
    "ID": 56928,
    "Description": 2017,
    "LocationAbbr": "NM",
    "LocationDesc": "New Mexico",
    "DataSource": "BRFSS",
    "Topic": "Obesity / Weight Status",
    "Data_Value": 24.6,
    "Sample_Size": "3,172",
    "Stratification1": "Non-Hispanic White",
    "StratificationId1": "RACEWHT",
    "LocationDisplayOrder": 35
  },
  {
    "ID": 55269,
    "Description": 2017,
    "LocationAbbr": "NY",
    "LocationDesc": "New York",
    "DataSource": "BRFSS",
    "Topic": "Obesity / Weight Status",
    "Data_Value": 25.3,
    "Sample_Size": "7,505",
    "Stratification1": "Non-Hispanic White",
    "StratificationId1": "RACEWHT",
    "LocationDisplayOrder": 36
  },
  {
    "ID": 57862,
    "Description": 2017,
    "LocationAbbr": "NC",
    "LocationDesc": "North Carolina",
    "DataSource": "BRFSS",
    "Topic": "Obesity / Weight Status",
    "Data_Value": 30.3,
    "Sample_Size": "2,993",
    "Stratification1": "Non-Hispanic White",
    "StratificationId1": "RACEWHT",
    "LocationDisplayOrder": 37
  },
  {
    "ID": 49169,
    "Description": 2017,
    "LocationAbbr": "ND",
    "LocationDesc": "North Dakota",
    "DataSource": "BRFSS",
    "Topic": "Obesity / Weight Status",
    "Data_Value": 32.8,
    "Sample_Size": "6,011",
    "Stratification1": "Non-Hispanic White",
    "StratificationId1": "RACEWHT",
    "LocationDisplayOrder": 38
  },
  {
    "ID": 56411,
    "Description": 2017,
    "LocationAbbr": "OH",
    "LocationDesc": "Ohio",
    "DataSource": "BRFSS",
    "Topic": "Obesity / Weight Status",
    "Data_Value": 33.1,
    "Sample_Size": "9,772",
    "Stratification1": "Non-Hispanic White",
    "StratificationId1": "RACEWHT",
    "LocationDisplayOrder": 39
  },
  {
    "ID": 47253,
    "Description": 2017,
    "LocationAbbr": "OK",
    "LocationDesc": "Oklahoma",
    "DataSource": "BRFSS",
    "Topic": "Obesity / Weight Status",
    "Data_Value": 36.3,
    "Sample_Size": "4,698",
    "Stratification1": "Non-Hispanic White",
    "StratificationId1": "RACEWHT",
    "LocationDisplayOrder": 40
  },
  {
    "ID": 54885,
    "Description": 2017,
    "LocationAbbr": "OR",
    "LocationDesc": "Oregon",
    "DataSource": "BRFSS",
    "Topic": "Obesity / Weight Status",
    "Data_Value": 29.2,
    "Sample_Size": "4,045",
    "Stratification1": "Non-Hispanic White",
    "StratificationId1": "RACEWHT",
    "LocationDisplayOrder": 41
  },
  {
    "ID": 46380,
    "Description": 2017,
    "LocationAbbr": "PA",
    "LocationDesc": "Pennsylvania",
    "DataSource": "BRFSS",
    "Topic": "Obesity / Weight Status",
    "Data_Value": 31.5,
    "Sample_Size": "4,986",
    "Stratification1": "Non-Hispanic White",
    "StratificationId1": "RACEWHT",
    "LocationDisplayOrder": 42
  },
  {
    "ID": 50352,
    "Description": 2017,
    "LocationAbbr": "RI",
    "LocationDesc": "Rhode Island",
    "DataSource": "BRFSS",
    "Topic": "Obesity / Weight Status",
    "Data_Value": 29.7,
    "Sample_Size": "4,205",
    "Stratification1": "Non-Hispanic White",
    "StratificationId1": "RACEWHT",
    "LocationDisplayOrder": 44
  },
  {
    "ID": 50526,
    "Description": 2017,
    "LocationAbbr": "SC",
    "LocationDesc": "South Carolina",
    "DataSource": "BRFSS",
    "Topic": "Obesity / Weight Status",
    "Data_Value": 31,
    "Sample_Size": "6,874",
    "Stratification1": "Non-Hispanic White",
    "StratificationId1": "RACEWHT",
    "LocationDisplayOrder": 45
  },
  {
    "ID": 46594,
    "Description": 2017,
    "LocationAbbr": "SD",
    "LocationDesc": "South Dakota",
    "DataSource": "BRFSS",
    "Topic": "Obesity / Weight Status",
    "Data_Value": 30.6,
    "Sample_Size": "4,993",
    "Stratification1": "Non-Hispanic White",
    "StratificationId1": "RACEWHT",
    "LocationDisplayOrder": 46
  },
  {
    "ID": 50556,
    "Description": 2017,
    "LocationAbbr": "TN",
    "LocationDesc": "Tennessee",
    "DataSource": "BRFSS",
    "Topic": "Obesity / Weight Status",
    "Data_Value": 31,
    "Sample_Size": "4,352",
    "Stratification1": "Non-Hispanic White",
    "StratificationId1": "RACEWHT",
    "LocationDisplayOrder": 47
  },
  {
    "ID": 50278,
    "Description": 2017,
    "LocationAbbr": "TX",
    "LocationDesc": "Texas",
    "DataSource": "BRFSS",
    "Topic": "Obesity / Weight Status",
    "Data_Value": 30.4,
    "Sample_Size": "6,776",
    "Stratification1": "Non-Hispanic White",
    "StratificationId1": "RACEWHT",
    "LocationDisplayOrder": 48
  },
  {
    "ID": 44421,
    "Description": 2017,
    "LocationAbbr": "UT",
    "LocationDesc": "Utah",
    "DataSource": "BRFSS",
    "Topic": "Obesity / Weight Status",
    "Data_Value": 25,
    "Sample_Size": "8,075",
    "Stratification1": "Non-Hispanic White",
    "StratificationId1": "RACEWHT",
    "LocationDisplayOrder": 49
  },
  {
    "ID": 55316,
    "Description": 2017,
    "LocationAbbr": "VT",
    "LocationDesc": "Vermont",
    "DataSource": "BRFSS",
    "Topic": "Obesity / Weight Status",
    "Data_Value": 27.7,
    "Sample_Size": "5,543",
    "Stratification1": "Non-Hispanic White",
    "StratificationId1": "RACEWHT",
    "LocationDisplayOrder": 50
  },
  {
    "ID": 49789,
    "Description": 2017,
    "LocationAbbr": "VA",
    "LocationDesc": "Virginia",
    "DataSource": "BRFSS",
    "Topic": "Obesity / Weight Status",
    "Data_Value": 28.4,
    "Sample_Size": "6,403",
    "Stratification1": "Non-Hispanic White",
    "StratificationId1": "RACEWHT",
    "LocationDisplayOrder": 51
  },
  {
    "ID": 47565,
    "Description": 2017,
    "LocationAbbr": "WA",
    "LocationDesc": "Washington",
    "DataSource": "BRFSS",
    "Topic": "Obesity / Weight Status",
    "Data_Value": 28.5,
    "Sample_Size": "9,852",
    "Stratification1": "Non-Hispanic White",
    "StratificationId1": "RACEWHT",
    "LocationDisplayOrder": 53
  },
  {
    "ID": 47169,
    "Description": 2017,
    "LocationAbbr": "WV",
    "LocationDesc": "West Virginia",
    "DataSource": "BRFSS",
    "Topic": "Obesity / Weight Status",
    "Data_Value": 38.1,
    "Sample_Size": "4,782",
    "Stratification1": "Non-Hispanic White",
    "StratificationId1": "RACEWHT",
    "LocationDisplayOrder": 54
  },
  {
    "ID": 54486,
    "Description": 2017,
    "LocationAbbr": "WI",
    "LocationDesc": "Wisconsin",
    "DataSource": "BRFSS",
    "Topic": "Obesity / Weight Status",
    "Data_Value": 31.3,
    "Sample_Size": "4,654",
    "Stratification1": "Non-Hispanic White",
    "StratificationId1": "RACEWHT",
    "LocationDisplayOrder": 55
  },
  {
    "ID": 54666,
    "Description": 2017,
    "LocationAbbr": "WY",
    "LocationDesc": "Wyoming",
    "DataSource": "BRFSS",
    "Topic": "Obesity / Weight Status",
    "Data_Value": 28.6,
    "Sample_Size": "3,714",
    "Stratification1": "Non-Hispanic White",
    "StratificationId1": "RACEWHT",
    "LocationDisplayOrder": 56
  },
  {
    "ID": 47849,
    "Description": 2017,
    "LocationAbbr": "GU",
    "LocationDesc": "Guam",
    "DataSource": "BRFSS",
    "Topic": "Obesity / Weight Status",
    "Data_Value": 31.1,
    "Sample_Size": 150,
    "Stratification1": "Non-Hispanic White",
    "StratificationId1": "RACEWHT",
    "LocationDisplayOrder": 66
  },
  {
    "ID": 46840,
    "Description": 2017,
    "LocationAbbr": "PR",
    "LocationDesc": "Puerto Rico",
    "DataSource": "BRFSS",
    "Topic": "Obesity / Weight Status",
    "Data_Value": "~",
    "Sample_Size": "~",
    "Stratification1": "Non-Hispanic White",
    "StratificationId1": "RACEWHT",
    "LocationDisplayOrder": 72
  },
  {
    "ID": 57782,
    "Description": 2017,
    "LocationAbbr": "VI",
    "LocationDesc": "Virgin Islands",
    "DataSource": "BRFSS",
    "Topic": "Obesity / Weight Status",
    "Data_Value": "~",
    "Sample_Size": "~",
    "Stratification1": "Non-Hispanic White",
    "StratificationId1": "RACEWHT",
    "LocationDisplayOrder": 78
  },
  {
    "ID": "",
    "Description": "",
    "LocationAbbr": "",
    "LocationDesc": "",
    "DataSource": "",
    "Topic": "",
    "Data_Value": "",
    "Sample_Size": "",
    "Stratification1": "",
    "StratificationId1": "",
    "LocationDisplayOrder": ""
  },
  {
    "ID": "",
    "Description": "",
    "LocationAbbr": "",
    "LocationDesc": "",
    "DataSource": "",
    "Topic": "",
    "Data_Value": "",
    "Sample_Size": "",
    "Stratification1": "",
    "StratificationId1": "",
    "LocationDisplayOrder": ""
  },
  {
    "ID": "",
    "Description": "",
    "LocationAbbr": "",
    "LocationDesc": "",
    "DataSource": "",
    "Topic": "",
    "Data_Value": "",
    "Sample_Size": "",
    "Stratification1": "",
    "StratificationId1": "",
    "LocationDisplayOrder": ""
  },
  {
    "ID": "",
    "Description": "",
    "LocationAbbr": "",
    "LocationDesc": "",
    "DataSource": "",
    "Topic": "",
    "Data_Value": "",
    "Sample_Size": "",
    "Stratification1": "",
    "StratificationId1": "",
    "LocationDisplayOrder": ""
  },
  {
    "ID": "",
    "Description": "",
    "LocationAbbr": "",
    "LocationDesc": "",
    "DataSource": "",
    "Topic": "",
    "Data_Value": "",
    "Sample_Size": "",
    "Stratification1": "",
    "StratificationId1": "",
    "LocationDisplayOrder": ""
  },
  {
    "ID": "",
    "Description": "",
    "LocationAbbr": "",
    "LocationDesc": "",
    "DataSource": "",
    "Topic": "",
    "Data_Value": "",
    "Sample_Size": "",
    "Stratification1": "",
    "StratificationId1": "",
    "LocationDisplayOrder": ""
  },
  {
    "ID": "",
    "Description": "",
    "LocationAbbr": "",
    "LocationDesc": "",
    "DataSource": "",
    "Topic": "",
    "Data_Value": "",
    "Sample_Size": "",
    "Stratification1": "",
    "StratificationId1": "",
    "LocationDisplayOrder": ""
  },
  {
    "ID": "",
    "Description": "",
    "LocationAbbr": "",
    "LocationDesc": "",
    "DataSource": "",
    "Topic": "",
    "Data_Value": "",
    "Sample_Size": "",
    "Stratification1": "",
    "StratificationId1": "",
    "LocationDisplayOrder": ""
  },
  {
    "ID": "",
    "Description": "",
    "LocationAbbr": "",
    "LocationDesc": "",
    "DataSource": "",
    "Topic": "",
    "Data_Value": "",
    "Sample_Size": "",
    "Stratification1": "",
    "StratificationId1": "",
    "LocationDisplayOrder": ""
  },
  {
    "ID": "",
    "Description": "",
    "LocationAbbr": "",
    "LocationDesc": "",
    "DataSource": "",
    "Topic": "",
    "Data_Value": "",
    "Sample_Size": "",
    "Stratification1": "",
    "StratificationId1": "",
    "LocationDisplayOrder": ""
  }
]