[
  {
    "ID": 54355,
    "Description": 2017,
    "LocationAbbr": "US",
    "LocationDesc": "National",
    "DataSource": "BRFSS",
    "Topic": "Obesity / Weight Status",
    "Data_Value": 31.3,
    "Sample_Size": "56,616",
    "Stratification1": "$50,000 - $74,999",
    "StratificationId1": "INC5075",
    "LocationDisplayOrder": 0
  },
  {
    "ID": 46630,
    "Description": 2017,
    "LocationAbbr": "AL",
    "LocationDesc": "Alabama",
    "DataSource": "BRFSS",
    "Topic": "Obesity / Weight Status",
    "Data_Value": 38.8,
    "Sample_Size": 735,
    "Stratification1": "$50,000 - $74,999",
    "StratificationId1": "INC5075",
    "LocationDisplayOrder": 1
  },
  {
    "ID": 54588,
    "Description": 2017,
    "LocationAbbr": "AK",
    "LocationDesc": "Alaska",
    "DataSource": "BRFSS",
    "Topic": "Obesity / Weight Status",
    "Data_Value": 35.9,
    "Sample_Size": 440,
    "Stratification1": "$50,000 - $74,999",
    "StratificationId1": "INC5075",
    "LocationDisplayOrder": 2
  },
  {
    "ID": 56334,
    "Description": 2017,
    "LocationAbbr": "AZ",
    "LocationDesc": "Arizona",
    "DataSource": "BRFSS",
    "Topic": "Obesity / Weight Status",
    "Data_Value": 30.5,
    "Sample_Size": "1,977",
    "Stratification1": "$50,000 - $74,999",
    "StratificationId1": "INC5075",
    "LocationDisplayOrder": 4
  },
  {
    "ID": 55299,
    "Description": 2017,
    "LocationAbbr": "AR",
    "LocationDesc": "Arkansas",
    "DataSource": "BRFSS",
    "Topic": "Obesity / Weight Status",
    "Data_Value": 35.1,
    "Sample_Size": 585,
    "Stratification1": "$50,000 - $74,999",
    "StratificationId1": "INC5075",
    "LocationDisplayOrder": 5
  },
  {
    "ID": 53716,
    "Description": 2017,
    "LocationAbbr": "CA",
    "LocationDesc": "California",
    "DataSource": "BRFSS",
    "Topic": "Obesity / Weight Status",
    "Data_Value": 25.6,
    "Sample_Size": "1,016",
    "Stratification1": "$50,000 - $74,999",
    "StratificationId1": "INC5075",
    "LocationDisplayOrder": 6
  },
  {
    "ID": 48724,
    "Description": 2017,
    "LocationAbbr": "CO",
    "LocationDesc": "Colorado",
    "DataSource": "BRFSS",
    "Topic": "Obesity / Weight Status",
    "Data_Value": 22,
    "Sample_Size": "1,290",
    "Stratification1": "$50,000 - $74,999",
    "StratificationId1": "INC5075",
    "LocationDisplayOrder": 8
  },
  {
    "ID": 48813,
    "Description": 2017,
    "LocationAbbr": "CT",
    "LocationDesc": "Connecticut",
    "DataSource": "BRFSS",
    "Topic": "Obesity / Weight Status",
    "Data_Value": 26.1,
    "Sample_Size": "1,153",
    "Stratification1": "$50,000 - $74,999",
    "StratificationId1": "INC5075",
    "LocationDisplayOrder": 9
  },
  {
    "ID": 55884,
    "Description": 2017,
    "LocationAbbr": "DE",
    "LocationDesc": "Delaware",
    "DataSource": "BRFSS",
    "Topic": "Obesity / Weight Status",
    "Data_Value": 32,
    "Sample_Size": 469,
    "Stratification1": "$50,000 - $74,999",
    "StratificationId1": "INC5075",
    "LocationDisplayOrder": 10
  },
  {
    "ID": 48968,
    "Description": 2017,
    "LocationAbbr": "DC",
    "LocationDesc": "District of Columbia",
    "DataSource": "BRFSS",
    "Topic": "Obesity / Weight Status",
    "Data_Value": 20.9,
    "Sample_Size": 449,
    "Stratification1": "$50,000 - $74,999",
    "StratificationId1": "INC5075",
    "LocationDisplayOrder": 11
  },
  {
    "ID": 48083,
    "Description": 2017,
    "LocationAbbr": "FL",
    "LocationDesc": "Florida",
    "DataSource": "BRFSS",
    "Topic": "Obesity / Weight Status",
    "Data_Value": 30.8,
    "Sample_Size": "2,364",
    "Stratification1": "$50,000 - $74,999",
    "StratificationId1": "INC5075",
    "LocationDisplayOrder": 12
  },
  {
    "ID": 46678,
    "Description": 2017,
    "LocationAbbr": "GA",
    "LocationDesc": "Georgia",
    "DataSource": "BRFSS",
    "Topic": "Obesity / Weight Status",
    "Data_Value": 31.6,
    "Sample_Size": 637,
    "Stratification1": "$50,000 - $74,999",
    "StratificationId1": "INC5075",
    "LocationDisplayOrder": 13
  },
  {
    "ID": 53516,
    "Description": 2017,
    "LocationAbbr": "HI",
    "LocationDesc": "Hawaii",
    "DataSource": "BRFSS",
    "Topic": "Obesity / Weight Status",
    "Data_Value": 23.9,
    "Sample_Size": "1,098",
    "Stratification1": "$50,000 - $74,999",
    "StratificationId1": "INC5075",
    "LocationDisplayOrder": 15
  },
  {
    "ID": 58022,
    "Description": 2017,
    "LocationAbbr": "ID",
    "LocationDesc": "Idaho",
    "DataSource": "BRFSS",
    "Topic": "Obesity / Weight Status",
    "Data_Value": 29.9,
    "Sample_Size": 714,
    "Stratification1": "$50,000 - $74,999",
    "StratificationId1": "INC5075",
    "LocationDisplayOrder": 16
  },
  {
    "ID": 49487,
    "Description": 2017,
    "LocationAbbr": "IL",
    "LocationDesc": "Illinois",
    "DataSource": "BRFSS",
    "Topic": "Obesity / Weight Status",
    "Data_Value": 32.2,
    "Sample_Size": 785,
    "Stratification1": "$50,000 - $74,999",
    "StratificationId1": "INC5075",
    "LocationDisplayOrder": 17
  },
  {
    "ID": 54987,
    "Description": 2017,
    "LocationAbbr": "IN",
    "LocationDesc": "Indiana",
    "DataSource": "BRFSS",
    "Topic": "Obesity / Weight Status",
    "Data_Value": 34.3,
    "Sample_Size": "1,885",
    "Stratification1": "$50,000 - $74,999",
    "StratificationId1": "INC5075",
    "LocationDisplayOrder": 18
  },
  {
    "ID": 48786,
    "Description": 2017,
    "LocationAbbr": "IA",
    "LocationDesc": "Iowa",
    "DataSource": "BRFSS",
    "Topic": "Obesity / Weight Status",
    "Data_Value": 39.8,
    "Sample_Size": "1,126",
    "Stratification1": "$50,000 - $74,999",
    "StratificationId1": "INC5075",
    "LocationDisplayOrder": 19
  },
  {
    "ID": 57830,
    "Description": 2017,
    "LocationAbbr": "KS",
    "LocationDesc": "Kansas",
    "DataSource": "BRFSS",
    "Topic": "Obesity / Weight Status",
    "Data_Value": 33.3,
    "Sample_Size": "3,015",
    "Stratification1": "$50,000 - $74,999",
    "StratificationId1": "INC5075",
    "LocationDisplayOrder": 20
  },
  {
    "ID": 48834,
    "Description": 2017,
    "LocationAbbr": "KY",
    "LocationDesc": "Kentucky",
    "DataSource": "BRFSS",
    "Topic": "Obesity / Weight Status",
    "Data_Value": 38.4,
    "Sample_Size": 973,
    "Stratification1": "$50,000 - $74,999",
    "StratificationId1": "INC5075",
    "LocationDisplayOrder": 21
  },
  {
    "ID": 51302,
    "Description": 2017,
    "LocationAbbr": "LA",
    "LocationDesc": "Louisiana",
    "DataSource": "BRFSS",
    "Topic": "Obesity / Weight Status",
    "Data_Value": 35.9,
    "Sample_Size": 537,
    "Stratification1": "$50,000 - $74,999",
    "StratificationId1": "INC5075",
    "LocationDisplayOrder": 22
  },
  {
    "ID": 49814,
    "Description": 2017,
    "LocationAbbr": "ME",
    "LocationDesc": "Maine",
    "DataSource": "BRFSS",
    "Topic": "Obesity / Weight Status",
    "Data_Value": 32.6,
    "Sample_Size": "1,526",
    "Stratification1": "$50,000 - $74,999",
    "StratificationId1": "INC5075",
    "LocationDisplayOrder": 23
  },
  {
    "ID": 45922,
    "Description": 2017,
    "LocationAbbr": "MD",
    "LocationDesc": "Maryland",
    "DataSource": "BRFSS",
    "Topic": "Obesity / Weight Status",
    "Data_Value": 32.8,
    "Sample_Size": "1,684",
    "Stratification1": "$50,000 - $74,999",
    "StratificationId1": "INC5075",
    "LocationDisplayOrder": 24
  },
  {
    "ID": 46519,
    "Description": 2017,
    "LocationAbbr": "MA",
    "LocationDesc": "Massachusetts",
    "DataSource": "BRFSS",
    "Topic": "Obesity / Weight Status",
    "Data_Value": 25.8,
    "Sample_Size": 714,
    "Stratification1": "$50,000 - $74,999",
    "StratificationId1": "INC5075",
    "LocationDisplayOrder": 25
  },
  {
    "ID": 53125,
    "Description": 2017,
    "LocationAbbr": "MI",
    "LocationDesc": "Michigan",
    "DataSource": "BRFSS",
    "Topic": "Obesity / Weight Status",
    "Data_Value": 32.8,
    "Sample_Size": "1,373",
    "Stratification1": "$50,000 - $74,999",
    "StratificationId1": "INC5075",
    "LocationDisplayOrder": 26
  },
  {
    "ID": 55351,
    "Description": 2017,
    "LocationAbbr": "MN",
    "LocationDesc": "Minnesota",
    "DataSource": "BRFSS",
    "Topic": "Obesity / Weight Status",
    "Data_Value": 31.5,
    "Sample_Size": "2,361",
    "Stratification1": "$50,000 - $74,999",
    "StratificationId1": "INC5075",
    "LocationDisplayOrder": 27
  },
  {
    "ID": 52973,
    "Description": 2017,
    "LocationAbbr": "MS",
    "LocationDesc": "Mississippi",
    "DataSource": "BRFSS",
    "Topic": "Obesity / Weight Status",
    "Data_Value": 36.6,
    "Sample_Size": 620,
    "Stratification1": "$50,000 - $74,999",
    "StratificationId1": "INC5075",
    "LocationDisplayOrder": 28
  },
  {
    "ID": 46722,
    "Description": 2017,
    "LocationAbbr": "MO",
    "LocationDesc": "Missouri",
    "DataSource": "BRFSS",
    "Topic": "Obesity / Weight Status",
    "Data_Value": 32.2,
    "Sample_Size": 958,
    "Stratification1": "$50,000 - $74,999",
    "StratificationId1": "INC5075",
    "LocationDisplayOrder": 29
  },
  {
    "ID": 50758,
    "Description": 2017,
    "LocationAbbr": "MT",
    "LocationDesc": "Montana",
    "DataSource": "BRFSS",
    "Topic": "Obesity / Weight Status",
    "Data_Value": 27.6,
    "Sample_Size": 755,
    "Stratification1": "$50,000 - $74,999",
    "StratificationId1": "INC5075",
    "LocationDisplayOrder": 30
  },
  {
    "ID": 58078,
    "Description": 2017,
    "LocationAbbr": "NE",
    "LocationDesc": "Nebraska",
    "DataSource": "BRFSS",
    "Topic": "Obesity / Weight Status",
    "Data_Value": 35,
    "Sample_Size": "2,268",
    "Stratification1": "$50,000 - $74,999",
    "StratificationId1": "INC5075",
    "LocationDisplayOrder": 31
  },
  {
    "ID": 47170,
    "Description": 2017,
    "LocationAbbr": "NV",
    "LocationDesc": "Nevada",
    "DataSource": "BRFSS",
    "Topic": "Obesity / Weight Status",
    "Data_Value": 23.5,
    "Sample_Size": 487,
    "Stratification1": "$50,000 - $74,999",
    "StratificationId1": "INC5075",
    "LocationDisplayOrder": 32
  },
  {
    "ID": 58085,
    "Description": 2017,
    "LocationAbbr": "NH",
    "LocationDesc": "New Hampshire",
    "DataSource": "BRFSS",
    "Topic": "Obesity / Weight Status",
    "Data_Value": 26.7,
    "Sample_Size": 766,
    "Stratification1": "$50,000 - $74,999",
    "StratificationId1": "INC5075",
    "LocationDisplayOrder": 33
  },
  {
    "ID": 57964,
    "Description": 2017,
    "LocationAbbr": "NJ",
    "LocationDesc": "New Jersey",
    "DataSource": "BRFSS",
    "Topic": "Obesity / Weight Status",
    "Data_Value": 28.6,
    "Sample_Size": "1,287",
    "Stratification1": "$50,000 - $74,999",
    "StratificationId1": "INC5075",
    "LocationDisplayOrder": 34
  },
  {
    "ID": 54929,
    "Description": 2017,
    "LocationAbbr": "NM",
    "LocationDesc": "New Mexico",
    "DataSource": "BRFSS",
    "Topic": "Obesity / Weight Status",
    "Data_Value": 28.5,
    "Sample_Size": 776,
    "Stratification1": "$50,000 - $74,999",
    "StratificationId1": "INC5075",
    "LocationDisplayOrder": 35
  },
  {
    "ID": 45557,
    "Description": 2017,
    "LocationAbbr": "NY",
    "LocationDesc": "New York",
    "DataSource": "BRFSS",
    "Topic": "Obesity / Weight Status",
    "Data_Value": 28.3,
    "Sample_Size": "1,317",
    "Stratification1": "$50,000 - $74,999",
    "StratificationId1": "INC5075",
    "LocationDisplayOrder": 36
  },
  {
    "ID": 56718,
    "Description": 2017,
    "LocationAbbr": "NC",
    "LocationDesc": "North Carolina",
    "DataSource": "BRFSS",
    "Topic": "Obesity / Weight Status",
    "Data_Value": 32.3,
    "Sample_Size": 605,
    "Stratification1": "$50,000 - $74,999",
    "StratificationId1": "INC5075",
    "LocationDisplayOrder": 37
  },
  {
    "ID": 53209,
    "Description": 2017,
    "LocationAbbr": "ND",
    "LocationDesc": "North Dakota",
    "DataSource": "BRFSS",
    "Topic": "Obesity / Weight Status",
    "Data_Value": 33.1,
    "Sample_Size": "1,105",
    "Stratification1": "$50,000 - $74,999",
    "StratificationId1": "INC5075",
    "LocationDisplayOrder": 38
  },
  {
    "ID": 57915,
    "Description": 2017,
    "LocationAbbr": "OH",
    "LocationDesc": "Ohio",
    "DataSource": "BRFSS",
    "Topic": "Obesity / Weight Status",
    "Data_Value": 35.4,
    "Sample_Size": "1,573",
    "Stratification1": "$50,000 - $74,999",
    "StratificationId1": "INC5075",
    "LocationDisplayOrder": 39
  },
  {
    "ID": 55279,
    "Description": 2017,
    "LocationAbbr": "OK",
    "LocationDesc": "Oklahoma",
    "DataSource": "BRFSS",
    "Topic": "Obesity / Weight Status",
    "Data_Value": 36.3,
    "Sample_Size": 834,
    "Stratification1": "$50,000 - $74,999",
    "StratificationId1": "INC5075",
    "LocationDisplayOrder": 40
  },
  {
    "ID": 56800,
    "Description": 2017,
    "LocationAbbr": "OR",
    "LocationDesc": "Oregon",
    "DataSource": "BRFSS",
    "Topic": "Obesity / Weight Status",
    "Data_Value": 30.7,
    "Sample_Size": 695,
    "Stratification1": "$50,000 - $74,999",
    "StratificationId1": "INC5075",
    "LocationDisplayOrder": 41
  },
  {
    "ID": 46336,
    "Description": 2017,
    "LocationAbbr": "PA",
    "LocationDesc": "Pennsylvania",
    "DataSource": "BRFSS",
    "Topic": "Obesity / Weight Status",
    "Data_Value": 34.4,
    "Sample_Size": 874,
    "Stratification1": "$50,000 - $74,999",
    "StratificationId1": "INC5075",
    "LocationDisplayOrder": 42
  },
  {
    "ID": 52894,
    "Description": 2017,
    "LocationAbbr": "RI",
    "LocationDesc": "Rhode Island",
    "DataSource": "BRFSS",
    "Topic": "Obesity / Weight Status",
    "Data_Value": 30.2,
    "Sample_Size": 672,
    "Stratification1": "$50,000 - $74,999",
    "StratificationId1": "INC5075",
    "LocationDisplayOrder": 44
  },
  {
    "ID": 49961,
    "Description": 2017,
    "LocationAbbr": "SC",
    "LocationDesc": "South Carolina",
    "DataSource": "BRFSS",
    "Topic": "Obesity / Weight Status",
    "Data_Value": 37.9,
    "Sample_Size": "1,382",
    "Stratification1": "$50,000 - $74,999",
    "StratificationId1": "INC5075",
    "LocationDisplayOrder": 45
  },
  {
    "ID": 45883,
    "Description": 2017,
    "LocationAbbr": "SD",
    "LocationDesc": "South Dakota",
    "DataSource": "BRFSS",
    "Topic": "Obesity / Weight Status",
    "Data_Value": 30.2,
    "Sample_Size": "1,019",
    "Stratification1": "$50,000 - $74,999",
    "StratificationId1": "INC5075",
    "LocationDisplayOrder": 46
  },
  {
    "ID": 44121,
    "Description": 2017,
    "LocationAbbr": "TN",
    "LocationDesc": "Tennessee",
    "DataSource": "BRFSS",
    "Topic": "Obesity / Weight Status",
    "Data_Value": 32.8,
    "Sample_Size": 739,
    "Stratification1": "$50,000 - $74,999",
    "StratificationId1": "INC5075",
    "LocationDisplayOrder": 47
  },
  {
    "ID": 57022,
    "Description": 2017,
    "LocationAbbr": "TX",
    "LocationDesc": "Texas",
    "DataSource": "BRFSS",
    "Topic": "Obesity / Weight Status",
    "Data_Value": 35,
    "Sample_Size": "1,396",
    "Stratification1": "$50,000 - $74,999",
    "StratificationId1": "INC5075",
    "LocationDisplayOrder": 48
  },
  {
    "ID": 45905,
    "Description": 2017,
    "LocationAbbr": "UT",
    "LocationDesc": "Utah",
    "DataSource": "BRFSS",
    "Topic": "Obesity / Weight Status",
    "Data_Value": 25.9,
    "Sample_Size": "1,535",
    "Stratification1": "$50,000 - $74,999",
    "StratificationId1": "INC5075",
    "LocationDisplayOrder": 49
  },
  {
    "ID": 52422,
    "Description": 2017,
    "LocationAbbr": "VT",
    "LocationDesc": "Vermont",
    "DataSource": "BRFSS",
    "Topic": "Obesity / Weight Status",
    "Data_Value": 28.6,
    "Sample_Size": 897,
    "Stratification1": "$50,000 - $74,999",
    "StratificationId1": "INC5075",
    "LocationDisplayOrder": 50
  },
  {
    "ID": 56295,
    "Description": 2017,
    "LocationAbbr": "VA",
    "LocationDesc": "Virginia",
    "DataSource": "BRFSS",
    "Topic": "Obesity / Weight Status",
    "Data_Value": 29.2,
    "Sample_Size": "1,161",
    "Stratification1": "$50,000 - $74,999",
    "StratificationId1": "INC5075",
    "LocationDisplayOrder": 51
  },
  {
    "ID": 53122,
    "Description": 2017,
    "LocationAbbr": "WA",
    "LocationDesc": "Washington",
    "DataSource": "BRFSS",
    "Topic": "Obesity / Weight Status",
    "Data_Value": 29.2,
    "Sample_Size": "1,768",
    "Stratification1": "$50,000 - $74,999",
    "StratificationId1": "INC5075",
    "LocationDisplayOrder": 53
  },
  {
    "ID": 44316,
    "Description": 2017,
    "LocationAbbr": "WV",
    "LocationDesc": "West Virginia",
    "DataSource": "BRFSS",
    "Topic": "Obesity / Weight Status",
    "Data_Value": 42.1,
    "Sample_Size": 647,
    "Stratification1": "$50,000 - $74,999",
    "StratificationId1": "INC5075",
    "LocationDisplayOrder": 54
  },
  {
    "ID": 49899,
    "Description": 2017,
    "LocationAbbr": "WI",
    "LocationDesc": "Wisconsin",
    "DataSource": "BRFSS",
    "Topic": "Obesity / Weight Status",
    "Data_Value": 30.8,
    "Sample_Size": 908,
    "Stratification1": "$50,000 - $74,999",
    "StratificationId1": "INC5075",
    "LocationDisplayOrder": 55
  },
  {
    "ID": 49355,
    "Description": 2017,
    "LocationAbbr": "WY",
    "LocationDesc": "Wyoming",
    "DataSource": "BRFSS",
    "Topic": "Obesity / Weight Status",
    "Data_Value": 29.6,
    "Sample_Size": 666,
    "Stratification1": "$50,000 - $74,999",
    "StratificationId1": "INC5075",
    "LocationDisplayOrder": 56
  },
  {
    "ID": 46268,
    "Description": 2017,
    "LocationAbbr": "GU",
    "LocationDesc": "Guam",
    "DataSource": "BRFSS",
    "Topic": "Obesity / Weight Status",
    "Data_Value": 34.7,
    "Sample_Size": 167,
    "Stratification1": "$50,000 - $74,999",
    "StratificationId1": "INC5075",
    "LocationDisplayOrder": 66
  },
  {
    "ID": 46999,
    "Description": 2017,
    "LocationAbbr": "PR",
    "LocationDesc": "Puerto Rico",
    "DataSource": "BRFSS",
    "Topic": "Obesity / Weight Status",
    "Data_Value": 22.9,
    "Sample_Size": 125,
    "Stratification1": "$50,000 - $74,999",
    "StratificationId1": "INC5075",
    "LocationDisplayOrder": 72
  },
  {
    "ID": 52890,
    "Description": 2017,
    "LocationAbbr": "VI",
    "LocationDesc": "Virgin Islands",
    "DataSource": "BRFSS",
    "Topic": "Obesity / Weight Status",
    "Data_Value": "~",
    "Sample_Size": "~",
    "Stratification1": "$50,000 - $74,999",
    "StratificationId1": "INC5075",
    "LocationDisplayOrder": 78
  },
  {
    "ID": "",
    "Description": "",
    "LocationAbbr": "",
    "LocationDesc": "",
    "DataSource": "",
    "Topic": "",
    "Data_Value": "",
    "Sample_Size": "",
    "Stratification1": "",
    "StratificationId1": "",
    "LocationDisplayOrder": ""
  },
  {
    "ID": "",
    "Description": "",
    "LocationAbbr": "",
    "LocationDesc": "",
    "DataSource": "",
    "Topic": "",
    "Data_Value": "",
    "Sample_Size": "",
    "Stratification1": "",
    "StratificationId1": "",
    "LocationDisplayOrder": ""
  },
  {
    "ID": "",
    "Description": "",
    "LocationAbbr": "",
    "LocationDesc": "",
    "DataSource": "",
    "Topic": "",
    "Data_Value": "",
    "Sample_Size": "",
    "Stratification1": "",
    "StratificationId1": "",
    "LocationDisplayOrder": ""
  },
  {
    "ID": "",
    "Description": "",
    "LocationAbbr": "",
    "LocationDesc": "",
    "DataSource": "",
    "Topic": "",
    "Data_Value": "",
    "Sample_Size": "",
    "Stratification1": "",
    "StratificationId1": "",
    "LocationDisplayOrder": ""
  },
  {
    "ID": "",
    "Description": "",
    "LocationAbbr": "",
    "LocationDesc": "",
    "DataSource": "",
    "Topic": "",
    "Data_Value": "",
    "Sample_Size": "",
    "Stratification1": "",
    "StratificationId1": "",
    "LocationDisplayOrder": ""
  },
  {
    "ID": "",
    "Description": "",
    "LocationAbbr": "",
    "LocationDesc": "",
    "DataSource": "",
    "Topic": "",
    "Data_Value": "",
    "Sample_Size": "",
    "Stratification1": "",
    "StratificationId1": "",
    "LocationDisplayOrder": ""
  },
  {
    "ID": "",
    "Description": "",
    "LocationAbbr": "",
    "LocationDesc": "",
    "DataSource": "",
    "Topic": "",
    "Data_Value": "",
    "Sample_Size": "",
    "Stratification1": "",
    "StratificationId1": "",
    "LocationDisplayOrder": ""
  },
  {
    "ID": "",
    "Description": "",
    "LocationAbbr": "",
    "LocationDesc": "",
    "DataSource": "",
    "Topic": "",
    "Data_Value": "",
    "Sample_Size": "",
    "Stratification1": "",
    "StratificationId1": "",
    "LocationDisplayOrder": ""
  },
  {
    "ID": "",
    "Description": "",
    "LocationAbbr": "",
    "LocationDesc": "",
    "DataSource": "",
    "Topic": "",
    "Data_Value": "",
    "Sample_Size": "",
    "Stratification1": "",
    "StratificationId1": "",
    "LocationDisplayOrder": ""
  },
  {
    "ID": "",
    "Description": "",
    "LocationAbbr": "",
    "LocationDesc": "",
    "DataSource": "",
    "Topic": "",
    "Data_Value": "",
    "Sample_Size": "",
    "Stratification1": "",
    "StratificationId1": "",
    "LocationDisplayOrder": ""
  }
]