[
  {
    "ID": 58512,
    "Description": 2017,
    "LocationAbbr": "US",
    "LocationDesc": "National",
    "DataSource": "BRFSS",
    "Topic": "Obesity / Weight Status",
    "Data_Value": 30,
    "Sample_Size": "220,608",
    "Stratification1": "Female",
    "StratificationId1": "FEMALE",
    "LocationDisplayOrder": 0
  },
  {
    "ID": 45802,
    "Description": 2017,
    "LocationAbbr": "AL",
    "LocationDesc": "Alabama",
    "DataSource": "BRFSS",
    "Topic": "Obesity / Weight Status",
    "Data_Value": 37.4,
    "Sample_Size": "3,638",
    "Stratification1": "Female",
    "StratificationId1": "FEMALE",
    "LocationDisplayOrder": 1
  },
  {
    "ID": 51895,
    "Description": 2017,
    "LocationAbbr": "AK",
    "LocationDesc": "Alaska",
    "DataSource": "BRFSS",
    "Topic": "Obesity / Weight Status",
    "Data_Value": 36.1,
    "Sample_Size": "1,539",
    "Stratification1": "Female",
    "StratificationId1": "FEMALE",
    "LocationDisplayOrder": 2
  },
  {
    "ID": 55157,
    "Description": 2017,
    "LocationAbbr": "AZ",
    "LocationDesc": "Arizona",
    "DataSource": "BRFSS",
    "Topic": "Obesity / Weight Status",
    "Data_Value": 28.8,
    "Sample_Size": "7,518",
    "Stratification1": "Female",
    "StratificationId1": "FEMALE",
    "LocationDisplayOrder": 4
  },
  {
    "ID": 52050,
    "Description": 2017,
    "LocationAbbr": "AR",
    "LocationDesc": "Arkansas",
    "DataSource": "BRFSS",
    "Topic": "Obesity / Weight Status",
    "Data_Value": 37.4,
    "Sample_Size": "3,048",
    "Stratification1": "Female",
    "StratificationId1": "FEMALE",
    "LocationDisplayOrder": 5
  },
  {
    "ID": 54621,
    "Description": 2017,
    "LocationAbbr": "CA",
    "LocationDesc": "California",
    "DataSource": "BRFSS",
    "Topic": "Obesity / Weight Status",
    "Data_Value": 25.8,
    "Sample_Size": "4,200",
    "Stratification1": "Female",
    "StratificationId1": "FEMALE",
    "LocationDisplayOrder": 6
  },
  {
    "ID": 44639,
    "Description": 2017,
    "LocationAbbr": "CO",
    "LocationDesc": "Colorado",
    "DataSource": "BRFSS",
    "Topic": "Obesity / Weight Status",
    "Data_Value": 23.8,
    "Sample_Size": "4,673",
    "Stratification1": "Female",
    "StratificationId1": "FEMALE",
    "LocationDisplayOrder": 8
  },
  {
    "ID": 45975,
    "Description": 2017,
    "LocationAbbr": "CT",
    "LocationDesc": "Connecticut",
    "DataSource": "BRFSS",
    "Topic": "Obesity / Weight Status",
    "Data_Value": 24.4,
    "Sample_Size": "5,154",
    "Stratification1": "Female",
    "StratificationId1": "FEMALE",
    "LocationDisplayOrder": 9
  },
  {
    "ID": 51477,
    "Description": 2017,
    "LocationAbbr": "DE",
    "LocationDesc": "Delaware",
    "DataSource": "BRFSS",
    "Topic": "Obesity / Weight Status",
    "Data_Value": 31.3,
    "Sample_Size": "1,962",
    "Stratification1": "Female",
    "StratificationId1": "FEMALE",
    "LocationDisplayOrder": 10
  },
  {
    "ID": 47126,
    "Description": 2017,
    "LocationAbbr": "DC",
    "LocationDesc": "District of Columbia",
    "DataSource": "BRFSS",
    "Topic": "Obesity / Weight Status",
    "Data_Value": 27.2,
    "Sample_Size": "2,258",
    "Stratification1": "Female",
    "StratificationId1": "FEMALE",
    "LocationDisplayOrder": 11
  },
  {
    "ID": 57711,
    "Description": 2017,
    "LocationAbbr": "FL",
    "LocationDesc": "Florida",
    "DataSource": "BRFSS",
    "Topic": "Obesity / Weight Status",
    "Data_Value": 27.3,
    "Sample_Size": "10,822",
    "Stratification1": "Female",
    "StratificationId1": "FEMALE",
    "LocationDisplayOrder": 12
  },
  {
    "ID": 51293,
    "Description": 2017,
    "LocationAbbr": "GA",
    "LocationDesc": "Georgia",
    "DataSource": "BRFSS",
    "Topic": "Obesity / Weight Status",
    "Data_Value": 33.6,
    "Sample_Size": "2,966",
    "Stratification1": "Female",
    "StratificationId1": "FEMALE",
    "LocationDisplayOrder": 13
  },
  {
    "ID": 55008,
    "Description": 2017,
    "LocationAbbr": "HI",
    "LocationDesc": "Hawaii",
    "DataSource": "BRFSS",
    "Topic": "Obesity / Weight Status",
    "Data_Value": 22.4,
    "Sample_Size": "3,786",
    "Stratification1": "Female",
    "StratificationId1": "FEMALE",
    "LocationDisplayOrder": 15
  },
  {
    "ID": 57886,
    "Description": 2017,
    "LocationAbbr": "ID",
    "LocationDesc": "Idaho",
    "DataSource": "BRFSS",
    "Topic": "Obesity / Weight Status",
    "Data_Value": 28.2,
    "Sample_Size": "2,467",
    "Stratification1": "Female",
    "StratificationId1": "FEMALE",
    "LocationDisplayOrder": 16
  },
  {
    "ID": 50796,
    "Description": 2017,
    "LocationAbbr": "IL",
    "LocationDesc": "Illinois",
    "DataSource": "BRFSS",
    "Topic": "Obesity / Weight Status",
    "Data_Value": 30.5,
    "Sample_Size": "2,856",
    "Stratification1": "Female",
    "StratificationId1": "FEMALE",
    "LocationDisplayOrder": 17
  },
  {
    "ID": 52742,
    "Description": 2017,
    "LocationAbbr": "IN",
    "LocationDesc": "Indiana",
    "DataSource": "BRFSS",
    "Topic": "Obesity / Weight Status",
    "Data_Value": 33.7,
    "Sample_Size": "7,235",
    "Stratification1": "Female",
    "StratificationId1": "FEMALE",
    "LocationDisplayOrder": 18
  },
  {
    "ID": 45456,
    "Description": 2017,
    "LocationAbbr": "IA",
    "LocationDesc": "Iowa",
    "DataSource": "BRFSS",
    "Topic": "Obesity / Weight Status",
    "Data_Value": 36.4,
    "Sample_Size": "3,576",
    "Stratification1": "Female",
    "StratificationId1": "FEMALE",
    "LocationDisplayOrder": 19
  },
  {
    "ID": 57695,
    "Description": 2017,
    "LocationAbbr": "KS",
    "LocationDesc": "Kansas",
    "DataSource": "BRFSS",
    "Topic": "Obesity / Weight Status",
    "Data_Value": 32.4,
    "Sample_Size": "10,104",
    "Stratification1": "Female",
    "StratificationId1": "FEMALE",
    "LocationDisplayOrder": 20
  },
  {
    "ID": 58092,
    "Description": 2017,
    "LocationAbbr": "KY",
    "LocationDesc": "Kentucky",
    "DataSource": "BRFSS",
    "Topic": "Obesity / Weight Status",
    "Data_Value": 32.5,
    "Sample_Size": "4,487",
    "Stratification1": "Female",
    "StratificationId1": "FEMALE",
    "LocationDisplayOrder": 21
  },
  {
    "ID": 53469,
    "Description": 2017,
    "LocationAbbr": "LA",
    "LocationDesc": "Louisiana",
    "DataSource": "BRFSS",
    "Topic": "Obesity / Weight Status",
    "Data_Value": 36.5,
    "Sample_Size": "2,513",
    "Stratification1": "Female",
    "StratificationId1": "FEMALE",
    "LocationDisplayOrder": 22
  },
  {
    "ID": 49077,
    "Description": 2017,
    "LocationAbbr": "ME",
    "LocationDesc": "Maine",
    "DataSource": "BRFSS",
    "Topic": "Obesity / Weight Status",
    "Data_Value": 26.9,
    "Sample_Size": "5,199",
    "Stratification1": "Female",
    "StratificationId1": "FEMALE",
    "LocationDisplayOrder": 23
  },
  {
    "ID": 55965,
    "Description": 2017,
    "LocationAbbr": "MD",
    "LocationDesc": "Maryland",
    "DataSource": "BRFSS",
    "Topic": "Obesity / Weight Status",
    "Data_Value": 32.3,
    "Sample_Size": "7,090",
    "Stratification1": "Female",
    "StratificationId1": "FEMALE",
    "LocationDisplayOrder": 24
  },
  {
    "ID": 46513,
    "Description": 2017,
    "LocationAbbr": "MA",
    "LocationDesc": "Massachusetts",
    "DataSource": "BRFSS",
    "Topic": "Obesity / Weight Status",
    "Data_Value": 24.2,
    "Sample_Size": "3,349",
    "Stratification1": "Female",
    "StratificationId1": "FEMALE",
    "LocationDisplayOrder": 25
  },
  {
    "ID": 54618,
    "Description": 2017,
    "LocationAbbr": "MI",
    "LocationDesc": "Michigan",
    "DataSource": "BRFSS",
    "Topic": "Obesity / Weight Status",
    "Data_Value": 33.2,
    "Sample_Size": "5,470",
    "Stratification1": "Female",
    "StratificationId1": "FEMALE",
    "LocationDisplayOrder": 26
  },
  {
    "ID": 48623,
    "Description": 2017,
    "LocationAbbr": "MN",
    "LocationDesc": "Minnesota",
    "DataSource": "BRFSS",
    "Topic": "Obesity / Weight Status",
    "Data_Value": 26.4,
    "Sample_Size": "7,750",
    "Stratification1": "Female",
    "StratificationId1": "FEMALE",
    "LocationDisplayOrder": 27
  },
  {
    "ID": 47864,
    "Description": 2017,
    "LocationAbbr": "MS",
    "LocationDesc": "Mississippi",
    "DataSource": "BRFSS",
    "Topic": "Obesity / Weight Status",
    "Data_Value": 38.8,
    "Sample_Size": "2,798",
    "Stratification1": "Female",
    "StratificationId1": "FEMALE",
    "LocationDisplayOrder": 28
  },
  {
    "ID": 56652,
    "Description": 2017,
    "LocationAbbr": "MO",
    "LocationDesc": "Missouri",
    "DataSource": "BRFSS",
    "Topic": "Obesity / Weight Status",
    "Data_Value": 33.5,
    "Sample_Size": "3,890",
    "Stratification1": "Female",
    "StratificationId1": "FEMALE",
    "LocationDisplayOrder": 29
  },
  {
    "ID": 52734,
    "Description": 2017,
    "LocationAbbr": "MT",
    "LocationDesc": "Montana",
    "DataSource": "BRFSS",
    "Topic": "Obesity / Weight Status",
    "Data_Value": 23.3,
    "Sample_Size": "2,850",
    "Stratification1": "Female",
    "StratificationId1": "FEMALE",
    "LocationDisplayOrder": 30
  },
  {
    "ID": 56062,
    "Description": 2017,
    "LocationAbbr": "NE",
    "LocationDesc": "Nebraska",
    "DataSource": "BRFSS",
    "Topic": "Obesity / Weight Status",
    "Data_Value": 32.3,
    "Sample_Size": "7,574",
    "Stratification1": "Female",
    "StratificationId1": "FEMALE",
    "LocationDisplayOrder": 31
  },
  {
    "ID": 50649,
    "Description": 2017,
    "LocationAbbr": "NV",
    "LocationDesc": "Nevada",
    "DataSource": "BRFSS",
    "Topic": "Obesity / Weight Status",
    "Data_Value": 27.1,
    "Sample_Size": "1,888",
    "Stratification1": "Female",
    "StratificationId1": "FEMALE",
    "LocationDisplayOrder": 32
  },
  {
    "ID": 51846,
    "Description": 2017,
    "LocationAbbr": "NH",
    "LocationDesc": "New Hampshire",
    "DataSource": "BRFSS",
    "Topic": "Obesity / Weight Status",
    "Data_Value": 25.4,
    "Sample_Size": "2,858",
    "Stratification1": "Female",
    "StratificationId1": "FEMALE",
    "LocationDisplayOrder": 33
  },
  {
    "ID": 46112,
    "Description": 2017,
    "LocationAbbr": "NJ",
    "LocationDesc": "New Jersey",
    "DataSource": "BRFSS",
    "Topic": "Obesity / Weight Status",
    "Data_Value": 25.2,
    "Sample_Size": "5,815",
    "Stratification1": "Female",
    "StratificationId1": "FEMALE",
    "LocationDisplayOrder": 34
  },
  {
    "ID": 47916,
    "Description": 2017,
    "LocationAbbr": "NM",
    "LocationDesc": "New Mexico",
    "DataSource": "BRFSS",
    "Topic": "Obesity / Weight Status",
    "Data_Value": 29.4,
    "Sample_Size": "3,275",
    "Stratification1": "Female",
    "StratificationId1": "FEMALE",
    "LocationDisplayOrder": 35
  },
  {
    "ID": 53273,
    "Description": 2017,
    "LocationAbbr": "NY",
    "LocationDesc": "New York",
    "DataSource": "BRFSS",
    "Topic": "Obesity / Weight Status",
    "Data_Value": 25.3,
    "Sample_Size": "5,897",
    "Stratification1": "Female",
    "StratificationId1": "FEMALE",
    "LocationDisplayOrder": 36
  },
  {
    "ID": 50935,
    "Description": 2017,
    "LocationAbbr": "NC",
    "LocationDesc": "North Carolina",
    "DataSource": "BRFSS",
    "Topic": "Obesity / Weight Status",
    "Data_Value": 33.8,
    "Sample_Size": "2,397",
    "Stratification1": "Female",
    "StratificationId1": "FEMALE",
    "LocationDisplayOrder": 37
  },
  {
    "ID": 58095,
    "Description": 2017,
    "LocationAbbr": "ND",
    "LocationDesc": "North Dakota",
    "DataSource": "BRFSS",
    "Topic": "Obesity / Weight Status",
    "Data_Value": 31.2,
    "Sample_Size": "3,358",
    "Stratification1": "Female",
    "StratificationId1": "FEMALE",
    "LocationDisplayOrder": 38
  },
  {
    "ID": 55728,
    "Description": 2017,
    "LocationAbbr": "OH",
    "LocationDesc": "Ohio",
    "DataSource": "BRFSS",
    "Topic": "Obesity / Weight Status",
    "Data_Value": 34.1,
    "Sample_Size": "6,458",
    "Stratification1": "Female",
    "StratificationId1": "FEMALE",
    "LocationDisplayOrder": 39
  },
  {
    "ID": 54507,
    "Description": 2017,
    "LocationAbbr": "OK",
    "LocationDesc": "Oklahoma",
    "DataSource": "BRFSS",
    "Topic": "Obesity / Weight Status",
    "Data_Value": 36.1,
    "Sample_Size": "3,517",
    "Stratification1": "Female",
    "StratificationId1": "FEMALE",
    "LocationDisplayOrder": 40
  },
  {
    "ID": 46479,
    "Description": 2017,
    "LocationAbbr": "OR",
    "LocationDesc": "Oregon",
    "DataSource": "BRFSS",
    "Topic": "Obesity / Weight Status",
    "Data_Value": 30,
    "Sample_Size": "2,668",
    "Stratification1": "Female",
    "StratificationId1": "FEMALE",
    "LocationDisplayOrder": 41
  },
  {
    "ID": 53284,
    "Description": 2017,
    "LocationAbbr": "PA",
    "LocationDesc": "Pennsylvania",
    "DataSource": "BRFSS",
    "Topic": "Obesity / Weight Status",
    "Data_Value": 30.5,
    "Sample_Size": "3,189",
    "Stratification1": "Female",
    "StratificationId1": "FEMALE",
    "LocationDisplayOrder": 42
  },
  {
    "ID": 44888,
    "Description": 2017,
    "LocationAbbr": "RI",
    "LocationDesc": "Rhode Island",
    "DataSource": "BRFSS",
    "Topic": "Obesity / Weight Status",
    "Data_Value": 29,
    "Sample_Size": "2,843",
    "Stratification1": "Female",
    "StratificationId1": "FEMALE",
    "LocationDisplayOrder": 44
  },
  {
    "ID": 53573,
    "Description": 2017,
    "LocationAbbr": "SC",
    "LocationDesc": "South Carolina",
    "DataSource": "BRFSS",
    "Topic": "Obesity / Weight Status",
    "Data_Value": 35.1,
    "Sample_Size": "5,999",
    "Stratification1": "Female",
    "StratificationId1": "FEMALE",
    "LocationDisplayOrder": 45
  },
  {
    "ID": 50625,
    "Description": 2017,
    "LocationAbbr": "SD",
    "LocationDesc": "South Dakota",
    "DataSource": "BRFSS",
    "Topic": "Obesity / Weight Status",
    "Data_Value": 29.5,
    "Sample_Size": "3,564",
    "Stratification1": "Female",
    "StratificationId1": "FEMALE",
    "LocationDisplayOrder": 46
  },
  {
    "ID": 48930,
    "Description": 2017,
    "LocationAbbr": "TN",
    "LocationDesc": "Tennessee",
    "DataSource": "BRFSS",
    "Topic": "Obesity / Weight Status",
    "Data_Value": 32.4,
    "Sample_Size": "2,936",
    "Stratification1": "Female",
    "StratificationId1": "FEMALE",
    "LocationDisplayOrder": 47
  },
  {
    "ID": 48733,
    "Description": 2017,
    "LocationAbbr": "TX",
    "LocationDesc": "Texas",
    "DataSource": "BRFSS",
    "Topic": "Obesity / Weight Status",
    "Data_Value": 32.1,
    "Sample_Size": "6,421",
    "Stratification1": "Female",
    "StratificationId1": "FEMALE",
    "LocationDisplayOrder": 48
  },
  {
    "ID": 53009,
    "Description": 2017,
    "LocationAbbr": "UT",
    "LocationDesc": "Utah",
    "DataSource": "BRFSS",
    "Topic": "Obesity / Weight Status",
    "Data_Value": 24.3,
    "Sample_Size": "4,658",
    "Stratification1": "Female",
    "StratificationId1": "FEMALE",
    "LocationDisplayOrder": 49
  },
  {
    "ID": 56935,
    "Description": 2017,
    "LocationAbbr": "VT",
    "LocationDesc": "Vermont",
    "DataSource": "BRFSS",
    "Topic": "Obesity / Weight Status",
    "Data_Value": 27.2,
    "Sample_Size": "3,167",
    "Stratification1": "Female",
    "StratificationId1": "FEMALE",
    "LocationDisplayOrder": 50
  },
  {
    "ID": 55377,
    "Description": 2017,
    "LocationAbbr": "VA",
    "LocationDesc": "Virginia",
    "DataSource": "BRFSS",
    "Topic": "Obesity / Weight Status",
    "Data_Value": 31.6,
    "Sample_Size": "4,825",
    "Stratification1": "Female",
    "StratificationId1": "FEMALE",
    "LocationDisplayOrder": 51
  },
  {
    "ID": 46658,
    "Description": 2017,
    "LocationAbbr": "WA",
    "LocationDesc": "Washington",
    "DataSource": "BRFSS",
    "Topic": "Obesity / Weight Status",
    "Data_Value": 27.1,
    "Sample_Size": "6,291",
    "Stratification1": "Female",
    "StratificationId1": "FEMALE",
    "LocationDisplayOrder": 53
  },
  {
    "ID": 55055,
    "Description": 2017,
    "LocationAbbr": "WV",
    "LocationDesc": "West Virginia",
    "DataSource": "BRFSS",
    "Topic": "Obesity / Weight Status",
    "Data_Value": 36.7,
    "Sample_Size": "2,821",
    "Stratification1": "Female",
    "StratificationId1": "FEMALE",
    "LocationDisplayOrder": 54
  },
  {
    "ID": 44478,
    "Description": 2017,
    "LocationAbbr": "WI",
    "LocationDesc": "Wisconsin",
    "DataSource": "BRFSS",
    "Topic": "Obesity / Weight Status",
    "Data_Value": 31.6,
    "Sample_Size": "2,829",
    "Stratification1": "Female",
    "StratificationId1": "FEMALE",
    "LocationDisplayOrder": 55
  },
  {
    "ID": 47955,
    "Description": 2017,
    "LocationAbbr": "WY",
    "LocationDesc": "Wyoming",
    "DataSource": "BRFSS",
    "Topic": "Obesity / Weight Status",
    "Data_Value": 28.1,
    "Sample_Size": "2,162",
    "Stratification1": "Female",
    "StratificationId1": "FEMALE",
    "LocationDisplayOrder": 56
  },
  {
    "ID": 47185,
    "Description": 2017,
    "LocationAbbr": "GU",
    "LocationDesc": "Guam",
    "DataSource": "BRFSS",
    "Topic": "Obesity / Weight Status",
    "Data_Value": 31.6,
    "Sample_Size": 724,
    "Stratification1": "Female",
    "StratificationId1": "FEMALE",
    "LocationDisplayOrder": 66
  },
  {
    "ID": 54610,
    "Description": 2017,
    "LocationAbbr": "PR",
    "LocationDesc": "Puerto Rico",
    "DataSource": "BRFSS",
    "Topic": "Obesity / Weight Status",
    "Data_Value": 35.7,
    "Sample_Size": "2,589",
    "Stratification1": "Female",
    "StratificationId1": "FEMALE",
    "LocationDisplayOrder": 72
  },
  {
    "ID": 56382,
    "Description": 2017,
    "LocationAbbr": "VI",
    "LocationDesc": "Virgin Islands",
    "DataSource": "BRFSS",
    "Topic": "Obesity / Weight Status",
    "Data_Value": "~",
    "Sample_Size": "~",
    "Stratification1": "Female",
    "StratificationId1": "FEMALE",
    "LocationDisplayOrder": 78
  },
  {
    "ID": "",
    "Description": "",
    "LocationAbbr": "",
    "LocationDesc": "",
    "DataSource": "",
    "Topic": "",
    "Data_Value": "",
    "Sample_Size": "",
    "Stratification1": "",
    "StratificationId1": "",
    "LocationDisplayOrder": ""
  },
  {
    "ID": "",
    "Description": "",
    "LocationAbbr": "",
    "LocationDesc": "",
    "DataSource": "",
    "Topic": "",
    "Data_Value": "",
    "Sample_Size": "",
    "Stratification1": "",
    "StratificationId1": "",
    "LocationDisplayOrder": ""
  },
  {
    "ID": "",
    "Description": "",
    "LocationAbbr": "",
    "LocationDesc": "",
    "DataSource": "",
    "Topic": "",
    "Data_Value": "",
    "Sample_Size": "",
    "Stratification1": "",
    "StratificationId1": "",
    "LocationDisplayOrder": ""
  },
  {
    "ID": "",
    "Description": "",
    "LocationAbbr": "",
    "LocationDesc": "",
    "DataSource": "",
    "Topic": "",
    "Data_Value": "",
    "Sample_Size": "",
    "Stratification1": "",
    "StratificationId1": "",
    "LocationDisplayOrder": ""
  },
  {
    "ID": "",
    "Description": "",
    "LocationAbbr": "",
    "LocationDesc": "",
    "DataSource": "",
    "Topic": "",
    "Data_Value": "",
    "Sample_Size": "",
    "Stratification1": "",
    "StratificationId1": "",
    "LocationDisplayOrder": ""
  },
  {
    "ID": "",
    "Description": "",
    "LocationAbbr": "",
    "LocationDesc": "",
    "DataSource": "",
    "Topic": "",
    "Data_Value": "",
    "Sample_Size": "",
    "Stratification1": "",
    "StratificationId1": "",
    "LocationDisplayOrder": ""
  },
  {
    "ID": "",
    "Description": "",
    "LocationAbbr": "",
    "LocationDesc": "",
    "DataSource": "",
    "Topic": "",
    "Data_Value": "",
    "Sample_Size": "",
    "Stratification1": "",
    "StratificationId1": "",
    "LocationDisplayOrder": ""
  },
  {
    "ID": "",
    "Description": "",
    "LocationAbbr": "",
    "LocationDesc": "",
    "DataSource": "",
    "Topic": "",
    "Data_Value": "",
    "Sample_Size": "",
    "Stratification1": "",
    "StratificationId1": "",
    "LocationDisplayOrder": ""
  },
  {
    "ID": "",
    "Description": "",
    "LocationAbbr": "",
    "LocationDesc": "",
    "DataSource": "",
    "Topic": "",
    "Data_Value": "",
    "Sample_Size": "",
    "Stratification1": "",
    "StratificationId1": "",
    "LocationDisplayOrder": ""
  },
  {
    "ID": "",
    "Description": "",
    "LocationAbbr": "",
    "LocationDesc": "",
    "DataSource": "",
    "Topic": "",
    "Data_Value": "",
    "Sample_Size": "",
    "Stratification1": "",
    "StratificationId1": "",
    "LocationDisplayOrder": ""
  }
]