[
  {
    "ID": 56587,
    "Description": 2017,
    "LocationAbbr": "US",
    "LocationDesc": "National",
    "DataSource": "BRFSS",
    "Topic": "Obesity / Weight Status",
    "Data_Value": 36.2,
    "Sample_Size": "33,305",
    "Stratification1": "Less than $15,000",
    "StratificationId1": "INCLESS15",
    "LocationDisplayOrder": 0
  },
  {
    "ID": 57999,
    "Description": 2017,
    "LocationAbbr": "AL",
    "LocationDesc": "Alabama",
    "DataSource": "BRFSS",
    "Topic": "Obesity / Weight Status",
    "Data_Value": 42.2,
    "Sample_Size": 763,
    "Stratification1": "Less than $15,000",
    "StratificationId1": "INCLESS15",
    "LocationDisplayOrder": 1
  },
  {
    "ID": 49229,
    "Description": 2017,
    "LocationAbbr": "AK",
    "LocationDesc": "Alaska",
    "DataSource": "BRFSS",
    "Topic": "Obesity / Weight Status",
    "Data_Value": 37.8,
    "Sample_Size": 272,
    "Stratification1": "Less than $15,000",
    "StratificationId1": "INCLESS15",
    "LocationDisplayOrder": 2
  },
  {
    "ID": 54034,
    "Description": 2017,
    "LocationAbbr": "AZ",
    "LocationDesc": "Arizona",
    "DataSource": "BRFSS",
    "Topic": "Obesity / Weight Status",
    "Data_Value": 35.5,
    "Sample_Size": "1,051",
    "Stratification1": "Less than $15,000",
    "StratificationId1": "INCLESS15",
    "LocationDisplayOrder": 4
  },
  {
    "ID": 48842,
    "Description": 2017,
    "LocationAbbr": "AR",
    "LocationDesc": "Arkansas",
    "DataSource": "BRFSS",
    "Topic": "Obesity / Weight Status",
    "Data_Value": 39.3,
    "Sample_Size": 550,
    "Stratification1": "Less than $15,000",
    "StratificationId1": "INCLESS15",
    "LocationDisplayOrder": 5
  },
  {
    "ID": 50485,
    "Description": 2017,
    "LocationAbbr": "CA",
    "LocationDesc": "California",
    "DataSource": "BRFSS",
    "Topic": "Obesity / Weight Status",
    "Data_Value": 30.8,
    "Sample_Size": 992,
    "Stratification1": "Less than $15,000",
    "StratificationId1": "INCLESS15",
    "LocationDisplayOrder": 6
  },
  {
    "ID": 52300,
    "Description": 2017,
    "LocationAbbr": "CO",
    "LocationDesc": "Colorado",
    "DataSource": "BRFSS",
    "Topic": "Obesity / Weight Status",
    "Data_Value": 27.1,
    "Sample_Size": 491,
    "Stratification1": "Less than $15,000",
    "StratificationId1": "INCLESS15",
    "LocationDisplayOrder": 8
  },
  {
    "ID": 46881,
    "Description": 2017,
    "LocationAbbr": "CT",
    "LocationDesc": "Connecticut",
    "DataSource": "BRFSS",
    "Topic": "Obesity / Weight Status",
    "Data_Value": 38.2,
    "Sample_Size": 520,
    "Stratification1": "Less than $15,000",
    "StratificationId1": "INCLESS15",
    "LocationDisplayOrder": 9
  },
  {
    "ID": 49212,
    "Description": 2017,
    "LocationAbbr": "DE",
    "LocationDesc": "Delaware",
    "DataSource": "BRFSS",
    "Topic": "Obesity / Weight Status",
    "Data_Value": 37,
    "Sample_Size": 273,
    "Stratification1": "Less than $15,000",
    "StratificationId1": "INCLESS15",
    "LocationDisplayOrder": 10
  },
  {
    "ID": 49580,
    "Description": 2017,
    "LocationAbbr": "DC",
    "LocationDesc": "District of Columbia",
    "DataSource": "BRFSS",
    "Topic": "Obesity / Weight Status",
    "Data_Value": 35.3,
    "Sample_Size": 321,
    "Stratification1": "Less than $15,000",
    "StratificationId1": "INCLESS15",
    "LocationDisplayOrder": 11
  },
  {
    "ID": 56430,
    "Description": 2017,
    "LocationAbbr": "FL",
    "LocationDesc": "Florida",
    "DataSource": "BRFSS",
    "Topic": "Obesity / Weight Status",
    "Data_Value": 33.7,
    "Sample_Size": "1,975",
    "Stratification1": "Less than $15,000",
    "StratificationId1": "INCLESS15",
    "LocationDisplayOrder": 12
  },
  {
    "ID": 53272,
    "Description": 2017,
    "LocationAbbr": "GA",
    "LocationDesc": "Georgia",
    "DataSource": "BRFSS",
    "Topic": "Obesity / Weight Status",
    "Data_Value": 40.5,
    "Sample_Size": 502,
    "Stratification1": "Less than $15,000",
    "StratificationId1": "INCLESS15",
    "LocationDisplayOrder": 13
  },
  {
    "ID": 52122,
    "Description": 2017,
    "LocationAbbr": "HI",
    "LocationDesc": "Hawaii",
    "DataSource": "BRFSS",
    "Topic": "Obesity / Weight Status",
    "Data_Value": 27.6,
    "Sample_Size": 633,
    "Stratification1": "Less than $15,000",
    "StratificationId1": "INCLESS15",
    "LocationDisplayOrder": 15
  },
  {
    "ID": 47809,
    "Description": 2017,
    "LocationAbbr": "ID",
    "LocationDesc": "Idaho",
    "DataSource": "BRFSS",
    "Topic": "Obesity / Weight Status",
    "Data_Value": 30.7,
    "Sample_Size": 391,
    "Stratification1": "Less than $15,000",
    "StratificationId1": "INCLESS15",
    "LocationDisplayOrder": 16
  },
  {
    "ID": 48168,
    "Description": 2017,
    "LocationAbbr": "IL",
    "LocationDesc": "Illinois",
    "DataSource": "BRFSS",
    "Topic": "Obesity / Weight Status",
    "Data_Value": 39.8,
    "Sample_Size": 408,
    "Stratification1": "Less than $15,000",
    "StratificationId1": "INCLESS15",
    "LocationDisplayOrder": 17
  },
  {
    "ID": 52411,
    "Description": 2017,
    "LocationAbbr": "IN",
    "LocationDesc": "Indiana",
    "DataSource": "BRFSS",
    "Topic": "Obesity / Weight Status",
    "Data_Value": 39.8,
    "Sample_Size": "1,161",
    "Stratification1": "Less than $15,000",
    "StratificationId1": "INCLESS15",
    "LocationDisplayOrder": 18
  },
  {
    "ID": 47255,
    "Description": 2017,
    "LocationAbbr": "IA",
    "LocationDesc": "Iowa",
    "DataSource": "BRFSS",
    "Topic": "Obesity / Weight Status",
    "Data_Value": 50.1,
    "Sample_Size": 451,
    "Stratification1": "Less than $15,000",
    "StratificationId1": "INCLESS15",
    "LocationDisplayOrder": 19
  },
  {
    "ID": 54411,
    "Description": 2017,
    "LocationAbbr": "KS",
    "LocationDesc": "Kansas",
    "DataSource": "BRFSS",
    "Topic": "Obesity / Weight Status",
    "Data_Value": 39,
    "Sample_Size": "1,212",
    "Stratification1": "Less than $15,000",
    "StratificationId1": "INCLESS15",
    "LocationDisplayOrder": 20
  },
  {
    "ID": 51284,
    "Description": 2017,
    "LocationAbbr": "KY",
    "LocationDesc": "Kentucky",
    "DataSource": "BRFSS",
    "Topic": "Obesity / Weight Status",
    "Data_Value": 39.9,
    "Sample_Size": 856,
    "Stratification1": "Less than $15,000",
    "StratificationId1": "INCLESS15",
    "LocationDisplayOrder": 21
  },
  {
    "ID": 55704,
    "Description": 2017,
    "LocationAbbr": "LA",
    "LocationDesc": "Louisiana",
    "DataSource": "BRFSS",
    "Topic": "Obesity / Weight Status",
    "Data_Value": 39.7,
    "Sample_Size": 588,
    "Stratification1": "Less than $15,000",
    "StratificationId1": "INCLESS15",
    "LocationDisplayOrder": 22
  },
  {
    "ID": 46568,
    "Description": 2017,
    "LocationAbbr": "ME",
    "LocationDesc": "Maine",
    "DataSource": "BRFSS",
    "Topic": "Obesity / Weight Status",
    "Data_Value": 32,
    "Sample_Size": 795,
    "Stratification1": "Less than $15,000",
    "StratificationId1": "INCLESS15",
    "LocationDisplayOrder": 23
  },
  {
    "ID": 45793,
    "Description": 2017,
    "LocationAbbr": "MD",
    "LocationDesc": "Maryland",
    "DataSource": "BRFSS",
    "Topic": "Obesity / Weight Status",
    "Data_Value": 38.6,
    "Sample_Size": 629,
    "Stratification1": "Less than $15,000",
    "StratificationId1": "INCLESS15",
    "LocationDisplayOrder": 24
  },
  {
    "ID": 56684,
    "Description": 2017,
    "LocationAbbr": "MA",
    "LocationDesc": "Massachusetts",
    "DataSource": "BRFSS",
    "Topic": "Obesity / Weight Status",
    "Data_Value": 34.3,
    "Sample_Size": 357,
    "Stratification1": "Less than $15,000",
    "StratificationId1": "INCLESS15",
    "LocationDisplayOrder": 25
  },
  {
    "ID": 46766,
    "Description": 2017,
    "LocationAbbr": "MI",
    "LocationDesc": "Michigan",
    "DataSource": "BRFSS",
    "Topic": "Obesity / Weight Status",
    "Data_Value": 39.7,
    "Sample_Size": 827,
    "Stratification1": "Less than $15,000",
    "StratificationId1": "INCLESS15",
    "LocationDisplayOrder": 26
  },
  {
    "ID": 48763,
    "Description": 2017,
    "LocationAbbr": "MN",
    "LocationDesc": "Minnesota",
    "DataSource": "BRFSS",
    "Topic": "Obesity / Weight Status",
    "Data_Value": 32.1,
    "Sample_Size": 835,
    "Stratification1": "Less than $15,000",
    "StratificationId1": "INCLESS15",
    "LocationDisplayOrder": 27
  },
  {
    "ID": 50998,
    "Description": 2017,
    "LocationAbbr": "MS",
    "LocationDesc": "Mississippi",
    "DataSource": "BRFSS",
    "Topic": "Obesity / Weight Status",
    "Data_Value": 44.9,
    "Sample_Size": 700,
    "Stratification1": "Less than $15,000",
    "StratificationId1": "INCLESS15",
    "LocationDisplayOrder": 28
  },
  {
    "ID": 45258,
    "Description": 2017,
    "LocationAbbr": "MO",
    "LocationDesc": "Missouri",
    "DataSource": "BRFSS",
    "Topic": "Obesity / Weight Status",
    "Data_Value": 39,
    "Sample_Size": 626,
    "Stratification1": "Less than $15,000",
    "StratificationId1": "INCLESS15",
    "LocationDisplayOrder": 29
  },
  {
    "ID": 50447,
    "Description": 2017,
    "LocationAbbr": "MT",
    "LocationDesc": "Montana",
    "DataSource": "BRFSS",
    "Topic": "Obesity / Weight Status",
    "Data_Value": 30.1,
    "Sample_Size": 524,
    "Stratification1": "Less than $15,000",
    "StratificationId1": "INCLESS15",
    "LocationDisplayOrder": 30
  },
  {
    "ID": 55847,
    "Description": 2017,
    "LocationAbbr": "NE",
    "LocationDesc": "Nebraska",
    "DataSource": "BRFSS",
    "Topic": "Obesity / Weight Status",
    "Data_Value": 37.5,
    "Sample_Size": "1,115",
    "Stratification1": "Less than $15,000",
    "StratificationId1": "INCLESS15",
    "LocationDisplayOrder": 31
  },
  {
    "ID": 52262,
    "Description": 2017,
    "LocationAbbr": "NV",
    "LocationDesc": "Nevada",
    "DataSource": "BRFSS",
    "Topic": "Obesity / Weight Status",
    "Data_Value": 27.2,
    "Sample_Size": 244,
    "Stratification1": "Less than $15,000",
    "StratificationId1": "INCLESS15",
    "LocationDisplayOrder": 32
  },
  {
    "ID": 46857,
    "Description": 2017,
    "LocationAbbr": "NH",
    "LocationDesc": "New Hampshire",
    "DataSource": "BRFSS",
    "Topic": "Obesity / Weight Status",
    "Data_Value": 36.5,
    "Sample_Size": 315,
    "Stratification1": "Less than $15,000",
    "StratificationId1": "INCLESS15",
    "LocationDisplayOrder": 33
  },
  {
    "ID": 47392,
    "Description": 2017,
    "LocationAbbr": "NJ",
    "LocationDesc": "New Jersey",
    "DataSource": "BRFSS",
    "Topic": "Obesity / Weight Status",
    "Data_Value": 32.8,
    "Sample_Size": 678,
    "Stratification1": "Less than $15,000",
    "StratificationId1": "INCLESS15",
    "LocationDisplayOrder": 34
  },
  {
    "ID": 46743,
    "Description": 2017,
    "LocationAbbr": "NM",
    "LocationDesc": "New Mexico",
    "DataSource": "BRFSS",
    "Topic": "Obesity / Weight Status",
    "Data_Value": 35.9,
    "Sample_Size": 792,
    "Stratification1": "Less than $15,000",
    "StratificationId1": "INCLESS15",
    "LocationDisplayOrder": 35
  },
  {
    "ID": 48324,
    "Description": 2017,
    "LocationAbbr": "NY",
    "LocationDesc": "New York",
    "DataSource": "BRFSS",
    "Topic": "Obesity / Weight Status",
    "Data_Value": 34.9,
    "Sample_Size": "1,097",
    "Stratification1": "Less than $15,000",
    "StratificationId1": "INCLESS15",
    "LocationDisplayOrder": 36
  },
  {
    "ID": 54319,
    "Description": 2017,
    "LocationAbbr": "NC",
    "LocationDesc": "North Carolina",
    "DataSource": "BRFSS",
    "Topic": "Obesity / Weight Status",
    "Data_Value": 39.5,
    "Sample_Size": 401,
    "Stratification1": "Less than $15,000",
    "StratificationId1": "INCLESS15",
    "LocationDisplayOrder": 37
  },
  {
    "ID": 56104,
    "Description": 2017,
    "LocationAbbr": "ND",
    "LocationDesc": "North Dakota",
    "DataSource": "BRFSS",
    "Topic": "Obesity / Weight Status",
    "Data_Value": 37.3,
    "Sample_Size": 407,
    "Stratification1": "Less than $15,000",
    "StratificationId1": "INCLESS15",
    "LocationDisplayOrder": 38
  },
  {
    "ID": 55718,
    "Description": 2017,
    "LocationAbbr": "OH",
    "LocationDesc": "Ohio",
    "DataSource": "BRFSS",
    "Topic": "Obesity / Weight Status",
    "Data_Value": 39,
    "Sample_Size": "1,005",
    "Stratification1": "Less than $15,000",
    "StratificationId1": "INCLESS15",
    "LocationDisplayOrder": 39
  },
  {
    "ID": 52563,
    "Description": 2017,
    "LocationAbbr": "OK",
    "LocationDesc": "Oklahoma",
    "DataSource": "BRFSS",
    "Topic": "Obesity / Weight Status",
    "Data_Value": 38.6,
    "Sample_Size": 548,
    "Stratification1": "Less than $15,000",
    "StratificationId1": "INCLESS15",
    "LocationDisplayOrder": 40
  },
  {
    "ID": 48097,
    "Description": 2017,
    "LocationAbbr": "OR",
    "LocationDesc": "Oregon",
    "DataSource": "BRFSS",
    "Topic": "Obesity / Weight Status",
    "Data_Value": 37.5,
    "Sample_Size": 328,
    "Stratification1": "Less than $15,000",
    "StratificationId1": "INCLESS15",
    "LocationDisplayOrder": 41
  },
  {
    "ID": 49854,
    "Description": 2017,
    "LocationAbbr": "PA",
    "LocationDesc": "Pennsylvania",
    "DataSource": "BRFSS",
    "Topic": "Obesity / Weight Status",
    "Data_Value": 37.6,
    "Sample_Size": 507,
    "Stratification1": "Less than $15,000",
    "StratificationId1": "INCLESS15",
    "LocationDisplayOrder": 42
  },
  {
    "ID": 57754,
    "Description": 2017,
    "LocationAbbr": "RI",
    "LocationDesc": "Rhode Island",
    "DataSource": "BRFSS",
    "Topic": "Obesity / Weight Status",
    "Data_Value": 34.3,
    "Sample_Size": 406,
    "Stratification1": "Less than $15,000",
    "StratificationId1": "INCLESS15",
    "LocationDisplayOrder": 44
  },
  {
    "ID": 51469,
    "Description": 2017,
    "LocationAbbr": "SC",
    "LocationDesc": "South Carolina",
    "DataSource": "BRFSS",
    "Topic": "Obesity / Weight Status",
    "Data_Value": 36.8,
    "Sample_Size": "1,024",
    "Stratification1": "Less than $15,000",
    "StratificationId1": "INCLESS15",
    "LocationDisplayOrder": 45
  },
  {
    "ID": 49312,
    "Description": 2017,
    "LocationAbbr": "SD",
    "LocationDesc": "South Dakota",
    "DataSource": "BRFSS",
    "Topic": "Obesity / Weight Status",
    "Data_Value": 42,
    "Sample_Size": 584,
    "Stratification1": "Less than $15,000",
    "StratificationId1": "INCLESS15",
    "LocationDisplayOrder": 46
  },
  {
    "ID": 57164,
    "Description": 2017,
    "LocationAbbr": "TN",
    "LocationDesc": "Tennessee",
    "DataSource": "BRFSS",
    "Topic": "Obesity / Weight Status",
    "Data_Value": 36.1,
    "Sample_Size": 619,
    "Stratification1": "Less than $15,000",
    "StratificationId1": "INCLESS15",
    "LocationDisplayOrder": 47
  },
  {
    "ID": 51532,
    "Description": 2017,
    "LocationAbbr": "TX",
    "LocationDesc": "Texas",
    "DataSource": "BRFSS",
    "Topic": "Obesity / Weight Status",
    "Data_Value": 38.5,
    "Sample_Size": "1,197",
    "Stratification1": "Less than $15,000",
    "StratificationId1": "INCLESS15",
    "LocationDisplayOrder": 48
  },
  {
    "ID": 52012,
    "Description": 2017,
    "LocationAbbr": "UT",
    "LocationDesc": "Utah",
    "DataSource": "BRFSS",
    "Topic": "Obesity / Weight Status",
    "Data_Value": 27.6,
    "Sample_Size": 441,
    "Stratification1": "Less than $15,000",
    "StratificationId1": "INCLESS15",
    "LocationDisplayOrder": 49
  },
  {
    "ID": 52992,
    "Description": 2017,
    "LocationAbbr": "VT",
    "LocationDesc": "Vermont",
    "DataSource": "BRFSS",
    "Topic": "Obesity / Weight Status",
    "Data_Value": 35,
    "Sample_Size": 410,
    "Stratification1": "Less than $15,000",
    "StratificationId1": "INCLESS15",
    "LocationDisplayOrder": 50
  },
  {
    "ID": 44874,
    "Description": 2017,
    "LocationAbbr": "VA",
    "LocationDesc": "Virginia",
    "DataSource": "BRFSS",
    "Topic": "Obesity / Weight Status",
    "Data_Value": 38,
    "Sample_Size": 520,
    "Stratification1": "Less than $15,000",
    "StratificationId1": "INCLESS15",
    "LocationDisplayOrder": 51
  },
  {
    "ID": 54984,
    "Description": 2017,
    "LocationAbbr": "WA",
    "LocationDesc": "Washington",
    "DataSource": "BRFSS",
    "Topic": "Obesity / Weight Status",
    "Data_Value": 34.3,
    "Sample_Size": 779,
    "Stratification1": "Less than $15,000",
    "StratificationId1": "INCLESS15",
    "LocationDisplayOrder": 53
  },
  {
    "ID": 58176,
    "Description": 2017,
    "LocationAbbr": "WV",
    "LocationDesc": "West Virginia",
    "DataSource": "BRFSS",
    "Topic": "Obesity / Weight Status",
    "Data_Value": 39.9,
    "Sample_Size": 606,
    "Stratification1": "Less than $15,000",
    "StratificationId1": "INCLESS15",
    "LocationDisplayOrder": 54
  },
  {
    "ID": 51988,
    "Description": 2017,
    "LocationAbbr": "WI",
    "LocationDesc": "Wisconsin",
    "DataSource": "BRFSS",
    "Topic": "Obesity / Weight Status",
    "Data_Value": 35.1,
    "Sample_Size": 321,
    "Stratification1": "Less than $15,000",
    "StratificationId1": "INCLESS15",
    "LocationDisplayOrder": 55
  },
  {
    "ID": 55468,
    "Description": 2017,
    "LocationAbbr": "WY",
    "LocationDesc": "Wyoming",
    "DataSource": "BRFSS",
    "Topic": "Obesity / Weight Status",
    "Data_Value": 36.1,
    "Sample_Size": 258,
    "Stratification1": "Less than $15,000",
    "StratificationId1": "INCLESS15",
    "LocationDisplayOrder": 56
  },
  {
    "ID": 47519,
    "Description": 2017,
    "LocationAbbr": "GU",
    "LocationDesc": "Guam",
    "DataSource": "BRFSS",
    "Topic": "Obesity / Weight Status",
    "Data_Value": 38.9,
    "Sample_Size": 209,
    "Stratification1": "Less than $15,000",
    "StratificationId1": "INCLESS15",
    "LocationDisplayOrder": 66
  },
  {
    "ID": 56387,
    "Description": 2017,
    "LocationAbbr": "PR",
    "LocationDesc": "Puerto Rico",
    "DataSource": "BRFSS",
    "Topic": "Obesity / Weight Status",
    "Data_Value": 37.5,
    "Sample_Size": "1,592",
    "Stratification1": "Less than $15,000",
    "StratificationId1": "INCLESS15",
    "LocationDisplayOrder": 72
  },
  {
    "ID": 52364,
    "Description": 2017,
    "LocationAbbr": "VI",
    "LocationDesc": "Virgin Islands",
    "DataSource": "BRFSS",
    "Topic": "Obesity / Weight Status",
    "Data_Value": "~",
    "Sample_Size": "~",
    "Stratification1": "Less than $15,000",
    "StratificationId1": "INCLESS15",
    "LocationDisplayOrder": 78
  },
  {
    "ID": "",
    "Description": "",
    "LocationAbbr": "",
    "LocationDesc": "",
    "DataSource": "",
    "Topic": "",
    "Data_Value": "",
    "Sample_Size": "",
    "Stratification1": "",
    "StratificationId1": "",
    "LocationDisplayOrder": ""
  },
  {
    "ID": "",
    "Description": "",
    "LocationAbbr": "",
    "LocationDesc": "",
    "DataSource": "",
    "Topic": "",
    "Data_Value": "",
    "Sample_Size": "",
    "Stratification1": "",
    "StratificationId1": "",
    "LocationDisplayOrder": ""
  },
  {
    "ID": "",
    "Description": "",
    "LocationAbbr": "",
    "LocationDesc": "",
    "DataSource": "",
    "Topic": "",
    "Data_Value": "",
    "Sample_Size": "",
    "Stratification1": "",
    "StratificationId1": "",
    "LocationDisplayOrder": ""
  },
  {
    "ID": "",
    "Description": "",
    "LocationAbbr": "",
    "LocationDesc": "",
    "DataSource": "",
    "Topic": "",
    "Data_Value": "",
    "Sample_Size": "",
    "Stratification1": "",
    "StratificationId1": "",
    "LocationDisplayOrder": ""
  },
  {
    "ID": "",
    "Description": "",
    "LocationAbbr": "",
    "LocationDesc": "",
    "DataSource": "",
    "Topic": "",
    "Data_Value": "",
    "Sample_Size": "",
    "Stratification1": "",
    "StratificationId1": "",
    "LocationDisplayOrder": ""
  },
  {
    "ID": "",
    "Description": "",
    "LocationAbbr": "",
    "LocationDesc": "",
    "DataSource": "",
    "Topic": "",
    "Data_Value": "",
    "Sample_Size": "",
    "Stratification1": "",
    "StratificationId1": "",
    "LocationDisplayOrder": ""
  },
  {
    "ID": "",
    "Description": "",
    "LocationAbbr": "",
    "LocationDesc": "",
    "DataSource": "",
    "Topic": "",
    "Data_Value": "",
    "Sample_Size": "",
    "Stratification1": "",
    "StratificationId1": "",
    "LocationDisplayOrder": ""
  },
  {
    "ID": "",
    "Description": "",
    "LocationAbbr": "",
    "LocationDesc": "",
    "DataSource": "",
    "Topic": "",
    "Data_Value": "",
    "Sample_Size": "",
    "Stratification1": "",
    "StratificationId1": "",
    "LocationDisplayOrder": ""
  },
  {
    "ID": "",
    "Description": "",
    "LocationAbbr": "",
    "LocationDesc": "",
    "DataSource": "",
    "Topic": "",
    "Data_Value": "",
    "Sample_Size": "",
    "Stratification1": "",
    "StratificationId1": "",
    "LocationDisplayOrder": ""
  },
  {
    "ID": "",
    "Description": "",
    "LocationAbbr": "",
    "LocationDesc": "",
    "DataSource": "",
    "Topic": "",
    "Data_Value": "",
    "Sample_Size": "",
    "Stratification1": "",
    "StratificationId1": "",
    "LocationDisplayOrder": ""
  }
]