[
  {
    "ID": 50470,
    "Description": 2017,
    "LocationAbbr": "US",
    "LocationDesc": "National",
    "DataSource": "BRFSS",
    "Topic": "Obesity / Weight Status",
    "Data_Value": 35.6,
    "Sample_Size": "27,768",
    "Stratification1": "Less than high school",
    "StratificationId1": "EDUHS",
    "LocationDisplayOrder": 0
  },
  {
    "ID": 53512,
    "Description": 2017,
    "LocationAbbr": "AL",
    "LocationDesc": "Alabama",
    "DataSource": "BRFSS",
    "Topic": "Obesity / Weight Status",
    "Data_Value": 41.2,
    "Sample_Size": 750,
    "Stratification1": "Less than high school",
    "StratificationId1": "EDUHS",
    "LocationDisplayOrder": 1
  },
  {
    "ID": 47880,
    "Description": 2017,
    "LocationAbbr": "AK",
    "LocationDesc": "Alaska",
    "DataSource": "BRFSS",
    "Topic": "Obesity / Weight Status",
    "Data_Value": 37.3,
    "Sample_Size": 193,
    "Stratification1": "Less than high school",
    "StratificationId1": "EDUHS",
    "LocationDisplayOrder": 2
  },
  {
    "ID": 49813,
    "Description": 2017,
    "LocationAbbr": "AZ",
    "LocationDesc": "Arizona",
    "DataSource": "BRFSS",
    "Topic": "Obesity / Weight Status",
    "Data_Value": 33.9,
    "Sample_Size": 870,
    "Stratification1": "Less than high school",
    "StratificationId1": "EDUHS",
    "LocationDisplayOrder": 4
  },
  {
    "ID": 50704,
    "Description": 2017,
    "LocationAbbr": "AR",
    "LocationDesc": "Arkansas",
    "DataSource": "BRFSS",
    "Topic": "Obesity / Weight Status",
    "Data_Value": 38.7,
    "Sample_Size": 439,
    "Stratification1": "Less than high school",
    "StratificationId1": "EDUHS",
    "LocationDisplayOrder": 5
  },
  {
    "ID": 54736,
    "Description": 2017,
    "LocationAbbr": "CA",
    "LocationDesc": "California",
    "DataSource": "BRFSS",
    "Topic": "Obesity / Weight Status",
    "Data_Value": 34,
    "Sample_Size": 920,
    "Stratification1": "Less than high school",
    "StratificationId1": "EDUHS",
    "LocationDisplayOrder": 6
  },
  {
    "ID": 50901,
    "Description": 2017,
    "LocationAbbr": "CO",
    "LocationDesc": "Colorado",
    "DataSource": "BRFSS",
    "Topic": "Obesity / Weight Status",
    "Data_Value": 27.7,
    "Sample_Size": 426,
    "Stratification1": "Less than high school",
    "StratificationId1": "EDUHS",
    "LocationDisplayOrder": 8
  },
  {
    "ID": 53858,
    "Description": 2017,
    "LocationAbbr": "CT",
    "LocationDesc": "Connecticut",
    "DataSource": "BRFSS",
    "Topic": "Obesity / Weight Status",
    "Data_Value": 33,
    "Sample_Size": 419,
    "Stratification1": "Less than high school",
    "StratificationId1": "EDUHS",
    "LocationDisplayOrder": 9
  },
  {
    "ID": 44939,
    "Description": 2017,
    "LocationAbbr": "DE",
    "LocationDesc": "Delaware",
    "DataSource": "BRFSS",
    "Topic": "Obesity / Weight Status",
    "Data_Value": 35.2,
    "Sample_Size": 312,
    "Stratification1": "Less than high school",
    "StratificationId1": "EDUHS",
    "LocationDisplayOrder": 10
  },
  {
    "ID": 55384,
    "Description": 2017,
    "LocationAbbr": "DC",
    "LocationDesc": "District of Columbia",
    "DataSource": "BRFSS",
    "Topic": "Obesity / Weight Status",
    "Data_Value": 34.8,
    "Sample_Size": 227,
    "Stratification1": "Less than high school",
    "StratificationId1": "EDUHS",
    "LocationDisplayOrder": 11
  },
  {
    "ID": 50244,
    "Description": 2017,
    "LocationAbbr": "FL",
    "LocationDesc": "Florida",
    "DataSource": "BRFSS",
    "Topic": "Obesity / Weight Status",
    "Data_Value": 32.5,
    "Sample_Size": "2,019",
    "Stratification1": "Less than high school",
    "StratificationId1": "EDUHS",
    "LocationDisplayOrder": 12
  },
  {
    "ID": 49482,
    "Description": 2017,
    "LocationAbbr": "GA",
    "LocationDesc": "Georgia",
    "DataSource": "BRFSS",
    "Topic": "Obesity / Weight Status",
    "Data_Value": 35,
    "Sample_Size": 554,
    "Stratification1": "Less than high school",
    "StratificationId1": "EDUHS",
    "LocationDisplayOrder": 13
  },
  {
    "ID": 53686,
    "Description": 2017,
    "LocationAbbr": "HI",
    "LocationDesc": "Hawaii",
    "DataSource": "BRFSS",
    "Topic": "Obesity / Weight Status",
    "Data_Value": 30,
    "Sample_Size": 269,
    "Stratification1": "Less than high school",
    "StratificationId1": "EDUHS",
    "LocationDisplayOrder": 15
  },
  {
    "ID": 52432,
    "Description": 2017,
    "LocationAbbr": "ID",
    "LocationDesc": "Idaho",
    "DataSource": "BRFSS",
    "Topic": "Obesity / Weight Status",
    "Data_Value": 30.9,
    "Sample_Size": 290,
    "Stratification1": "Less than high school",
    "StratificationId1": "EDUHS",
    "LocationDisplayOrder": 16
  },
  {
    "ID": 54865,
    "Description": 2017,
    "LocationAbbr": "IL",
    "LocationDesc": "Illinois",
    "DataSource": "BRFSS",
    "Topic": "Obesity / Weight Status",
    "Data_Value": 35.8,
    "Sample_Size": 320,
    "Stratification1": "Less than high school",
    "StratificationId1": "EDUHS",
    "LocationDisplayOrder": 17
  },
  {
    "ID": 53465,
    "Description": 2017,
    "LocationAbbr": "IN",
    "LocationDesc": "Indiana",
    "DataSource": "BRFSS",
    "Topic": "Obesity / Weight Status",
    "Data_Value": 33.9,
    "Sample_Size": 968,
    "Stratification1": "Less than high school",
    "StratificationId1": "EDUHS",
    "LocationDisplayOrder": 18
  },
  {
    "ID": 48978,
    "Description": 2017,
    "LocationAbbr": "IA",
    "LocationDesc": "Iowa",
    "DataSource": "BRFSS",
    "Topic": "Obesity / Weight Status",
    "Data_Value": 39.5,
    "Sample_Size": 325,
    "Stratification1": "Less than high school",
    "StratificationId1": "EDUHS",
    "LocationDisplayOrder": 19
  },
  {
    "ID": 49736,
    "Description": 2017,
    "LocationAbbr": "KS",
    "LocationDesc": "Kansas",
    "DataSource": "BRFSS",
    "Topic": "Obesity / Weight Status",
    "Data_Value": 35.9,
    "Sample_Size": 859,
    "Stratification1": "Less than high school",
    "StratificationId1": "EDUHS",
    "LocationDisplayOrder": 20
  },
  {
    "ID": 50810,
    "Description": 2017,
    "LocationAbbr": "KY",
    "LocationDesc": "Kentucky",
    "DataSource": "BRFSS",
    "Topic": "Obesity / Weight Status",
    "Data_Value": 37,
    "Sample_Size": 747,
    "Stratification1": "Less than high school",
    "StratificationId1": "EDUHS",
    "LocationDisplayOrder": 21
  },
  {
    "ID": 46360,
    "Description": 2017,
    "LocationAbbr": "LA",
    "LocationDesc": "Louisiana",
    "DataSource": "BRFSS",
    "Topic": "Obesity / Weight Status",
    "Data_Value": 36.4,
    "Sample_Size": 437,
    "Stratification1": "Less than high school",
    "StratificationId1": "EDUHS",
    "LocationDisplayOrder": 22
  },
  {
    "ID": 51543,
    "Description": 2017,
    "LocationAbbr": "ME",
    "LocationDesc": "Maine",
    "DataSource": "BRFSS",
    "Topic": "Obesity / Weight Status",
    "Data_Value": 29.3,
    "Sample_Size": 401,
    "Stratification1": "Less than high school",
    "StratificationId1": "EDUHS",
    "LocationDisplayOrder": 23
  },
  {
    "ID": 48451,
    "Description": 2017,
    "LocationAbbr": "MD",
    "LocationDesc": "Maryland",
    "DataSource": "BRFSS",
    "Topic": "Obesity / Weight Status",
    "Data_Value": 39.9,
    "Sample_Size": 614,
    "Stratification1": "Less than high school",
    "StratificationId1": "EDUHS",
    "LocationDisplayOrder": 24
  },
  {
    "ID": 50043,
    "Description": 2017,
    "LocationAbbr": "MA",
    "LocationDesc": "Massachusetts",
    "DataSource": "BRFSS",
    "Topic": "Obesity / Weight Status",
    "Data_Value": 33.7,
    "Sample_Size": 304,
    "Stratification1": "Less than high school",
    "StratificationId1": "EDUHS",
    "LocationDisplayOrder": 25
  },
  {
    "ID": 53654,
    "Description": 2017,
    "LocationAbbr": "MI",
    "LocationDesc": "Michigan",
    "DataSource": "BRFSS",
    "Topic": "Obesity / Weight Status",
    "Data_Value": 36.9,
    "Sample_Size": 484,
    "Stratification1": "Less than high school",
    "StratificationId1": "EDUHS",
    "LocationDisplayOrder": 26
  },
  {
    "ID": 54101,
    "Description": 2017,
    "LocationAbbr": "MN",
    "LocationDesc": "Minnesota",
    "DataSource": "BRFSS",
    "Topic": "Obesity / Weight Status",
    "Data_Value": 31.7,
    "Sample_Size": 573,
    "Stratification1": "Less than high school",
    "StratificationId1": "EDUHS",
    "LocationDisplayOrder": 27
  },
  {
    "ID": 52618,
    "Description": 2017,
    "LocationAbbr": "MS",
    "LocationDesc": "Mississippi",
    "DataSource": "BRFSS",
    "Topic": "Obesity / Weight Status",
    "Data_Value": 42.8,
    "Sample_Size": 509,
    "Stratification1": "Less than high school",
    "StratificationId1": "EDUHS",
    "LocationDisplayOrder": 28
  },
  {
    "ID": 55531,
    "Description": 2017,
    "LocationAbbr": "MO",
    "LocationDesc": "Missouri",
    "DataSource": "BRFSS",
    "Topic": "Obesity / Weight Status",
    "Data_Value": 32.9,
    "Sample_Size": 608,
    "Stratification1": "Less than high school",
    "StratificationId1": "EDUHS",
    "LocationDisplayOrder": 29
  },
  {
    "ID": 50346,
    "Description": 2017,
    "LocationAbbr": "MT",
    "LocationDesc": "Montana",
    "DataSource": "BRFSS",
    "Topic": "Obesity / Weight Status",
    "Data_Value": 28.4,
    "Sample_Size": 342,
    "Stratification1": "Less than high school",
    "StratificationId1": "EDUHS",
    "LocationDisplayOrder": 30
  },
  {
    "ID": 51757,
    "Description": 2017,
    "LocationAbbr": "NE",
    "LocationDesc": "Nebraska",
    "DataSource": "BRFSS",
    "Topic": "Obesity / Weight Status",
    "Data_Value": 35.3,
    "Sample_Size": 854,
    "Stratification1": "Less than high school",
    "StratificationId1": "EDUHS",
    "LocationDisplayOrder": 31
  },
  {
    "ID": 47660,
    "Description": 2017,
    "LocationAbbr": "NV",
    "LocationDesc": "Nevada",
    "DataSource": "BRFSS",
    "Topic": "Obesity / Weight Status",
    "Data_Value": 27,
    "Sample_Size": 268,
    "Stratification1": "Less than high school",
    "StratificationId1": "EDUHS",
    "LocationDisplayOrder": 32
  },
  {
    "ID": 50535,
    "Description": 2017,
    "LocationAbbr": "NH",
    "LocationDesc": "New Hampshire",
    "DataSource": "BRFSS",
    "Topic": "Obesity / Weight Status",
    "Data_Value": 36.3,
    "Sample_Size": 219,
    "Stratification1": "Less than high school",
    "StratificationId1": "EDUHS",
    "LocationDisplayOrder": 33
  },
  {
    "ID": 52125,
    "Description": 2017,
    "LocationAbbr": "NJ",
    "LocationDesc": "New Jersey",
    "DataSource": "BRFSS",
    "Topic": "Obesity / Weight Status",
    "Data_Value": 36.3,
    "Sample_Size": 590,
    "Stratification1": "Less than high school",
    "StratificationId1": "EDUHS",
    "LocationDisplayOrder": 34
  },
  {
    "ID": 50049,
    "Description": 2017,
    "LocationAbbr": "NM",
    "LocationDesc": "New Mexico",
    "DataSource": "BRFSS",
    "Topic": "Obesity / Weight Status",
    "Data_Value": 33.6,
    "Sample_Size": 662,
    "Stratification1": "Less than high school",
    "StratificationId1": "EDUHS",
    "LocationDisplayOrder": 35
  },
  {
    "ID": 49154,
    "Description": 2017,
    "LocationAbbr": "NY",
    "LocationDesc": "New York",
    "DataSource": "BRFSS",
    "Topic": "Obesity / Weight Status",
    "Data_Value": 33.3,
    "Sample_Size": 970,
    "Stratification1": "Less than high school",
    "StratificationId1": "EDUHS",
    "LocationDisplayOrder": 36
  },
  {
    "ID": 46429,
    "Description": 2017,
    "LocationAbbr": "NC",
    "LocationDesc": "North Carolina",
    "DataSource": "BRFSS",
    "Topic": "Obesity / Weight Status",
    "Data_Value": 35.5,
    "Sample_Size": 442,
    "Stratification1": "Less than high school",
    "StratificationId1": "EDUHS",
    "LocationDisplayOrder": 37
  },
  {
    "ID": 55927,
    "Description": 2017,
    "LocationAbbr": "ND",
    "LocationDesc": "North Dakota",
    "DataSource": "BRFSS",
    "Topic": "Obesity / Weight Status",
    "Data_Value": 30.8,
    "Sample_Size": 376,
    "Stratification1": "Less than high school",
    "StratificationId1": "EDUHS",
    "LocationDisplayOrder": 38
  },
  {
    "ID": 55225,
    "Description": 2017,
    "LocationAbbr": "OH",
    "LocationDesc": "Ohio",
    "DataSource": "BRFSS",
    "Topic": "Obesity / Weight Status",
    "Data_Value": 39.2,
    "Sample_Size": 743,
    "Stratification1": "Less than high school",
    "StratificationId1": "EDUHS",
    "LocationDisplayOrder": 39
  },
  {
    "ID": 49709,
    "Description": 2017,
    "LocationAbbr": "OK",
    "LocationDesc": "Oklahoma",
    "DataSource": "BRFSS",
    "Topic": "Obesity / Weight Status",
    "Data_Value": 37.9,
    "Sample_Size": 441,
    "Stratification1": "Less than high school",
    "StratificationId1": "EDUHS",
    "LocationDisplayOrder": 40
  },
  {
    "ID": 58554,
    "Description": 2017,
    "LocationAbbr": "OR",
    "LocationDesc": "Oregon",
    "DataSource": "BRFSS",
    "Topic": "Obesity / Weight Status",
    "Data_Value": 37.9,
    "Sample_Size": 258,
    "Stratification1": "Less than high school",
    "StratificationId1": "EDUHS",
    "LocationDisplayOrder": 41
  },
  {
    "ID": 45453,
    "Description": 2017,
    "LocationAbbr": "PA",
    "LocationDesc": "Pennsylvania",
    "DataSource": "BRFSS",
    "Topic": "Obesity / Weight Status",
    "Data_Value": 36.1,
    "Sample_Size": 311,
    "Stratification1": "Less than high school",
    "StratificationId1": "EDUHS",
    "LocationDisplayOrder": 42
  },
  {
    "ID": 53700,
    "Description": 2017,
    "LocationAbbr": "RI",
    "LocationDesc": "Rhode Island",
    "DataSource": "BRFSS",
    "Topic": "Obesity / Weight Status",
    "Data_Value": 37.6,
    "Sample_Size": 314,
    "Stratification1": "Less than high school",
    "StratificationId1": "EDUHS",
    "LocationDisplayOrder": 44
  },
  {
    "ID": 49373,
    "Description": 2017,
    "LocationAbbr": "SC",
    "LocationDesc": "South Carolina",
    "DataSource": "BRFSS",
    "Topic": "Obesity / Weight Status",
    "Data_Value": 34,
    "Sample_Size": "1,047",
    "Stratification1": "Less than high school",
    "StratificationId1": "EDUHS",
    "LocationDisplayOrder": 45
  },
  {
    "ID": 55066,
    "Description": 2017,
    "LocationAbbr": "SD",
    "LocationDesc": "South Dakota",
    "DataSource": "BRFSS",
    "Topic": "Obesity / Weight Status",
    "Data_Value": 40.2,
    "Sample_Size": 465,
    "Stratification1": "Less than high school",
    "StratificationId1": "EDUHS",
    "LocationDisplayOrder": 46
  },
  {
    "ID": 58072,
    "Description": 2017,
    "LocationAbbr": "TN",
    "LocationDesc": "Tennessee",
    "DataSource": "BRFSS",
    "Topic": "Obesity / Weight Status",
    "Data_Value": 35.6,
    "Sample_Size": 526,
    "Stratification1": "Less than high school",
    "StratificationId1": "EDUHS",
    "LocationDisplayOrder": 47
  },
  {
    "ID": 53861,
    "Description": 2017,
    "LocationAbbr": "TX",
    "LocationDesc": "Texas",
    "DataSource": "BRFSS",
    "Topic": "Obesity / Weight Status",
    "Data_Value": 40.5,
    "Sample_Size": "1,296",
    "Stratification1": "Less than high school",
    "StratificationId1": "EDUHS",
    "LocationDisplayOrder": 48
  },
  {
    "ID": 56930,
    "Description": 2017,
    "LocationAbbr": "UT",
    "LocationDesc": "Utah",
    "DataSource": "BRFSS",
    "Topic": "Obesity / Weight Status",
    "Data_Value": 25.1,
    "Sample_Size": 379,
    "Stratification1": "Less than high school",
    "StratificationId1": "EDUHS",
    "LocationDisplayOrder": 49
  },
  {
    "ID": 47131,
    "Description": 2017,
    "LocationAbbr": "VT",
    "LocationDesc": "Vermont",
    "DataSource": "BRFSS",
    "Topic": "Obesity / Weight Status",
    "Data_Value": 41.2,
    "Sample_Size": 238,
    "Stratification1": "Less than high school",
    "StratificationId1": "EDUHS",
    "LocationDisplayOrder": 50
  },
  {
    "ID": 56260,
    "Description": 2017,
    "LocationAbbr": "VA",
    "LocationDesc": "Virginia",
    "DataSource": "BRFSS",
    "Topic": "Obesity / Weight Status",
    "Data_Value": 39.5,
    "Sample_Size": 576,
    "Stratification1": "Less than high school",
    "StratificationId1": "EDUHS",
    "LocationDisplayOrder": 51
  },
  {
    "ID": 45575,
    "Description": 2017,
    "LocationAbbr": "WA",
    "LocationDesc": "Washington",
    "DataSource": "BRFSS",
    "Topic": "Obesity / Weight Status",
    "Data_Value": 34.2,
    "Sample_Size": 621,
    "Stratification1": "Less than high school",
    "StratificationId1": "EDUHS",
    "LocationDisplayOrder": 53
  },
  {
    "ID": 49642,
    "Description": 2017,
    "LocationAbbr": "WV",
    "LocationDesc": "West Virginia",
    "DataSource": "BRFSS",
    "Topic": "Obesity / Weight Status",
    "Data_Value": 38.5,
    "Sample_Size": 569,
    "Stratification1": "Less than high school",
    "StratificationId1": "EDUHS",
    "LocationDisplayOrder": 54
  },
  {
    "ID": 58110,
    "Description": 2017,
    "LocationAbbr": "WI",
    "LocationDesc": "Wisconsin",
    "DataSource": "BRFSS",
    "Topic": "Obesity / Weight Status",
    "Data_Value": 37.5,
    "Sample_Size": 245,
    "Stratification1": "Less than high school",
    "StratificationId1": "EDUHS",
    "LocationDisplayOrder": 55
  },
  {
    "ID": 52352,
    "Description": 2017,
    "LocationAbbr": "WY",
    "LocationDesc": "Wyoming",
    "DataSource": "BRFSS",
    "Topic": "Obesity / Weight Status",
    "Data_Value": 19.1,
    "Sample_Size": 179,
    "Stratification1": "Less than high school",
    "StratificationId1": "EDUHS",
    "LocationDisplayOrder": 56
  },
  {
    "ID": 52708,
    "Description": 2017,
    "LocationAbbr": "GU",
    "LocationDesc": "Guam",
    "DataSource": "BRFSS",
    "Topic": "Obesity / Weight Status",
    "Data_Value": 40.5,
    "Sample_Size": 119,
    "Stratification1": "Less than high school",
    "StratificationId1": "EDUHS",
    "LocationDisplayOrder": 66
  },
  {
    "ID": 53504,
    "Description": 2017,
    "LocationAbbr": "PR",
    "LocationDesc": "Puerto Rico",
    "DataSource": "BRFSS",
    "Topic": "Obesity / Weight Status",
    "Data_Value": 39,
    "Sample_Size": 772,
    "Stratification1": "Less than high school",
    "StratificationId1": "EDUHS",
    "LocationDisplayOrder": 72
  },
  {
    "ID": 57638,
    "Description": 2017,
    "LocationAbbr": "VI",
    "LocationDesc": "Virgin Islands",
    "DataSource": "BRFSS",
    "Topic": "Obesity / Weight Status",
    "Data_Value": "~",
    "Sample_Size": "~",
    "Stratification1": "Less than high school",
    "StratificationId1": "EDUHS",
    "LocationDisplayOrder": 78
  },
  {
    "ID": "",
    "Description": "",
    "LocationAbbr": "",
    "LocationDesc": "",
    "DataSource": "",
    "Topic": "",
    "Data_Value": "",
    "Sample_Size": "",
    "Stratification1": "",
    "StratificationId1": "",
    "LocationDisplayOrder": ""
  },
  {
    "ID": "",
    "Description": "",
    "LocationAbbr": "",
    "LocationDesc": "",
    "DataSource": "",
    "Topic": "",
    "Data_Value": "",
    "Sample_Size": "",
    "Stratification1": "",
    "StratificationId1": "",
    "LocationDisplayOrder": ""
  },
  {
    "ID": "",
    "Description": "",
    "LocationAbbr": "",
    "LocationDesc": "",
    "DataSource": "",
    "Topic": "",
    "Data_Value": "",
    "Sample_Size": "",
    "Stratification1": "",
    "StratificationId1": "",
    "LocationDisplayOrder": ""
  },
  {
    "ID": "",
    "Description": "",
    "LocationAbbr": "",
    "LocationDesc": "",
    "DataSource": "",
    "Topic": "",
    "Data_Value": "",
    "Sample_Size": "",
    "Stratification1": "",
    "StratificationId1": "",
    "LocationDisplayOrder": ""
  },
  {
    "ID": "",
    "Description": "",
    "LocationAbbr": "",
    "LocationDesc": "",
    "DataSource": "",
    "Topic": "",
    "Data_Value": "",
    "Sample_Size": "",
    "Stratification1": "",
    "StratificationId1": "",
    "LocationDisplayOrder": ""
  },
  {
    "ID": "",
    "Description": "",
    "LocationAbbr": "",
    "LocationDesc": "",
    "DataSource": "",
    "Topic": "",
    "Data_Value": "",
    "Sample_Size": "",
    "Stratification1": "",
    "StratificationId1": "",
    "LocationDisplayOrder": ""
  },
  {
    "ID": "",
    "Description": "",
    "LocationAbbr": "",
    "LocationDesc": "",
    "DataSource": "",
    "Topic": "",
    "Data_Value": "",
    "Sample_Size": "",
    "Stratification1": "",
    "StratificationId1": "",
    "LocationDisplayOrder": ""
  },
  {
    "ID": "",
    "Description": "",
    "LocationAbbr": "",
    "LocationDesc": "",
    "DataSource": "",
    "Topic": "",
    "Data_Value": "",
    "Sample_Size": "",
    "Stratification1": "",
    "StratificationId1": "",
    "LocationDisplayOrder": ""
  },
  {
    "ID": "",
    "Description": "",
    "LocationAbbr": "",
    "LocationDesc": "",
    "DataSource": "",
    "Topic": "",
    "Data_Value": "",
    "Sample_Size": "",
    "Stratification1": "",
    "StratificationId1": "",
    "LocationDisplayOrder": ""
  },
  {
    "ID": "",
    "Description": "",
    "LocationAbbr": "",
    "LocationDesc": "",
    "DataSource": "",
    "Topic": "",
    "Data_Value": "",
    "Sample_Size": "",
    "Stratification1": "",
    "StratificationId1": "",
    "LocationDisplayOrder": ""
  }
]