[
  {
    "ID": 57052,
    "Description": 2017,
    "LocationAbbr": "US",
    "LocationDesc": "National",
    "DataSource": "BRFSS",
    "Topic": "Obesity / Weight Status",
    "Data_Value": 26,
    "Sample_Size": "117,332",
    "Stratification1": "$75,000 or greater",
    "StratificationId1": "INC75PLUS",
    "LocationDisplayOrder": 0
  },
  {
    "ID": 50692,
    "Description": 2017,
    "LocationAbbr": "AL",
    "LocationDesc": "Alabama",
    "DataSource": "BRFSS",
    "Topic": "Obesity / Weight Status",
    "Data_Value": 31.9,
    "Sample_Size": "1,234",
    "Stratification1": "$75,000 or greater",
    "StratificationId1": "INC75PLUS",
    "LocationDisplayOrder": 1
  },
  {
    "ID": 55250,
    "Description": 2017,
    "LocationAbbr": "AK",
    "LocationDesc": "Alaska",
    "DataSource": "BRFSS",
    "Topic": "Obesity / Weight Status",
    "Data_Value": 31.8,
    "Sample_Size": "1,152",
    "Stratification1": "$75,000 or greater",
    "StratificationId1": "INC75PLUS",
    "LocationDisplayOrder": 2
  },
  {
    "ID": 46726,
    "Description": 2017,
    "LocationAbbr": "AZ",
    "LocationDesc": "Arizona",
    "DataSource": "BRFSS",
    "Topic": "Obesity / Weight Status",
    "Data_Value": 25,
    "Sample_Size": "3,808",
    "Stratification1": "$75,000 or greater",
    "StratificationId1": "INC75PLUS",
    "LocationDisplayOrder": 4
  },
  {
    "ID": 56311,
    "Description": 2017,
    "LocationAbbr": "AR",
    "LocationDesc": "Arkansas",
    "DataSource": "BRFSS",
    "Topic": "Obesity / Weight Status",
    "Data_Value": 32.2,
    "Sample_Size": 856,
    "Stratification1": "$75,000 or greater",
    "StratificationId1": "INC75PLUS",
    "LocationDisplayOrder": 5
  },
  {
    "ID": 54227,
    "Description": 2017,
    "LocationAbbr": "CA",
    "LocationDesc": "California",
    "DataSource": "BRFSS",
    "Topic": "Obesity / Weight Status",
    "Data_Value": 21.8,
    "Sample_Size": "3,131",
    "Stratification1": "$75,000 or greater",
    "StratificationId1": "INC75PLUS",
    "LocationDisplayOrder": 6
  },
  {
    "ID": 50136,
    "Description": 2017,
    "LocationAbbr": "CO",
    "LocationDesc": "Colorado",
    "DataSource": "BRFSS",
    "Topic": "Obesity / Weight Status",
    "Data_Value": 21.5,
    "Sample_Size": "3,420",
    "Stratification1": "$75,000 or greater",
    "StratificationId1": "INC75PLUS",
    "LocationDisplayOrder": 8
  },
  {
    "ID": 51572,
    "Description": 2017,
    "LocationAbbr": "CT",
    "LocationDesc": "Connecticut",
    "DataSource": "BRFSS",
    "Topic": "Obesity / Weight Status",
    "Data_Value": 24.4,
    "Sample_Size": "3,867",
    "Stratification1": "$75,000 or greater",
    "StratificationId1": "INC75PLUS",
    "LocationDisplayOrder": 9
  },
  {
    "ID": 53955,
    "Description": 2017,
    "LocationAbbr": "DE",
    "LocationDesc": "Delaware",
    "DataSource": "BRFSS",
    "Topic": "Obesity / Weight Status",
    "Data_Value": 28.9,
    "Sample_Size": 986,
    "Stratification1": "$75,000 or greater",
    "StratificationId1": "INC75PLUS",
    "LocationDisplayOrder": 10
  },
  {
    "ID": 53727,
    "Description": 2017,
    "LocationAbbr": "DC",
    "LocationDesc": "District of Columbia",
    "DataSource": "BRFSS",
    "Topic": "Obesity / Weight Status",
    "Data_Value": 14.6,
    "Sample_Size": "1,506",
    "Stratification1": "$75,000 or greater",
    "StratificationId1": "INC75PLUS",
    "LocationDisplayOrder": 11
  },
  {
    "ID": 56286,
    "Description": 2017,
    "LocationAbbr": "FL",
    "LocationDesc": "Florida",
    "DataSource": "BRFSS",
    "Topic": "Obesity / Weight Status",
    "Data_Value": 22.1,
    "Sample_Size": "3,993",
    "Stratification1": "$75,000 or greater",
    "StratificationId1": "INC75PLUS",
    "LocationDisplayOrder": 12
  },
  {
    "ID": 54926,
    "Description": 2017,
    "LocationAbbr": "GA",
    "LocationDesc": "Georgia",
    "DataSource": "BRFSS",
    "Topic": "Obesity / Weight Status",
    "Data_Value": 28.3,
    "Sample_Size": "1,322",
    "Stratification1": "$75,000 or greater",
    "StratificationId1": "INC75PLUS",
    "LocationDisplayOrder": 13
  },
  {
    "ID": 53474,
    "Description": 2017,
    "LocationAbbr": "HI",
    "LocationDesc": "Hawaii",
    "DataSource": "BRFSS",
    "Topic": "Obesity / Weight Status",
    "Data_Value": 22.8,
    "Sample_Size": "2,490",
    "Stratification1": "$75,000 or greater",
    "StratificationId1": "INC75PLUS",
    "LocationDisplayOrder": 15
  },
  {
    "ID": 52194,
    "Description": 2017,
    "LocationAbbr": "ID",
    "LocationDesc": "Idaho",
    "DataSource": "BRFSS",
    "Topic": "Obesity / Weight Status",
    "Data_Value": 25.3,
    "Sample_Size": "1,129",
    "Stratification1": "$75,000 or greater",
    "StratificationId1": "INC75PLUS",
    "LocationDisplayOrder": 16
  },
  {
    "ID": 49346,
    "Description": 2017,
    "LocationAbbr": "IL",
    "LocationDesc": "Illinois",
    "DataSource": "BRFSS",
    "Topic": "Obesity / Weight Status",
    "Data_Value": 26.8,
    "Sample_Size": "1,870",
    "Stratification1": "$75,000 or greater",
    "StratificationId1": "INC75PLUS",
    "LocationDisplayOrder": 17
  },
  {
    "ID": 57583,
    "Description": 2017,
    "LocationAbbr": "IN",
    "LocationDesc": "Indiana",
    "DataSource": "BRFSS",
    "Topic": "Obesity / Weight Status",
    "Data_Value": 28.6,
    "Sample_Size": "3,318",
    "Stratification1": "$75,000 or greater",
    "StratificationId1": "INC75PLUS",
    "LocationDisplayOrder": 18
  },
  {
    "ID": 48794,
    "Description": 2017,
    "LocationAbbr": "IA",
    "LocationDesc": "Iowa",
    "DataSource": "BRFSS",
    "Topic": "Obesity / Weight Status",
    "Data_Value": 30.7,
    "Sample_Size": "2,127",
    "Stratification1": "$75,000 or greater",
    "StratificationId1": "INC75PLUS",
    "LocationDisplayOrder": 19
  },
  {
    "ID": 54960,
    "Description": 2017,
    "LocationAbbr": "KS",
    "LocationDesc": "Kansas",
    "DataSource": "BRFSS",
    "Topic": "Obesity / Weight Status",
    "Data_Value": 29.3,
    "Sample_Size": "5,740",
    "Stratification1": "$75,000 or greater",
    "StratificationId1": "INC75PLUS",
    "LocationDisplayOrder": 20
  },
  {
    "ID": 57670,
    "Description": 2017,
    "LocationAbbr": "KY",
    "LocationDesc": "Kentucky",
    "DataSource": "BRFSS",
    "Topic": "Obesity / Weight Status",
    "Data_Value": 30,
    "Sample_Size": "1,560",
    "Stratification1": "$75,000 or greater",
    "StratificationId1": "INC75PLUS",
    "LocationDisplayOrder": 21
  },
  {
    "ID": 54887,
    "Description": 2017,
    "LocationAbbr": "LA",
    "LocationDesc": "Louisiana",
    "DataSource": "BRFSS",
    "Topic": "Obesity / Weight Status",
    "Data_Value": 35.2,
    "Sample_Size": "1,141",
    "Stratification1": "$75,000 or greater",
    "StratificationId1": "INC75PLUS",
    "LocationDisplayOrder": 22
  },
  {
    "ID": 56352,
    "Description": 2017,
    "LocationAbbr": "ME",
    "LocationDesc": "Maine",
    "DataSource": "BRFSS",
    "Topic": "Obesity / Weight Status",
    "Data_Value": 24.7,
    "Sample_Size": "2,480",
    "Stratification1": "$75,000 or greater",
    "StratificationId1": "INC75PLUS",
    "LocationDisplayOrder": 23
  },
  {
    "ID": 49798,
    "Description": 2017,
    "LocationAbbr": "MD",
    "LocationDesc": "Maryland",
    "DataSource": "BRFSS",
    "Topic": "Obesity / Weight Status",
    "Data_Value": 29.3,
    "Sample_Size": "4,732",
    "Stratification1": "$75,000 or greater",
    "StratificationId1": "INC75PLUS",
    "LocationDisplayOrder": 24
  },
  {
    "ID": 46910,
    "Description": 2017,
    "LocationAbbr": "MA",
    "LocationDesc": "Massachusetts",
    "DataSource": "BRFSS",
    "Topic": "Obesity / Weight Status",
    "Data_Value": 23.1,
    "Sample_Size": "2,417",
    "Stratification1": "$75,000 or greater",
    "StratificationId1": "INC75PLUS",
    "LocationDisplayOrder": 25
  },
  {
    "ID": 58020,
    "Description": 2017,
    "LocationAbbr": "MI",
    "LocationDesc": "Michigan",
    "DataSource": "BRFSS",
    "Topic": "Obesity / Weight Status",
    "Data_Value": 28.6,
    "Sample_Size": "2,935",
    "Stratification1": "$75,000 or greater",
    "StratificationId1": "INC75PLUS",
    "LocationDisplayOrder": 26
  },
  {
    "ID": 47682,
    "Description": 2017,
    "LocationAbbr": "MN",
    "LocationDesc": "Minnesota",
    "DataSource": "BRFSS",
    "Topic": "Obesity / Weight Status",
    "Data_Value": 25.9,
    "Sample_Size": "5,129",
    "Stratification1": "$75,000 or greater",
    "StratificationId1": "INC75PLUS",
    "LocationDisplayOrder": 27
  },
  {
    "ID": 52386,
    "Description": 2017,
    "LocationAbbr": "MS",
    "LocationDesc": "Mississippi",
    "DataSource": "BRFSS",
    "Topic": "Obesity / Weight Status",
    "Data_Value": 29.3,
    "Sample_Size": 987,
    "Stratification1": "$75,000 or greater",
    "StratificationId1": "INC75PLUS",
    "LocationDisplayOrder": 28
  },
  {
    "ID": 44640,
    "Description": 2017,
    "LocationAbbr": "MO",
    "LocationDesc": "Missouri",
    "DataSource": "BRFSS",
    "Topic": "Obesity / Weight Status",
    "Data_Value": 30.9,
    "Sample_Size": "1,618",
    "Stratification1": "$75,000 or greater",
    "StratificationId1": "INC75PLUS",
    "LocationDisplayOrder": 29
  },
  {
    "ID": 50883,
    "Description": 2017,
    "LocationAbbr": "MT",
    "LocationDesc": "Montana",
    "DataSource": "BRFSS",
    "Topic": "Obesity / Weight Status",
    "Data_Value": 25.8,
    "Sample_Size": "1,159",
    "Stratification1": "$75,000 or greater",
    "StratificationId1": "INC75PLUS",
    "LocationDisplayOrder": 30
  },
  {
    "ID": 55109,
    "Description": 2017,
    "LocationAbbr": "NE",
    "LocationDesc": "Nebraska",
    "DataSource": "BRFSS",
    "Topic": "Obesity / Weight Status",
    "Data_Value": 29.3,
    "Sample_Size": "3,692",
    "Stratification1": "$75,000 or greater",
    "StratificationId1": "INC75PLUS",
    "LocationDisplayOrder": 31
  },
  {
    "ID": 46238,
    "Description": 2017,
    "LocationAbbr": "NV",
    "LocationDesc": "Nevada",
    "DataSource": "BRFSS",
    "Topic": "Obesity / Weight Status",
    "Data_Value": 25.1,
    "Sample_Size": 986,
    "Stratification1": "$75,000 or greater",
    "StratificationId1": "INC75PLUS",
    "LocationDisplayOrder": 32
  },
  {
    "ID": 46273,
    "Description": 2017,
    "LocationAbbr": "NH",
    "LocationDesc": "New Hampshire",
    "DataSource": "BRFSS",
    "Topic": "Obesity / Weight Status",
    "Data_Value": 27.2,
    "Sample_Size": "1,739",
    "Stratification1": "$75,000 or greater",
    "StratificationId1": "INC75PLUS",
    "LocationDisplayOrder": 33
  },
  {
    "ID": 53493,
    "Description": 2017,
    "LocationAbbr": "NJ",
    "LocationDesc": "New Jersey",
    "DataSource": "BRFSS",
    "Topic": "Obesity / Weight Status",
    "Data_Value": 23.6,
    "Sample_Size": "3,806",
    "Stratification1": "$75,000 or greater",
    "StratificationId1": "INC75PLUS",
    "LocationDisplayOrder": 34
  },
  {
    "ID": 49472,
    "Description": 2017,
    "LocationAbbr": "NM",
    "LocationDesc": "New Mexico",
    "DataSource": "BRFSS",
    "Topic": "Obesity / Weight Status",
    "Data_Value": 27.3,
    "Sample_Size": "1,300",
    "Stratification1": "$75,000 or greater",
    "StratificationId1": "INC75PLUS",
    "LocationDisplayOrder": 35
  },
  {
    "ID": 49583,
    "Description": 2017,
    "LocationAbbr": "NY",
    "LocationDesc": "New York",
    "DataSource": "BRFSS",
    "Topic": "Obesity / Weight Status",
    "Data_Value": 20.7,
    "Sample_Size": "3,612",
    "Stratification1": "$75,000 or greater",
    "StratificationId1": "INC75PLUS",
    "LocationDisplayOrder": 36
  },
  {
    "ID": 48463,
    "Description": 2017,
    "LocationAbbr": "NC",
    "LocationDesc": "North Carolina",
    "DataSource": "BRFSS",
    "Topic": "Obesity / Weight Status",
    "Data_Value": 29.2,
    "Sample_Size": "1,101",
    "Stratification1": "$75,000 or greater",
    "StratificationId1": "INC75PLUS",
    "LocationDisplayOrder": 37
  },
  {
    "ID": 57559,
    "Description": 2017,
    "LocationAbbr": "ND",
    "LocationDesc": "North Dakota",
    "DataSource": "BRFSS",
    "Topic": "Obesity / Weight Status",
    "Data_Value": 30.4,
    "Sample_Size": "2,152",
    "Stratification1": "$75,000 or greater",
    "StratificationId1": "INC75PLUS",
    "LocationDisplayOrder": 38
  },
  {
    "ID": 47971,
    "Description": 2017,
    "LocationAbbr": "OH",
    "LocationDesc": "Ohio",
    "DataSource": "BRFSS",
    "Topic": "Obesity / Weight Status",
    "Data_Value": 29.4,
    "Sample_Size": "2,599",
    "Stratification1": "$75,000 or greater",
    "StratificationId1": "INC75PLUS",
    "LocationDisplayOrder": 39
  },
  {
    "ID": 49949,
    "Description": 2017,
    "LocationAbbr": "OK",
    "LocationDesc": "Oklahoma",
    "DataSource": "BRFSS",
    "Topic": "Obesity / Weight Status",
    "Data_Value": 33.1,
    "Sample_Size": "1,304",
    "Stratification1": "$75,000 or greater",
    "StratificationId1": "INC75PLUS",
    "LocationDisplayOrder": 40
  },
  {
    "ID": 52478,
    "Description": 2017,
    "LocationAbbr": "OR",
    "LocationDesc": "Oregon",
    "DataSource": "BRFSS",
    "Topic": "Obesity / Weight Status",
    "Data_Value": 24,
    "Sample_Size": "1,405",
    "Stratification1": "$75,000 or greater",
    "StratificationId1": "INC75PLUS",
    "LocationDisplayOrder": 41
  },
  {
    "ID": 54153,
    "Description": 2017,
    "LocationAbbr": "PA",
    "LocationDesc": "Pennsylvania",
    "DataSource": "BRFSS",
    "Topic": "Obesity / Weight Status",
    "Data_Value": 28.9,
    "Sample_Size": "1,920",
    "Stratification1": "$75,000 or greater",
    "StratificationId1": "INC75PLUS",
    "LocationDisplayOrder": 42
  },
  {
    "ID": 45959,
    "Description": 2017,
    "LocationAbbr": "RI",
    "LocationDesc": "Rhode Island",
    "DataSource": "BRFSS",
    "Topic": "Obesity / Weight Status",
    "Data_Value": 27.7,
    "Sample_Size": "1,632",
    "Stratification1": "$75,000 or greater",
    "StratificationId1": "INC75PLUS",
    "LocationDisplayOrder": 44
  },
  {
    "ID": 46450,
    "Description": 2017,
    "LocationAbbr": "SC",
    "LocationDesc": "South Carolina",
    "DataSource": "BRFSS",
    "Topic": "Obesity / Weight Status",
    "Data_Value": 29.9,
    "Sample_Size": "2,339",
    "Stratification1": "$75,000 or greater",
    "StratificationId1": "INC75PLUS",
    "LocationDisplayOrder": 45
  },
  {
    "ID": 52126,
    "Description": 2017,
    "LocationAbbr": "SD",
    "LocationDesc": "South Dakota",
    "DataSource": "BRFSS",
    "Topic": "Obesity / Weight Status",
    "Data_Value": 28.9,
    "Sample_Size": "1,480",
    "Stratification1": "$75,000 or greater",
    "StratificationId1": "INC75PLUS",
    "LocationDisplayOrder": 46
  },
  {
    "ID": 48028,
    "Description": 2017,
    "LocationAbbr": "TN",
    "LocationDesc": "Tennessee",
    "DataSource": "BRFSS",
    "Topic": "Obesity / Weight Status",
    "Data_Value": 31,
    "Sample_Size": "1,137",
    "Stratification1": "$75,000 or greater",
    "StratificationId1": "INC75PLUS",
    "LocationDisplayOrder": 47
  },
  {
    "ID": 45950,
    "Description": 2017,
    "LocationAbbr": "TX",
    "LocationDesc": "Texas",
    "DataSource": "BRFSS",
    "Topic": "Obesity / Weight Status",
    "Data_Value": 28.8,
    "Sample_Size": "3,113",
    "Stratification1": "$75,000 or greater",
    "StratificationId1": "INC75PLUS",
    "LocationDisplayOrder": 48
  },
  {
    "ID": 58129,
    "Description": 2017,
    "LocationAbbr": "UT",
    "LocationDesc": "Utah",
    "DataSource": "BRFSS",
    "Topic": "Obesity / Weight Status",
    "Data_Value": 24.5,
    "Sample_Size": "3,211",
    "Stratification1": "$75,000 or greater",
    "StratificationId1": "INC75PLUS",
    "LocationDisplayOrder": 49
  },
  {
    "ID": 53316,
    "Description": 2017,
    "LocationAbbr": "VT",
    "LocationDesc": "Vermont",
    "DataSource": "BRFSS",
    "Topic": "Obesity / Weight Status",
    "Data_Value": 22.3,
    "Sample_Size": "1,735",
    "Stratification1": "$75,000 or greater",
    "StratificationId1": "INC75PLUS",
    "LocationDisplayOrder": 50
  },
  {
    "ID": 54938,
    "Description": 2017,
    "LocationAbbr": "VA",
    "LocationDesc": "Virginia",
    "DataSource": "BRFSS",
    "Topic": "Obesity / Weight Status",
    "Data_Value": 26.1,
    "Sample_Size": "3,075",
    "Stratification1": "$75,000 or greater",
    "StratificationId1": "INC75PLUS",
    "LocationDisplayOrder": 51
  },
  {
    "ID": 57565,
    "Description": 2017,
    "LocationAbbr": "WA",
    "LocationDesc": "Washington",
    "DataSource": "BRFSS",
    "Topic": "Obesity / Weight Status",
    "Data_Value": 24.3,
    "Sample_Size": "4,017",
    "Stratification1": "$75,000 or greater",
    "StratificationId1": "INC75PLUS",
    "LocationDisplayOrder": 53
  },
  {
    "ID": 55823,
    "Description": 2017,
    "LocationAbbr": "WV",
    "LocationDesc": "West Virginia",
    "DataSource": "BRFSS",
    "Topic": "Obesity / Weight Status",
    "Data_Value": 33.6,
    "Sample_Size": "1,042",
    "Stratification1": "$75,000 or greater",
    "StratificationId1": "INC75PLUS",
    "LocationDisplayOrder": 54
  },
  {
    "ID": 57127,
    "Description": 2017,
    "LocationAbbr": "WI",
    "LocationDesc": "Wisconsin",
    "DataSource": "BRFSS",
    "Topic": "Obesity / Weight Status",
    "Data_Value": 28.2,
    "Sample_Size": "1,586",
    "Stratification1": "$75,000 or greater",
    "StratificationId1": "INC75PLUS",
    "LocationDisplayOrder": 55
  },
  {
    "ID": 46902,
    "Description": 2017,
    "LocationAbbr": "WY",
    "LocationDesc": "Wyoming",
    "DataSource": "BRFSS",
    "Topic": "Obesity / Weight Status",
    "Data_Value": 27.1,
    "Sample_Size": "1,242",
    "Stratification1": "$75,000 or greater",
    "StratificationId1": "INC75PLUS",
    "LocationDisplayOrder": 56
  },
  {
    "ID": 53939,
    "Description": 2017,
    "LocationAbbr": "GU",
    "LocationDesc": "Guam",
    "DataSource": "BRFSS",
    "Topic": "Obesity / Weight Status",
    "Data_Value": 33.8,
    "Sample_Size": 298,
    "Stratification1": "$75,000 or greater",
    "StratificationId1": "INC75PLUS",
    "LocationDisplayOrder": 66
  },
  {
    "ID": 56125,
    "Description": 2017,
    "LocationAbbr": "PR",
    "LocationDesc": "Puerto Rico",
    "DataSource": "BRFSS",
    "Topic": "Obesity / Weight Status",
    "Data_Value": 23,
    "Sample_Size": 129,
    "Stratification1": "$75,000 or greater",
    "StratificationId1": "INC75PLUS",
    "LocationDisplayOrder": 72
  },
  {
    "ID": 46345,
    "Description": 2017,
    "LocationAbbr": "VI",
    "LocationDesc": "Virgin Islands",
    "DataSource": "BRFSS",
    "Topic": "Obesity / Weight Status",
    "Data_Value": "~",
    "Sample_Size": "~",
    "Stratification1": "$75,000 or greater",
    "StratificationId1": "INC75PLUS",
    "LocationDisplayOrder": 78
  },
  {
    "ID": "",
    "Description": "",
    "LocationAbbr": "",
    "LocationDesc": "",
    "DataSource": "",
    "Topic": "",
    "Data_Value": "",
    "Sample_Size": "",
    "Stratification1": "",
    "StratificationId1": "",
    "LocationDisplayOrder": ""
  },
  {
    "ID": "",
    "Description": "",
    "LocationAbbr": "",
    "LocationDesc": "",
    "DataSource": "",
    "Topic": "",
    "Data_Value": "",
    "Sample_Size": "",
    "Stratification1": "",
    "StratificationId1": "",
    "LocationDisplayOrder": ""
  },
  {
    "ID": "",
    "Description": "",
    "LocationAbbr": "",
    "LocationDesc": "",
    "DataSource": "",
    "Topic": "",
    "Data_Value": "",
    "Sample_Size": "",
    "Stratification1": "",
    "StratificationId1": "",
    "LocationDisplayOrder": ""
  },
  {
    "ID": "",
    "Description": "",
    "LocationAbbr": "",
    "LocationDesc": "",
    "DataSource": "",
    "Topic": "",
    "Data_Value": "",
    "Sample_Size": "",
    "Stratification1": "",
    "StratificationId1": "",
    "LocationDisplayOrder": ""
  },
  {
    "ID": "",
    "Description": "",
    "LocationAbbr": "",
    "LocationDesc": "",
    "DataSource": "",
    "Topic": "",
    "Data_Value": "",
    "Sample_Size": "",
    "Stratification1": "",
    "StratificationId1": "",
    "LocationDisplayOrder": ""
  },
  {
    "ID": "",
    "Description": "",
    "LocationAbbr": "",
    "LocationDesc": "",
    "DataSource": "",
    "Topic": "",
    "Data_Value": "",
    "Sample_Size": "",
    "Stratification1": "",
    "StratificationId1": "",
    "LocationDisplayOrder": ""
  },
  {
    "ID": "",
    "Description": "",
    "LocationAbbr": "",
    "LocationDesc": "",
    "DataSource": "",
    "Topic": "",
    "Data_Value": "",
    "Sample_Size": "",
    "Stratification1": "",
    "StratificationId1": "",
    "LocationDisplayOrder": ""
  },
  {
    "ID": "",
    "Description": "",
    "LocationAbbr": "",
    "LocationDesc": "",
    "DataSource": "",
    "Topic": "",
    "Data_Value": "",
    "Sample_Size": "",
    "Stratification1": "",
    "StratificationId1": "",
    "LocationDisplayOrder": ""
  },
  {
    "ID": "",
    "Description": "",
    "LocationAbbr": "",
    "LocationDesc": "",
    "DataSource": "",
    "Topic": "",
    "Data_Value": "",
    "Sample_Size": "",
    "Stratification1": "",
    "StratificationId1": "",
    "LocationDisplayOrder": ""
  },
  {
    "ID": "",
    "Description": "",
    "LocationAbbr": "",
    "LocationDesc": "",
    "DataSource": "",
    "Topic": "",
    "Data_Value": "",
    "Sample_Size": "",
    "Stratification1": "",
    "StratificationId1": "",
    "LocationDisplayOrder": ""
  }
]