[
  {
    "ID": 50104,
    "Description": 2017,
    "LocationAbbr": "US",
    "LocationDesc": "National",
    "DataSource": "BRFSS",
    "Topic": "Obesity / Weight Status",
    "Data_Value": 11.2,
    "Sample_Size": "8,466",
    "Stratification1": "Asian",
    "StratificationId1": "RACEASN",
    "LocationDisplayOrder": 0
  },
  {
    "ID": 53733,
    "Description": 2017,
    "LocationAbbr": "AL",
    "LocationDesc": "Alabama",
    "DataSource": "BRFSS",
    "Topic": "Obesity / Weight Status",
    "Data_Value": "~",
    "Sample_Size": "~",
    "Stratification1": "Asian",
    "StratificationId1": "RACEASN",
    "LocationDisplayOrder": 1
  },
  {
    "ID": 53103,
    "Description": 2017,
    "LocationAbbr": "AK",
    "LocationDesc": "Alaska",
    "DataSource": "BRFSS",
    "Topic": "Obesity / Weight Status",
    "Data_Value": "~",
    "Sample_Size": "~",
    "Stratification1": "Asian",
    "StratificationId1": "RACEASN",
    "LocationDisplayOrder": 2
  },
  {
    "ID": 57029,
    "Description": 2017,
    "LocationAbbr": "AZ",
    "LocationDesc": "Arizona",
    "DataSource": "BRFSS",
    "Topic": "Obesity / Weight Status",
    "Data_Value": 8.6,
    "Sample_Size": 223,
    "Stratification1": "Asian",
    "StratificationId1": "RACEASN",
    "LocationDisplayOrder": 4
  },
  {
    "ID": 53037,
    "Description": 2017,
    "LocationAbbr": "AR",
    "LocationDesc": "Arkansas",
    "DataSource": "BRFSS",
    "Topic": "Obesity / Weight Status",
    "Data_Value": "~",
    "Sample_Size": "~",
    "Stratification1": "Asian",
    "StratificationId1": "RACEASN",
    "LocationDisplayOrder": 5
  },
  {
    "ID": 50229,
    "Description": 2017,
    "LocationAbbr": "CA",
    "LocationDesc": "California",
    "DataSource": "BRFSS",
    "Topic": "Obesity / Weight Status",
    "Data_Value": 9.7,
    "Sample_Size": 635,
    "Stratification1": "Asian",
    "StratificationId1": "RACEASN",
    "LocationDisplayOrder": 6
  },
  {
    "ID": 57539,
    "Description": 2017,
    "LocationAbbr": "CO",
    "LocationDesc": "Colorado",
    "DataSource": "BRFSS",
    "Topic": "Obesity / Weight Status",
    "Data_Value": 6.6,
    "Sample_Size": 145,
    "Stratification1": "Asian",
    "StratificationId1": "RACEASN",
    "LocationDisplayOrder": 8
  },
  {
    "ID": 54982,
    "Description": 2017,
    "LocationAbbr": "CT",
    "LocationDesc": "Connecticut",
    "DataSource": "BRFSS",
    "Topic": "Obesity / Weight Status",
    "Data_Value": 10,
    "Sample_Size": 207,
    "Stratification1": "Asian",
    "StratificationId1": "RACEASN",
    "LocationDisplayOrder": 9
  },
  {
    "ID": 51222,
    "Description": 2017,
    "LocationAbbr": "DE",
    "LocationDesc": "Delaware",
    "DataSource": "BRFSS",
    "Topic": "Obesity / Weight Status",
    "Data_Value": 7.7,
    "Sample_Size": 75,
    "Stratification1": "Asian",
    "StratificationId1": "RACEASN",
    "LocationDisplayOrder": 10
  },
  {
    "ID": 55987,
    "Description": 2017,
    "LocationAbbr": "DC",
    "LocationDesc": "District of Columbia",
    "DataSource": "BRFSS",
    "Topic": "Obesity / Weight Status",
    "Data_Value": 2.4,
    "Sample_Size": 73,
    "Stratification1": "Asian",
    "StratificationId1": "RACEASN",
    "LocationDisplayOrder": 11
  },
  {
    "ID": 48597,
    "Description": 2017,
    "LocationAbbr": "FL",
    "LocationDesc": "Florida",
    "DataSource": "BRFSS",
    "Topic": "Obesity / Weight Status",
    "Data_Value": 6.5,
    "Sample_Size": 194,
    "Stratification1": "Asian",
    "StratificationId1": "RACEASN",
    "LocationDisplayOrder": 12
  },
  {
    "ID": 46152,
    "Description": 2017,
    "LocationAbbr": "GA",
    "LocationDesc": "Georgia",
    "DataSource": "BRFSS",
    "Topic": "Obesity / Weight Status",
    "Data_Value": 14.3,
    "Sample_Size": 106,
    "Stratification1": "Asian",
    "StratificationId1": "RACEASN",
    "LocationDisplayOrder": 13
  },
  {
    "ID": 56726,
    "Description": 2017,
    "LocationAbbr": "HI",
    "LocationDesc": "Hawaii",
    "DataSource": "BRFSS",
    "Topic": "Obesity / Weight Status",
    "Data_Value": 16.1,
    "Sample_Size": "2,214",
    "Stratification1": "Asian",
    "StratificationId1": "RACEASN",
    "LocationDisplayOrder": 15
  },
  {
    "ID": 57685,
    "Description": 2017,
    "LocationAbbr": "ID",
    "LocationDesc": "Idaho",
    "DataSource": "BRFSS",
    "Topic": "Obesity / Weight Status",
    "Data_Value": "~",
    "Sample_Size": "~",
    "Stratification1": "Asian",
    "StratificationId1": "RACEASN",
    "LocationDisplayOrder": 16
  },
  {
    "ID": 56632,
    "Description": 2017,
    "LocationAbbr": "IL",
    "LocationDesc": "Illinois",
    "DataSource": "BRFSS",
    "Topic": "Obesity / Weight Status",
    "Data_Value": 10.6,
    "Sample_Size": 182,
    "Stratification1": "Asian",
    "StratificationId1": "RACEASN",
    "LocationDisplayOrder": 17
  },
  {
    "ID": 54912,
    "Description": 2017,
    "LocationAbbr": "IN",
    "LocationDesc": "Indiana",
    "DataSource": "BRFSS",
    "Topic": "Obesity / Weight Status",
    "Data_Value": 13.9,
    "Sample_Size": 129,
    "Stratification1": "Asian",
    "StratificationId1": "RACEASN",
    "LocationDisplayOrder": 18
  },
  {
    "ID": 54594,
    "Description": 2017,
    "LocationAbbr": "IA",
    "LocationDesc": "Iowa",
    "DataSource": "BRFSS",
    "Topic": "Obesity / Weight Status",
    "Data_Value": 23.9,
    "Sample_Size": 72,
    "Stratification1": "Asian",
    "StratificationId1": "RACEASN",
    "LocationDisplayOrder": 19
  },
  {
    "ID": 49770,
    "Description": 2017,
    "LocationAbbr": "KS",
    "LocationDesc": "Kansas",
    "DataSource": "BRFSS",
    "Topic": "Obesity / Weight Status",
    "Data_Value": 13.2,
    "Sample_Size": 212,
    "Stratification1": "Asian",
    "StratificationId1": "RACEASN",
    "LocationDisplayOrder": 20
  },
  {
    "ID": 56161,
    "Description": 2017,
    "LocationAbbr": "KY",
    "LocationDesc": "Kentucky",
    "DataSource": "BRFSS",
    "Topic": "Obesity / Weight Status",
    "Data_Value": "~",
    "Sample_Size": "~",
    "Stratification1": "Asian",
    "StratificationId1": "RACEASN",
    "LocationDisplayOrder": 21
  },
  {
    "ID": 46987,
    "Description": 2017,
    "LocationAbbr": "LA",
    "LocationDesc": "Louisiana",
    "DataSource": "BRFSS",
    "Topic": "Obesity / Weight Status",
    "Data_Value": "~",
    "Sample_Size": "~",
    "Stratification1": "Asian",
    "StratificationId1": "RACEASN",
    "LocationDisplayOrder": 22
  },
  {
    "ID": 44531,
    "Description": 2017,
    "LocationAbbr": "ME",
    "LocationDesc": "Maine",
    "DataSource": "BRFSS",
    "Topic": "Obesity / Weight Status",
    "Data_Value": "~",
    "Sample_Size": "~",
    "Stratification1": "Asian",
    "StratificationId1": "RACEASN",
    "LocationDisplayOrder": 23
  },
  {
    "ID": 44424,
    "Description": 2017,
    "LocationAbbr": "MD",
    "LocationDesc": "Maryland",
    "DataSource": "BRFSS",
    "Topic": "Obesity / Weight Status",
    "Data_Value": 7.4,
    "Sample_Size": 272,
    "Stratification1": "Asian",
    "StratificationId1": "RACEASN",
    "LocationDisplayOrder": 24
  },
  {
    "ID": 45762,
    "Description": 2017,
    "LocationAbbr": "MA",
    "LocationDesc": "Massachusetts",
    "DataSource": "BRFSS",
    "Topic": "Obesity / Weight Status",
    "Data_Value": 10.1,
    "Sample_Size": 191,
    "Stratification1": "Asian",
    "StratificationId1": "RACEASN",
    "LocationDisplayOrder": 25
  },
  {
    "ID": 48295,
    "Description": 2017,
    "LocationAbbr": "MI",
    "LocationDesc": "Michigan",
    "DataSource": "BRFSS",
    "Topic": "Obesity / Weight Status",
    "Data_Value": 17.1,
    "Sample_Size": 153,
    "Stratification1": "Asian",
    "StratificationId1": "RACEASN",
    "LocationDisplayOrder": 26
  },
  {
    "ID": 46210,
    "Description": 2017,
    "LocationAbbr": "MN",
    "LocationDesc": "Minnesota",
    "DataSource": "BRFSS",
    "Topic": "Obesity / Weight Status",
    "Data_Value": 16.7,
    "Sample_Size": 266,
    "Stratification1": "Asian",
    "StratificationId1": "RACEASN",
    "LocationDisplayOrder": 27
  },
  {
    "ID": 57712,
    "Description": 2017,
    "LocationAbbr": "MS",
    "LocationDesc": "Mississippi",
    "DataSource": "BRFSS",
    "Topic": "Obesity / Weight Status",
    "Data_Value": "~",
    "Sample_Size": "~",
    "Stratification1": "Asian",
    "StratificationId1": "RACEASN",
    "LocationDisplayOrder": 28
  },
  {
    "ID": 56252,
    "Description": 2017,
    "LocationAbbr": "MO",
    "LocationDesc": "Missouri",
    "DataSource": "BRFSS",
    "Topic": "Obesity / Weight Status",
    "Data_Value": 10.1,
    "Sample_Size": 78,
    "Stratification1": "Asian",
    "StratificationId1": "RACEASN",
    "LocationDisplayOrder": 29
  },
  {
    "ID": 51706,
    "Description": 2017,
    "LocationAbbr": "MT",
    "LocationDesc": "Montana",
    "DataSource": "BRFSS",
    "Topic": "Obesity / Weight Status",
    "Data_Value": "~",
    "Sample_Size": "~",
    "Stratification1": "Asian",
    "StratificationId1": "RACEASN",
    "LocationDisplayOrder": 30
  },
  {
    "ID": 53458,
    "Description": 2017,
    "LocationAbbr": "NE",
    "LocationDesc": "Nebraska",
    "DataSource": "BRFSS",
    "Topic": "Obesity / Weight Status",
    "Data_Value": 4.1,
    "Sample_Size": 59,
    "Stratification1": "Asian",
    "StratificationId1": "RACEASN",
    "LocationDisplayOrder": 31
  },
  {
    "ID": 46430,
    "Description": 2017,
    "LocationAbbr": "NV",
    "LocationDesc": "Nevada",
    "DataSource": "BRFSS",
    "Topic": "Obesity / Weight Status",
    "Data_Value": 25.2,
    "Sample_Size": 100,
    "Stratification1": "Asian",
    "StratificationId1": "RACEASN",
    "LocationDisplayOrder": 32
  },
  {
    "ID": 54310,
    "Description": 2017,
    "LocationAbbr": "NH",
    "LocationDesc": "New Hampshire",
    "DataSource": "BRFSS",
    "Topic": "Obesity / Weight Status",
    "Data_Value": 6.9,
    "Sample_Size": 53,
    "Stratification1": "Asian",
    "StratificationId1": "RACEASN",
    "LocationDisplayOrder": 33
  },
  {
    "ID": 49650,
    "Description": 2017,
    "LocationAbbr": "NJ",
    "LocationDesc": "New Jersey",
    "DataSource": "BRFSS",
    "Topic": "Obesity / Weight Status",
    "Data_Value": 10.3,
    "Sample_Size": 378,
    "Stratification1": "Asian",
    "StratificationId1": "RACEASN",
    "LocationDisplayOrder": 34
  },
  {
    "ID": 58074,
    "Description": 2017,
    "LocationAbbr": "NM",
    "LocationDesc": "New Mexico",
    "DataSource": "BRFSS",
    "Topic": "Obesity / Weight Status",
    "Data_Value": "~",
    "Sample_Size": "~",
    "Stratification1": "Asian",
    "StratificationId1": "RACEASN",
    "LocationDisplayOrder": 35
  },
  {
    "ID": 53275,
    "Description": 2017,
    "LocationAbbr": "NY",
    "LocationDesc": "New York",
    "DataSource": "BRFSS",
    "Topic": "Obesity / Weight Status",
    "Data_Value": 12.2,
    "Sample_Size": 455,
    "Stratification1": "Asian",
    "StratificationId1": "RACEASN",
    "LocationDisplayOrder": 36
  },
  {
    "ID": 45039,
    "Description": 2017,
    "LocationAbbr": "NC",
    "LocationDesc": "North Carolina",
    "DataSource": "BRFSS",
    "Topic": "Obesity / Weight Status",
    "Data_Value": "~",
    "Sample_Size": "~",
    "Stratification1": "Asian",
    "StratificationId1": "RACEASN",
    "LocationDisplayOrder": 37
  },
  {
    "ID": 51503,
    "Description": 2017,
    "LocationAbbr": "ND",
    "LocationDesc": "North Dakota",
    "DataSource": "BRFSS",
    "Topic": "Obesity / Weight Status",
    "Data_Value": "~",
    "Sample_Size": "~",
    "Stratification1": "Asian",
    "StratificationId1": "RACEASN",
    "LocationDisplayOrder": 38
  },
  {
    "ID": 52492,
    "Description": 2017,
    "LocationAbbr": "OH",
    "LocationDesc": "Ohio",
    "DataSource": "BRFSS",
    "Topic": "Obesity / Weight Status",
    "Data_Value": 18.2,
    "Sample_Size": 114,
    "Stratification1": "Asian",
    "StratificationId1": "RACEASN",
    "LocationDisplayOrder": 39
  },
  {
    "ID": 52547,
    "Description": 2017,
    "LocationAbbr": "OK",
    "LocationDesc": "Oklahoma",
    "DataSource": "BRFSS",
    "Topic": "Obesity / Weight Status",
    "Data_Value": 15.4,
    "Sample_Size": 52,
    "Stratification1": "Asian",
    "StratificationId1": "RACEASN",
    "LocationDisplayOrder": 40
  },
  {
    "ID": 57640,
    "Description": 2017,
    "LocationAbbr": "OR",
    "LocationDesc": "Oregon",
    "DataSource": "BRFSS",
    "Topic": "Obesity / Weight Status",
    "Data_Value": 8.7,
    "Sample_Size": 68,
    "Stratification1": "Asian",
    "StratificationId1": "RACEASN",
    "LocationDisplayOrder": 41
  },
  {
    "ID": 46670,
    "Description": 2017,
    "LocationAbbr": "PA",
    "LocationDesc": "Pennsylvania",
    "DataSource": "BRFSS",
    "Topic": "Obesity / Weight Status",
    "Data_Value": 8.1,
    "Sample_Size": 147,
    "Stratification1": "Asian",
    "StratificationId1": "RACEASN",
    "LocationDisplayOrder": 42
  },
  {
    "ID": 52725,
    "Description": 2017,
    "LocationAbbr": "RI",
    "LocationDesc": "Rhode Island",
    "DataSource": "BRFSS",
    "Topic": "Obesity / Weight Status",
    "Data_Value": 9.8,
    "Sample_Size": 79,
    "Stratification1": "Asian",
    "StratificationId1": "RACEASN",
    "LocationDisplayOrder": 44
  },
  {
    "ID": 55380,
    "Description": 2017,
    "LocationAbbr": "SC",
    "LocationDesc": "South Carolina",
    "DataSource": "BRFSS",
    "Topic": "Obesity / Weight Status",
    "Data_Value": 27,
    "Sample_Size": 62,
    "Stratification1": "Asian",
    "StratificationId1": "RACEASN",
    "LocationDisplayOrder": 45
  },
  {
    "ID": 49477,
    "Description": 2017,
    "LocationAbbr": "SD",
    "LocationDesc": "South Dakota",
    "DataSource": "BRFSS",
    "Topic": "Obesity / Weight Status",
    "Data_Value": "~",
    "Sample_Size": "~",
    "Stratification1": "Asian",
    "StratificationId1": "RACEASN",
    "LocationDisplayOrder": 46
  },
  {
    "ID": 45340,
    "Description": 2017,
    "LocationAbbr": "TN",
    "LocationDesc": "Tennessee",
    "DataSource": "BRFSS",
    "Topic": "Obesity / Weight Status",
    "Data_Value": "~",
    "Sample_Size": "~",
    "Stratification1": "Asian",
    "StratificationId1": "RACEASN",
    "LocationDisplayOrder": 47
  },
  {
    "ID": 47156,
    "Description": 2017,
    "LocationAbbr": "TX",
    "LocationDesc": "Texas",
    "DataSource": "BRFSS",
    "Topic": "Obesity / Weight Status",
    "Data_Value": 14.9,
    "Sample_Size": 226,
    "Stratification1": "Asian",
    "StratificationId1": "RACEASN",
    "LocationDisplayOrder": 48
  },
  {
    "ID": 52474,
    "Description": 2017,
    "LocationAbbr": "UT",
    "LocationDesc": "Utah",
    "DataSource": "BRFSS",
    "Topic": "Obesity / Weight Status",
    "Data_Value": 11.3,
    "Sample_Size": 87,
    "Stratification1": "Asian",
    "StratificationId1": "RACEASN",
    "LocationDisplayOrder": 49
  },
  {
    "ID": 56426,
    "Description": 2017,
    "LocationAbbr": "VT",
    "LocationDesc": "Vermont",
    "DataSource": "BRFSS",
    "Topic": "Obesity / Weight Status",
    "Data_Value": "~",
    "Sample_Size": "~",
    "Stratification1": "Asian",
    "StratificationId1": "RACEASN",
    "LocationDisplayOrder": 50
  },
  {
    "ID": 45016,
    "Description": 2017,
    "LocationAbbr": "VA",
    "LocationDesc": "Virginia",
    "DataSource": "BRFSS",
    "Topic": "Obesity / Weight Status",
    "Data_Value": 7.5,
    "Sample_Size": 209,
    "Stratification1": "Asian",
    "StratificationId1": "RACEASN",
    "LocationDisplayOrder": 51
  },
  {
    "ID": 54544,
    "Description": 2017,
    "LocationAbbr": "WA",
    "LocationDesc": "Washington",
    "DataSource": "BRFSS",
    "Topic": "Obesity / Weight Status",
    "Data_Value": 9.1,
    "Sample_Size": 393,
    "Stratification1": "Asian",
    "StratificationId1": "RACEASN",
    "LocationDisplayOrder": 53
  },
  {
    "ID": 50086,
    "Description": 2017,
    "LocationAbbr": "WV",
    "LocationDesc": "West Virginia",
    "DataSource": "BRFSS",
    "Topic": "Obesity / Weight Status",
    "Data_Value": "~",
    "Sample_Size": "~",
    "Stratification1": "Asian",
    "StratificationId1": "RACEASN",
    "LocationDisplayOrder": 54
  },
  {
    "ID": 47627,
    "Description": 2017,
    "LocationAbbr": "WI",
    "LocationDesc": "Wisconsin",
    "DataSource": "BRFSS",
    "Topic": "Obesity / Weight Status",
    "Data_Value": 26.7,
    "Sample_Size": 56,
    "Stratification1": "Asian",
    "StratificationId1": "RACEASN",
    "LocationDisplayOrder": 55
  },
  {
    "ID": 57092,
    "Description": 2017,
    "LocationAbbr": "WY",
    "LocationDesc": "Wyoming",
    "DataSource": "BRFSS",
    "Topic": "Obesity / Weight Status",
    "Data_Value": "~",
    "Sample_Size": "~",
    "Stratification1": "Asian",
    "StratificationId1": "RACEASN",
    "LocationDisplayOrder": 56
  },
  {
    "ID": 46309,
    "Description": 2017,
    "LocationAbbr": "GU",
    "LocationDesc": "Guam",
    "DataSource": "BRFSS",
    "Topic": "Obesity / Weight Status",
    "Data_Value": 18.8,
    "Sample_Size": 397,
    "Stratification1": "Asian",
    "StratificationId1": "RACEASN",
    "LocationDisplayOrder": 66
  },
  {
    "ID": 48430,
    "Description": 2017,
    "LocationAbbr": "PR",
    "LocationDesc": "Puerto Rico",
    "DataSource": "BRFSS",
    "Topic": "Obesity / Weight Status",
    "Data_Value": "~",
    "Sample_Size": "~",
    "Stratification1": "Asian",
    "StratificationId1": "RACEASN",
    "LocationDisplayOrder": 72
  },
  {
    "ID": 55118,
    "Description": 2017,
    "LocationAbbr": "VI",
    "LocationDesc": "Virgin Islands",
    "DataSource": "BRFSS",
    "Topic": "Obesity / Weight Status",
    "Data_Value": "~",
    "Sample_Size": "~",
    "Stratification1": "Asian",
    "StratificationId1": "RACEASN",
    "LocationDisplayOrder": 78
  },
  {
    "ID": "",
    "Description": "",
    "LocationAbbr": "",
    "LocationDesc": "",
    "DataSource": "",
    "Topic": "",
    "Data_Value": "",
    "Sample_Size": "",
    "Stratification1": "",
    "StratificationId1": "",
    "LocationDisplayOrder": ""
  },
  {
    "ID": "",
    "Description": "",
    "LocationAbbr": "",
    "LocationDesc": "",
    "DataSource": "",
    "Topic": "",
    "Data_Value": "",
    "Sample_Size": "",
    "Stratification1": "",
    "StratificationId1": "",
    "LocationDisplayOrder": ""
  },
  {
    "ID": "",
    "Description": "",
    "LocationAbbr": "",
    "LocationDesc": "",
    "DataSource": "",
    "Topic": "",
    "Data_Value": "",
    "Sample_Size": "",
    "Stratification1": "",
    "StratificationId1": "",
    "LocationDisplayOrder": ""
  },
  {
    "ID": "",
    "Description": "",
    "LocationAbbr": "",
    "LocationDesc": "",
    "DataSource": "",
    "Topic": "",
    "Data_Value": "",
    "Sample_Size": "",
    "Stratification1": "",
    "StratificationId1": "",
    "LocationDisplayOrder": ""
  },
  {
    "ID": "",
    "Description": "",
    "LocationAbbr": "",
    "LocationDesc": "",
    "DataSource": "",
    "Topic": "",
    "Data_Value": "",
    "Sample_Size": "",
    "Stratification1": "",
    "StratificationId1": "",
    "LocationDisplayOrder": ""
  },
  {
    "ID": "",
    "Description": "",
    "LocationAbbr": "",
    "LocationDesc": "",
    "DataSource": "",
    "Topic": "",
    "Data_Value": "",
    "Sample_Size": "",
    "Stratification1": "",
    "StratificationId1": "",
    "LocationDisplayOrder": ""
  },
  {
    "ID": "",
    "Description": "",
    "LocationAbbr": "",
    "LocationDesc": "",
    "DataSource": "",
    "Topic": "",
    "Data_Value": "",
    "Sample_Size": "",
    "Stratification1": "",
    "StratificationId1": "",
    "LocationDisplayOrder": ""
  },
  {
    "ID": "",
    "Description": "",
    "LocationAbbr": "",
    "LocationDesc": "",
    "DataSource": "",
    "Topic": "",
    "Data_Value": "",
    "Sample_Size": "",
    "Stratification1": "",
    "StratificationId1": "",
    "LocationDisplayOrder": ""
  },
  {
    "ID": "",
    "Description": "",
    "LocationAbbr": "",
    "LocationDesc": "",
    "DataSource": "",
    "Topic": "",
    "Data_Value": "",
    "Sample_Size": "",
    "Stratification1": "",
    "StratificationId1": "",
    "LocationDisplayOrder": ""
  },
  {
    "ID": "",
    "Description": "",
    "LocationAbbr": "",
    "LocationDesc": "",
    "DataSource": "",
    "Topic": "",
    "Data_Value": "",
    "Sample_Size": "",
    "Stratification1": "",
    "StratificationId1": "",
    "LocationDisplayOrder": ""
  }
]