[
  {
    "ID": 55915,
    "Description": 2017,
    "LocationAbbr": "US",
    "LocationDesc": "National",
    "DataSource": "BRFSS",
    "Topic": "Obesity / Weight Status",
    "Data_Value": 28.5,
    "Sample_Size": "145,669",
    "Stratification1": "65 or older",
    "StratificationId1": "AGEYR65PLUS",
    "LocationDisplayOrder": 0
  },
  {
    "ID": 57698,
    "Description": 2017,
    "LocationAbbr": "AL",
    "LocationDesc": "Alabama",
    "DataSource": "BRFSS",
    "Topic": "Obesity / Weight Status",
    "Data_Value": 29,
    "Sample_Size": "2,290",
    "Stratification1": "65 or older",
    "StratificationId1": "AGEYR65PLUS",
    "LocationDisplayOrder": 1
  },
  {
    "ID": 56046,
    "Description": 2017,
    "LocationAbbr": "AK",
    "LocationDesc": "Alaska",
    "DataSource": "BRFSS",
    "Topic": "Obesity / Weight Status",
    "Data_Value": 34.8,
    "Sample_Size": 898,
    "Stratification1": "65 or older",
    "StratificationId1": "AGEYR65PLUS",
    "LocationDisplayOrder": 2
  },
  {
    "ID": 48549,
    "Description": 2017,
    "LocationAbbr": "AZ",
    "LocationDesc": "Arizona",
    "DataSource": "BRFSS",
    "Topic": "Obesity / Weight Status",
    "Data_Value": 25.5,
    "Sample_Size": "5,653",
    "Stratification1": "65 or older",
    "StratificationId1": "AGEYR65PLUS",
    "LocationDisplayOrder": 4
  },
  {
    "ID": 49541,
    "Description": 2017,
    "LocationAbbr": "AR",
    "LocationDesc": "Arkansas",
    "DataSource": "BRFSS",
    "Topic": "Obesity / Weight Status",
    "Data_Value": 30.6,
    "Sample_Size": "2,539",
    "Stratification1": "65 or older",
    "StratificationId1": "AGEYR65PLUS",
    "LocationDisplayOrder": 5
  },
  {
    "ID": 53724,
    "Description": 2017,
    "LocationAbbr": "CA",
    "LocationDesc": "California",
    "DataSource": "BRFSS",
    "Topic": "Obesity / Weight Status",
    "Data_Value": 24.2,
    "Sample_Size": "2,059",
    "Stratification1": "65 or older",
    "StratificationId1": "AGEYR65PLUS",
    "LocationDisplayOrder": 6
  },
  {
    "ID": 48658,
    "Description": 2017,
    "LocationAbbr": "CO",
    "LocationDesc": "Colorado",
    "DataSource": "BRFSS",
    "Topic": "Obesity / Weight Status",
    "Data_Value": 22.4,
    "Sample_Size": "3,007",
    "Stratification1": "65 or older",
    "StratificationId1": "AGEYR65PLUS",
    "LocationDisplayOrder": 8
  },
  {
    "ID": 47261,
    "Description": 2017,
    "LocationAbbr": "CT",
    "LocationDesc": "Connecticut",
    "DataSource": "BRFSS",
    "Topic": "Obesity / Weight Status",
    "Data_Value": 26.4,
    "Sample_Size": "3,371",
    "Stratification1": "65 or older",
    "StratificationId1": "AGEYR65PLUS",
    "LocationDisplayOrder": 9
  },
  {
    "ID": 44437,
    "Description": 2017,
    "LocationAbbr": "DE",
    "LocationDesc": "Delaware",
    "DataSource": "BRFSS",
    "Topic": "Obesity / Weight Status",
    "Data_Value": 33.9,
    "Sample_Size": "1,287",
    "Stratification1": "65 or older",
    "StratificationId1": "AGEYR65PLUS",
    "LocationDisplayOrder": 10
  },
  {
    "ID": 53150,
    "Description": 2017,
    "LocationAbbr": "DC",
    "LocationDesc": "District of Columbia",
    "DataSource": "BRFSS",
    "Topic": "Obesity / Weight Status",
    "Data_Value": 24.2,
    "Sample_Size": "1,181",
    "Stratification1": "65 or older",
    "StratificationId1": "AGEYR65PLUS",
    "LocationDisplayOrder": 11
  },
  {
    "ID": 49900,
    "Description": 2017,
    "LocationAbbr": "FL",
    "LocationDesc": "Florida",
    "DataSource": "BRFSS",
    "Topic": "Obesity / Weight Status",
    "Data_Value": 25.4,
    "Sample_Size": "7,406",
    "Stratification1": "65 or older",
    "StratificationId1": "AGEYR65PLUS",
    "LocationDisplayOrder": 12
  },
  {
    "ID": 52668,
    "Description": 2017,
    "LocationAbbr": "GA",
    "LocationDesc": "Georgia",
    "DataSource": "BRFSS",
    "Topic": "Obesity / Weight Status",
    "Data_Value": 29.3,
    "Sample_Size": "1,888",
    "Stratification1": "65 or older",
    "StratificationId1": "AGEYR65PLUS",
    "LocationDisplayOrder": 13
  },
  {
    "ID": 52483,
    "Description": 2017,
    "LocationAbbr": "HI",
    "LocationDesc": "Hawaii",
    "DataSource": "BRFSS",
    "Topic": "Obesity / Weight Status",
    "Data_Value": 19.8,
    "Sample_Size": "2,366",
    "Stratification1": "65 or older",
    "StratificationId1": "AGEYR65PLUS",
    "LocationDisplayOrder": 15
  },
  {
    "ID": 54904,
    "Description": 2017,
    "LocationAbbr": "ID",
    "LocationDesc": "Idaho",
    "DataSource": "BRFSS",
    "Topic": "Obesity / Weight Status",
    "Data_Value": 26.1,
    "Sample_Size": "1,636",
    "Stratification1": "65 or older",
    "StratificationId1": "AGEYR65PLUS",
    "LocationDisplayOrder": 16
  },
  {
    "ID": 48457,
    "Description": 2017,
    "LocationAbbr": "IL",
    "LocationDesc": "Illinois",
    "DataSource": "BRFSS",
    "Topic": "Obesity / Weight Status",
    "Data_Value": 30.2,
    "Sample_Size": "1,840",
    "Stratification1": "65 or older",
    "StratificationId1": "AGEYR65PLUS",
    "LocationDisplayOrder": 17
  },
  {
    "ID": 46083,
    "Description": 2017,
    "LocationAbbr": "IN",
    "LocationDesc": "Indiana",
    "DataSource": "BRFSS",
    "Topic": "Obesity / Weight Status",
    "Data_Value": 33.3,
    "Sample_Size": "5,084",
    "Stratification1": "65 or older",
    "StratificationId1": "AGEYR65PLUS",
    "LocationDisplayOrder": 18
  },
  {
    "ID": 52059,
    "Description": 2017,
    "LocationAbbr": "IA",
    "LocationDesc": "Iowa",
    "DataSource": "BRFSS",
    "Topic": "Obesity / Weight Status",
    "Data_Value": 32.5,
    "Sample_Size": "2,403",
    "Stratification1": "65 or older",
    "StratificationId1": "AGEYR65PLUS",
    "LocationDisplayOrder": 19
  },
  {
    "ID": 48411,
    "Description": 2017,
    "LocationAbbr": "KS",
    "LocationDesc": "Kansas",
    "DataSource": "BRFSS",
    "Topic": "Obesity / Weight Status",
    "Data_Value": 29.3,
    "Sample_Size": "6,500",
    "Stratification1": "65 or older",
    "StratificationId1": "AGEYR65PLUS",
    "LocationDisplayOrder": 20
  },
  {
    "ID": 49333,
    "Description": 2017,
    "LocationAbbr": "KY",
    "LocationDesc": "Kentucky",
    "DataSource": "BRFSS",
    "Topic": "Obesity / Weight Status",
    "Data_Value": 31.5,
    "Sample_Size": "2,581",
    "Stratification1": "65 or older",
    "StratificationId1": "AGEYR65PLUS",
    "LocationDisplayOrder": 21
  },
  {
    "ID": 44625,
    "Description": 2017,
    "LocationAbbr": "LA",
    "LocationDesc": "Louisiana",
    "DataSource": "BRFSS",
    "Topic": "Obesity / Weight Status",
    "Data_Value": 34.2,
    "Sample_Size": "1,315",
    "Stratification1": "65 or older",
    "StratificationId1": "AGEYR65PLUS",
    "LocationDisplayOrder": 22
  },
  {
    "ID": 57944,
    "Description": 2017,
    "LocationAbbr": "ME",
    "LocationDesc": "Maine",
    "DataSource": "BRFSS",
    "Topic": "Obesity / Weight Status",
    "Data_Value": 27.8,
    "Sample_Size": "3,599",
    "Stratification1": "65 or older",
    "StratificationId1": "AGEYR65PLUS",
    "LocationDisplayOrder": 23
  },
  {
    "ID": 50303,
    "Description": 2017,
    "LocationAbbr": "MD",
    "LocationDesc": "Maryland",
    "DataSource": "BRFSS",
    "Topic": "Obesity / Weight Status",
    "Data_Value": 31.2,
    "Sample_Size": "5,044",
    "Stratification1": "65 or older",
    "StratificationId1": "AGEYR65PLUS",
    "LocationDisplayOrder": 24
  },
  {
    "ID": 53866,
    "Description": 2017,
    "LocationAbbr": "MA",
    "LocationDesc": "Massachusetts",
    "DataSource": "BRFSS",
    "Topic": "Obesity / Weight Status",
    "Data_Value": 26.8,
    "Sample_Size": "2,244",
    "Stratification1": "65 or older",
    "StratificationId1": "AGEYR65PLUS",
    "LocationDisplayOrder": 25
  },
  {
    "ID": 49880,
    "Description": 2017,
    "LocationAbbr": "MI",
    "LocationDesc": "Michigan",
    "DataSource": "BRFSS",
    "Topic": "Obesity / Weight Status",
    "Data_Value": 32.4,
    "Sample_Size": "3,592",
    "Stratification1": "65 or older",
    "StratificationId1": "AGEYR65PLUS",
    "LocationDisplayOrder": 26
  },
  {
    "ID": 52467,
    "Description": 2017,
    "LocationAbbr": "MN",
    "LocationDesc": "Minnesota",
    "DataSource": "BRFSS",
    "Topic": "Obesity / Weight Status",
    "Data_Value": 28.8,
    "Sample_Size": "4,820",
    "Stratification1": "65 or older",
    "StratificationId1": "AGEYR65PLUS",
    "LocationDisplayOrder": 27
  },
  {
    "ID": 55126,
    "Description": 2017,
    "LocationAbbr": "MS",
    "LocationDesc": "Mississippi",
    "DataSource": "BRFSS",
    "Topic": "Obesity / Weight Status",
    "Data_Value": 33.1,
    "Sample_Size": "1,875",
    "Stratification1": "65 or older",
    "StratificationId1": "AGEYR65PLUS",
    "LocationDisplayOrder": 28
  },
  {
    "ID": 56811,
    "Description": 2017,
    "LocationAbbr": "MO",
    "LocationDesc": "Missouri",
    "DataSource": "BRFSS",
    "Topic": "Obesity / Weight Status",
    "Data_Value": 29.8,
    "Sample_Size": "2,718",
    "Stratification1": "65 or older",
    "StratificationId1": "AGEYR65PLUS",
    "LocationDisplayOrder": 29
  },
  {
    "ID": 57084,
    "Description": 2017,
    "LocationAbbr": "MT",
    "LocationDesc": "Montana",
    "DataSource": "BRFSS",
    "Topic": "Obesity / Weight Status",
    "Data_Value": 23.1,
    "Sample_Size": "2,073",
    "Stratification1": "65 or older",
    "StratificationId1": "AGEYR65PLUS",
    "LocationDisplayOrder": 30
  },
  {
    "ID": 52021,
    "Description": 2017,
    "LocationAbbr": "NE",
    "LocationDesc": "Nebraska",
    "DataSource": "BRFSS",
    "Topic": "Obesity / Weight Status",
    "Data_Value": 31.8,
    "Sample_Size": "5,113",
    "Stratification1": "65 or older",
    "StratificationId1": "AGEYR65PLUS",
    "LocationDisplayOrder": 31
  },
  {
    "ID": 56469,
    "Description": 2017,
    "LocationAbbr": "NV",
    "LocationDesc": "Nevada",
    "DataSource": "BRFSS",
    "Topic": "Obesity / Weight Status",
    "Data_Value": 25,
    "Sample_Size": "1,314",
    "Stratification1": "65 or older",
    "StratificationId1": "AGEYR65PLUS",
    "LocationDisplayOrder": 32
  },
  {
    "ID": 44737,
    "Description": 2017,
    "LocationAbbr": "NH",
    "LocationDesc": "New Hampshire",
    "DataSource": "BRFSS",
    "Topic": "Obesity / Weight Status",
    "Data_Value": 29,
    "Sample_Size": "2,115",
    "Stratification1": "65 or older",
    "StratificationId1": "AGEYR65PLUS",
    "LocationDisplayOrder": 33
  },
  {
    "ID": 56960,
    "Description": 2017,
    "LocationAbbr": "NJ",
    "LocationDesc": "New Jersey",
    "DataSource": "BRFSS",
    "Topic": "Obesity / Weight Status",
    "Data_Value": 26.6,
    "Sample_Size": "3,920",
    "Stratification1": "65 or older",
    "StratificationId1": "AGEYR65PLUS",
    "LocationDisplayOrder": 34
  },
  {
    "ID": 49367,
    "Description": 2017,
    "LocationAbbr": "NM",
    "LocationDesc": "New Mexico",
    "DataSource": "BRFSS",
    "Topic": "Obesity / Weight Status",
    "Data_Value": 21.6,
    "Sample_Size": "2,287",
    "Stratification1": "65 or older",
    "StratificationId1": "AGEYR65PLUS",
    "LocationDisplayOrder": 35
  },
  {
    "ID": 49246,
    "Description": 2017,
    "LocationAbbr": "NY",
    "LocationDesc": "New York",
    "DataSource": "BRFSS",
    "Topic": "Obesity / Weight Status",
    "Data_Value": 26.9,
    "Sample_Size": "3,459",
    "Stratification1": "65 or older",
    "StratificationId1": "AGEYR65PLUS",
    "LocationDisplayOrder": 36
  },
  {
    "ID": 50076,
    "Description": 2017,
    "LocationAbbr": "NC",
    "LocationDesc": "North Carolina",
    "DataSource": "BRFSS",
    "Topic": "Obesity / Weight Status",
    "Data_Value": 30.3,
    "Sample_Size": "1,348",
    "Stratification1": "65 or older",
    "StratificationId1": "AGEYR65PLUS",
    "LocationDisplayOrder": 37
  },
  {
    "ID": 51647,
    "Description": 2017,
    "LocationAbbr": "ND",
    "LocationDesc": "North Dakota",
    "DataSource": "BRFSS",
    "Topic": "Obesity / Weight Status",
    "Data_Value": 32.1,
    "Sample_Size": "2,452",
    "Stratification1": "65 or older",
    "StratificationId1": "AGEYR65PLUS",
    "LocationDisplayOrder": 38
  },
  {
    "ID": 51915,
    "Description": 2017,
    "LocationAbbr": "OH",
    "LocationDesc": "Ohio",
    "DataSource": "BRFSS",
    "Topic": "Obesity / Weight Status",
    "Data_Value": 30.9,
    "Sample_Size": "4,453",
    "Stratification1": "65 or older",
    "StratificationId1": "AGEYR65PLUS",
    "LocationDisplayOrder": 39
  },
  {
    "ID": 54552,
    "Description": 2017,
    "LocationAbbr": "OK",
    "LocationDesc": "Oklahoma",
    "DataSource": "BRFSS",
    "Topic": "Obesity / Weight Status",
    "Data_Value": 31.9,
    "Sample_Size": "2,505",
    "Stratification1": "65 or older",
    "StratificationId1": "AGEYR65PLUS",
    "LocationDisplayOrder": 40
  },
  {
    "ID": 45618,
    "Description": 2017,
    "LocationAbbr": "OR",
    "LocationDesc": "Oregon",
    "DataSource": "BRFSS",
    "Topic": "Obesity / Weight Status",
    "Data_Value": 30.3,
    "Sample_Size": "1,630",
    "Stratification1": "65 or older",
    "StratificationId1": "AGEYR65PLUS",
    "LocationDisplayOrder": 41
  },
  {
    "ID": 49982,
    "Description": 2017,
    "LocationAbbr": "PA",
    "LocationDesc": "Pennsylvania",
    "DataSource": "BRFSS",
    "Topic": "Obesity / Weight Status",
    "Data_Value": 32.4,
    "Sample_Size": "1,777",
    "Stratification1": "65 or older",
    "StratificationId1": "AGEYR65PLUS",
    "LocationDisplayOrder": 42
  },
  {
    "ID": 56235,
    "Description": 2017,
    "LocationAbbr": "RI",
    "LocationDesc": "Rhode Island",
    "DataSource": "BRFSS",
    "Topic": "Obesity / Weight Status",
    "Data_Value": 28.3,
    "Sample_Size": "1,875",
    "Stratification1": "65 or older",
    "StratificationId1": "AGEYR65PLUS",
    "LocationDisplayOrder": 44
  },
  {
    "ID": 53784,
    "Description": 2017,
    "LocationAbbr": "SC",
    "LocationDesc": "South Carolina",
    "DataSource": "BRFSS",
    "Topic": "Obesity / Weight Status",
    "Data_Value": 28.7,
    "Sample_Size": "4,468",
    "Stratification1": "65 or older",
    "StratificationId1": "AGEYR65PLUS",
    "LocationDisplayOrder": 45
  },
  {
    "ID": 55867,
    "Description": 2017,
    "LocationAbbr": "SD",
    "LocationDesc": "South Dakota",
    "DataSource": "BRFSS",
    "Topic": "Obesity / Weight Status",
    "Data_Value": 30.4,
    "Sample_Size": "2,494",
    "Stratification1": "65 or older",
    "StratificationId1": "AGEYR65PLUS",
    "LocationDisplayOrder": 46
  },
  {
    "ID": 50651,
    "Description": 2017,
    "LocationAbbr": "TN",
    "LocationDesc": "Tennessee",
    "DataSource": "BRFSS",
    "Topic": "Obesity / Weight Status",
    "Data_Value": 30.6,
    "Sample_Size": "1,739",
    "Stratification1": "65 or older",
    "StratificationId1": "AGEYR65PLUS",
    "LocationDisplayOrder": 47
  },
  {
    "ID": 48018,
    "Description": 2017,
    "LocationAbbr": "TX",
    "LocationDesc": "Texas",
    "DataSource": "BRFSS",
    "Topic": "Obesity / Weight Status",
    "Data_Value": 30.6,
    "Sample_Size": "4,387",
    "Stratification1": "65 or older",
    "StratificationId1": "AGEYR65PLUS",
    "LocationDisplayOrder": 48
  },
  {
    "ID": 48126,
    "Description": 2017,
    "LocationAbbr": "UT",
    "LocationDesc": "Utah",
    "DataSource": "BRFSS",
    "Topic": "Obesity / Weight Status",
    "Data_Value": 26.8,
    "Sample_Size": "2,359",
    "Stratification1": "65 or older",
    "StratificationId1": "AGEYR65PLUS",
    "LocationDisplayOrder": 49
  },
  {
    "ID": 46925,
    "Description": 2017,
    "LocationAbbr": "VT",
    "LocationDesc": "Vermont",
    "DataSource": "BRFSS",
    "Topic": "Obesity / Weight Status",
    "Data_Value": 27.4,
    "Sample_Size": "2,139",
    "Stratification1": "65 or older",
    "StratificationId1": "AGEYR65PLUS",
    "LocationDisplayOrder": 50
  },
  {
    "ID": 51727,
    "Description": 2017,
    "LocationAbbr": "VA",
    "LocationDesc": "Virginia",
    "DataSource": "BRFSS",
    "Topic": "Obesity / Weight Status",
    "Data_Value": 28.2,
    "Sample_Size": "3,116",
    "Stratification1": "65 or older",
    "StratificationId1": "AGEYR65PLUS",
    "LocationDisplayOrder": 51
  },
  {
    "ID": 48532,
    "Description": 2017,
    "LocationAbbr": "WA",
    "LocationDesc": "Washington",
    "DataSource": "BRFSS",
    "Topic": "Obesity / Weight Status",
    "Data_Value": 26.9,
    "Sample_Size": "4,290",
    "Stratification1": "65 or older",
    "StratificationId1": "AGEYR65PLUS",
    "LocationDisplayOrder": 53
  },
  {
    "ID": 54932,
    "Description": 2017,
    "LocationAbbr": "WV",
    "LocationDesc": "West Virginia",
    "DataSource": "BRFSS",
    "Topic": "Obesity / Weight Status",
    "Data_Value": 33.5,
    "Sample_Size": "1,812",
    "Stratification1": "65 or older",
    "StratificationId1": "AGEYR65PLUS",
    "LocationDisplayOrder": 54
  },
  {
    "ID": 46358,
    "Description": 2017,
    "LocationAbbr": "WI",
    "LocationDesc": "Wisconsin",
    "DataSource": "BRFSS",
    "Topic": "Obesity / Weight Status",
    "Data_Value": 29.1,
    "Sample_Size": "1,813",
    "Stratification1": "65 or older",
    "StratificationId1": "AGEYR65PLUS",
    "LocationDisplayOrder": 55
  },
  {
    "ID": 45195,
    "Description": 2017,
    "LocationAbbr": "WY",
    "LocationDesc": "Wyoming",
    "DataSource": "BRFSS",
    "Topic": "Obesity / Weight Status",
    "Data_Value": 28.6,
    "Sample_Size": "1,535",
    "Stratification1": "65 or older",
    "StratificationId1": "AGEYR65PLUS",
    "LocationDisplayOrder": 56
  },
  {
    "ID": 57752,
    "Description": 2017,
    "LocationAbbr": "GU",
    "LocationDesc": "Guam",
    "DataSource": "BRFSS",
    "Topic": "Obesity / Weight Status",
    "Data_Value": 20.4,
    "Sample_Size": 236,
    "Stratification1": "65 or older",
    "StratificationId1": "AGEYR65PLUS",
    "LocationDisplayOrder": 66
  },
  {
    "ID": 49717,
    "Description": 2017,
    "LocationAbbr": "PR",
    "LocationDesc": "Puerto Rico",
    "DataSource": "BRFSS",
    "Topic": "Obesity / Weight Status",
    "Data_Value": 27.1,
    "Sample_Size": "1,431",
    "Stratification1": "65 or older",
    "StratificationId1": "AGEYR65PLUS",
    "LocationDisplayOrder": 72
  },
  {
    "ID": 46943,
    "Description": 2017,
    "LocationAbbr": "VI",
    "LocationDesc": "Virgin Islands",
    "DataSource": "BRFSS",
    "Topic": "Obesity / Weight Status",
    "Data_Value": "~",
    "Sample_Size": "~",
    "Stratification1": "65 or older",
    "StratificationId1": "AGEYR65PLUS",
    "LocationDisplayOrder": 78
  },
  {
    "ID": "",
    "Description": "",
    "LocationAbbr": "",
    "LocationDesc": "",
    "DataSource": "",
    "Topic": "",
    "Data_Value": "",
    "Sample_Size": "",
    "Stratification1": "",
    "StratificationId1": "",
    "LocationDisplayOrder": ""
  },
  {
    "ID": "",
    "Description": "",
    "LocationAbbr": "",
    "LocationDesc": "",
    "DataSource": "",
    "Topic": "",
    "Data_Value": "",
    "Sample_Size": "",
    "Stratification1": "",
    "StratificationId1": "",
    "LocationDisplayOrder": ""
  },
  {
    "ID": "",
    "Description": "",
    "LocationAbbr": "",
    "LocationDesc": "",
    "DataSource": "",
    "Topic": "",
    "Data_Value": "",
    "Sample_Size": "",
    "Stratification1": "",
    "StratificationId1": "",
    "LocationDisplayOrder": ""
  },
  {
    "ID": "",
    "Description": "",
    "LocationAbbr": "",
    "LocationDesc": "",
    "DataSource": "",
    "Topic": "",
    "Data_Value": "",
    "Sample_Size": "",
    "Stratification1": "",
    "StratificationId1": "",
    "LocationDisplayOrder": ""
  },
  {
    "ID": "",
    "Description": "",
    "LocationAbbr": "",
    "LocationDesc": "",
    "DataSource": "",
    "Topic": "",
    "Data_Value": "",
    "Sample_Size": "",
    "Stratification1": "",
    "StratificationId1": "",
    "LocationDisplayOrder": ""
  },
  {
    "ID": "",
    "Description": "",
    "LocationAbbr": "",
    "LocationDesc": "",
    "DataSource": "",
    "Topic": "",
    "Data_Value": "",
    "Sample_Size": "",
    "Stratification1": "",
    "StratificationId1": "",
    "LocationDisplayOrder": ""
  },
  {
    "ID": "",
    "Description": "",
    "LocationAbbr": "",
    "LocationDesc": "",
    "DataSource": "",
    "Topic": "",
    "Data_Value": "",
    "Sample_Size": "",
    "Stratification1": "",
    "StratificationId1": "",
    "LocationDisplayOrder": ""
  },
  {
    "ID": "",
    "Description": "",
    "LocationAbbr": "",
    "LocationDesc": "",
    "DataSource": "",
    "Topic": "",
    "Data_Value": "",
    "Sample_Size": "",
    "Stratification1": "",
    "StratificationId1": "",
    "LocationDisplayOrder": ""
  },
  {
    "ID": "",
    "Description": "",
    "LocationAbbr": "",
    "LocationDesc": "",
    "DataSource": "",
    "Topic": "",
    "Data_Value": "",
    "Sample_Size": "",
    "Stratification1": "",
    "StratificationId1": "",
    "LocationDisplayOrder": ""
  },
  {
    "ID": "",
    "Description": "",
    "LocationAbbr": "",
    "LocationDesc": "",
    "DataSource": "",
    "Topic": "",
    "Data_Value": "",
    "Sample_Size": "",
    "Stratification1": "",
    "StratificationId1": "",
    "LocationDisplayOrder": ""
  }
]