[
  {
    "ID": 47109,
    "Description": 2017,
    "LocationAbbr": "US",
    "LocationDesc": "National",
    "DataSource": "BRFSS",
    "Topic": "Obesity / Weight Status",
    "Data_Value": 34.5,
    "Sample_Size": "56,534",
    "Stratification1": "$15,000 - $24,999",
    "StratificationId1": "INC1525",
    "LocationDisplayOrder": 0
  },
  {
    "ID": 57344,
    "Description": 2017,
    "LocationAbbr": "AL",
    "LocationDesc": "Alabama",
    "DataSource": "BRFSS",
    "Topic": "Obesity / Weight Status",
    "Data_Value": 40.4,
    "Sample_Size": "1,019",
    "Stratification1": "$15,000 - $24,999",
    "StratificationId1": "INC1525",
    "LocationDisplayOrder": 1
  },
  {
    "ID": 51028,
    "Description": 2017,
    "LocationAbbr": "AK",
    "LocationDesc": "Alaska",
    "DataSource": "BRFSS",
    "Topic": "Obesity / Weight Status",
    "Data_Value": 31.8,
    "Sample_Size": 342,
    "Stratification1": "$15,000 - $24,999",
    "StratificationId1": "INC1525",
    "LocationDisplayOrder": 2
  },
  {
    "ID": 47412,
    "Description": 2017,
    "LocationAbbr": "AZ",
    "LocationDesc": "Arizona",
    "DataSource": "BRFSS",
    "Topic": "Obesity / Weight Status",
    "Data_Value": 34.3,
    "Sample_Size": "1,965",
    "Stratification1": "$15,000 - $24,999",
    "StratificationId1": "INC1525",
    "LocationDisplayOrder": 4
  },
  {
    "ID": 44624,
    "Description": 2017,
    "LocationAbbr": "AR",
    "LocationDesc": "Arkansas",
    "DataSource": "BRFSS",
    "Topic": "Obesity / Weight Status",
    "Data_Value": 40,
    "Sample_Size": 877,
    "Stratification1": "$15,000 - $24,999",
    "StratificationId1": "INC1525",
    "LocationDisplayOrder": 5
  },
  {
    "ID": 47296,
    "Description": 2017,
    "LocationAbbr": "CA",
    "LocationDesc": "California",
    "DataSource": "BRFSS",
    "Topic": "Obesity / Weight Status",
    "Data_Value": 28.3,
    "Sample_Size": 931,
    "Stratification1": "$15,000 - $24,999",
    "StratificationId1": "INC1525",
    "LocationDisplayOrder": 6
  },
  {
    "ID": 49146,
    "Description": 2017,
    "LocationAbbr": "CO",
    "LocationDesc": "Colorado",
    "DataSource": "BRFSS",
    "Topic": "Obesity / Weight Status",
    "Data_Value": 26,
    "Sample_Size": 962,
    "Stratification1": "$15,000 - $24,999",
    "StratificationId1": "INC1525",
    "LocationDisplayOrder": 8
  },
  {
    "ID": 53092,
    "Description": 2017,
    "LocationAbbr": "CT",
    "LocationDesc": "Connecticut",
    "DataSource": "BRFSS",
    "Topic": "Obesity / Weight Status",
    "Data_Value": 34.1,
    "Sample_Size": 902,
    "Stratification1": "$15,000 - $24,999",
    "StratificationId1": "INC1525",
    "LocationDisplayOrder": 9
  },
  {
    "ID": 51645,
    "Description": 2017,
    "LocationAbbr": "DE",
    "LocationDesc": "Delaware",
    "DataSource": "BRFSS",
    "Topic": "Obesity / Weight Status",
    "Data_Value": 34.1,
    "Sample_Size": 516,
    "Stratification1": "$15,000 - $24,999",
    "StratificationId1": "INC1525",
    "LocationDisplayOrder": 10
  },
  {
    "ID": 56454,
    "Description": 2017,
    "LocationAbbr": "DC",
    "LocationDesc": "District of Columbia",
    "DataSource": "BRFSS",
    "Topic": "Obesity / Weight Status",
    "Data_Value": 33,
    "Sample_Size": 463,
    "Stratification1": "$15,000 - $24,999",
    "StratificationId1": "INC1525",
    "LocationDisplayOrder": 11
  },
  {
    "ID": 49198,
    "Description": 2017,
    "LocationAbbr": "FL",
    "LocationDesc": "Florida",
    "DataSource": "BRFSS",
    "Topic": "Obesity / Weight Status",
    "Data_Value": 32.7,
    "Sample_Size": "3,781",
    "Stratification1": "$15,000 - $24,999",
    "StratificationId1": "INC1525",
    "LocationDisplayOrder": 12
  },
  {
    "ID": 56658,
    "Description": 2017,
    "LocationAbbr": "GA",
    "LocationDesc": "Georgia",
    "DataSource": "BRFSS",
    "Topic": "Obesity / Weight Status",
    "Data_Value": 37.9,
    "Sample_Size": 918,
    "Stratification1": "$15,000 - $24,999",
    "StratificationId1": "INC1525",
    "LocationDisplayOrder": 13
  },
  {
    "ID": 45392,
    "Description": 2017,
    "LocationAbbr": "HI",
    "LocationDesc": "Hawaii",
    "DataSource": "BRFSS",
    "Topic": "Obesity / Weight Status",
    "Data_Value": 22.9,
    "Sample_Size": 975,
    "Stratification1": "$15,000 - $24,999",
    "StratificationId1": "INC1525",
    "LocationDisplayOrder": 15
  },
  {
    "ID": 47113,
    "Description": 2017,
    "LocationAbbr": "ID",
    "LocationDesc": "Idaho",
    "DataSource": "BRFSS",
    "Topic": "Obesity / Weight Status",
    "Data_Value": 34.1,
    "Sample_Size": 716,
    "Stratification1": "$15,000 - $24,999",
    "StratificationId1": "INC1525",
    "LocationDisplayOrder": 16
  },
  {
    "ID": 58075,
    "Description": 2017,
    "LocationAbbr": "IL",
    "LocationDesc": "Illinois",
    "DataSource": "BRFSS",
    "Topic": "Obesity / Weight Status",
    "Data_Value": 33.8,
    "Sample_Size": 730,
    "Stratification1": "$15,000 - $24,999",
    "StratificationId1": "INC1525",
    "LocationDisplayOrder": 17
  },
  {
    "ID": 49267,
    "Description": 2017,
    "LocationAbbr": "IN",
    "LocationDesc": "Indiana",
    "DataSource": "BRFSS",
    "Topic": "Obesity / Weight Status",
    "Data_Value": 36.7,
    "Sample_Size": "2,118",
    "Stratification1": "$15,000 - $24,999",
    "StratificationId1": "INC1525",
    "LocationDisplayOrder": 18
  },
  {
    "ID": 56745,
    "Description": 2017,
    "LocationAbbr": "IA",
    "LocationDesc": "Iowa",
    "DataSource": "BRFSS",
    "Topic": "Obesity / Weight Status",
    "Data_Value": 39.8,
    "Sample_Size": 886,
    "Stratification1": "$15,000 - $24,999",
    "StratificationId1": "INC1525",
    "LocationDisplayOrder": 19
  },
  {
    "ID": 47070,
    "Description": 2017,
    "LocationAbbr": "KS",
    "LocationDesc": "Kansas",
    "DataSource": "BRFSS",
    "Topic": "Obesity / Weight Status",
    "Data_Value": 36.9,
    "Sample_Size": "2,491",
    "Stratification1": "$15,000 - $24,999",
    "StratificationId1": "INC1525",
    "LocationDisplayOrder": 20
  },
  {
    "ID": 55490,
    "Description": 2017,
    "LocationAbbr": "KY",
    "LocationDesc": "Kentucky",
    "DataSource": "BRFSS",
    "Topic": "Obesity / Weight Status",
    "Data_Value": 38.6,
    "Sample_Size": 769,
    "Stratification1": "$15,000 - $24,999",
    "StratificationId1": "INC1525",
    "LocationDisplayOrder": 21
  },
  {
    "ID": 57479,
    "Description": 2017,
    "LocationAbbr": "LA",
    "LocationDesc": "Louisiana",
    "DataSource": "BRFSS",
    "Topic": "Obesity / Weight Status",
    "Data_Value": 36.7,
    "Sample_Size": 710,
    "Stratification1": "$15,000 - $24,999",
    "StratificationId1": "INC1525",
    "LocationDisplayOrder": 22
  },
  {
    "ID": 49315,
    "Description": 2017,
    "LocationAbbr": "ME",
    "LocationDesc": "Maine",
    "DataSource": "BRFSS",
    "Topic": "Obesity / Weight Status",
    "Data_Value": 32.3,
    "Sample_Size": "1,491",
    "Stratification1": "$15,000 - $24,999",
    "StratificationId1": "INC1525",
    "LocationDisplayOrder": 23
  },
  {
    "ID": 53255,
    "Description": 2017,
    "LocationAbbr": "MD",
    "LocationDesc": "Maryland",
    "DataSource": "BRFSS",
    "Topic": "Obesity / Weight Status",
    "Data_Value": 38.6,
    "Sample_Size": "1,264",
    "Stratification1": "$15,000 - $24,999",
    "StratificationId1": "INC1525",
    "LocationDisplayOrder": 24
  },
  {
    "ID": 53187,
    "Description": 2017,
    "LocationAbbr": "MA",
    "LocationDesc": "Massachusetts",
    "DataSource": "BRFSS",
    "Topic": "Obesity / Weight Status",
    "Data_Value": 32.8,
    "Sample_Size": 335,
    "Stratification1": "$15,000 - $24,999",
    "StratificationId1": "INC1525",
    "LocationDisplayOrder": 25
  },
  {
    "ID": 51535,
    "Description": 2017,
    "LocationAbbr": "MI",
    "LocationDesc": "Michigan",
    "DataSource": "BRFSS",
    "Topic": "Obesity / Weight Status",
    "Data_Value": 35.7,
    "Sample_Size": "1,264",
    "Stratification1": "$15,000 - $24,999",
    "StratificationId1": "INC1525",
    "LocationDisplayOrder": 26
  },
  {
    "ID": 50056,
    "Description": 2017,
    "LocationAbbr": "MN",
    "LocationDesc": "Minnesota",
    "DataSource": "BRFSS",
    "Topic": "Obesity / Weight Status",
    "Data_Value": 33.6,
    "Sample_Size": "1,786",
    "Stratification1": "$15,000 - $24,999",
    "StratificationId1": "INC1525",
    "LocationDisplayOrder": 27
  },
  {
    "ID": 55007,
    "Description": 2017,
    "LocationAbbr": "MS",
    "LocationDesc": "Mississippi",
    "DataSource": "BRFSS",
    "Topic": "Obesity / Weight Status",
    "Data_Value": 40.4,
    "Sample_Size": 879,
    "Stratification1": "$15,000 - $24,999",
    "StratificationId1": "INC1525",
    "LocationDisplayOrder": 28
  },
  {
    "ID": 53832,
    "Description": 2017,
    "LocationAbbr": "MO",
    "LocationDesc": "Missouri",
    "DataSource": "BRFSS",
    "Topic": "Obesity / Weight Status",
    "Data_Value": 31.6,
    "Sample_Size": "1,100",
    "Stratification1": "$15,000 - $24,999",
    "StratificationId1": "INC1525",
    "LocationDisplayOrder": 29
  },
  {
    "ID": 54234,
    "Description": 2017,
    "LocationAbbr": "MT",
    "LocationDesc": "Montana",
    "DataSource": "BRFSS",
    "Topic": "Obesity / Weight Status",
    "Data_Value": 25.3,
    "Sample_Size": 924,
    "Stratification1": "$15,000 - $24,999",
    "StratificationId1": "INC1525",
    "LocationDisplayOrder": 30
  },
  {
    "ID": 49239,
    "Description": 2017,
    "LocationAbbr": "NE",
    "LocationDesc": "Nebraska",
    "DataSource": "BRFSS",
    "Topic": "Obesity / Weight Status",
    "Data_Value": 35.1,
    "Sample_Size": "2,091",
    "Stratification1": "$15,000 - $24,999",
    "StratificationId1": "INC1525",
    "LocationDisplayOrder": 31
  },
  {
    "ID": 46635,
    "Description": 2017,
    "LocationAbbr": "NV",
    "LocationDesc": "Nevada",
    "DataSource": "BRFSS",
    "Topic": "Obesity / Weight Status",
    "Data_Value": 29.2,
    "Sample_Size": 509,
    "Stratification1": "$15,000 - $24,999",
    "StratificationId1": "INC1525",
    "LocationDisplayOrder": 32
  },
  {
    "ID": 55695,
    "Description": 2017,
    "LocationAbbr": "NH",
    "LocationDesc": "New Hampshire",
    "DataSource": "BRFSS",
    "Topic": "Obesity / Weight Status",
    "Data_Value": 33.3,
    "Sample_Size": 577,
    "Stratification1": "$15,000 - $24,999",
    "StratificationId1": "INC1525",
    "LocationDisplayOrder": 33
  },
  {
    "ID": 54963,
    "Description": 2017,
    "LocationAbbr": "NJ",
    "LocationDesc": "New Jersey",
    "DataSource": "BRFSS",
    "Topic": "Obesity / Weight Status",
    "Data_Value": 33.1,
    "Sample_Size": "1,376",
    "Stratification1": "$15,000 - $24,999",
    "StratificationId1": "INC1525",
    "LocationDisplayOrder": 34
  },
  {
    "ID": 57836,
    "Description": 2017,
    "LocationAbbr": "NM",
    "LocationDesc": "New Mexico",
    "DataSource": "BRFSS",
    "Topic": "Obesity / Weight Status",
    "Data_Value": 28.6,
    "Sample_Size": "1,132",
    "Stratification1": "$15,000 - $24,999",
    "StratificationId1": "INC1525",
    "LocationDisplayOrder": 35
  },
  {
    "ID": 47516,
    "Description": 2017,
    "LocationAbbr": "NY",
    "LocationDesc": "New York",
    "DataSource": "BRFSS",
    "Topic": "Obesity / Weight Status",
    "Data_Value": 28.6,
    "Sample_Size": "1,676",
    "Stratification1": "$15,000 - $24,999",
    "StratificationId1": "INC1525",
    "LocationDisplayOrder": 36
  },
  {
    "ID": 45969,
    "Description": 2017,
    "LocationAbbr": "NC",
    "LocationDesc": "North Carolina",
    "DataSource": "BRFSS",
    "Topic": "Obesity / Weight Status",
    "Data_Value": 38.8,
    "Sample_Size": 692,
    "Stratification1": "$15,000 - $24,999",
    "StratificationId1": "INC1525",
    "LocationDisplayOrder": 37
  },
  {
    "ID": 47214,
    "Description": 2017,
    "LocationAbbr": "ND",
    "LocationDesc": "North Dakota",
    "DataSource": "BRFSS",
    "Topic": "Obesity / Weight Status",
    "Data_Value": 36.7,
    "Sample_Size": 770,
    "Stratification1": "$15,000 - $24,999",
    "StratificationId1": "INC1525",
    "LocationDisplayOrder": 38
  },
  {
    "ID": 58473,
    "Description": 2017,
    "LocationAbbr": "OH",
    "LocationDesc": "Ohio",
    "DataSource": "BRFSS",
    "Topic": "Obesity / Weight Status",
    "Data_Value": 37.9,
    "Sample_Size": "1,937",
    "Stratification1": "$15,000 - $24,999",
    "StratificationId1": "INC1525",
    "LocationDisplayOrder": 39
  },
  {
    "ID": 58030,
    "Description": 2017,
    "LocationAbbr": "OK",
    "LocationDesc": "Oklahoma",
    "DataSource": "BRFSS",
    "Topic": "Obesity / Weight Status",
    "Data_Value": 45.3,
    "Sample_Size": 913,
    "Stratification1": "$15,000 - $24,999",
    "StratificationId1": "INC1525",
    "LocationDisplayOrder": 40
  },
  {
    "ID": 53019,
    "Description": 2017,
    "LocationAbbr": "OR",
    "LocationDesc": "Oregon",
    "DataSource": "BRFSS",
    "Topic": "Obesity / Weight Status",
    "Data_Value": 35.1,
    "Sample_Size": 685,
    "Stratification1": "$15,000 - $24,999",
    "StratificationId1": "INC1525",
    "LocationDisplayOrder": 41
  },
  {
    "ID": 56912,
    "Description": 2017,
    "LocationAbbr": "PA",
    "LocationDesc": "Pennsylvania",
    "DataSource": "BRFSS",
    "Topic": "Obesity / Weight Status",
    "Data_Value": 36.3,
    "Sample_Size": 807,
    "Stratification1": "$15,000 - $24,999",
    "StratificationId1": "INC1525",
    "LocationDisplayOrder": 42
  },
  {
    "ID": 47507,
    "Description": 2017,
    "LocationAbbr": "RI",
    "LocationDesc": "Rhode Island",
    "DataSource": "BRFSS",
    "Topic": "Obesity / Weight Status",
    "Data_Value": 34.6,
    "Sample_Size": 629,
    "Stratification1": "$15,000 - $24,999",
    "StratificationId1": "INC1525",
    "LocationDisplayOrder": 44
  },
  {
    "ID": 50119,
    "Description": 2017,
    "LocationAbbr": "SC",
    "LocationDesc": "South Carolina",
    "DataSource": "BRFSS",
    "Topic": "Obesity / Weight Status",
    "Data_Value": 37.1,
    "Sample_Size": "1,741",
    "Stratification1": "$15,000 - $24,999",
    "StratificationId1": "INC1525",
    "LocationDisplayOrder": 45
  },
  {
    "ID": 45733,
    "Description": 2017,
    "LocationAbbr": "SD",
    "LocationDesc": "South Dakota",
    "DataSource": "BRFSS",
    "Topic": "Obesity / Weight Status",
    "Data_Value": 31.6,
    "Sample_Size": 882,
    "Stratification1": "$15,000 - $24,999",
    "StratificationId1": "INC1525",
    "LocationDisplayOrder": 46
  },
  {
    "ID": 57473,
    "Description": 2017,
    "LocationAbbr": "TN",
    "LocationDesc": "Tennessee",
    "DataSource": "BRFSS",
    "Topic": "Obesity / Weight Status",
    "Data_Value": 39.1,
    "Sample_Size": 914,
    "Stratification1": "$15,000 - $24,999",
    "StratificationId1": "INC1525",
    "LocationDisplayOrder": 47
  },
  {
    "ID": 53840,
    "Description": 2017,
    "LocationAbbr": "TX",
    "LocationDesc": "Texas",
    "DataSource": "BRFSS",
    "Topic": "Obesity / Weight Status",
    "Data_Value": 37.2,
    "Sample_Size": "1,770",
    "Stratification1": "$15,000 - $24,999",
    "StratificationId1": "INC1525",
    "LocationDisplayOrder": 48
  },
  {
    "ID": 54074,
    "Description": 2017,
    "LocationAbbr": "UT",
    "LocationDesc": "Utah",
    "DataSource": "BRFSS",
    "Topic": "Obesity / Weight Status",
    "Data_Value": 28,
    "Sample_Size": 931,
    "Stratification1": "$15,000 - $24,999",
    "StratificationId1": "INC1525",
    "LocationDisplayOrder": 49
  },
  {
    "ID": 48281,
    "Description": 2017,
    "LocationAbbr": "VT",
    "LocationDesc": "Vermont",
    "DataSource": "BRFSS",
    "Topic": "Obesity / Weight Status",
    "Data_Value": 34.7,
    "Sample_Size": 779,
    "Stratification1": "$15,000 - $24,999",
    "StratificationId1": "INC1525",
    "LocationDisplayOrder": 50
  },
  {
    "ID": 56859,
    "Description": 2017,
    "LocationAbbr": "VA",
    "LocationDesc": "Virginia",
    "DataSource": "BRFSS",
    "Topic": "Obesity / Weight Status",
    "Data_Value": 36.6,
    "Sample_Size": "1,056",
    "Stratification1": "$15,000 - $24,999",
    "StratificationId1": "INC1525",
    "LocationDisplayOrder": 51
  },
  {
    "ID": 46908,
    "Description": 2017,
    "LocationAbbr": "WA",
    "LocationDesc": "Washington",
    "DataSource": "BRFSS",
    "Topic": "Obesity / Weight Status",
    "Data_Value": 33.1,
    "Sample_Size": "1,351",
    "Stratification1": "$15,000 - $24,999",
    "StratificationId1": "INC1525",
    "LocationDisplayOrder": 53
  },
  {
    "ID": 55371,
    "Description": 2017,
    "LocationAbbr": "WV",
    "LocationDesc": "West Virginia",
    "DataSource": "BRFSS",
    "Topic": "Obesity / Weight Status",
    "Data_Value": 38.8,
    "Sample_Size": 893,
    "Stratification1": "$15,000 - $24,999",
    "StratificationId1": "INC1525",
    "LocationDisplayOrder": 54
  },
  {
    "ID": 57747,
    "Description": 2017,
    "LocationAbbr": "WI",
    "LocationDesc": "Wisconsin",
    "DataSource": "BRFSS",
    "Topic": "Obesity / Weight Status",
    "Data_Value": 33.8,
    "Sample_Size": 726,
    "Stratification1": "$15,000 - $24,999",
    "StratificationId1": "INC1525",
    "LocationDisplayOrder": 55
  },
  {
    "ID": 51698,
    "Description": 2017,
    "LocationAbbr": "WY",
    "LocationDesc": "Wyoming",
    "DataSource": "BRFSS",
    "Topic": "Obesity / Weight Status",
    "Data_Value": 31.3,
    "Sample_Size": 583,
    "Stratification1": "$15,000 - $24,999",
    "StratificationId1": "INC1525",
    "LocationDisplayOrder": 56
  },
  {
    "ID": 51435,
    "Description": 2017,
    "LocationAbbr": "GU",
    "LocationDesc": "Guam",
    "DataSource": "BRFSS",
    "Topic": "Obesity / Weight Status",
    "Data_Value": 34.2,
    "Sample_Size": 246,
    "Stratification1": "$15,000 - $24,999",
    "StratificationId1": "INC1525",
    "LocationDisplayOrder": 66
  },
  {
    "ID": 44914,
    "Description": 2017,
    "LocationAbbr": "PR",
    "LocationDesc": "Puerto Rico",
    "DataSource": "BRFSS",
    "Topic": "Obesity / Weight Status",
    "Data_Value": 34.2,
    "Sample_Size": "1,036",
    "Stratification1": "$15,000 - $24,999",
    "StratificationId1": "INC1525",
    "LocationDisplayOrder": 72
  },
  {
    "ID": 54868,
    "Description": 2017,
    "LocationAbbr": "VI",
    "LocationDesc": "Virgin Islands",
    "DataSource": "BRFSS",
    "Topic": "Obesity / Weight Status",
    "Data_Value": "~",
    "Sample_Size": "~",
    "Stratification1": "$15,000 - $24,999",
    "StratificationId1": "INC1525",
    "LocationDisplayOrder": 78
  },
  {
    "ID": "",
    "Description": "",
    "LocationAbbr": "",
    "LocationDesc": "",
    "DataSource": "",
    "Topic": "",
    "Data_Value": "",
    "Sample_Size": "",
    "Stratification1": "",
    "StratificationId1": "",
    "LocationDisplayOrder": ""
  },
  {
    "ID": "",
    "Description": "",
    "LocationAbbr": "",
    "LocationDesc": "",
    "DataSource": "",
    "Topic": "",
    "Data_Value": "",
    "Sample_Size": "",
    "Stratification1": "",
    "StratificationId1": "",
    "LocationDisplayOrder": ""
  },
  {
    "ID": "",
    "Description": "",
    "LocationAbbr": "",
    "LocationDesc": "",
    "DataSource": "",
    "Topic": "",
    "Data_Value": "",
    "Sample_Size": "",
    "Stratification1": "",
    "StratificationId1": "",
    "LocationDisplayOrder": ""
  },
  {
    "ID": "",
    "Description": "",
    "LocationAbbr": "",
    "LocationDesc": "",
    "DataSource": "",
    "Topic": "",
    "Data_Value": "",
    "Sample_Size": "",
    "Stratification1": "",
    "StratificationId1": "",
    "LocationDisplayOrder": ""
  },
  {
    "ID": "",
    "Description": "",
    "LocationAbbr": "",
    "LocationDesc": "",
    "DataSource": "",
    "Topic": "",
    "Data_Value": "",
    "Sample_Size": "",
    "Stratification1": "",
    "StratificationId1": "",
    "LocationDisplayOrder": ""
  },
  {
    "ID": "",
    "Description": "",
    "LocationAbbr": "",
    "LocationDesc": "",
    "DataSource": "",
    "Topic": "",
    "Data_Value": "",
    "Sample_Size": "",
    "Stratification1": "",
    "StratificationId1": "",
    "LocationDisplayOrder": ""
  },
  {
    "ID": "",
    "Description": "",
    "LocationAbbr": "",
    "LocationDesc": "",
    "DataSource": "",
    "Topic": "",
    "Data_Value": "",
    "Sample_Size": "",
    "Stratification1": "",
    "StratificationId1": "",
    "LocationDisplayOrder": ""
  },
  {
    "ID": "",
    "Description": "",
    "LocationAbbr": "",
    "LocationDesc": "",
    "DataSource": "",
    "Topic": "",
    "Data_Value": "",
    "Sample_Size": "",
    "Stratification1": "",
    "StratificationId1": "",
    "LocationDisplayOrder": ""
  },
  {
    "ID": "",
    "Description": "",
    "LocationAbbr": "",
    "LocationDesc": "",
    "DataSource": "",
    "Topic": "",
    "Data_Value": "",
    "Sample_Size": "",
    "Stratification1": "",
    "StratificationId1": "",
    "LocationDisplayOrder": ""
  },
  {
    "ID": "",
    "Description": "",
    "LocationAbbr": "",
    "LocationDesc": "",
    "DataSource": "",
    "Topic": "",
    "Data_Value": "",
    "Sample_Size": "",
    "Stratification1": "",
    "StratificationId1": "",
    "LocationDisplayOrder": ""
  }
]