[
  {
    "ID": 49431,
    "Description": 2017,
    "LocationAbbr": "US",
    "LocationDesc": "National",
    "DataSource": "BRFSS",
    "Topic": "Obesity / Weight Status",
    "Data_Value": 32.9,
    "Sample_Size": "111,007",
    "Stratification1": "High school graduate",
    "StratificationId1": "EDUHSGRAD",
    "LocationDisplayOrder": 0
  },
  {
    "ID": 57061,
    "Description": 2017,
    "LocationAbbr": "AL",
    "LocationDesc": "Alabama",
    "DataSource": "BRFSS",
    "Topic": "Obesity / Weight Status",
    "Data_Value": 37.1,
    "Sample_Size": "1,881",
    "Stratification1": "High school graduate",
    "StratificationId1": "EDUHSGRAD",
    "LocationDisplayOrder": 1
  },
  {
    "ID": 54222,
    "Description": 2017,
    "LocationAbbr": "AK",
    "LocationDesc": "Alaska",
    "DataSource": "BRFSS",
    "Topic": "Obesity / Weight Status",
    "Data_Value": 30,
    "Sample_Size": 820,
    "Stratification1": "High school graduate",
    "StratificationId1": "EDUHSGRAD",
    "LocationDisplayOrder": 2
  },
  {
    "ID": 56793,
    "Description": 2017,
    "LocationAbbr": "AZ",
    "LocationDesc": "Arizona",
    "DataSource": "BRFSS",
    "Topic": "Obesity / Weight Status",
    "Data_Value": 32.8,
    "Sample_Size": "3,287",
    "Stratification1": "High school graduate",
    "StratificationId1": "EDUHSGRAD",
    "LocationDisplayOrder": 4
  },
  {
    "ID": 50703,
    "Description": 2017,
    "LocationAbbr": "AR",
    "LocationDesc": "Arkansas",
    "DataSource": "BRFSS",
    "Topic": "Obesity / Weight Status",
    "Data_Value": 34.6,
    "Sample_Size": "1,655",
    "Stratification1": "High school graduate",
    "StratificationId1": "EDUHSGRAD",
    "LocationDisplayOrder": 5
  },
  {
    "ID": 51277,
    "Description": 2017,
    "LocationAbbr": "CA",
    "LocationDesc": "California",
    "DataSource": "BRFSS",
    "Topic": "Obesity / Weight Status",
    "Data_Value": 28.7,
    "Sample_Size": "1,538",
    "Stratification1": "High school graduate",
    "StratificationId1": "EDUHSGRAD",
    "LocationDisplayOrder": 6
  },
  {
    "ID": 55183,
    "Description": 2017,
    "LocationAbbr": "CO",
    "LocationDesc": "Colorado",
    "DataSource": "BRFSS",
    "Topic": "Obesity / Weight Status",
    "Data_Value": 25.1,
    "Sample_Size": "1,881",
    "Stratification1": "High school graduate",
    "StratificationId1": "EDUHSGRAD",
    "LocationDisplayOrder": 8
  },
  {
    "ID": 45118,
    "Description": 2017,
    "LocationAbbr": "CT",
    "LocationDesc": "Connecticut",
    "DataSource": "BRFSS",
    "Topic": "Obesity / Weight Status",
    "Data_Value": 31.3,
    "Sample_Size": "2,246",
    "Stratification1": "High school graduate",
    "StratificationId1": "EDUHSGRAD",
    "LocationDisplayOrder": 9
  },
  {
    "ID": 45787,
    "Description": 2017,
    "LocationAbbr": "DE",
    "LocationDesc": "Delaware",
    "DataSource": "BRFSS",
    "Topic": "Obesity / Weight Status",
    "Data_Value": 35.3,
    "Sample_Size": "1,062",
    "Stratification1": "High school graduate",
    "StratificationId1": "EDUHSGRAD",
    "LocationDisplayOrder": 10
  },
  {
    "ID": 52927,
    "Description": 2017,
    "LocationAbbr": "DC",
    "LocationDesc": "District of Columbia",
    "DataSource": "BRFSS",
    "Topic": "Obesity / Weight Status",
    "Data_Value": 32.8,
    "Sample_Size": 966,
    "Stratification1": "High school graduate",
    "StratificationId1": "EDUHSGRAD",
    "LocationDisplayOrder": 11
  },
  {
    "ID": 48862,
    "Description": 2017,
    "LocationAbbr": "FL",
    "LocationDesc": "Florida",
    "DataSource": "BRFSS",
    "Topic": "Obesity / Weight Status",
    "Data_Value": 31.2,
    "Sample_Size": "5,920",
    "Stratification1": "High school graduate",
    "StratificationId1": "EDUHSGRAD",
    "LocationDisplayOrder": 12
  },
  {
    "ID": 45022,
    "Description": 2017,
    "LocationAbbr": "GA",
    "LocationDesc": "Georgia",
    "DataSource": "BRFSS",
    "Topic": "Obesity / Weight Status",
    "Data_Value": 34.2,
    "Sample_Size": "1,445",
    "Stratification1": "High school graduate",
    "StratificationId1": "EDUHSGRAD",
    "LocationDisplayOrder": 13
  },
  {
    "ID": 44352,
    "Description": 2017,
    "LocationAbbr": "HI",
    "LocationDesc": "Hawaii",
    "DataSource": "BRFSS",
    "Topic": "Obesity / Weight Status",
    "Data_Value": 28.6,
    "Sample_Size": "1,806",
    "Stratification1": "High school graduate",
    "StratificationId1": "EDUHSGRAD",
    "LocationDisplayOrder": 15
  },
  {
    "ID": 54529,
    "Description": 2017,
    "LocationAbbr": "ID",
    "LocationDesc": "Idaho",
    "DataSource": "BRFSS",
    "Topic": "Obesity / Weight Status",
    "Data_Value": 32.3,
    "Sample_Size": "1,210",
    "Stratification1": "High school graduate",
    "StratificationId1": "EDUHSGRAD",
    "LocationDisplayOrder": 16
  },
  {
    "ID": 45033,
    "Description": 2017,
    "LocationAbbr": "IL",
    "LocationDesc": "Illinois",
    "DataSource": "BRFSS",
    "Topic": "Obesity / Weight Status",
    "Data_Value": 33,
    "Sample_Size": "1,245",
    "Stratification1": "High school graduate",
    "StratificationId1": "EDUHSGRAD",
    "LocationDisplayOrder": 17
  },
  {
    "ID": 45263,
    "Description": 2017,
    "LocationAbbr": "IN",
    "LocationDesc": "Indiana",
    "DataSource": "BRFSS",
    "Topic": "Obesity / Weight Status",
    "Data_Value": 34.4,
    "Sample_Size": "4,342",
    "Stratification1": "High school graduate",
    "StratificationId1": "EDUHSGRAD",
    "LocationDisplayOrder": 18
  },
  {
    "ID": 45261,
    "Description": 2017,
    "LocationAbbr": "IA",
    "LocationDesc": "Iowa",
    "DataSource": "BRFSS",
    "Topic": "Obesity / Weight Status",
    "Data_Value": 39.9,
    "Sample_Size": "2,264",
    "Stratification1": "High school graduate",
    "StratificationId1": "EDUHSGRAD",
    "LocationDisplayOrder": 19
  },
  {
    "ID": 44490,
    "Description": 2017,
    "LocationAbbr": "KS",
    "LocationDesc": "Kansas",
    "DataSource": "BRFSS",
    "Topic": "Obesity / Weight Status",
    "Data_Value": 33.6,
    "Sample_Size": "5,219",
    "Stratification1": "High school graduate",
    "StratificationId1": "EDUHSGRAD",
    "LocationDisplayOrder": 20
  },
  {
    "ID": 49539,
    "Description": 2017,
    "LocationAbbr": "KY",
    "LocationDesc": "Kentucky",
    "DataSource": "BRFSS",
    "Topic": "Obesity / Weight Status",
    "Data_Value": 36,
    "Sample_Size": "2,556",
    "Stratification1": "High school graduate",
    "StratificationId1": "EDUHSGRAD",
    "LocationDisplayOrder": 21
  },
  {
    "ID": 46025,
    "Description": 2017,
    "LocationAbbr": "LA",
    "LocationDesc": "Louisiana",
    "DataSource": "BRFSS",
    "Topic": "Obesity / Weight Status",
    "Data_Value": 38.6,
    "Sample_Size": "1,386",
    "Stratification1": "High school graduate",
    "StratificationId1": "EDUHSGRAD",
    "LocationDisplayOrder": 22
  },
  {
    "ID": 58233,
    "Description": 2017,
    "LocationAbbr": "ME",
    "LocationDesc": "Maine",
    "DataSource": "BRFSS",
    "Topic": "Obesity / Weight Status",
    "Data_Value": 33.4,
    "Sample_Size": "2,660",
    "Stratification1": "High school graduate",
    "StratificationId1": "EDUHSGRAD",
    "LocationDisplayOrder": 23
  },
  {
    "ID": 46659,
    "Description": 2017,
    "LocationAbbr": "MD",
    "LocationDesc": "Maryland",
    "DataSource": "BRFSS",
    "Topic": "Obesity / Weight Status",
    "Data_Value": 35.7,
    "Sample_Size": "3,164",
    "Stratification1": "High school graduate",
    "StratificationId1": "EDUHSGRAD",
    "LocationDisplayOrder": 24
  },
  {
    "ID": 45078,
    "Description": 2017,
    "LocationAbbr": "MA",
    "LocationDesc": "Massachusetts",
    "DataSource": "BRFSS",
    "Topic": "Obesity / Weight Status",
    "Data_Value": 32.5,
    "Sample_Size": "1,213",
    "Stratification1": "High school graduate",
    "StratificationId1": "EDUHSGRAD",
    "LocationDisplayOrder": 25
  },
  {
    "ID": 49280,
    "Description": 2017,
    "LocationAbbr": "MI",
    "LocationDesc": "Michigan",
    "DataSource": "BRFSS",
    "Topic": "Obesity / Weight Status",
    "Data_Value": 34.1,
    "Sample_Size": "2,684",
    "Stratification1": "High school graduate",
    "StratificationId1": "EDUHSGRAD",
    "LocationDisplayOrder": 26
  },
  {
    "ID": 55213,
    "Description": 2017,
    "LocationAbbr": "MN",
    "LocationDesc": "Minnesota",
    "DataSource": "BRFSS",
    "Topic": "Obesity / Weight Status",
    "Data_Value": 30.3,
    "Sample_Size": "3,762",
    "Stratification1": "High school graduate",
    "StratificationId1": "EDUHSGRAD",
    "LocationDisplayOrder": 27
  },
  {
    "ID": 48880,
    "Description": 2017,
    "LocationAbbr": "MS",
    "LocationDesc": "Mississippi",
    "DataSource": "BRFSS",
    "Topic": "Obesity / Weight Status",
    "Data_Value": 37.6,
    "Sample_Size": "1,379",
    "Stratification1": "High school graduate",
    "StratificationId1": "EDUHSGRAD",
    "LocationDisplayOrder": 28
  },
  {
    "ID": 49800,
    "Description": 2017,
    "LocationAbbr": "MO",
    "LocationDesc": "Missouri",
    "DataSource": "BRFSS",
    "Topic": "Obesity / Weight Status",
    "Data_Value": 32.9,
    "Sample_Size": "2,172",
    "Stratification1": "High school graduate",
    "StratificationId1": "EDUHSGRAD",
    "LocationDisplayOrder": 29
  },
  {
    "ID": 55202,
    "Description": 2017,
    "LocationAbbr": "MT",
    "LocationDesc": "Montana",
    "DataSource": "BRFSS",
    "Topic": "Obesity / Weight Status",
    "Data_Value": 25.4,
    "Sample_Size": "1,601",
    "Stratification1": "High school graduate",
    "StratificationId1": "EDUHSGRAD",
    "LocationDisplayOrder": 30
  },
  {
    "ID": 54907,
    "Description": 2017,
    "LocationAbbr": "NE",
    "LocationDesc": "Nebraska",
    "DataSource": "BRFSS",
    "Topic": "Obesity / Weight Status",
    "Data_Value": 34.3,
    "Sample_Size": "4,655",
    "Stratification1": "High school graduate",
    "StratificationId1": "EDUHSGRAD",
    "LocationDisplayOrder": 31
  },
  {
    "ID": 44913,
    "Description": 2017,
    "LocationAbbr": "NV",
    "LocationDesc": "Nevada",
    "DataSource": "BRFSS",
    "Topic": "Obesity / Weight Status",
    "Data_Value": 29.1,
    "Sample_Size": 854,
    "Stratification1": "High school graduate",
    "StratificationId1": "EDUHSGRAD",
    "LocationDisplayOrder": 32
  },
  {
    "ID": 49211,
    "Description": 2017,
    "LocationAbbr": "NH",
    "LocationDesc": "New Hampshire",
    "DataSource": "BRFSS",
    "Topic": "Obesity / Weight Status",
    "Data_Value": 31.5,
    "Sample_Size": "1,330",
    "Stratification1": "High school graduate",
    "StratificationId1": "EDUHSGRAD",
    "LocationDisplayOrder": 33
  },
  {
    "ID": 47033,
    "Description": 2017,
    "LocationAbbr": "NJ",
    "LocationDesc": "New Jersey",
    "DataSource": "BRFSS",
    "Topic": "Obesity / Weight Status",
    "Data_Value": 33.5,
    "Sample_Size": "2,616",
    "Stratification1": "High school graduate",
    "StratificationId1": "EDUHSGRAD",
    "LocationDisplayOrder": 34
  },
  {
    "ID": 58489,
    "Description": 2017,
    "LocationAbbr": "NM",
    "LocationDesc": "New Mexico",
    "DataSource": "BRFSS",
    "Topic": "Obesity / Weight Status",
    "Data_Value": 29.1,
    "Sample_Size": "1,693",
    "Stratification1": "High school graduate",
    "StratificationId1": "EDUHSGRAD",
    "LocationDisplayOrder": 35
  },
  {
    "ID": 54656,
    "Description": 2017,
    "LocationAbbr": "NY",
    "LocationDesc": "New York",
    "DataSource": "BRFSS",
    "Topic": "Obesity / Weight Status",
    "Data_Value": 28.1,
    "Sample_Size": "2,659",
    "Stratification1": "High school graduate",
    "StratificationId1": "EDUHSGRAD",
    "LocationDisplayOrder": 36
  },
  {
    "ID": 44468,
    "Description": 2017,
    "LocationAbbr": "NC",
    "LocationDesc": "North Carolina",
    "DataSource": "BRFSS",
    "Topic": "Obesity / Weight Status",
    "Data_Value": 32.4,
    "Sample_Size": "1,145",
    "Stratification1": "High school graduate",
    "StratificationId1": "EDUHSGRAD",
    "LocationDisplayOrder": 37
  },
  {
    "ID": 48222,
    "Description": 2017,
    "LocationAbbr": "ND",
    "LocationDesc": "North Dakota",
    "DataSource": "BRFSS",
    "Topic": "Obesity / Weight Status",
    "Data_Value": 36.7,
    "Sample_Size": "1,844",
    "Stratification1": "High school graduate",
    "StratificationId1": "EDUHSGRAD",
    "LocationDisplayOrder": 38
  },
  {
    "ID": 49098,
    "Description": 2017,
    "LocationAbbr": "OH",
    "LocationDesc": "Ohio",
    "DataSource": "BRFSS",
    "Topic": "Obesity / Weight Status",
    "Data_Value": 36,
    "Sample_Size": "4,052",
    "Stratification1": "High school graduate",
    "StratificationId1": "EDUHSGRAD",
    "LocationDisplayOrder": 39
  },
  {
    "ID": 46034,
    "Description": 2017,
    "LocationAbbr": "OK",
    "LocationDesc": "Oklahoma",
    "DataSource": "BRFSS",
    "Topic": "Obesity / Weight Status",
    "Data_Value": 37.9,
    "Sample_Size": "1,829",
    "Stratification1": "High school graduate",
    "StratificationId1": "EDUHSGRAD",
    "LocationDisplayOrder": 40
  },
  {
    "ID": 48008,
    "Description": 2017,
    "LocationAbbr": "OR",
    "LocationDesc": "Oregon",
    "DataSource": "BRFSS",
    "Topic": "Obesity / Weight Status",
    "Data_Value": 33.2,
    "Sample_Size": "1,112",
    "Stratification1": "High school graduate",
    "StratificationId1": "EDUHSGRAD",
    "LocationDisplayOrder": 41
  },
  {
    "ID": 45608,
    "Description": 2017,
    "LocationAbbr": "PA",
    "LocationDesc": "Pennsylvania",
    "DataSource": "BRFSS",
    "Topic": "Obesity / Weight Status",
    "Data_Value": 34,
    "Sample_Size": "1,810",
    "Stratification1": "High school graduate",
    "StratificationId1": "EDUHSGRAD",
    "LocationDisplayOrder": 42
  },
  {
    "ID": 56410,
    "Description": 2017,
    "LocationAbbr": "RI",
    "LocationDesc": "Rhode Island",
    "DataSource": "BRFSS",
    "Topic": "Obesity / Weight Status",
    "Data_Value": 34.2,
    "Sample_Size": "1,269",
    "Stratification1": "High school graduate",
    "StratificationId1": "EDUHSGRAD",
    "LocationDisplayOrder": 44
  },
  {
    "ID": 56568,
    "Description": 2017,
    "LocationAbbr": "SC",
    "LocationDesc": "South Carolina",
    "DataSource": "BRFSS",
    "Topic": "Obesity / Weight Status",
    "Data_Value": 37.8,
    "Sample_Size": "3,101",
    "Stratification1": "High school graduate",
    "StratificationId1": "EDUHSGRAD",
    "LocationDisplayOrder": 45
  },
  {
    "ID": 52617,
    "Description": 2017,
    "LocationAbbr": "SD",
    "LocationDesc": "South Dakota",
    "DataSource": "BRFSS",
    "Topic": "Obesity / Weight Status",
    "Data_Value": 32.4,
    "Sample_Size": "1,899",
    "Stratification1": "High school graduate",
    "StratificationId1": "EDUHSGRAD",
    "LocationDisplayOrder": 46
  },
  {
    "ID": 48933,
    "Description": 2017,
    "LocationAbbr": "TN",
    "LocationDesc": "Tennessee",
    "DataSource": "BRFSS",
    "Topic": "Obesity / Weight Status",
    "Data_Value": 33.4,
    "Sample_Size": "1,717",
    "Stratification1": "High school graduate",
    "StratificationId1": "EDUHSGRAD",
    "LocationDisplayOrder": 47
  },
  {
    "ID": 45739,
    "Description": 2017,
    "LocationAbbr": "TX",
    "LocationDesc": "Texas",
    "DataSource": "BRFSS",
    "Topic": "Obesity / Weight Status",
    "Data_Value": 35.8,
    "Sample_Size": "2,662",
    "Stratification1": "High school graduate",
    "StratificationId1": "EDUHSGRAD",
    "LocationDisplayOrder": 48
  },
  {
    "ID": 48499,
    "Description": 2017,
    "LocationAbbr": "UT",
    "LocationDesc": "Utah",
    "DataSource": "BRFSS",
    "Topic": "Obesity / Weight Status",
    "Data_Value": 24.9,
    "Sample_Size": "2,414",
    "Stratification1": "High school graduate",
    "StratificationId1": "EDUHSGRAD",
    "LocationDisplayOrder": 49
  },
  {
    "ID": 54210,
    "Description": 2017,
    "LocationAbbr": "VT",
    "LocationDesc": "Vermont",
    "DataSource": "BRFSS",
    "Topic": "Obesity / Weight Status",
    "Data_Value": 33.5,
    "Sample_Size": "1,646",
    "Stratification1": "High school graduate",
    "StratificationId1": "EDUHSGRAD",
    "LocationDisplayOrder": 50
  },
  {
    "ID": 46366,
    "Description": 2017,
    "LocationAbbr": "VA",
    "LocationDesc": "Virginia",
    "DataSource": "BRFSS",
    "Topic": "Obesity / Weight Status",
    "Data_Value": 32.7,
    "Sample_Size": "2,090",
    "Stratification1": "High school graduate",
    "StratificationId1": "EDUHSGRAD",
    "LocationDisplayOrder": 51
  },
  {
    "ID": 47425,
    "Description": 2017,
    "LocationAbbr": "WA",
    "LocationDesc": "Washington",
    "DataSource": "BRFSS",
    "Topic": "Obesity / Weight Status",
    "Data_Value": 31.8,
    "Sample_Size": "2,649",
    "Stratification1": "High school graduate",
    "StratificationId1": "EDUHSGRAD",
    "LocationDisplayOrder": 53
  },
  {
    "ID": 57333,
    "Description": 2017,
    "LocationAbbr": "WV",
    "LocationDesc": "West Virginia",
    "DataSource": "BRFSS",
    "Topic": "Obesity / Weight Status",
    "Data_Value": 37.2,
    "Sample_Size": "1,811",
    "Stratification1": "High school graduate",
    "StratificationId1": "EDUHSGRAD",
    "LocationDisplayOrder": 54
  },
  {
    "ID": 52560,
    "Description": 2017,
    "LocationAbbr": "WI",
    "LocationDesc": "Wisconsin",
    "DataSource": "BRFSS",
    "Topic": "Obesity / Weight Status",
    "Data_Value": 34.2,
    "Sample_Size": "1,584",
    "Stratification1": "High school graduate",
    "StratificationId1": "EDUHSGRAD",
    "LocationDisplayOrder": 55
  },
  {
    "ID": 56951,
    "Description": 2017,
    "LocationAbbr": "WY",
    "LocationDesc": "Wyoming",
    "DataSource": "BRFSS",
    "Topic": "Obesity / Weight Status",
    "Data_Value": 31.3,
    "Sample_Size": "1,202",
    "Stratification1": "High school graduate",
    "StratificationId1": "EDUHSGRAD",
    "LocationDisplayOrder": 56
  },
  {
    "ID": 45783,
    "Description": 2017,
    "LocationAbbr": "GU",
    "LocationDesc": "Guam",
    "DataSource": "BRFSS",
    "Topic": "Obesity / Weight Status",
    "Data_Value": 35.4,
    "Sample_Size": 507,
    "Stratification1": "High school graduate",
    "StratificationId1": "EDUHSGRAD",
    "LocationDisplayOrder": 66
  },
  {
    "ID": 49023,
    "Description": 2017,
    "LocationAbbr": "PR",
    "LocationDesc": "Puerto Rico",
    "DataSource": "BRFSS",
    "Topic": "Obesity / Weight Status",
    "Data_Value": 35.9,
    "Sample_Size": "1,122",
    "Stratification1": "High school graduate",
    "StratificationId1": "EDUHSGRAD",
    "LocationDisplayOrder": 72
  },
  {
    "ID": 56163,
    "Description": 2017,
    "LocationAbbr": "VI",
    "LocationDesc": "Virgin Islands",
    "DataSource": "BRFSS",
    "Topic": "Obesity / Weight Status",
    "Data_Value": "~",
    "Sample_Size": "~",
    "Stratification1": "High school graduate",
    "StratificationId1": "EDUHSGRAD",
    "LocationDisplayOrder": 78
  },
  {
    "ID": "",
    "Description": "",
    "LocationAbbr": "",
    "LocationDesc": "",
    "DataSource": "",
    "Topic": "",
    "Data_Value": "",
    "Sample_Size": "",
    "Stratification1": "",
    "StratificationId1": "",
    "LocationDisplayOrder": ""
  },
  {
    "ID": "",
    "Description": "",
    "LocationAbbr": "",
    "LocationDesc": "",
    "DataSource": "",
    "Topic": "",
    "Data_Value": "",
    "Sample_Size": "",
    "Stratification1": "",
    "StratificationId1": "",
    "LocationDisplayOrder": ""
  },
  {
    "ID": "",
    "Description": "",
    "LocationAbbr": "",
    "LocationDesc": "",
    "DataSource": "",
    "Topic": "",
    "Data_Value": "",
    "Sample_Size": "",
    "Stratification1": "",
    "StratificationId1": "",
    "LocationDisplayOrder": ""
  },
  {
    "ID": "",
    "Description": "",
    "LocationAbbr": "",
    "LocationDesc": "",
    "DataSource": "",
    "Topic": "",
    "Data_Value": "",
    "Sample_Size": "",
    "Stratification1": "",
    "StratificationId1": "",
    "LocationDisplayOrder": ""
  },
  {
    "ID": "",
    "Description": "",
    "LocationAbbr": "",
    "LocationDesc": "",
    "DataSource": "",
    "Topic": "",
    "Data_Value": "",
    "Sample_Size": "",
    "Stratification1": "",
    "StratificationId1": "",
    "LocationDisplayOrder": ""
  },
  {
    "ID": "",
    "Description": "",
    "LocationAbbr": "",
    "LocationDesc": "",
    "DataSource": "",
    "Topic": "",
    "Data_Value": "",
    "Sample_Size": "",
    "Stratification1": "",
    "StratificationId1": "",
    "LocationDisplayOrder": ""
  },
  {
    "ID": "",
    "Description": "",
    "LocationAbbr": "",
    "LocationDesc": "",
    "DataSource": "",
    "Topic": "",
    "Data_Value": "",
    "Sample_Size": "",
    "Stratification1": "",
    "StratificationId1": "",
    "LocationDisplayOrder": ""
  },
  {
    "ID": "",
    "Description": "",
    "LocationAbbr": "",
    "LocationDesc": "",
    "DataSource": "",
    "Topic": "",
    "Data_Value": "",
    "Sample_Size": "",
    "Stratification1": "",
    "StratificationId1": "",
    "LocationDisplayOrder": ""
  },
  {
    "ID": "",
    "Description": "",
    "LocationAbbr": "",
    "LocationDesc": "",
    "DataSource": "",
    "Topic": "",
    "Data_Value": "",
    "Sample_Size": "",
    "Stratification1": "",
    "StratificationId1": "",
    "LocationDisplayOrder": ""
  },
  {
    "ID": "",
    "Description": "",
    "LocationAbbr": "",
    "LocationDesc": "",
    "DataSource": "",
    "Topic": "",
    "Data_Value": "",
    "Sample_Size": "",
    "Stratification1": "",
    "StratificationId1": "",
    "LocationDisplayOrder": ""
  }
]