[
  {
    "ID": 51262,
    "Description": 2017,
    "LocationAbbr": "US",
    "LocationDesc": "National",
    "DataSource": "BRFSS",
    "Topic": "Obesity / Weight Status",
    "Data_Value": 30.2,
    "Sample_Size": "187,637",
    "Stratification1": "Male",
    "StratificationId1": "MALE",
    "LocationDisplayOrder": 0
  },
  {
    "ID": 46985,
    "Description": 2017,
    "LocationAbbr": "AL",
    "LocationDesc": "Alabama",
    "DataSource": "BRFSS",
    "Topic": "Obesity / Weight Status",
    "Data_Value": 35.1,
    "Sample_Size": "2,605",
    "Stratification1": "Male",
    "StratificationId1": "MALE",
    "LocationDisplayOrder": 1
  },
  {
    "ID": 48249,
    "Description": 2017,
    "LocationAbbr": "AK",
    "LocationDesc": "Alaska",
    "DataSource": "BRFSS",
    "Topic": "Obesity / Weight Status",
    "Data_Value": 32.6,
    "Sample_Size": "1,491",
    "Stratification1": "Male",
    "StratificationId1": "MALE",
    "LocationDisplayOrder": 2
  },
  {
    "ID": 55122,
    "Description": 2017,
    "LocationAbbr": "AZ",
    "LocationDesc": "Arizona",
    "DataSource": "BRFSS",
    "Topic": "Obesity / Weight Status",
    "Data_Value": 30.1,
    "Sample_Size": "6,626",
    "Stratification1": "Male",
    "StratificationId1": "MALE",
    "LocationDisplayOrder": 4
  },
  {
    "ID": 45217,
    "Description": 2017,
    "LocationAbbr": "AR",
    "LocationDesc": "Arkansas",
    "DataSource": "BRFSS",
    "Topic": "Obesity / Weight Status",
    "Data_Value": 32.8,
    "Sample_Size": "1,829",
    "Stratification1": "Male",
    "StratificationId1": "MALE",
    "LocationDisplayOrder": 5
  },
  {
    "ID": 45679,
    "Description": 2017,
    "LocationAbbr": "CA",
    "LocationDesc": "California",
    "DataSource": "BRFSS",
    "Topic": "Obesity / Weight Status",
    "Data_Value": 24.5,
    "Sample_Size": "4,273",
    "Stratification1": "Male",
    "StratificationId1": "MALE",
    "LocationDisplayOrder": 6
  },
  {
    "ID": 50091,
    "Description": 2017,
    "LocationAbbr": "CO",
    "LocationDesc": "Colorado",
    "DataSource": "BRFSS",
    "Topic": "Obesity / Weight Status",
    "Data_Value": 21.5,
    "Sample_Size": "4,383",
    "Stratification1": "Male",
    "StratificationId1": "MALE",
    "LocationDisplayOrder": 8
  },
  {
    "ID": 58495,
    "Description": 2017,
    "LocationAbbr": "CT",
    "LocationDesc": "Connecticut",
    "DataSource": "BRFSS",
    "Topic": "Obesity / Weight Status",
    "Data_Value": 29.3,
    "Sample_Size": "4,340",
    "Stratification1": "Male",
    "StratificationId1": "MALE",
    "LocationDisplayOrder": 9
  },
  {
    "ID": 46056,
    "Description": 2017,
    "LocationAbbr": "DE",
    "LocationDesc": "Delaware",
    "DataSource": "BRFSS",
    "Topic": "Obesity / Weight Status",
    "Data_Value": 32.3,
    "Sample_Size": "1,686",
    "Stratification1": "Male",
    "StratificationId1": "MALE",
    "LocationDisplayOrder": 10
  },
  {
    "ID": 50428,
    "Description": 2017,
    "LocationAbbr": "DC",
    "LocationDesc": "District of Columbia",
    "DataSource": "BRFSS",
    "Topic": "Obesity / Weight Status",
    "Data_Value": 18.4,
    "Sample_Size": "1,831",
    "Stratification1": "Male",
    "StratificationId1": "MALE",
    "LocationDisplayOrder": 11
  },
  {
    "ID": 48877,
    "Description": 2017,
    "LocationAbbr": "FL",
    "LocationDesc": "Florida",
    "DataSource": "BRFSS",
    "Topic": "Obesity / Weight Status",
    "Data_Value": 29.6,
    "Sample_Size": "9,091",
    "Stratification1": "Male",
    "StratificationId1": "MALE",
    "LocationDisplayOrder": 12
  },
  {
    "ID": 55779,
    "Description": 2017,
    "LocationAbbr": "GA",
    "LocationDesc": "Georgia",
    "DataSource": "BRFSS",
    "Topic": "Obesity / Weight Status",
    "Data_Value": 29.7,
    "Sample_Size": "2,403",
    "Stratification1": "Male",
    "StratificationId1": "MALE",
    "LocationDisplayOrder": 13
  },
  {
    "ID": 44658,
    "Description": 2017,
    "LocationAbbr": "HI",
    "LocationDesc": "Hawaii",
    "DataSource": "BRFSS",
    "Topic": "Obesity / Weight Status",
    "Data_Value": 25.1,
    "Sample_Size": "3,529",
    "Stratification1": "Male",
    "StratificationId1": "MALE",
    "LocationDisplayOrder": 15
  },
  {
    "ID": 44941,
    "Description": 2017,
    "LocationAbbr": "ID",
    "LocationDesc": "Idaho",
    "DataSource": "BRFSS",
    "Topic": "Obesity / Weight Status",
    "Data_Value": 30.5,
    "Sample_Size": "2,154",
    "Stratification1": "Male",
    "StratificationId1": "MALE",
    "LocationDisplayOrder": 16
  },
  {
    "ID": 50920,
    "Description": 2017,
    "LocationAbbr": "IL",
    "LocationDesc": "Illinois",
    "DataSource": "BRFSS",
    "Topic": "Obesity / Weight Status",
    "Data_Value": 31.7,
    "Sample_Size": "2,390",
    "Stratification1": "Male",
    "StratificationId1": "MALE",
    "LocationDisplayOrder": 17
  },
  {
    "ID": 46285,
    "Description": 2017,
    "LocationAbbr": "IN",
    "LocationDesc": "Indiana",
    "DataSource": "BRFSS",
    "Topic": "Obesity / Weight Status",
    "Data_Value": 33.5,
    "Sample_Size": "5,733",
    "Stratification1": "Male",
    "StratificationId1": "MALE",
    "LocationDisplayOrder": 18
  },
  {
    "ID": 51635,
    "Description": 2017,
    "LocationAbbr": "IA",
    "LocationDesc": "Iowa",
    "DataSource": "BRFSS",
    "Topic": "Obesity / Weight Status",
    "Data_Value": 36.4,
    "Sample_Size": "3,530",
    "Stratification1": "Male",
    "StratificationId1": "MALE",
    "LocationDisplayOrder": 19
  },
  {
    "ID": 49364,
    "Description": 2017,
    "LocationAbbr": "KS",
    "LocationDesc": "Kansas",
    "DataSource": "BRFSS",
    "Topic": "Obesity / Weight Status",
    "Data_Value": 32.3,
    "Sample_Size": "9,668",
    "Stratification1": "Male",
    "StratificationId1": "MALE",
    "LocationDisplayOrder": 20
  },
  {
    "ID": 44835,
    "Description": 2017,
    "LocationAbbr": "KY",
    "LocationDesc": "Kentucky",
    "DataSource": "BRFSS",
    "Topic": "Obesity / Weight Status",
    "Data_Value": 36,
    "Sample_Size": "3,526",
    "Stratification1": "Male",
    "StratificationId1": "MALE",
    "LocationDisplayOrder": 21
  },
  {
    "ID": 50031,
    "Description": 2017,
    "LocationAbbr": "LA",
    "LocationDesc": "Louisiana",
    "DataSource": "BRFSS",
    "Topic": "Obesity / Weight Status",
    "Data_Value": 36,
    "Sample_Size": "1,924",
    "Stratification1": "Male",
    "StratificationId1": "MALE",
    "LocationDisplayOrder": 22
  },
  {
    "ID": 55123,
    "Description": 2017,
    "LocationAbbr": "ME",
    "LocationDesc": "Maine",
    "DataSource": "BRFSS",
    "Topic": "Obesity / Weight Status",
    "Data_Value": 31.4,
    "Sample_Size": "4,095",
    "Stratification1": "Male",
    "StratificationId1": "MALE",
    "LocationDisplayOrder": 23
  },
  {
    "ID": 57576,
    "Description": 2017,
    "LocationAbbr": "MD",
    "LocationDesc": "Maryland",
    "DataSource": "BRFSS",
    "Topic": "Obesity / Weight Status",
    "Data_Value": 30.2,
    "Sample_Size": "5,283",
    "Stratification1": "Male",
    "StratificationId1": "MALE",
    "LocationDisplayOrder": 24
  },
  {
    "ID": 56807,
    "Description": 2017,
    "LocationAbbr": "MA",
    "LocationDesc": "Massachusetts",
    "DataSource": "BRFSS",
    "Topic": "Obesity / Weight Status",
    "Data_Value": 27.6,
    "Sample_Size": "2,917",
    "Stratification1": "Male",
    "StratificationId1": "MALE",
    "LocationDisplayOrder": 25
  },
  {
    "ID": 47887,
    "Description": 2017,
    "LocationAbbr": "MI",
    "LocationDesc": "Michigan",
    "DataSource": "BRFSS",
    "Topic": "Obesity / Weight Status",
    "Data_Value": 31.4,
    "Sample_Size": "4,659",
    "Stratification1": "Male",
    "StratificationId1": "MALE",
    "LocationDisplayOrder": 26
  },
  {
    "ID": 49281,
    "Description": 2017,
    "LocationAbbr": "MN",
    "LocationDesc": "Minnesota",
    "DataSource": "BRFSS",
    "Topic": "Obesity / Weight Status",
    "Data_Value": 30.4,
    "Sample_Size": "7,695",
    "Stratification1": "Male",
    "StratificationId1": "MALE",
    "LocationDisplayOrder": 27
  },
  {
    "ID": 50584,
    "Description": 2017,
    "LocationAbbr": "MS",
    "LocationDesc": "Mississippi",
    "DataSource": "BRFSS",
    "Topic": "Obesity / Weight Status",
    "Data_Value": 35.7,
    "Sample_Size": "1,950",
    "Stratification1": "Male",
    "StratificationId1": "MALE",
    "LocationDisplayOrder": 28
  },
  {
    "ID": 45945,
    "Description": 2017,
    "LocationAbbr": "MO",
    "LocationDesc": "Missouri",
    "DataSource": "BRFSS",
    "Topic": "Obesity / Weight Status",
    "Data_Value": 31.5,
    "Sample_Size": "3,119",
    "Stratification1": "Male",
    "StratificationId1": "MALE",
    "LocationDisplayOrder": 29
  },
  {
    "ID": 45751,
    "Description": 2017,
    "LocationAbbr": "MT",
    "LocationDesc": "Montana",
    "DataSource": "BRFSS",
    "Topic": "Obesity / Weight Status",
    "Data_Value": 27.2,
    "Sample_Size": "2,658",
    "Stratification1": "Male",
    "StratificationId1": "MALE",
    "LocationDisplayOrder": 30
  },
  {
    "ID": 55162,
    "Description": 2017,
    "LocationAbbr": "NE",
    "LocationDesc": "Nebraska",
    "DataSource": "BRFSS",
    "Topic": "Obesity / Weight Status",
    "Data_Value": 33.2,
    "Sample_Size": "6,753",
    "Stratification1": "Male",
    "StratificationId1": "MALE",
    "LocationDisplayOrder": 31
  },
  {
    "ID": 50586,
    "Description": 2017,
    "LocationAbbr": "NV",
    "LocationDesc": "Nevada",
    "DataSource": "BRFSS",
    "Topic": "Obesity / Weight Status",
    "Data_Value": 26.3,
    "Sample_Size": "1,608",
    "Stratification1": "Male",
    "StratificationId1": "MALE",
    "LocationDisplayOrder": 32
  },
  {
    "ID": 47837,
    "Description": 2017,
    "LocationAbbr": "NH",
    "LocationDesc": "New Hampshire",
    "DataSource": "BRFSS",
    "Topic": "Obesity / Weight Status",
    "Data_Value": 30.6,
    "Sample_Size": "2,326",
    "Stratification1": "Male",
    "StratificationId1": "MALE",
    "LocationDisplayOrder": 33
  },
  {
    "ID": 48141,
    "Description": 2017,
    "LocationAbbr": "NJ",
    "LocationDesc": "New Jersey",
    "DataSource": "BRFSS",
    "Topic": "Obesity / Weight Status",
    "Data_Value": 29.3,
    "Sample_Size": "4,579",
    "Stratification1": "Male",
    "StratificationId1": "MALE",
    "LocationDisplayOrder": 34
  },
  {
    "ID": 48705,
    "Description": 2017,
    "LocationAbbr": "NM",
    "LocationDesc": "New Mexico",
    "DataSource": "BRFSS",
    "Topic": "Obesity / Weight Status",
    "Data_Value": 27.4,
    "Sample_Size": "2,768",
    "Stratification1": "Male",
    "StratificationId1": "MALE",
    "LocationDisplayOrder": 35
  },
  {
    "ID": 46164,
    "Description": 2017,
    "LocationAbbr": "NY",
    "LocationDesc": "New York",
    "DataSource": "BRFSS",
    "Topic": "Obesity / Weight Status",
    "Data_Value": 26.1,
    "Sample_Size": "5,282",
    "Stratification1": "Male",
    "StratificationId1": "MALE",
    "LocationDisplayOrder": 36
  },
  {
    "ID": 55028,
    "Description": 2017,
    "LocationAbbr": "NC",
    "LocationDesc": "North Carolina",
    "DataSource": "BRFSS",
    "Topic": "Obesity / Weight Status",
    "Data_Value": 30.5,
    "Sample_Size": "2,085",
    "Stratification1": "Male",
    "StratificationId1": "MALE",
    "LocationDisplayOrder": 37
  },
  {
    "ID": 51215,
    "Description": 2017,
    "LocationAbbr": "ND",
    "LocationDesc": "North Dakota",
    "DataSource": "BRFSS",
    "Topic": "Obesity / Weight Status",
    "Data_Value": 35,
    "Sample_Size": "3,171",
    "Stratification1": "Male",
    "StratificationId1": "MALE",
    "LocationDisplayOrder": 38
  },
  {
    "ID": 48353,
    "Description": 2017,
    "LocationAbbr": "OH",
    "LocationDesc": "Ohio",
    "DataSource": "BRFSS",
    "Topic": "Obesity / Weight Status",
    "Data_Value": 33.5,
    "Sample_Size": "4,940",
    "Stratification1": "Male",
    "StratificationId1": "MALE",
    "LocationDisplayOrder": 39
  },
  {
    "ID": 57637,
    "Description": 2017,
    "LocationAbbr": "OK",
    "LocationDesc": "Oklahoma",
    "DataSource": "BRFSS",
    "Topic": "Obesity / Weight Status",
    "Data_Value": 36.9,
    "Sample_Size": "2,595",
    "Stratification1": "Male",
    "StratificationId1": "MALE",
    "LocationDisplayOrder": 40
  },
  {
    "ID": 54418,
    "Description": 2017,
    "LocationAbbr": "OR",
    "LocationDesc": "Oregon",
    "DataSource": "BRFSS",
    "Topic": "Obesity / Weight Status",
    "Data_Value": 28.7,
    "Sample_Size": "2,234",
    "Stratification1": "Male",
    "StratificationId1": "MALE",
    "LocationDisplayOrder": 41
  },
  {
    "ID": 52749,
    "Description": 2017,
    "LocationAbbr": "PA",
    "LocationDesc": "Pennsylvania",
    "DataSource": "BRFSS",
    "Topic": "Obesity / Weight Status",
    "Data_Value": 32.7,
    "Sample_Size": "2,945",
    "Stratification1": "Male",
    "StratificationId1": "MALE",
    "LocationDisplayOrder": 42
  },
  {
    "ID": 48087,
    "Description": 2017,
    "LocationAbbr": "RI",
    "LocationDesc": "Rhode Island",
    "DataSource": "BRFSS",
    "Topic": "Obesity / Weight Status",
    "Data_Value": 31,
    "Sample_Size": "2,288",
    "Stratification1": "Male",
    "StratificationId1": "MALE",
    "LocationDisplayOrder": 44
  },
  {
    "ID": 58002,
    "Description": 2017,
    "LocationAbbr": "SC",
    "LocationDesc": "South Carolina",
    "DataSource": "BRFSS",
    "Topic": "Obesity / Weight Status",
    "Data_Value": 33,
    "Sample_Size": "4,470",
    "Stratification1": "Male",
    "StratificationId1": "MALE",
    "LocationDisplayOrder": 45
  },
  {
    "ID": 48743,
    "Description": 2017,
    "LocationAbbr": "SD",
    "LocationDesc": "South Dakota",
    "DataSource": "BRFSS",
    "Topic": "Obesity / Weight Status",
    "Data_Value": 34.1,
    "Sample_Size": "2,969",
    "Stratification1": "Male",
    "StratificationId1": "MALE",
    "LocationDisplayOrder": 46
  },
  {
    "ID": 50570,
    "Description": 2017,
    "LocationAbbr": "TN",
    "LocationDesc": "Tennessee",
    "DataSource": "BRFSS",
    "Topic": "Obesity / Weight Status",
    "Data_Value": 33.3,
    "Sample_Size": "2,417",
    "Stratification1": "Male",
    "StratificationId1": "MALE",
    "LocationDisplayOrder": 47
  },
  {
    "ID": 54996,
    "Description": 2017,
    "LocationAbbr": "TX",
    "LocationDesc": "Texas",
    "DataSource": "BRFSS",
    "Topic": "Obesity / Weight Status",
    "Data_Value": 33.9,
    "Sample_Size": "4,804",
    "Stratification1": "Male",
    "StratificationId1": "MALE",
    "LocationDisplayOrder": 48
  },
  {
    "ID": 51407,
    "Description": 2017,
    "LocationAbbr": "UT",
    "LocationDesc": "Utah",
    "DataSource": "BRFSS",
    "Topic": "Obesity / Weight Status",
    "Data_Value": 26.1,
    "Sample_Size": "4,658",
    "Stratification1": "Male",
    "StratificationId1": "MALE",
    "LocationDisplayOrder": 49
  },
  {
    "ID": 49057,
    "Description": 2017,
    "LocationAbbr": "VT",
    "LocationDesc": "Vermont",
    "DataSource": "BRFSS",
    "Topic": "Obesity / Weight Status",
    "Data_Value": 28,
    "Sample_Size": "2,806",
    "Stratification1": "Male",
    "StratificationId1": "MALE",
    "LocationDisplayOrder": 50
  },
  {
    "ID": 48745,
    "Description": 2017,
    "LocationAbbr": "VA",
    "LocationDesc": "Virginia",
    "DataSource": "BRFSS",
    "Topic": "Obesity / Weight Status",
    "Data_Value": 28.5,
    "Sample_Size": "3,984",
    "Stratification1": "Male",
    "StratificationId1": "MALE",
    "LocationDisplayOrder": 51
  },
  {
    "ID": 56898,
    "Description": 2017,
    "LocationAbbr": "WA",
    "LocationDesc": "Washington",
    "DataSource": "BRFSS",
    "Topic": "Obesity / Weight Status",
    "Data_Value": 28.2,
    "Sample_Size": "5,757",
    "Stratification1": "Male",
    "StratificationId1": "MALE",
    "LocationDisplayOrder": 53
  },
  {
    "ID": 53931,
    "Description": 2017,
    "LocationAbbr": "WV",
    "LocationDesc": "West Virginia",
    "DataSource": "BRFSS",
    "Topic": "Obesity / Weight Status",
    "Data_Value": 39.4,
    "Sample_Size": "2,295",
    "Stratification1": "Male",
    "StratificationId1": "MALE",
    "LocationDisplayOrder": 54
  },
  {
    "ID": 55963,
    "Description": 2017,
    "LocationAbbr": "WI",
    "LocationDesc": "Wisconsin",
    "DataSource": "BRFSS",
    "Topic": "Obesity / Weight Status",
    "Data_Value": 32.4,
    "Sample_Size": "2,519",
    "Stratification1": "Male",
    "StratificationId1": "MALE",
    "LocationDisplayOrder": 55
  },
  {
    "ID": 55069,
    "Description": 2017,
    "LocationAbbr": "WY",
    "LocationDesc": "Wyoming",
    "DataSource": "BRFSS",
    "Topic": "Obesity / Weight Status",
    "Data_Value": 29.5,
    "Sample_Size": "1,996",
    "Stratification1": "Male",
    "StratificationId1": "MALE",
    "LocationDisplayOrder": 56
  },
  {
    "ID": 46217,
    "Description": 2017,
    "LocationAbbr": "GU",
    "LocationDesc": "Guam",
    "DataSource": "BRFSS",
    "Topic": "Obesity / Weight Status",
    "Data_Value": 36.9,
    "Sample_Size": 703,
    "Stratification1": "Male",
    "StratificationId1": "MALE",
    "LocationDisplayOrder": 66
  },
  {
    "ID": 49551,
    "Description": 2017,
    "LocationAbbr": "PR",
    "LocationDesc": "Puerto Rico",
    "DataSource": "BRFSS",
    "Topic": "Obesity / Weight Status",
    "Data_Value": 30,
    "Sample_Size": "1,674",
    "Stratification1": "Male",
    "StratificationId1": "MALE",
    "LocationDisplayOrder": 72
  },
  {
    "ID": 56933,
    "Description": 2017,
    "LocationAbbr": "VI",
    "LocationDesc": "Virgin Islands",
    "DataSource": "BRFSS",
    "Topic": "Obesity / Weight Status",
    "Data_Value": "~",
    "Sample_Size": "~",
    "Stratification1": "Male",
    "StratificationId1": "MALE",
    "LocationDisplayOrder": 78
  },
  {
    "ID": "",
    "Description": "",
    "LocationAbbr": "",
    "LocationDesc": "",
    "DataSource": "",
    "Topic": "",
    "Data_Value": "",
    "Sample_Size": "",
    "Stratification1": "",
    "StratificationId1": "",
    "LocationDisplayOrder": ""
  },
  {
    "ID": "",
    "Description": "",
    "LocationAbbr": "",
    "LocationDesc": "",
    "DataSource": "",
    "Topic": "",
    "Data_Value": "",
    "Sample_Size": "",
    "Stratification1": "",
    "StratificationId1": "",
    "LocationDisplayOrder": ""
  },
  {
    "ID": "",
    "Description": "",
    "LocationAbbr": "",
    "LocationDesc": "",
    "DataSource": "",
    "Topic": "",
    "Data_Value": "",
    "Sample_Size": "",
    "Stratification1": "",
    "StratificationId1": "",
    "LocationDisplayOrder": ""
  },
  {
    "ID": "",
    "Description": "",
    "LocationAbbr": "",
    "LocationDesc": "",
    "DataSource": "",
    "Topic": "",
    "Data_Value": "",
    "Sample_Size": "",
    "Stratification1": "",
    "StratificationId1": "",
    "LocationDisplayOrder": ""
  },
  {
    "ID": "",
    "Description": "",
    "LocationAbbr": "",
    "LocationDesc": "",
    "DataSource": "",
    "Topic": "",
    "Data_Value": "",
    "Sample_Size": "",
    "Stratification1": "",
    "StratificationId1": "",
    "LocationDisplayOrder": ""
  },
  {
    "ID": "",
    "Description": "",
    "LocationAbbr": "",
    "LocationDesc": "",
    "DataSource": "",
    "Topic": "",
    "Data_Value": "",
    "Sample_Size": "",
    "Stratification1": "",
    "StratificationId1": "",
    "LocationDisplayOrder": ""
  },
  {
    "ID": "",
    "Description": "",
    "LocationAbbr": "",
    "LocationDesc": "",
    "DataSource": "",
    "Topic": "",
    "Data_Value": "",
    "Sample_Size": "",
    "Stratification1": "",
    "StratificationId1": "",
    "LocationDisplayOrder": ""
  },
  {
    "ID": "",
    "Description": "",
    "LocationAbbr": "",
    "LocationDesc": "",
    "DataSource": "",
    "Topic": "",
    "Data_Value": "",
    "Sample_Size": "",
    "Stratification1": "",
    "StratificationId1": "",
    "LocationDisplayOrder": ""
  },
  {
    "ID": "",
    "Description": "",
    "LocationAbbr": "",
    "LocationDesc": "",
    "DataSource": "",
    "Topic": "",
    "Data_Value": "",
    "Sample_Size": "",
    "Stratification1": "",
    "StratificationId1": "",
    "LocationDisplayOrder": ""
  },
  {
    "ID": "",
    "Description": "",
    "LocationAbbr": "",
    "LocationDesc": "",
    "DataSource": "",
    "Topic": "",
    "Data_Value": "",
    "Sample_Size": "",
    "Stratification1": "",
    "StratificationId1": "",
    "LocationDisplayOrder": ""
  }
]