[
  {
    "ID": 1041,
    "Description": 2011,
    "LocationAbbr": "US",
    "LocationDesc": "National",
    "DataSource": "BRFSS",
    "Topic": "Obesity / Weight Status",
    "Data_Value": 25.9,
    "Sample_Size": "44,490",
    "Stratification1": "25 - 34",
    "StratificationId1": "AGEYR2534",
    "LocationDisplayOrder": 0
  },
  {
    "ID": 2018,
    "Description": 2011,
    "LocationAbbr": "AL",
    "LocationDesc": "Alabama",
    "DataSource": "BRFSS",
    "Topic": "Obesity / Weight Status",
    "Data_Value": 35.2,
    "Sample_Size": 598,
    "Stratification1": "25 - 34",
    "StratificationId1": "AGEYR2534",
    "LocationDisplayOrder": 1
  },
  {
    "ID": 12151,
    "Description": 2011,
    "LocationAbbr": "AK",
    "LocationDesc": "Alaska",
    "DataSource": "BRFSS",
    "Topic": "Obesity / Weight Status",
    "Data_Value": 23.5,
    "Sample_Size": 451,
    "Stratification1": "25 - 34",
    "StratificationId1": "AGEYR2534",
    "LocationDisplayOrder": 2
  },
  {
    "ID": 23237,
    "Description": 2011,
    "LocationAbbr": "AZ",
    "LocationDesc": "Arizona",
    "DataSource": "BRFSS",
    "Topic": "Obesity / Weight Status",
    "Data_Value": 23.6,
    "Sample_Size": 471,
    "Stratification1": "25 - 34",
    "StratificationId1": "AGEYR2534",
    "LocationDisplayOrder": 4
  },
  {
    "ID": 37307,
    "Description": 2011,
    "LocationAbbr": "AR",
    "LocationDesc": "Arkansas",
    "DataSource": "BRFSS",
    "Topic": "Obesity / Weight Status",
    "Data_Value": 29.3,
    "Sample_Size": 295,
    "Stratification1": "25 - 34",
    "StratificationId1": "AGEYR2534",
    "LocationDisplayOrder": 5
  },
  {
    "ID": 36409,
    "Description": 2011,
    "LocationAbbr": "CA",
    "LocationDesc": "California",
    "DataSource": "BRFSS",
    "Topic": "Obesity / Weight Status",
    "Data_Value": 23.7,
    "Sample_Size": "1,826",
    "Stratification1": "25 - 34",
    "StratificationId1": "AGEYR2534",
    "LocationDisplayOrder": 6
  },
  {
    "ID": 18373,
    "Description": 2011,
    "LocationAbbr": "CO",
    "LocationDesc": "Colorado",
    "DataSource": "BRFSS",
    "Topic": "Obesity / Weight Status",
    "Data_Value": 19.3,
    "Sample_Size": "1,025",
    "Stratification1": "25 - 34",
    "StratificationId1": "AGEYR2534",
    "LocationDisplayOrder": 8
  },
  {
    "ID": 31292,
    "Description": 2011,
    "LocationAbbr": "CT",
    "LocationDesc": "Connecticut",
    "DataSource": "BRFSS",
    "Topic": "Obesity / Weight Status",
    "Data_Value": 23.2,
    "Sample_Size": 618,
    "Stratification1": "25 - 34",
    "StratificationId1": "AGEYR2534",
    "LocationDisplayOrder": 9
  },
  {
    "ID": 6574,
    "Description": 2011,
    "LocationAbbr": "DE",
    "LocationDesc": "Delaware",
    "DataSource": "BRFSS",
    "Topic": "Obesity / Weight Status",
    "Data_Value": 25.3,
    "Sample_Size": 489,
    "Stratification1": "25 - 34",
    "StratificationId1": "AGEYR2534",
    "LocationDisplayOrder": 10
  },
  {
    "ID": 19502,
    "Description": 2011,
    "LocationAbbr": "DC",
    "LocationDesc": "District of Columbia",
    "DataSource": "BRFSS",
    "Topic": "Obesity / Weight Status",
    "Data_Value": 20.8,
    "Sample_Size": 437,
    "Stratification1": "25 - 34",
    "StratificationId1": "AGEYR2534",
    "LocationDisplayOrder": 11
  },
  {
    "ID": 34599,
    "Description": 2011,
    "LocationAbbr": "FL",
    "LocationDesc": "Florida",
    "DataSource": "BRFSS",
    "Topic": "Obesity / Weight Status",
    "Data_Value": 25.9,
    "Sample_Size": 973,
    "Stratification1": "25 - 34",
    "StratificationId1": "AGEYR2534",
    "LocationDisplayOrder": 12
  },
  {
    "ID": 20337,
    "Description": 2011,
    "LocationAbbr": "GA",
    "LocationDesc": "Georgia",
    "DataSource": "BRFSS",
    "Topic": "Obesity / Weight Status",
    "Data_Value": 26.5,
    "Sample_Size": 844,
    "Stratification1": "25 - 34",
    "StratificationId1": "AGEYR2534",
    "LocationDisplayOrder": 13
  },
  {
    "ID": 32233,
    "Description": 2011,
    "LocationAbbr": "HI",
    "LocationDesc": "Hawaii",
    "DataSource": "BRFSS",
    "Topic": "Obesity / Weight Status",
    "Data_Value": 23.7,
    "Sample_Size": 694,
    "Stratification1": "25 - 34",
    "StratificationId1": "AGEYR2534",
    "LocationDisplayOrder": 15
  },
  {
    "ID": 32021,
    "Description": 2011,
    "LocationAbbr": "ID",
    "LocationDesc": "Idaho",
    "DataSource": "BRFSS",
    "Topic": "Obesity / Weight Status",
    "Data_Value": 27.6,
    "Sample_Size": 483,
    "Stratification1": "25 - 34",
    "StratificationId1": "AGEYR2534",
    "LocationDisplayOrder": 16
  },
  {
    "ID": 7033,
    "Description": 2011,
    "LocationAbbr": "IL",
    "LocationDesc": "Illinois",
    "DataSource": "BRFSS",
    "Topic": "Obesity / Weight Status",
    "Data_Value": 24.3,
    "Sample_Size": 500,
    "Stratification1": "25 - 34",
    "StratificationId1": "AGEYR2534",
    "LocationDisplayOrder": 17
  },
  {
    "ID": 22786,
    "Description": 2011,
    "LocationAbbr": "IN",
    "LocationDesc": "Indiana",
    "DataSource": "BRFSS",
    "Topic": "Obesity / Weight Status",
    "Data_Value": 30.9,
    "Sample_Size": 756,
    "Stratification1": "25 - 34",
    "StratificationId1": "AGEYR2534",
    "LocationDisplayOrder": 18
  },
  {
    "ID": 3416,
    "Description": 2011,
    "LocationAbbr": "IA",
    "LocationDesc": "Iowa",
    "DataSource": "BRFSS",
    "Topic": "Obesity / Weight Status",
    "Data_Value": 22.8,
    "Sample_Size": 683,
    "Stratification1": "25 - 34",
    "StratificationId1": "AGEYR2534",
    "LocationDisplayOrder": 19
  },
  {
    "ID": 14382,
    "Description": 2011,
    "LocationAbbr": "KS",
    "LocationDesc": "Kansas",
    "DataSource": "BRFSS",
    "Topic": "Obesity / Weight Status",
    "Data_Value": 28.8,
    "Sample_Size": "1,824",
    "Stratification1": "25 - 34",
    "StratificationId1": "AGEYR2534",
    "LocationDisplayOrder": 20
  },
  {
    "ID": 30295,
    "Description": 2011,
    "LocationAbbr": "KY",
    "LocationDesc": "Kentucky",
    "DataSource": "BRFSS",
    "Topic": "Obesity / Weight Status",
    "Data_Value": 28.7,
    "Sample_Size": 889,
    "Stratification1": "25 - 34",
    "StratificationId1": "AGEYR2534",
    "LocationDisplayOrder": 21
  },
  {
    "ID": 35478,
    "Description": 2011,
    "LocationAbbr": "LA",
    "LocationDesc": "Louisiana",
    "DataSource": "BRFSS",
    "Topic": "Obesity / Weight Status",
    "Data_Value": 32.7,
    "Sample_Size": 889,
    "Stratification1": "25 - 34",
    "StratificationId1": "AGEYR2534",
    "LocationDisplayOrder": 22
  },
  {
    "ID": 36943,
    "Description": 2011,
    "LocationAbbr": "ME",
    "LocationDesc": "Maine",
    "DataSource": "BRFSS",
    "Topic": "Obesity / Weight Status",
    "Data_Value": 28.8,
    "Sample_Size": 900,
    "Stratification1": "25 - 34",
    "StratificationId1": "AGEYR2534",
    "LocationDisplayOrder": 23
  },
  {
    "ID": 26898,
    "Description": 2011,
    "LocationAbbr": "MD",
    "LocationDesc": "Maryland",
    "DataSource": "BRFSS",
    "Topic": "Obesity / Weight Status",
    "Data_Value": 26.4,
    "Sample_Size": 832,
    "Stratification1": "25 - 34",
    "StratificationId1": "AGEYR2534",
    "LocationDisplayOrder": 24
  },
  {
    "ID": 6252,
    "Description": 2011,
    "LocationAbbr": "MA",
    "LocationDesc": "Massachusetts",
    "DataSource": "BRFSS",
    "Topic": "Obesity / Weight Status",
    "Data_Value": 18.6,
    "Sample_Size": "1,977",
    "Stratification1": "25 - 34",
    "StratificationId1": "AGEYR2534",
    "LocationDisplayOrder": 25
  },
  {
    "ID": 26173,
    "Description": 2011,
    "LocationAbbr": "MI",
    "LocationDesc": "Michigan",
    "DataSource": "BRFSS",
    "Topic": "Obesity / Weight Status",
    "Data_Value": 31.3,
    "Sample_Size": 908,
    "Stratification1": "25 - 34",
    "StratificationId1": "AGEYR2534",
    "LocationDisplayOrder": 26
  },
  {
    "ID": 3412,
    "Description": 2011,
    "LocationAbbr": "MN",
    "LocationDesc": "Minnesota",
    "DataSource": "BRFSS",
    "Topic": "Obesity / Weight Status",
    "Data_Value": 24.5,
    "Sample_Size": "1,662",
    "Stratification1": "25 - 34",
    "StratificationId1": "AGEYR2534",
    "LocationDisplayOrder": 27
  },
  {
    "ID": 27947,
    "Description": 2011,
    "LocationAbbr": "MS",
    "LocationDesc": "Mississippi",
    "DataSource": "BRFSS",
    "Topic": "Obesity / Weight Status",
    "Data_Value": 35.7,
    "Sample_Size": 774,
    "Stratification1": "25 - 34",
    "StratificationId1": "AGEYR2534",
    "LocationDisplayOrder": 28
  },
  {
    "ID": 24933,
    "Description": 2011,
    "LocationAbbr": "MO",
    "LocationDesc": "Missouri",
    "DataSource": "BRFSS",
    "Topic": "Obesity / Weight Status",
    "Data_Value": 26.1,
    "Sample_Size": 593,
    "Stratification1": "25 - 34",
    "StratificationId1": "AGEYR2534",
    "LocationDisplayOrder": 29
  },
  {
    "ID": 20186,
    "Description": 2011,
    "LocationAbbr": "MT",
    "LocationDesc": "Montana",
    "DataSource": "BRFSS",
    "Topic": "Obesity / Weight Status",
    "Data_Value": 23.8,
    "Sample_Size": 916,
    "Stratification1": "25 - 34",
    "StratificationId1": "AGEYR2534",
    "LocationDisplayOrder": 30
  },
  {
    "ID": 24468,
    "Description": 2011,
    "LocationAbbr": "NE",
    "LocationDesc": "Nebraska",
    "DataSource": "BRFSS",
    "Topic": "Obesity / Weight Status",
    "Data_Value": 27.3,
    "Sample_Size": "2,439",
    "Stratification1": "25 - 34",
    "StratificationId1": "AGEYR2534",
    "LocationDisplayOrder": 31
  },
  {
    "ID": 18844,
    "Description": 2011,
    "LocationAbbr": "NV",
    "LocationDesc": "Nevada",
    "DataSource": "BRFSS",
    "Topic": "Obesity / Weight Status",
    "Data_Value": 28,
    "Sample_Size": 520,
    "Stratification1": "25 - 34",
    "StratificationId1": "AGEYR2534",
    "LocationDisplayOrder": 32
  },
  {
    "ID": 21188,
    "Description": 2011,
    "LocationAbbr": "NH",
    "LocationDesc": "New Hampshire",
    "DataSource": "BRFSS",
    "Topic": "Obesity / Weight Status",
    "Data_Value": 24.9,
    "Sample_Size": 486,
    "Stratification1": "25 - 34",
    "StratificationId1": "AGEYR2534",
    "LocationDisplayOrder": 33
  },
  {
    "ID": 5248,
    "Description": 2011,
    "LocationAbbr": "NJ",
    "LocationDesc": "New Jersey",
    "DataSource": "BRFSS",
    "Topic": "Obesity / Weight Status",
    "Data_Value": 21.7,
    "Sample_Size": "1,376",
    "Stratification1": "25 - 34",
    "StratificationId1": "AGEYR2534",
    "LocationDisplayOrder": 34
  },
  {
    "ID": 23869,
    "Description": 2011,
    "LocationAbbr": "NM",
    "LocationDesc": "New Mexico",
    "DataSource": "BRFSS",
    "Topic": "Obesity / Weight Status",
    "Data_Value": 26.2,
    "Sample_Size": 927,
    "Stratification1": "25 - 34",
    "StratificationId1": "AGEYR2534",
    "LocationDisplayOrder": 35
  },
  {
    "ID": 22958,
    "Description": 2011,
    "LocationAbbr": "NY",
    "LocationDesc": "New York",
    "DataSource": "BRFSS",
    "Topic": "Obesity / Weight Status",
    "Data_Value": 20.9,
    "Sample_Size": 945,
    "Stratification1": "25 - 34",
    "StratificationId1": "AGEYR2534",
    "LocationDisplayOrder": 36
  },
  {
    "ID": 2362,
    "Description": 2011,
    "LocationAbbr": "NC",
    "LocationDesc": "North Carolina",
    "DataSource": "BRFSS",
    "Topic": "Obesity / Weight Status",
    "Data_Value": 30.3,
    "Sample_Size": 914,
    "Stratification1": "25 - 34",
    "StratificationId1": "AGEYR2534",
    "LocationDisplayOrder": 37
  },
  {
    "ID": 14630,
    "Description": 2011,
    "LocationAbbr": "ND",
    "LocationDesc": "North Dakota",
    "DataSource": "BRFSS",
    "Topic": "Obesity / Weight Status",
    "Data_Value": 28.3,
    "Sample_Size": 529,
    "Stratification1": "25 - 34",
    "StratificationId1": "AGEYR2534",
    "LocationDisplayOrder": 38
  },
  {
    "ID": 11679,
    "Description": 2011,
    "LocationAbbr": "OH",
    "LocationDesc": "Ohio",
    "DataSource": "BRFSS",
    "Topic": "Obesity / Weight Status",
    "Data_Value": 28.2,
    "Sample_Size": 773,
    "Stratification1": "25 - 34",
    "StratificationId1": "AGEYR2534",
    "LocationDisplayOrder": 39
  },
  {
    "ID": 37860,
    "Description": 2011,
    "LocationAbbr": "OK",
    "LocationDesc": "Oklahoma",
    "DataSource": "BRFSS",
    "Topic": "Obesity / Weight Status",
    "Data_Value": 29.4,
    "Sample_Size": 789,
    "Stratification1": "25 - 34",
    "StratificationId1": "AGEYR2534",
    "LocationDisplayOrder": 40
  },
  {
    "ID": 3970,
    "Description": 2011,
    "LocationAbbr": "OR",
    "LocationDesc": "Oregon",
    "DataSource": "BRFSS",
    "Topic": "Obesity / Weight Status",
    "Data_Value": 28.2,
    "Sample_Size": 557,
    "Stratification1": "25 - 34",
    "StratificationId1": "AGEYR2534",
    "LocationDisplayOrder": 41
  },
  {
    "ID": 16108,
    "Description": 2011,
    "LocationAbbr": "PA",
    "LocationDesc": "Pennsylvania",
    "DataSource": "BRFSS",
    "Topic": "Obesity / Weight Status",
    "Data_Value": 23.5,
    "Sample_Size": "1,118",
    "Stratification1": "25 - 34",
    "StratificationId1": "AGEYR2534",
    "LocationDisplayOrder": 42
  },
  {
    "ID": 10655,
    "Description": 2011,
    "LocationAbbr": "RI",
    "LocationDesc": "Rhode Island",
    "DataSource": "BRFSS",
    "Topic": "Obesity / Weight Status",
    "Data_Value": 26,
    "Sample_Size": 543,
    "Stratification1": "25 - 34",
    "StratificationId1": "AGEYR2534",
    "LocationDisplayOrder": 44
  },
  {
    "ID": 12359,
    "Description": 2011,
    "LocationAbbr": "SC",
    "LocationDesc": "South Carolina",
    "DataSource": "BRFSS",
    "Topic": "Obesity / Weight Status",
    "Data_Value": 28.2,
    "Sample_Size": "1,150",
    "Stratification1": "25 - 34",
    "StratificationId1": "AGEYR2534",
    "LocationDisplayOrder": 45
  },
  {
    "ID": 25652,
    "Description": 2011,
    "LocationAbbr": "SD",
    "LocationDesc": "South Dakota",
    "DataSource": "BRFSS",
    "Topic": "Obesity / Weight Status",
    "Data_Value": 25.3,
    "Sample_Size": 781,
    "Stratification1": "25 - 34",
    "StratificationId1": "AGEYR2534",
    "LocationDisplayOrder": 46
  },
  {
    "ID": 4079,
    "Description": 2011,
    "LocationAbbr": "TN",
    "LocationDesc": "Tennessee",
    "DataSource": "BRFSS",
    "Topic": "Obesity / Weight Status",
    "Data_Value": 24.7,
    "Sample_Size": 372,
    "Stratification1": "25 - 34",
    "StratificationId1": "AGEYR2534",
    "LocationDisplayOrder": 47
  },
  {
    "ID": 6746,
    "Description": 2011,
    "LocationAbbr": "TX",
    "LocationDesc": "Texas",
    "DataSource": "BRFSS",
    "Topic": "Obesity / Weight Status",
    "Data_Value": 30.9,
    "Sample_Size": "1,309",
    "Stratification1": "25 - 34",
    "StratificationId1": "AGEYR2534",
    "LocationDisplayOrder": 48
  },
  {
    "ID": 7402,
    "Description": 2011,
    "LocationAbbr": "UT",
    "LocationDesc": "Utah",
    "DataSource": "BRFSS",
    "Topic": "Obesity / Weight Status",
    "Data_Value": 22.5,
    "Sample_Size": "1,792",
    "Stratification1": "25 - 34",
    "StratificationId1": "AGEYR2534",
    "LocationDisplayOrder": 49
  },
  {
    "ID": 29520,
    "Description": 2011,
    "LocationAbbr": "VT",
    "LocationDesc": "Vermont",
    "DataSource": "BRFSS",
    "Topic": "Obesity / Weight Status",
    "Data_Value": 24.2,
    "Sample_Size": 494,
    "Stratification1": "25 - 34",
    "StratificationId1": "AGEYR2534",
    "LocationDisplayOrder": 50
  },
  {
    "ID": 14211,
    "Description": 2011,
    "LocationAbbr": "VA",
    "LocationDesc": "Virginia",
    "DataSource": "BRFSS",
    "Topic": "Obesity / Weight Status",
    "Data_Value": 22.9,
    "Sample_Size": 691,
    "Stratification1": "25 - 34",
    "StratificationId1": "AGEYR2534",
    "LocationDisplayOrder": 51
  },
  {
    "ID": 24064,
    "Description": 2011,
    "LocationAbbr": "WA",
    "LocationDesc": "Washington",
    "DataSource": "BRFSS",
    "Topic": "Obesity / Weight Status",
    "Data_Value": 23.1,
    "Sample_Size": 987,
    "Stratification1": "25 - 34",
    "StratificationId1": "AGEYR2534",
    "LocationDisplayOrder": 53
  },
  {
    "ID": 22561,
    "Description": 2011,
    "LocationAbbr": "WV",
    "LocationDesc": "West Virginia",
    "DataSource": "BRFSS",
    "Topic": "Obesity / Weight Status",
    "Data_Value": 30.2,
    "Sample_Size": 510,
    "Stratification1": "25 - 34",
    "StratificationId1": "AGEYR2534",
    "LocationDisplayOrder": 54
  },
  {
    "ID": 18117,
    "Description": 2011,
    "LocationAbbr": "WI",
    "LocationDesc": "Wisconsin",
    "DataSource": "BRFSS",
    "Topic": "Obesity / Weight Status",
    "Data_Value": 23.7,
    "Sample_Size": 495,
    "Stratification1": "25 - 34",
    "StratificationId1": "AGEYR2534",
    "LocationDisplayOrder": 55
  },
  {
    "ID": 4439,
    "Description": 2011,
    "LocationAbbr": "WY",
    "LocationDesc": "Wyoming",
    "DataSource": "BRFSS",
    "Topic": "Obesity / Weight Status",
    "Data_Value": 25.1,
    "Sample_Size": 686,
    "Stratification1": "25 - 34",
    "StratificationId1": "AGEYR2534",
    "LocationDisplayOrder": 56
  },
  {
    "ID": "",
    "Description": "",
    "LocationAbbr": "",
    "LocationDesc": "",
    "DataSource": "",
    "Topic": "",
    "Data_Value": "",
    "Sample_Size": "",
    "Stratification1": "",
    "StratificationId1": "",
    "LocationDisplayOrder": ""
  },
  {
    "ID": "",
    "Description": "",
    "LocationAbbr": "",
    "LocationDesc": "",
    "DataSource": "",
    "Topic": "",
    "Data_Value": "",
    "Sample_Size": "",
    "Stratification1": "",
    "StratificationId1": "",
    "LocationDisplayOrder": ""
  },
  {
    "ID": "",
    "Description": "",
    "LocationAbbr": "",
    "LocationDesc": "",
    "DataSource": "",
    "Topic": "",
    "Data_Value": "",
    "Sample_Size": "",
    "Stratification1": "",
    "StratificationId1": "",
    "LocationDisplayOrder": ""
  },
  {
    "ID": "",
    "Description": "",
    "LocationAbbr": "",
    "LocationDesc": "",
    "DataSource": "",
    "Topic": "",
    "Data_Value": "",
    "Sample_Size": "",
    "Stratification1": "",
    "StratificationId1": "",
    "LocationDisplayOrder": ""
  },
  {
    "ID": "",
    "Description": "",
    "LocationAbbr": "",
    "LocationDesc": "",
    "DataSource": "",
    "Topic": "",
    "Data_Value": "",
    "Sample_Size": "",
    "Stratification1": "",
    "StratificationId1": "",
    "LocationDisplayOrder": ""
  },
  {
    "ID": "",
    "Description": "",
    "LocationAbbr": "",
    "LocationDesc": "",
    "DataSource": "",
    "Topic": "",
    "Data_Value": "",
    "Sample_Size": "",
    "Stratification1": "",
    "StratificationId1": "",
    "LocationDisplayOrder": ""
  },
  {
    "ID": "",
    "Description": "",
    "LocationAbbr": "",
    "LocationDesc": "",
    "DataSource": "",
    "Topic": "",
    "Data_Value": "",
    "Sample_Size": "",
    "Stratification1": "",
    "StratificationId1": "",
    "LocationDisplayOrder": ""
  },
  {
    "ID": "",
    "Description": "",
    "LocationAbbr": "",
    "LocationDesc": "",
    "DataSource": "",
    "Topic": "",
    "Data_Value": "",
    "Sample_Size": "",
    "Stratification1": "",
    "StratificationId1": "",
    "LocationDisplayOrder": ""
  },
  {
    "ID": "",
    "Description": "",
    "LocationAbbr": "",
    "LocationDesc": "",
    "DataSource": "",
    "Topic": "",
    "Data_Value": "",
    "Sample_Size": "",
    "Stratification1": "",
    "StratificationId1": "",
    "LocationDisplayOrder": ""
  }
]