[
  {
    "ID": 855,
    "Description": 2011,
    "LocationAbbr": "US",
    "LocationDesc": "National",
    "DataSource": "BRFSS",
    "Topic": "Obesity / Weight Status",
    "Data_Value": 35.4,
    "Sample_Size": "6,649",
    "Stratification1": "American Indian / Alaska Native",
    "StratificationId1": "RACENAA",
    "LocationDisplayOrder": 0
  },
  {
    "ID": 20854,
    "Description": 2011,
    "LocationAbbr": "AL",
    "LocationDesc": "Alabama",
    "DataSource": "BRFSS",
    "Topic": "Obesity / Weight Status",
    "Data_Value": 32.9,
    "Sample_Size": 61,
    "Stratification1": "American Indian / Alaska Native",
    "StratificationId1": "RACENAA",
    "LocationDisplayOrder": 1
  },
  {
    "ID": 6919,
    "Description": 2011,
    "LocationAbbr": "AK",
    "LocationDesc": "Alaska",
    "DataSource": "BRFSS",
    "Topic": "Obesity / Weight Status",
    "Data_Value": 30.9,
    "Sample_Size": 477,
    "Stratification1": "American Indian / Alaska Native",
    "StratificationId1": "RACENAA",
    "LocationDisplayOrder": 2
  },
  {
    "ID": 24708,
    "Description": 2011,
    "LocationAbbr": "AZ",
    "LocationDesc": "Arizona",
    "DataSource": "BRFSS",
    "Topic": "Obesity / Weight Status",
    "Data_Value": 34.2,
    "Sample_Size": 270,
    "Stratification1": "American Indian / Alaska Native",
    "StratificationId1": "RACENAA",
    "LocationDisplayOrder": 4
  },
  {
    "ID": 20575,
    "Description": 2011,
    "LocationAbbr": "AR",
    "LocationDesc": "Arkansas",
    "DataSource": "BRFSS",
    "Topic": "Obesity / Weight Status",
    "Data_Value": 19.3,
    "Sample_Size": 58,
    "Stratification1": "American Indian / Alaska Native",
    "StratificationId1": "RACENAA",
    "LocationDisplayOrder": 5
  },
  {
    "ID": 36707,
    "Description": 2011,
    "LocationAbbr": "CA",
    "LocationDesc": "California",
    "DataSource": "BRFSS",
    "Topic": "Obesity / Weight Status",
    "Data_Value": 37.3,
    "Sample_Size": 151,
    "Stratification1": "American Indian / Alaska Native",
    "StratificationId1": "RACENAA",
    "LocationDisplayOrder": 6
  },
  {
    "ID": 26034,
    "Description": 2011,
    "LocationAbbr": "CO",
    "LocationDesc": "Colorado",
    "DataSource": "BRFSS",
    "Topic": "Obesity / Weight Status",
    "Data_Value": 30.7,
    "Sample_Size": 89,
    "Stratification1": "American Indian / Alaska Native",
    "StratificationId1": "RACENAA",
    "LocationDisplayOrder": 8
  },
  {
    "ID": 17729,
    "Description": 2011,
    "LocationAbbr": "CT",
    "LocationDesc": "Connecticut",
    "DataSource": "BRFSS",
    "Topic": "Obesity / Weight Status",
    "Data_Value": "~",
    "Sample_Size": "~",
    "Stratification1": "American Indian / Alaska Native",
    "StratificationId1": "RACENAA",
    "LocationDisplayOrder": 9
  },
  {
    "ID": 8516,
    "Description": 2011,
    "LocationAbbr": "DE",
    "LocationDesc": "Delaware",
    "DataSource": "BRFSS",
    "Topic": "Obesity / Weight Status",
    "Data_Value": "~",
    "Sample_Size": "~",
    "Stratification1": "American Indian / Alaska Native",
    "StratificationId1": "RACENAA",
    "LocationDisplayOrder": 10
  },
  {
    "ID": 16550,
    "Description": 2011,
    "LocationAbbr": "DC",
    "LocationDesc": "District of Columbia",
    "DataSource": "BRFSS",
    "Topic": "Obesity / Weight Status",
    "Data_Value": "~",
    "Sample_Size": "~",
    "Stratification1": "American Indian / Alaska Native",
    "StratificationId1": "RACENAA",
    "LocationDisplayOrder": 11
  },
  {
    "ID": 17761,
    "Description": 2011,
    "LocationAbbr": "FL",
    "LocationDesc": "Florida",
    "DataSource": "BRFSS",
    "Topic": "Obesity / Weight Status",
    "Data_Value": 22.3,
    "Sample_Size": 96,
    "Stratification1": "American Indian / Alaska Native",
    "StratificationId1": "RACENAA",
    "LocationDisplayOrder": 12
  },
  {
    "ID": 36577,
    "Description": 2011,
    "LocationAbbr": "GA",
    "LocationDesc": "Georgia",
    "DataSource": "BRFSS",
    "Topic": "Obesity / Weight Status",
    "Data_Value": 31.6,
    "Sample_Size": 53,
    "Stratification1": "American Indian / Alaska Native",
    "StratificationId1": "RACENAA",
    "LocationDisplayOrder": 13
  },
  {
    "ID": 37888,
    "Description": 2011,
    "LocationAbbr": "HI",
    "LocationDesc": "Hawaii",
    "DataSource": "BRFSS",
    "Topic": "Obesity / Weight Status",
    "Data_Value": "~",
    "Sample_Size": "~",
    "Stratification1": "American Indian / Alaska Native",
    "StratificationId1": "RACENAA",
    "LocationDisplayOrder": 15
  },
  {
    "ID": 19787,
    "Description": 2011,
    "LocationAbbr": "ID",
    "LocationDesc": "Idaho",
    "DataSource": "BRFSS",
    "Topic": "Obesity / Weight Status",
    "Data_Value": 28.6,
    "Sample_Size": 71,
    "Stratification1": "American Indian / Alaska Native",
    "StratificationId1": "RACENAA",
    "LocationDisplayOrder": 16
  },
  {
    "ID": 28308,
    "Description": 2011,
    "LocationAbbr": "IL",
    "LocationDesc": "Illinois",
    "DataSource": "BRFSS",
    "Topic": "Obesity / Weight Status",
    "Data_Value": "~",
    "Sample_Size": "~",
    "Stratification1": "American Indian / Alaska Native",
    "StratificationId1": "RACENAA",
    "LocationDisplayOrder": 17
  },
  {
    "ID": 29408,
    "Description": 2011,
    "LocationAbbr": "IN",
    "LocationDesc": "Indiana",
    "DataSource": "BRFSS",
    "Topic": "Obesity / Weight Status",
    "Data_Value": 37.9,
    "Sample_Size": 65,
    "Stratification1": "American Indian / Alaska Native",
    "StratificationId1": "RACENAA",
    "LocationDisplayOrder": 18
  },
  {
    "ID": 24742,
    "Description": 2011,
    "LocationAbbr": "IA",
    "LocationDesc": "Iowa",
    "DataSource": "BRFSS",
    "Topic": "Obesity / Weight Status",
    "Data_Value": "~",
    "Sample_Size": "~",
    "Stratification1": "American Indian / Alaska Native",
    "StratificationId1": "RACENAA",
    "LocationDisplayOrder": 19
  },
  {
    "ID": 12778,
    "Description": 2011,
    "LocationAbbr": "KS",
    "LocationDesc": "Kansas",
    "DataSource": "BRFSS",
    "Topic": "Obesity / Weight Status",
    "Data_Value": 32.8,
    "Sample_Size": 149,
    "Stratification1": "American Indian / Alaska Native",
    "StratificationId1": "RACENAA",
    "LocationDisplayOrder": 20
  },
  {
    "ID": 18073,
    "Description": 2011,
    "LocationAbbr": "KY",
    "LocationDesc": "Kentucky",
    "DataSource": "BRFSS",
    "Topic": "Obesity / Weight Status",
    "Data_Value": 25.9,
    "Sample_Size": 57,
    "Stratification1": "American Indian / Alaska Native",
    "StratificationId1": "RACENAA",
    "LocationDisplayOrder": 21
  },
  {
    "ID": 28715,
    "Description": 2011,
    "LocationAbbr": "LA",
    "LocationDesc": "Louisiana",
    "DataSource": "BRFSS",
    "Topic": "Obesity / Weight Status",
    "Data_Value": 39.6,
    "Sample_Size": 74,
    "Stratification1": "American Indian / Alaska Native",
    "StratificationId1": "RACENAA",
    "LocationDisplayOrder": 22
  },
  {
    "ID": 13775,
    "Description": 2011,
    "LocationAbbr": "ME",
    "LocationDesc": "Maine",
    "DataSource": "BRFSS",
    "Topic": "Obesity / Weight Status",
    "Data_Value": 29,
    "Sample_Size": 147,
    "Stratification1": "American Indian / Alaska Native",
    "StratificationId1": "RACENAA",
    "LocationDisplayOrder": 23
  },
  {
    "ID": 26428,
    "Description": 2011,
    "LocationAbbr": "MD",
    "LocationDesc": "Maryland",
    "DataSource": "BRFSS",
    "Topic": "Obesity / Weight Status",
    "Data_Value": "~",
    "Sample_Size": "~",
    "Stratification1": "American Indian / Alaska Native",
    "StratificationId1": "RACENAA",
    "LocationDisplayOrder": 24
  },
  {
    "ID": 28895,
    "Description": 2011,
    "LocationAbbr": "MA",
    "LocationDesc": "Massachusetts",
    "DataSource": "BRFSS",
    "Topic": "Obesity / Weight Status",
    "Data_Value": 42.4,
    "Sample_Size": 85,
    "Stratification1": "American Indian / Alaska Native",
    "StratificationId1": "RACENAA",
    "LocationDisplayOrder": 25
  },
  {
    "ID": 34545,
    "Description": 2011,
    "LocationAbbr": "MI",
    "LocationDesc": "Michigan",
    "DataSource": "BRFSS",
    "Topic": "Obesity / Weight Status",
    "Data_Value": 38.6,
    "Sample_Size": 148,
    "Stratification1": "American Indian / Alaska Native",
    "StratificationId1": "RACENAA",
    "LocationDisplayOrder": 26
  },
  {
    "ID": 22121,
    "Description": 2011,
    "LocationAbbr": "MN",
    "LocationDesc": "Minnesota",
    "DataSource": "BRFSS",
    "Topic": "Obesity / Weight Status",
    "Data_Value": 38.3,
    "Sample_Size": 123,
    "Stratification1": "American Indian / Alaska Native",
    "StratificationId1": "RACENAA",
    "LocationDisplayOrder": 27
  },
  {
    "ID": 16596,
    "Description": 2011,
    "LocationAbbr": "MS",
    "LocationDesc": "Mississippi",
    "DataSource": "BRFSS",
    "Topic": "Obesity / Weight Status",
    "Data_Value": "~",
    "Sample_Size": "~",
    "Stratification1": "American Indian / Alaska Native",
    "StratificationId1": "RACENAA",
    "LocationDisplayOrder": 28
  },
  {
    "ID": 26011,
    "Description": 2011,
    "LocationAbbr": "MO",
    "LocationDesc": "Missouri",
    "DataSource": "BRFSS",
    "Topic": "Obesity / Weight Status",
    "Data_Value": 37,
    "Sample_Size": 53,
    "Stratification1": "American Indian / Alaska Native",
    "StratificationId1": "RACENAA",
    "LocationDisplayOrder": 29
  },
  {
    "ID": 25370,
    "Description": 2011,
    "LocationAbbr": "MT",
    "LocationDesc": "Montana",
    "DataSource": "BRFSS",
    "Topic": "Obesity / Weight Status",
    "Data_Value": 36.1,
    "Sample_Size": 618,
    "Stratification1": "American Indian / Alaska Native",
    "StratificationId1": "RACENAA",
    "LocationDisplayOrder": 30
  },
  {
    "ID": 28969,
    "Description": 2011,
    "LocationAbbr": "NE",
    "LocationDesc": "Nebraska",
    "DataSource": "BRFSS",
    "Topic": "Obesity / Weight Status",
    "Data_Value": 44.7,
    "Sample_Size": 267,
    "Stratification1": "American Indian / Alaska Native",
    "StratificationId1": "RACENAA",
    "LocationDisplayOrder": 31
  },
  {
    "ID": 39358,
    "Description": 2011,
    "LocationAbbr": "NV",
    "LocationDesc": "Nevada",
    "DataSource": "BRFSS",
    "Topic": "Obesity / Weight Status",
    "Data_Value": 59.2,
    "Sample_Size": 55,
    "Stratification1": "American Indian / Alaska Native",
    "StratificationId1": "RACENAA",
    "LocationDisplayOrder": 32
  },
  {
    "ID": 6509,
    "Description": 2011,
    "LocationAbbr": "NH",
    "LocationDesc": "New Hampshire",
    "DataSource": "BRFSS",
    "Topic": "Obesity / Weight Status",
    "Data_Value": "~",
    "Sample_Size": "~",
    "Stratification1": "American Indian / Alaska Native",
    "StratificationId1": "RACENAA",
    "LocationDisplayOrder": 33
  },
  {
    "ID": 15256,
    "Description": 2011,
    "LocationAbbr": "NJ",
    "LocationDesc": "New Jersey",
    "DataSource": "BRFSS",
    "Topic": "Obesity / Weight Status",
    "Data_Value": 26.1,
    "Sample_Size": 52,
    "Stratification1": "American Indian / Alaska Native",
    "StratificationId1": "RACENAA",
    "LocationDisplayOrder": 34
  },
  {
    "ID": 6256,
    "Description": 2011,
    "LocationAbbr": "NM",
    "LocationDesc": "New Mexico",
    "DataSource": "BRFSS",
    "Topic": "Obesity / Weight Status",
    "Data_Value": 36.8,
    "Sample_Size": 576,
    "Stratification1": "American Indian / Alaska Native",
    "StratificationId1": "RACENAA",
    "LocationDisplayOrder": 35
  },
  {
    "ID": 3169,
    "Description": 2011,
    "LocationAbbr": "NY",
    "LocationDesc": "New York",
    "DataSource": "BRFSS",
    "Topic": "Obesity / Weight Status",
    "Data_Value": "~",
    "Sample_Size": "~",
    "Stratification1": "American Indian / Alaska Native",
    "StratificationId1": "RACENAA",
    "LocationDisplayOrder": 36
  },
  {
    "ID": 16586,
    "Description": 2011,
    "LocationAbbr": "NC",
    "LocationDesc": "North Carolina",
    "DataSource": "BRFSS",
    "Topic": "Obesity / Weight Status",
    "Data_Value": 37.7,
    "Sample_Size": 228,
    "Stratification1": "American Indian / Alaska Native",
    "StratificationId1": "RACENAA",
    "LocationDisplayOrder": 37
  },
  {
    "ID": 6338,
    "Description": 2011,
    "LocationAbbr": "ND",
    "LocationDesc": "North Dakota",
    "DataSource": "BRFSS",
    "Topic": "Obesity / Weight Status",
    "Data_Value": 44.1,
    "Sample_Size": 132,
    "Stratification1": "American Indian / Alaska Native",
    "StratificationId1": "RACENAA",
    "LocationDisplayOrder": 38
  },
  {
    "ID": 27105,
    "Description": 2011,
    "LocationAbbr": "OH",
    "LocationDesc": "Ohio",
    "DataSource": "BRFSS",
    "Topic": "Obesity / Weight Status",
    "Data_Value": 48.2,
    "Sample_Size": 52,
    "Stratification1": "American Indian / Alaska Native",
    "StratificationId1": "RACENAA",
    "LocationDisplayOrder": 39
  },
  {
    "ID": 15118,
    "Description": 2011,
    "LocationAbbr": "OK",
    "LocationDesc": "Oklahoma",
    "DataSource": "BRFSS",
    "Topic": "Obesity / Weight Status",
    "Data_Value": 40.8,
    "Sample_Size": 493,
    "Stratification1": "American Indian / Alaska Native",
    "StratificationId1": "RACENAA",
    "LocationDisplayOrder": 40
  },
  {
    "ID": 13898,
    "Description": 2011,
    "LocationAbbr": "OR",
    "LocationDesc": "Oregon",
    "DataSource": "BRFSS",
    "Topic": "Obesity / Weight Status",
    "Data_Value": "~",
    "Sample_Size": "~",
    "Stratification1": "American Indian / Alaska Native",
    "StratificationId1": "RACENAA",
    "LocationDisplayOrder": 41
  },
  {
    "ID": 20129,
    "Description": 2011,
    "LocationAbbr": "PA",
    "LocationDesc": "Pennsylvania",
    "DataSource": "BRFSS",
    "Topic": "Obesity / Weight Status",
    "Data_Value": "~",
    "Sample_Size": "~",
    "Stratification1": "American Indian / Alaska Native",
    "StratificationId1": "RACENAA",
    "LocationDisplayOrder": 42
  },
  {
    "ID": 1891,
    "Description": 2011,
    "LocationAbbr": "RI",
    "LocationDesc": "Rhode Island",
    "DataSource": "BRFSS",
    "Topic": "Obesity / Weight Status",
    "Data_Value": "~",
    "Sample_Size": "~",
    "Stratification1": "American Indian / Alaska Native",
    "StratificationId1": "RACENAA",
    "LocationDisplayOrder": 44
  },
  {
    "ID": 26615,
    "Description": 2011,
    "LocationAbbr": "SC",
    "LocationDesc": "South Carolina",
    "DataSource": "BRFSS",
    "Topic": "Obesity / Weight Status",
    "Data_Value": 37.2,
    "Sample_Size": 79,
    "Stratification1": "American Indian / Alaska Native",
    "StratificationId1": "RACENAA",
    "LocationDisplayOrder": 45
  },
  {
    "ID": 5825,
    "Description": 2011,
    "LocationAbbr": "SD",
    "LocationDesc": "South Dakota",
    "DataSource": "BRFSS",
    "Topic": "Obesity / Weight Status",
    "Data_Value": 44.7,
    "Sample_Size": 817,
    "Stratification1": "American Indian / Alaska Native",
    "StratificationId1": "RACENAA",
    "LocationDisplayOrder": 46
  },
  {
    "ID": 9471,
    "Description": 2011,
    "LocationAbbr": "TN",
    "LocationDesc": "Tennessee",
    "DataSource": "BRFSS",
    "Topic": "Obesity / Weight Status",
    "Data_Value": "~",
    "Sample_Size": "~",
    "Stratification1": "American Indian / Alaska Native",
    "StratificationId1": "RACENAA",
    "LocationDisplayOrder": 47
  },
  {
    "ID": 4005,
    "Description": 2011,
    "LocationAbbr": "TX",
    "LocationDesc": "Texas",
    "DataSource": "BRFSS",
    "Topic": "Obesity / Weight Status",
    "Data_Value": 47.6,
    "Sample_Size": 106,
    "Stratification1": "American Indian / Alaska Native",
    "StratificationId1": "RACENAA",
    "LocationDisplayOrder": 48
  },
  {
    "ID": 3886,
    "Description": 2011,
    "LocationAbbr": "UT",
    "LocationDesc": "Utah",
    "DataSource": "BRFSS",
    "Topic": "Obesity / Weight Status",
    "Data_Value": 42.3,
    "Sample_Size": 85,
    "Stratification1": "American Indian / Alaska Native",
    "StratificationId1": "RACENAA",
    "LocationDisplayOrder": 49
  },
  {
    "ID": 26657,
    "Description": 2011,
    "LocationAbbr": "VT",
    "LocationDesc": "Vermont",
    "DataSource": "BRFSS",
    "Topic": "Obesity / Weight Status",
    "Data_Value": 27.9,
    "Sample_Size": 59,
    "Stratification1": "American Indian / Alaska Native",
    "StratificationId1": "RACENAA",
    "LocationDisplayOrder": 50
  },
  {
    "ID": 21215,
    "Description": 2011,
    "LocationAbbr": "VA",
    "LocationDesc": "Virginia",
    "DataSource": "BRFSS",
    "Topic": "Obesity / Weight Status",
    "Data_Value": "~",
    "Sample_Size": "~",
    "Stratification1": "American Indian / Alaska Native",
    "StratificationId1": "RACENAA",
    "LocationDisplayOrder": 51
  },
  {
    "ID": 18092,
    "Description": 2011,
    "LocationAbbr": "WA",
    "LocationDesc": "Washington",
    "DataSource": "BRFSS",
    "Topic": "Obesity / Weight Status",
    "Data_Value": 42.1,
    "Sample_Size": 132,
    "Stratification1": "American Indian / Alaska Native",
    "StratificationId1": "RACENAA",
    "LocationDisplayOrder": 53
  },
  {
    "ID": 8056,
    "Description": 2011,
    "LocationAbbr": "WV",
    "LocationDesc": "West Virginia",
    "DataSource": "BRFSS",
    "Topic": "Obesity / Weight Status",
    "Data_Value": "~",
    "Sample_Size": "~",
    "Stratification1": "American Indian / Alaska Native",
    "StratificationId1": "RACENAA",
    "LocationDisplayOrder": 54
  },
  {
    "ID": 32128,
    "Description": 2011,
    "LocationAbbr": "WI",
    "LocationDesc": "Wisconsin",
    "DataSource": "BRFSS",
    "Topic": "Obesity / Weight Status",
    "Data_Value": 30.9,
    "Sample_Size": 104,
    "Stratification1": "American Indian / Alaska Native",
    "StratificationId1": "RACENAA",
    "LocationDisplayOrder": 55
  },
  {
    "ID": 6430,
    "Description": 2011,
    "LocationAbbr": "WY",
    "LocationDesc": "Wyoming",
    "DataSource": "BRFSS",
    "Topic": "Obesity / Weight Status",
    "Data_Value": 38.2,
    "Sample_Size": 85,
    "Stratification1": "American Indian / Alaska Native",
    "StratificationId1": "RACENAA",
    "LocationDisplayOrder": 56
  },
  {
    "ID": "",
    "Description": "",
    "LocationAbbr": "",
    "LocationDesc": "",
    "DataSource": "",
    "Topic": "",
    "Data_Value": "",
    "Sample_Size": "",
    "Stratification1": "",
    "StratificationId1": "",
    "LocationDisplayOrder": ""
  },
  {
    "ID": "",
    "Description": "",
    "LocationAbbr": "",
    "LocationDesc": "",
    "DataSource": "",
    "Topic": "",
    "Data_Value": "",
    "Sample_Size": "",
    "Stratification1": "",
    "StratificationId1": "",
    "LocationDisplayOrder": ""
  },
  {
    "ID": "",
    "Description": "",
    "LocationAbbr": "",
    "LocationDesc": "",
    "DataSource": "",
    "Topic": "",
    "Data_Value": "",
    "Sample_Size": "",
    "Stratification1": "",
    "StratificationId1": "",
    "LocationDisplayOrder": ""
  },
  {
    "ID": "",
    "Description": "",
    "LocationAbbr": "",
    "LocationDesc": "",
    "DataSource": "",
    "Topic": "",
    "Data_Value": "",
    "Sample_Size": "",
    "Stratification1": "",
    "StratificationId1": "",
    "LocationDisplayOrder": ""
  },
  {
    "ID": "",
    "Description": "",
    "LocationAbbr": "",
    "LocationDesc": "",
    "DataSource": "",
    "Topic": "",
    "Data_Value": "",
    "Sample_Size": "",
    "Stratification1": "",
    "StratificationId1": "",
    "LocationDisplayOrder": ""
  },
  {
    "ID": "",
    "Description": "",
    "LocationAbbr": "",
    "LocationDesc": "",
    "DataSource": "",
    "Topic": "",
    "Data_Value": "",
    "Sample_Size": "",
    "Stratification1": "",
    "StratificationId1": "",
    "LocationDisplayOrder": ""
  },
  {
    "ID": "",
    "Description": "",
    "LocationAbbr": "",
    "LocationDesc": "",
    "DataSource": "",
    "Topic": "",
    "Data_Value": "",
    "Sample_Size": "",
    "Stratification1": "",
    "StratificationId1": "",
    "LocationDisplayOrder": ""
  },
  {
    "ID": "",
    "Description": "",
    "LocationAbbr": "",
    "LocationDesc": "",
    "DataSource": "",
    "Topic": "",
    "Data_Value": "",
    "Sample_Size": "",
    "Stratification1": "",
    "StratificationId1": "",
    "LocationDisplayOrder": ""
  },
  {
    "ID": "",
    "Description": "",
    "LocationAbbr": "",
    "LocationDesc": "",
    "DataSource": "",
    "Topic": "",
    "Data_Value": "",
    "Sample_Size": "",
    "Stratification1": "",
    "StratificationId1": "",
    "LocationDisplayOrder": ""
  },
  {
    "ID": "",
    "Description": "",
    "LocationAbbr": "",
    "LocationDesc": "",
    "DataSource": "",
    "Topic": "",
    "Data_Value": "",
    "Sample_Size": "",
    "Stratification1": "",
    "StratificationId1": "",
    "LocationDisplayOrder": ""
  }
]