[
  {
    "ID": 978,
    "Description": 2011,
    "LocationAbbr": "US",
    "LocationDesc": "National",
    "DataSource": "BRFSS",
    "Topic": "Obesity / Weight Status",
    "Data_Value": 8.7,
    "Sample_Size": "8,355",
    "Stratification1": "Asian",
    "StratificationId1": "RACEASN",
    "LocationDisplayOrder": 0
  },
  {
    "ID": 29303,
    "Description": 2011,
    "LocationAbbr": "AL",
    "LocationDesc": "Alabama",
    "DataSource": "BRFSS",
    "Topic": "Obesity / Weight Status",
    "Data_Value": "~",
    "Sample_Size": "~",
    "Stratification1": "Asian",
    "StratificationId1": "RACEASN",
    "LocationDisplayOrder": 1
  },
  {
    "ID": 2846,
    "Description": 2011,
    "LocationAbbr": "AK",
    "LocationDesc": "Alaska",
    "DataSource": "BRFSS",
    "Topic": "Obesity / Weight Status",
    "Data_Value": "~",
    "Sample_Size": "~",
    "Stratification1": "Asian",
    "StratificationId1": "RACEASN",
    "LocationDisplayOrder": 2
  },
  {
    "ID": 2313,
    "Description": 2011,
    "LocationAbbr": "AZ",
    "LocationDesc": "Arizona",
    "DataSource": "BRFSS",
    "Topic": "Obesity / Weight Status",
    "Data_Value": 13,
    "Sample_Size": 64,
    "Stratification1": "Asian",
    "StratificationId1": "RACEASN",
    "LocationDisplayOrder": 4
  },
  {
    "ID": 2530,
    "Description": 2011,
    "LocationAbbr": "AR",
    "LocationDesc": "Arkansas",
    "DataSource": "BRFSS",
    "Topic": "Obesity / Weight Status",
    "Data_Value": "~",
    "Sample_Size": "~",
    "Stratification1": "Asian",
    "StratificationId1": "RACEASN",
    "LocationDisplayOrder": 5
  },
  {
    "ID": 13558,
    "Description": 2011,
    "LocationAbbr": "CA",
    "LocationDesc": "California",
    "DataSource": "BRFSS",
    "Topic": "Obesity / Weight Status",
    "Data_Value": 8.1,
    "Sample_Size": 889,
    "Stratification1": "Asian",
    "StratificationId1": "RACEASN",
    "LocationDisplayOrder": 6
  },
  {
    "ID": 24046,
    "Description": 2011,
    "LocationAbbr": "CO",
    "LocationDesc": "Colorado",
    "DataSource": "BRFSS",
    "Topic": "Obesity / Weight Status",
    "Data_Value": 7.7,
    "Sample_Size": 132,
    "Stratification1": "Asian",
    "StratificationId1": "RACEASN",
    "LocationDisplayOrder": 8
  },
  {
    "ID": 30669,
    "Description": 2011,
    "LocationAbbr": "CT",
    "LocationDesc": "Connecticut",
    "DataSource": "BRFSS",
    "Topic": "Obesity / Weight Status",
    "Data_Value": 6.3,
    "Sample_Size": 164,
    "Stratification1": "Asian",
    "StratificationId1": "RACEASN",
    "LocationDisplayOrder": 9
  },
  {
    "ID": 18958,
    "Description": 2011,
    "LocationAbbr": "DE",
    "LocationDesc": "Delaware",
    "DataSource": "BRFSS",
    "Topic": "Obesity / Weight Status",
    "Data_Value": 2.1,
    "Sample_Size": 63,
    "Stratification1": "Asian",
    "StratificationId1": "RACEASN",
    "LocationDisplayOrder": 10
  },
  {
    "ID": 2462,
    "Description": 2011,
    "LocationAbbr": "DC",
    "LocationDesc": "District of Columbia",
    "DataSource": "BRFSS",
    "Topic": "Obesity / Weight Status",
    "Data_Value": 0.9,
    "Sample_Size": 91,
    "Stratification1": "Asian",
    "StratificationId1": "RACEASN",
    "LocationDisplayOrder": 11
  },
  {
    "ID": 24142,
    "Description": 2011,
    "LocationAbbr": "FL",
    "LocationDesc": "Florida",
    "DataSource": "BRFSS",
    "Topic": "Obesity / Weight Status",
    "Data_Value": 6.2,
    "Sample_Size": 107,
    "Stratification1": "Asian",
    "StratificationId1": "RACEASN",
    "LocationDisplayOrder": 12
  },
  {
    "ID": 28109,
    "Description": 2011,
    "LocationAbbr": "GA",
    "LocationDesc": "Georgia",
    "DataSource": "BRFSS",
    "Topic": "Obesity / Weight Status",
    "Data_Value": 5.4,
    "Sample_Size": 104,
    "Stratification1": "Asian",
    "StratificationId1": "RACEASN",
    "LocationDisplayOrder": 13
  },
  {
    "ID": 37252,
    "Description": 2011,
    "LocationAbbr": "HI",
    "LocationDesc": "Hawaii",
    "DataSource": "BRFSS",
    "Topic": "Obesity / Weight Status",
    "Data_Value": 16,
    "Sample_Size": "2,504",
    "Stratification1": "Asian",
    "StratificationId1": "RACEASN",
    "LocationDisplayOrder": 15
  },
  {
    "ID": 34373,
    "Description": 2011,
    "LocationAbbr": "ID",
    "LocationDesc": "Idaho",
    "DataSource": "BRFSS",
    "Topic": "Obesity / Weight Status",
    "Data_Value": "~",
    "Sample_Size": "~",
    "Stratification1": "Asian",
    "StratificationId1": "RACEASN",
    "LocationDisplayOrder": 16
  },
  {
    "ID": 32456,
    "Description": 2011,
    "LocationAbbr": "IL",
    "LocationDesc": "Illinois",
    "DataSource": "BRFSS",
    "Topic": "Obesity / Weight Status",
    "Data_Value": 4.6,
    "Sample_Size": 95,
    "Stratification1": "Asian",
    "StratificationId1": "RACEASN",
    "LocationDisplayOrder": 17
  },
  {
    "ID": 38604,
    "Description": 2011,
    "LocationAbbr": "IN",
    "LocationDesc": "Indiana",
    "DataSource": "BRFSS",
    "Topic": "Obesity / Weight Status",
    "Data_Value": "~",
    "Sample_Size": "~",
    "Stratification1": "Asian",
    "StratificationId1": "RACEASN",
    "LocationDisplayOrder": 18
  },
  {
    "ID": 27505,
    "Description": 2011,
    "LocationAbbr": "IA",
    "LocationDesc": "Iowa",
    "DataSource": "BRFSS",
    "Topic": "Obesity / Weight Status",
    "Data_Value": 3,
    "Sample_Size": 57,
    "Stratification1": "Asian",
    "StratificationId1": "RACEASN",
    "LocationDisplayOrder": 19
  },
  {
    "ID": 20164,
    "Description": 2011,
    "LocationAbbr": "KS",
    "LocationDesc": "Kansas",
    "DataSource": "BRFSS",
    "Topic": "Obesity / Weight Status",
    "Data_Value": 8.9,
    "Sample_Size": 162,
    "Stratification1": "Asian",
    "StratificationId1": "RACEASN",
    "LocationDisplayOrder": 20
  },
  {
    "ID": 17857,
    "Description": 2011,
    "LocationAbbr": "KY",
    "LocationDesc": "Kentucky",
    "DataSource": "BRFSS",
    "Topic": "Obesity / Weight Status",
    "Data_Value": "~",
    "Sample_Size": "~",
    "Stratification1": "Asian",
    "StratificationId1": "RACEASN",
    "LocationDisplayOrder": 21
  },
  {
    "ID": 27275,
    "Description": 2011,
    "LocationAbbr": "LA",
    "LocationDesc": "Louisiana",
    "DataSource": "BRFSS",
    "Topic": "Obesity / Weight Status",
    "Data_Value": "~",
    "Sample_Size": "~",
    "Stratification1": "Asian",
    "StratificationId1": "RACEASN",
    "LocationDisplayOrder": 22
  },
  {
    "ID": 10475,
    "Description": 2011,
    "LocationAbbr": "ME",
    "LocationDesc": "Maine",
    "DataSource": "BRFSS",
    "Topic": "Obesity / Weight Status",
    "Data_Value": "~",
    "Sample_Size": "~",
    "Stratification1": "Asian",
    "StratificationId1": "RACEASN",
    "LocationDisplayOrder": 23
  },
  {
    "ID": 15199,
    "Description": 2011,
    "LocationAbbr": "MD",
    "LocationDesc": "Maryland",
    "DataSource": "BRFSS",
    "Topic": "Obesity / Weight Status",
    "Data_Value": 8.8,
    "Sample_Size": 163,
    "Stratification1": "Asian",
    "StratificationId1": "RACEASN",
    "LocationDisplayOrder": 24
  },
  {
    "ID": 31106,
    "Description": 2011,
    "LocationAbbr": "MA",
    "LocationDesc": "Massachusetts",
    "DataSource": "BRFSS",
    "Topic": "Obesity / Weight Status",
    "Data_Value": 4.8,
    "Sample_Size": 416,
    "Stratification1": "Asian",
    "StratificationId1": "RACEASN",
    "LocationDisplayOrder": 25
  },
  {
    "ID": 38344,
    "Description": 2011,
    "LocationAbbr": "MI",
    "LocationDesc": "Michigan",
    "DataSource": "BRFSS",
    "Topic": "Obesity / Weight Status",
    "Data_Value": 6.9,
    "Sample_Size": 102,
    "Stratification1": "Asian",
    "StratificationId1": "RACEASN",
    "LocationDisplayOrder": 26
  },
  {
    "ID": 7893,
    "Description": 2011,
    "LocationAbbr": "MN",
    "LocationDesc": "Minnesota",
    "DataSource": "BRFSS",
    "Topic": "Obesity / Weight Status",
    "Data_Value": 9.1,
    "Sample_Size": 217,
    "Stratification1": "Asian",
    "StratificationId1": "RACEASN",
    "LocationDisplayOrder": 27
  },
  {
    "ID": 39525,
    "Description": 2011,
    "LocationAbbr": "MS",
    "LocationDesc": "Mississippi",
    "DataSource": "BRFSS",
    "Topic": "Obesity / Weight Status",
    "Data_Value": "~",
    "Sample_Size": "~",
    "Stratification1": "Asian",
    "StratificationId1": "RACEASN",
    "LocationDisplayOrder": 28
  },
  {
    "ID": 23810,
    "Description": 2011,
    "LocationAbbr": "MO",
    "LocationDesc": "Missouri",
    "DataSource": "BRFSS",
    "Topic": "Obesity / Weight Status",
    "Data_Value": "~",
    "Sample_Size": "~",
    "Stratification1": "Asian",
    "StratificationId1": "RACEASN",
    "LocationDisplayOrder": 29
  },
  {
    "ID": 28720,
    "Description": 2011,
    "LocationAbbr": "MT",
    "LocationDesc": "Montana",
    "DataSource": "BRFSS",
    "Topic": "Obesity / Weight Status",
    "Data_Value": "~",
    "Sample_Size": "~",
    "Stratification1": "Asian",
    "StratificationId1": "RACEASN",
    "LocationDisplayOrder": 30
  },
  {
    "ID": 3163,
    "Description": 2011,
    "LocationAbbr": "NE",
    "LocationDesc": "Nebraska",
    "DataSource": "BRFSS",
    "Topic": "Obesity / Weight Status",
    "Data_Value": 9.5,
    "Sample_Size": 136,
    "Stratification1": "Asian",
    "StratificationId1": "RACEASN",
    "LocationDisplayOrder": 31
  },
  {
    "ID": 21755,
    "Description": 2011,
    "LocationAbbr": "NV",
    "LocationDesc": "Nevada",
    "DataSource": "BRFSS",
    "Topic": "Obesity / Weight Status",
    "Data_Value": 9.2,
    "Sample_Size": 125,
    "Stratification1": "Asian",
    "StratificationId1": "RACEASN",
    "LocationDisplayOrder": 32
  },
  {
    "ID": 13984,
    "Description": 2011,
    "LocationAbbr": "NH",
    "LocationDesc": "New Hampshire",
    "DataSource": "BRFSS",
    "Topic": "Obesity / Weight Status",
    "Data_Value": "~",
    "Sample_Size": "~",
    "Stratification1": "Asian",
    "StratificationId1": "RACEASN",
    "LocationDisplayOrder": 33
  },
  {
    "ID": 15058,
    "Description": 2011,
    "LocationAbbr": "NJ",
    "LocationDesc": "New Jersey",
    "DataSource": "BRFSS",
    "Topic": "Obesity / Weight Status",
    "Data_Value": 10.2,
    "Sample_Size": 539,
    "Stratification1": "Asian",
    "StratificationId1": "RACEASN",
    "LocationDisplayOrder": 34
  },
  {
    "ID": 22665,
    "Description": 2011,
    "LocationAbbr": "NM",
    "LocationDesc": "New Mexico",
    "DataSource": "BRFSS",
    "Topic": "Obesity / Weight Status",
    "Data_Value": 1.9,
    "Sample_Size": 55,
    "Stratification1": "Asian",
    "StratificationId1": "RACEASN",
    "LocationDisplayOrder": 35
  },
  {
    "ID": 19757,
    "Description": 2011,
    "LocationAbbr": "NY",
    "LocationDesc": "New York",
    "DataSource": "BRFSS",
    "Topic": "Obesity / Weight Status",
    "Data_Value": 9.9,
    "Sample_Size": 245,
    "Stratification1": "Asian",
    "StratificationId1": "RACEASN",
    "LocationDisplayOrder": 36
  },
  {
    "ID": 24221,
    "Description": 2011,
    "LocationAbbr": "NC",
    "LocationDesc": "North Carolina",
    "DataSource": "BRFSS",
    "Topic": "Obesity / Weight Status",
    "Data_Value": 6.5,
    "Sample_Size": 84,
    "Stratification1": "Asian",
    "StratificationId1": "RACEASN",
    "LocationDisplayOrder": 37
  },
  {
    "ID": 23622,
    "Description": 2011,
    "LocationAbbr": "ND",
    "LocationDesc": "North Dakota",
    "DataSource": "BRFSS",
    "Topic": "Obesity / Weight Status",
    "Data_Value": "~",
    "Sample_Size": "~",
    "Stratification1": "Asian",
    "StratificationId1": "RACEASN",
    "LocationDisplayOrder": 38
  },
  {
    "ID": 25277,
    "Description": 2011,
    "LocationAbbr": "OH",
    "LocationDesc": "Ohio",
    "DataSource": "BRFSS",
    "Topic": "Obesity / Weight Status",
    "Data_Value": 11.2,
    "Sample_Size": 70,
    "Stratification1": "Asian",
    "StratificationId1": "RACEASN",
    "LocationDisplayOrder": 39
  },
  {
    "ID": 14269,
    "Description": 2011,
    "LocationAbbr": "OK",
    "LocationDesc": "Oklahoma",
    "DataSource": "BRFSS",
    "Topic": "Obesity / Weight Status",
    "Data_Value": 14.7,
    "Sample_Size": 66,
    "Stratification1": "Asian",
    "StratificationId1": "RACEASN",
    "LocationDisplayOrder": 40
  },
  {
    "ID": 25762,
    "Description": 2011,
    "LocationAbbr": "OR",
    "LocationDesc": "Oregon",
    "DataSource": "BRFSS",
    "Topic": "Obesity / Weight Status",
    "Data_Value": 14,
    "Sample_Size": 65,
    "Stratification1": "Asian",
    "StratificationId1": "RACEASN",
    "LocationDisplayOrder": 41
  },
  {
    "ID": 25150,
    "Description": 2011,
    "LocationAbbr": "PA",
    "LocationDesc": "Pennsylvania",
    "DataSource": "BRFSS",
    "Topic": "Obesity / Weight Status",
    "Data_Value": 3.2,
    "Sample_Size": 108,
    "Stratification1": "Asian",
    "StratificationId1": "RACEASN",
    "LocationDisplayOrder": 42
  },
  {
    "ID": 10385,
    "Description": 2011,
    "LocationAbbr": "RI",
    "LocationDesc": "Rhode Island",
    "DataSource": "BRFSS",
    "Topic": "Obesity / Weight Status",
    "Data_Value": 6,
    "Sample_Size": 83,
    "Stratification1": "Asian",
    "StratificationId1": "RACEASN",
    "LocationDisplayOrder": 44
  },
  {
    "ID": 25770,
    "Description": 2011,
    "LocationAbbr": "SC",
    "LocationDesc": "South Carolina",
    "DataSource": "BRFSS",
    "Topic": "Obesity / Weight Status",
    "Data_Value": 4.8,
    "Sample_Size": 52,
    "Stratification1": "Asian",
    "StratificationId1": "RACEASN",
    "LocationDisplayOrder": 45
  },
  {
    "ID": 16312,
    "Description": 2011,
    "LocationAbbr": "SD",
    "LocationDesc": "South Dakota",
    "DataSource": "BRFSS",
    "Topic": "Obesity / Weight Status",
    "Data_Value": "~",
    "Sample_Size": "~",
    "Stratification1": "Asian",
    "StratificationId1": "RACEASN",
    "LocationDisplayOrder": 46
  },
  {
    "ID": 12296,
    "Description": 2011,
    "LocationAbbr": "TN",
    "LocationDesc": "Tennessee",
    "DataSource": "BRFSS",
    "Topic": "Obesity / Weight Status",
    "Data_Value": "~",
    "Sample_Size": "~",
    "Stratification1": "Asian",
    "StratificationId1": "RACEASN",
    "LocationDisplayOrder": 47
  },
  {
    "ID": 13624,
    "Description": 2011,
    "LocationAbbr": "TX",
    "LocationDesc": "Texas",
    "DataSource": "BRFSS",
    "Topic": "Obesity / Weight Status",
    "Data_Value": 10.5,
    "Sample_Size": 307,
    "Stratification1": "Asian",
    "StratificationId1": "RACEASN",
    "LocationDisplayOrder": 48
  },
  {
    "ID": 29632,
    "Description": 2011,
    "LocationAbbr": "UT",
    "LocationDesc": "Utah",
    "DataSource": "BRFSS",
    "Topic": "Obesity / Weight Status",
    "Data_Value": 13.1,
    "Sample_Size": 120,
    "Stratification1": "Asian",
    "StratificationId1": "RACEASN",
    "LocationDisplayOrder": 49
  },
  {
    "ID": 14813,
    "Description": 2011,
    "LocationAbbr": "VT",
    "LocationDesc": "Vermont",
    "DataSource": "BRFSS",
    "Topic": "Obesity / Weight Status",
    "Data_Value": "~",
    "Sample_Size": "~",
    "Stratification1": "Asian",
    "StratificationId1": "RACEASN",
    "LocationDisplayOrder": 50
  },
  {
    "ID": 23907,
    "Description": 2011,
    "LocationAbbr": "VA",
    "LocationDesc": "Virginia",
    "DataSource": "BRFSS",
    "Topic": "Obesity / Weight Status",
    "Data_Value": 11.5,
    "Sample_Size": 116,
    "Stratification1": "Asian",
    "StratificationId1": "RACEASN",
    "LocationDisplayOrder": 51
  },
  {
    "ID": 30271,
    "Description": 2011,
    "LocationAbbr": "WA",
    "LocationDesc": "Washington",
    "DataSource": "BRFSS",
    "Topic": "Obesity / Weight Status",
    "Data_Value": 8.1,
    "Sample_Size": 309,
    "Stratification1": "Asian",
    "StratificationId1": "RACEASN",
    "LocationDisplayOrder": 53
  },
  {
    "ID": 28792,
    "Description": 2011,
    "LocationAbbr": "WV",
    "LocationDesc": "West Virginia",
    "DataSource": "BRFSS",
    "Topic": "Obesity / Weight Status",
    "Data_Value": "~",
    "Sample_Size": "~",
    "Stratification1": "Asian",
    "StratificationId1": "RACEASN",
    "LocationDisplayOrder": 54
  },
  {
    "ID": 22566,
    "Description": 2011,
    "LocationAbbr": "WI",
    "LocationDesc": "Wisconsin",
    "DataSource": "BRFSS",
    "Topic": "Obesity / Weight Status",
    "Data_Value": "~",
    "Sample_Size": "~",
    "Stratification1": "Asian",
    "StratificationId1": "RACEASN",
    "LocationDisplayOrder": 55
  },
  {
    "ID": 9285,
    "Description": 2011,
    "LocationAbbr": "WY",
    "LocationDesc": "Wyoming",
    "DataSource": "BRFSS",
    "Topic": "Obesity / Weight Status",
    "Data_Value": "~",
    "Sample_Size": "~",
    "Stratification1": "Asian",
    "StratificationId1": "RACEASN",
    "LocationDisplayOrder": 56
  },
  {
    "ID": "",
    "Description": "",
    "LocationAbbr": "",
    "LocationDesc": "",
    "DataSource": "",
    "Topic": "",
    "Data_Value": "",
    "Sample_Size": "",
    "Stratification1": "",
    "StratificationId1": "",
    "LocationDisplayOrder": ""
  },
  {
    "ID": "",
    "Description": "",
    "LocationAbbr": "",
    "LocationDesc": "",
    "DataSource": "",
    "Topic": "",
    "Data_Value": "",
    "Sample_Size": "",
    "Stratification1": "",
    "StratificationId1": "",
    "LocationDisplayOrder": ""
  },
  {
    "ID": "",
    "Description": "",
    "LocationAbbr": "",
    "LocationDesc": "",
    "DataSource": "",
    "Topic": "",
    "Data_Value": "",
    "Sample_Size": "",
    "Stratification1": "",
    "StratificationId1": "",
    "LocationDisplayOrder": ""
  },
  {
    "ID": "",
    "Description": "",
    "LocationAbbr": "",
    "LocationDesc": "",
    "DataSource": "",
    "Topic": "",
    "Data_Value": "",
    "Sample_Size": "",
    "Stratification1": "",
    "StratificationId1": "",
    "LocationDisplayOrder": ""
  },
  {
    "ID": "",
    "Description": "",
    "LocationAbbr": "",
    "LocationDesc": "",
    "DataSource": "",
    "Topic": "",
    "Data_Value": "",
    "Sample_Size": "",
    "Stratification1": "",
    "StratificationId1": "",
    "LocationDisplayOrder": ""
  },
  {
    "ID": "",
    "Description": "",
    "LocationAbbr": "",
    "LocationDesc": "",
    "DataSource": "",
    "Topic": "",
    "Data_Value": "",
    "Sample_Size": "",
    "Stratification1": "",
    "StratificationId1": "",
    "LocationDisplayOrder": ""
  },
  {
    "ID": "",
    "Description": "",
    "LocationAbbr": "",
    "LocationDesc": "",
    "DataSource": "",
    "Topic": "",
    "Data_Value": "",
    "Sample_Size": "",
    "Stratification1": "",
    "StratificationId1": "",
    "LocationDisplayOrder": ""
  },
  {
    "ID": "",
    "Description": "",
    "LocationAbbr": "",
    "LocationDesc": "",
    "DataSource": "",
    "Topic": "",
    "Data_Value": "",
    "Sample_Size": "",
    "Stratification1": "",
    "StratificationId1": "",
    "LocationDisplayOrder": ""
  },
  {
    "ID": "",
    "Description": "",
    "LocationAbbr": "",
    "LocationDesc": "",
    "DataSource": "",
    "Topic": "",
    "Data_Value": "",
    "Sample_Size": "",
    "Stratification1": "",
    "StratificationId1": "",
    "LocationDisplayOrder": ""
  },
  {
    "ID": "",
    "Description": "",
    "LocationAbbr": "",
    "LocationDesc": "",
    "DataSource": "",
    "Topic": "",
    "Data_Value": "",
    "Sample_Size": "",
    "Stratification1": "",
    "StratificationId1": "",
    "LocationDisplayOrder": ""
  }
]