[
  {
    "ID": 1175,
    "Description": 2011,
    "LocationAbbr": "US",
    "LocationDesc": "National",
    "DataSource": "BRFSS",
    "Topic": "Obesity / Weight Status",
    "Data_Value": 20.6,
    "Sample_Size": "162,648",
    "Stratification1": "College graduate",
    "StratificationId1": "EDUCOGRAD",
    "LocationDisplayOrder": 0
  },
  {
    "ID": 25092,
    "Description": 2011,
    "LocationAbbr": "AL",
    "LocationDesc": "Alabama",
    "DataSource": "BRFSS",
    "Topic": "Obesity / Weight Status",
    "Data_Value": 26.4,
    "Sample_Size": "1,812",
    "Stratification1": "College graduate",
    "StratificationId1": "EDUCOGRAD",
    "LocationDisplayOrder": 1
  },
  {
    "ID": 19523,
    "Description": 2011,
    "LocationAbbr": "AK",
    "LocationDesc": "Alaska",
    "DataSource": "BRFSS",
    "Topic": "Obesity / Weight Status",
    "Data_Value": 22.1,
    "Sample_Size": "1,150",
    "Stratification1": "College graduate",
    "StratificationId1": "EDUCOGRAD",
    "LocationDisplayOrder": 2
  },
  {
    "ID": 5353,
    "Description": 2011,
    "LocationAbbr": "AZ",
    "LocationDesc": "Arizona",
    "DataSource": "BRFSS",
    "Topic": "Obesity / Weight Status",
    "Data_Value": 17.4,
    "Sample_Size": "2,050",
    "Stratification1": "College graduate",
    "StratificationId1": "EDUCOGRAD",
    "LocationDisplayOrder": 4
  },
  {
    "ID": 31656,
    "Description": 2011,
    "LocationAbbr": "AR",
    "LocationDesc": "Arkansas",
    "DataSource": "BRFSS",
    "Topic": "Obesity / Weight Status",
    "Data_Value": 26.4,
    "Sample_Size": "1,175",
    "Stratification1": "College graduate",
    "StratificationId1": "EDUCOGRAD",
    "LocationDisplayOrder": 5
  },
  {
    "ID": 17431,
    "Description": 2011,
    "LocationAbbr": "CA",
    "LocationDesc": "California",
    "DataSource": "BRFSS",
    "Topic": "Obesity / Weight Status",
    "Data_Value": 15.3,
    "Sample_Size": "6,681",
    "Stratification1": "College graduate",
    "StratificationId1": "EDUCOGRAD",
    "LocationDisplayOrder": 6
  },
  {
    "ID": 12676,
    "Description": 2011,
    "LocationAbbr": "CO",
    "LocationDesc": "Colorado",
    "DataSource": "BRFSS",
    "Topic": "Obesity / Weight Status",
    "Data_Value": 15.6,
    "Sample_Size": "5,576",
    "Stratification1": "College graduate",
    "StratificationId1": "EDUCOGRAD",
    "LocationDisplayOrder": 8
  },
  {
    "ID": 27554,
    "Description": 2011,
    "LocationAbbr": "CT",
    "LocationDesc": "Connecticut",
    "DataSource": "BRFSS",
    "Topic": "Obesity / Weight Status",
    "Data_Value": 16.7,
    "Sample_Size": "2,926",
    "Stratification1": "College graduate",
    "StratificationId1": "EDUCOGRAD",
    "LocationDisplayOrder": 9
  },
  {
    "ID": 15545,
    "Description": 2011,
    "LocationAbbr": "DE",
    "LocationDesc": "Delaware",
    "DataSource": "BRFSS",
    "Topic": "Obesity / Weight Status",
    "Data_Value": 24.1,
    "Sample_Size": "1,601",
    "Stratification1": "College graduate",
    "StratificationId1": "EDUCOGRAD",
    "LocationDisplayOrder": 10
  },
  {
    "ID": 33385,
    "Description": 2011,
    "LocationAbbr": "DC",
    "LocationDesc": "District of Columbia",
    "DataSource": "BRFSS",
    "Topic": "Obesity / Weight Status",
    "Data_Value": 11.9,
    "Sample_Size": "2,665",
    "Stratification1": "College graduate",
    "StratificationId1": "EDUCOGRAD",
    "LocationDisplayOrder": 11
  },
  {
    "ID": 9897,
    "Description": 2011,
    "LocationAbbr": "FL",
    "LocationDesc": "Florida",
    "DataSource": "BRFSS",
    "Topic": "Obesity / Weight Status",
    "Data_Value": 21.1,
    "Sample_Size": "3,793",
    "Stratification1": "College graduate",
    "StratificationId1": "EDUCOGRAD",
    "LocationDisplayOrder": 12
  },
  {
    "ID": 29387,
    "Description": 2011,
    "LocationAbbr": "GA",
    "LocationDesc": "Georgia",
    "DataSource": "BRFSS",
    "Topic": "Obesity / Weight Status",
    "Data_Value": 21.4,
    "Sample_Size": "3,185",
    "Stratification1": "College graduate",
    "StratificationId1": "EDUCOGRAD",
    "LocationDisplayOrder": 13
  },
  {
    "ID": 20406,
    "Description": 2011,
    "LocationAbbr": "HI",
    "LocationDesc": "Hawaii",
    "DataSource": "BRFSS",
    "Topic": "Obesity / Weight Status",
    "Data_Value": 15.2,
    "Sample_Size": "3,033",
    "Stratification1": "College graduate",
    "StratificationId1": "EDUCOGRAD",
    "LocationDisplayOrder": 15
  },
  {
    "ID": 24118,
    "Description": 2011,
    "LocationAbbr": "ID",
    "LocationDesc": "Idaho",
    "DataSource": "BRFSS",
    "Topic": "Obesity / Weight Status",
    "Data_Value": 21.5,
    "Sample_Size": "1,761",
    "Stratification1": "College graduate",
    "StratificationId1": "EDUCOGRAD",
    "LocationDisplayOrder": 16
  },
  {
    "ID": 37561,
    "Description": 2011,
    "LocationAbbr": "IL",
    "LocationDesc": "Illinois",
    "DataSource": "BRFSS",
    "Topic": "Obesity / Weight Status",
    "Data_Value": 23.4,
    "Sample_Size": "1,903",
    "Stratification1": "College graduate",
    "StratificationId1": "EDUCOGRAD",
    "LocationDisplayOrder": 17
  },
  {
    "ID": 14516,
    "Description": 2011,
    "LocationAbbr": "IN",
    "LocationDesc": "Indiana",
    "DataSource": "BRFSS",
    "Topic": "Obesity / Weight Status",
    "Data_Value": 23.5,
    "Sample_Size": "2,242",
    "Stratification1": "College graduate",
    "StratificationId1": "EDUCOGRAD",
    "LocationDisplayOrder": 18
  },
  {
    "ID": 10048,
    "Description": 2011,
    "LocationAbbr": "IA",
    "LocationDesc": "Iowa",
    "DataSource": "BRFSS",
    "Topic": "Obesity / Weight Status",
    "Data_Value": 23.2,
    "Sample_Size": "2,049",
    "Stratification1": "College graduate",
    "StratificationId1": "EDUCOGRAD",
    "LocationDisplayOrder": 19
  },
  {
    "ID": 12761,
    "Description": 2011,
    "LocationAbbr": "KS",
    "LocationDesc": "Kansas",
    "DataSource": "BRFSS",
    "Topic": "Obesity / Weight Status",
    "Data_Value": 24.9,
    "Sample_Size": "7,012",
    "Stratification1": "College graduate",
    "StratificationId1": "EDUCOGRAD",
    "LocationDisplayOrder": 20
  },
  {
    "ID": 4979,
    "Description": 2011,
    "LocationAbbr": "KY",
    "LocationDesc": "Kentucky",
    "DataSource": "BRFSS",
    "Topic": "Obesity / Weight Status",
    "Data_Value": 24.4,
    "Sample_Size": "2,384",
    "Stratification1": "College graduate",
    "StratificationId1": "EDUCOGRAD",
    "LocationDisplayOrder": 21
  },
  {
    "ID": 37767,
    "Description": 2011,
    "LocationAbbr": "LA",
    "LocationDesc": "Louisiana",
    "DataSource": "BRFSS",
    "Topic": "Obesity / Weight Status",
    "Data_Value": 26.6,
    "Sample_Size": "2,751",
    "Stratification1": "College graduate",
    "StratificationId1": "EDUCOGRAD",
    "LocationDisplayOrder": 22
  },
  {
    "ID": 28097,
    "Description": 2011,
    "LocationAbbr": "ME",
    "LocationDesc": "Maine",
    "DataSource": "BRFSS",
    "Topic": "Obesity / Weight Status",
    "Data_Value": 20.2,
    "Sample_Size": "4,610",
    "Stratification1": "College graduate",
    "StratificationId1": "EDUCOGRAD",
    "LocationDisplayOrder": 23
  },
  {
    "ID": 32326,
    "Description": 2011,
    "LocationAbbr": "MD",
    "LocationDesc": "Maryland",
    "DataSource": "BRFSS",
    "Topic": "Obesity / Weight Status",
    "Data_Value": 21.3,
    "Sample_Size": "4,019",
    "Stratification1": "College graduate",
    "StratificationId1": "EDUCOGRAD",
    "LocationDisplayOrder": 24
  },
  {
    "ID": 37784,
    "Description": 2011,
    "LocationAbbr": "MA",
    "LocationDesc": "Massachusetts",
    "DataSource": "BRFSS",
    "Topic": "Obesity / Weight Status",
    "Data_Value": 17.3,
    "Sample_Size": "8,708",
    "Stratification1": "College graduate",
    "StratificationId1": "EDUCOGRAD",
    "LocationDisplayOrder": 25
  },
  {
    "ID": 8313,
    "Description": 2011,
    "LocationAbbr": "MI",
    "LocationDesc": "Michigan",
    "DataSource": "BRFSS",
    "Topic": "Obesity / Weight Status",
    "Data_Value": 26.6,
    "Sample_Size": "3,634",
    "Stratification1": "College graduate",
    "StratificationId1": "EDUCOGRAD",
    "LocationDisplayOrder": 26
  },
  {
    "ID": 21154,
    "Description": 2011,
    "LocationAbbr": "MN",
    "LocationDesc": "Minnesota",
    "DataSource": "BRFSS",
    "Topic": "Obesity / Weight Status",
    "Data_Value": 20.1,
    "Sample_Size": "5,881",
    "Stratification1": "College graduate",
    "StratificationId1": "EDUCOGRAD",
    "LocationDisplayOrder": 27
  },
  {
    "ID": 31811,
    "Description": 2011,
    "LocationAbbr": "MS",
    "LocationDesc": "Mississippi",
    "DataSource": "BRFSS",
    "Topic": "Obesity / Weight Status",
    "Data_Value": 31.2,
    "Sample_Size": "2,076",
    "Stratification1": "College graduate",
    "StratificationId1": "EDUCOGRAD",
    "LocationDisplayOrder": 28
  },
  {
    "ID": 20837,
    "Description": 2011,
    "LocationAbbr": "MO",
    "LocationDesc": "Missouri",
    "DataSource": "BRFSS",
    "Topic": "Obesity / Weight Status",
    "Data_Value": 26.4,
    "Sample_Size": "1,698",
    "Stratification1": "College graduate",
    "StratificationId1": "EDUCOGRAD",
    "LocationDisplayOrder": 29
  },
  {
    "ID": 8599,
    "Description": 2011,
    "LocationAbbr": "MT",
    "LocationDesc": "Montana",
    "DataSource": "BRFSS",
    "Topic": "Obesity / Weight Status",
    "Data_Value": 20.2,
    "Sample_Size": "3,082",
    "Stratification1": "College graduate",
    "StratificationId1": "EDUCOGRAD",
    "LocationDisplayOrder": 30
  },
  {
    "ID": 30746,
    "Description": 2011,
    "LocationAbbr": "NE",
    "LocationDesc": "Nebraska",
    "DataSource": "BRFSS",
    "Topic": "Obesity / Weight Status",
    "Data_Value": 24.1,
    "Sample_Size": "6,771",
    "Stratification1": "College graduate",
    "StratificationId1": "EDUCOGRAD",
    "LocationDisplayOrder": 31
  },
  {
    "ID": 12585,
    "Description": 2011,
    "LocationAbbr": "NV",
    "LocationDesc": "Nevada",
    "DataSource": "BRFSS",
    "Topic": "Obesity / Weight Status",
    "Data_Value": 19.4,
    "Sample_Size": "1,717",
    "Stratification1": "College graduate",
    "StratificationId1": "EDUCOGRAD",
    "LocationDisplayOrder": 32
  },
  {
    "ID": 27485,
    "Description": 2011,
    "LocationAbbr": "NH",
    "LocationDesc": "New Hampshire",
    "DataSource": "BRFSS",
    "Topic": "Obesity / Weight Status",
    "Data_Value": 19.6,
    "Sample_Size": "2,452",
    "Stratification1": "College graduate",
    "StratificationId1": "EDUCOGRAD",
    "LocationDisplayOrder": 33
  },
  {
    "ID": 17926,
    "Description": 2011,
    "LocationAbbr": "NJ",
    "LocationDesc": "New Jersey",
    "DataSource": "BRFSS",
    "Topic": "Obesity / Weight Status",
    "Data_Value": 17.4,
    "Sample_Size": "5,769",
    "Stratification1": "College graduate",
    "StratificationId1": "EDUCOGRAD",
    "LocationDisplayOrder": 34
  },
  {
    "ID": 4526,
    "Description": 2011,
    "LocationAbbr": "NM",
    "LocationDesc": "New Mexico",
    "DataSource": "BRFSS",
    "Topic": "Obesity / Weight Status",
    "Data_Value": 19.4,
    "Sample_Size": "3,044",
    "Stratification1": "College graduate",
    "StratificationId1": "EDUCOGRAD",
    "LocationDisplayOrder": 35
  },
  {
    "ID": 13293,
    "Description": 2011,
    "LocationAbbr": "NY",
    "LocationDesc": "New York",
    "DataSource": "BRFSS",
    "Topic": "Obesity / Weight Status",
    "Data_Value": 18.2,
    "Sample_Size": "3,070",
    "Stratification1": "College graduate",
    "StratificationId1": "EDUCOGRAD",
    "LocationDisplayOrder": 36
  },
  {
    "ID": 30100,
    "Description": 2011,
    "LocationAbbr": "NC",
    "LocationDesc": "North Carolina",
    "DataSource": "BRFSS",
    "Topic": "Obesity / Weight Status",
    "Data_Value": 22.2,
    "Sample_Size": "3,633",
    "Stratification1": "College graduate",
    "StratificationId1": "EDUCOGRAD",
    "LocationDisplayOrder": 37
  },
  {
    "ID": 4689,
    "Description": 2011,
    "LocationAbbr": "ND",
    "LocationDesc": "North Dakota",
    "DataSource": "BRFSS",
    "Topic": "Obesity / Weight Status",
    "Data_Value": 26.5,
    "Sample_Size": "1,633",
    "Stratification1": "College graduate",
    "StratificationId1": "EDUCOGRAD",
    "LocationDisplayOrder": 38
  },
  {
    "ID": 35025,
    "Description": 2011,
    "LocationAbbr": "OH",
    "LocationDesc": "Ohio",
    "DataSource": "BRFSS",
    "Topic": "Obesity / Weight Status",
    "Data_Value": 22,
    "Sample_Size": "2,904",
    "Stratification1": "College graduate",
    "StratificationId1": "EDUCOGRAD",
    "LocationDisplayOrder": 39
  },
  {
    "ID": 9435,
    "Description": 2011,
    "LocationAbbr": "OK",
    "LocationDesc": "Oklahoma",
    "DataSource": "BRFSS",
    "Topic": "Obesity / Weight Status",
    "Data_Value": 26.5,
    "Sample_Size": "2,270",
    "Stratification1": "College graduate",
    "StratificationId1": "EDUCOGRAD",
    "LocationDisplayOrder": 40
  },
  {
    "ID": 25078,
    "Description": 2011,
    "LocationAbbr": "OR",
    "LocationDesc": "Oregon",
    "DataSource": "BRFSS",
    "Topic": "Obesity / Weight Status",
    "Data_Value": 17.1,
    "Sample_Size": "2,223",
    "Stratification1": "College graduate",
    "StratificationId1": "EDUCOGRAD",
    "LocationDisplayOrder": 41
  },
  {
    "ID": 21199,
    "Description": 2011,
    "LocationAbbr": "PA",
    "LocationDesc": "Pennsylvania",
    "DataSource": "BRFSS",
    "Topic": "Obesity / Weight Status",
    "Data_Value": 21.5,
    "Sample_Size": "3,421",
    "Stratification1": "College graduate",
    "StratificationId1": "EDUCOGRAD",
    "LocationDisplayOrder": 42
  },
  {
    "ID": 37211,
    "Description": 2011,
    "LocationAbbr": "RI",
    "LocationDesc": "Rhode Island",
    "DataSource": "BRFSS",
    "Topic": "Obesity / Weight Status",
    "Data_Value": 19.3,
    "Sample_Size": "2,436",
    "Stratification1": "College graduate",
    "StratificationId1": "EDUCOGRAD",
    "LocationDisplayOrder": 44
  },
  {
    "ID": 37780,
    "Description": 2011,
    "LocationAbbr": "SC",
    "LocationDesc": "South Carolina",
    "DataSource": "BRFSS",
    "Topic": "Obesity / Weight Status",
    "Data_Value": 25.3,
    "Sample_Size": "3,624",
    "Stratification1": "College graduate",
    "StratificationId1": "EDUCOGRAD",
    "LocationDisplayOrder": 45
  },
  {
    "ID": 22650,
    "Description": 2011,
    "LocationAbbr": "SD",
    "LocationDesc": "South Dakota",
    "DataSource": "BRFSS",
    "Topic": "Obesity / Weight Status",
    "Data_Value": 26.1,
    "Sample_Size": "2,463",
    "Stratification1": "College graduate",
    "StratificationId1": "EDUCOGRAD",
    "LocationDisplayOrder": 46
  },
  {
    "ID": 14115,
    "Description": 2011,
    "LocationAbbr": "TN",
    "LocationDesc": "Tennessee",
    "DataSource": "BRFSS",
    "Topic": "Obesity / Weight Status",
    "Data_Value": 22,
    "Sample_Size": "1,381",
    "Stratification1": "College graduate",
    "StratificationId1": "EDUCOGRAD",
    "LocationDisplayOrder": 47
  },
  {
    "ID": 17879,
    "Description": 2011,
    "LocationAbbr": "TX",
    "LocationDesc": "Texas",
    "DataSource": "BRFSS",
    "Topic": "Obesity / Weight Status",
    "Data_Value": 23.5,
    "Sample_Size": "5,021",
    "Stratification1": "College graduate",
    "StratificationId1": "EDUCOGRAD",
    "LocationDisplayOrder": 48
  },
  {
    "ID": 33948,
    "Description": 2011,
    "LocationAbbr": "UT",
    "LocationDesc": "Utah",
    "DataSource": "BRFSS",
    "Topic": "Obesity / Weight Status",
    "Data_Value": 20.2,
    "Sample_Size": "4,159",
    "Stratification1": "College graduate",
    "StratificationId1": "EDUCOGRAD",
    "LocationDisplayOrder": 49
  },
  {
    "ID": 23806,
    "Description": 2011,
    "LocationAbbr": "VT",
    "LocationDesc": "Vermont",
    "DataSource": "BRFSS",
    "Topic": "Obesity / Weight Status",
    "Data_Value": 17.4,
    "Sample_Size": "2,875",
    "Stratification1": "College graduate",
    "StratificationId1": "EDUCOGRAD",
    "LocationDisplayOrder": 50
  },
  {
    "ID": 13693,
    "Description": 2011,
    "LocationAbbr": "VA",
    "LocationDesc": "Virginia",
    "DataSource": "BRFSS",
    "Topic": "Obesity / Weight Status",
    "Data_Value": 22.8,
    "Sample_Size": "2,410",
    "Stratification1": "College graduate",
    "StratificationId1": "EDUCOGRAD",
    "LocationDisplayOrder": 51
  },
  {
    "ID": 2979,
    "Description": 2011,
    "LocationAbbr": "WA",
    "LocationDesc": "Washington",
    "DataSource": "BRFSS",
    "Topic": "Obesity / Weight Status",
    "Data_Value": 18.8,
    "Sample_Size": "5,453",
    "Stratification1": "College graduate",
    "StratificationId1": "EDUCOGRAD",
    "LocationDisplayOrder": 53
  },
  {
    "ID": 5034,
    "Description": 2011,
    "LocationAbbr": "WV",
    "LocationDesc": "West Virginia",
    "DataSource": "BRFSS",
    "Topic": "Obesity / Weight Status",
    "Data_Value": 29.6,
    "Sample_Size": "1,037",
    "Stratification1": "College graduate",
    "StratificationId1": "EDUCOGRAD",
    "LocationDisplayOrder": 54
  },
  {
    "ID": 36840,
    "Description": 2011,
    "LocationAbbr": "WI",
    "LocationDesc": "Wisconsin",
    "DataSource": "BRFSS",
    "Topic": "Obesity / Weight Status",
    "Data_Value": 19.6,
    "Sample_Size": "1,399",
    "Stratification1": "College graduate",
    "StratificationId1": "EDUCOGRAD",
    "LocationDisplayOrder": 55
  },
  {
    "ID": 12301,
    "Description": 2011,
    "LocationAbbr": "WY",
    "LocationDesc": "Wyoming",
    "DataSource": "BRFSS",
    "Topic": "Obesity / Weight Status",
    "Data_Value": 20.5,
    "Sample_Size": "2,026",
    "Stratification1": "College graduate",
    "StratificationId1": "EDUCOGRAD",
    "LocationDisplayOrder": 56
  },
  {
    "ID": "",
    "Description": "",
    "LocationAbbr": "",
    "LocationDesc": "",
    "DataSource": "",
    "Topic": "",
    "Data_Value": "",
    "Sample_Size": "",
    "Stratification1": "",
    "StratificationId1": "",
    "LocationDisplayOrder": ""
  },
  {
    "ID": "",
    "Description": "",
    "LocationAbbr": "",
    "LocationDesc": "",
    "DataSource": "",
    "Topic": "",
    "Data_Value": "",
    "Sample_Size": "",
    "Stratification1": "",
    "StratificationId1": "",
    "LocationDisplayOrder": ""
  },
  {
    "ID": "",
    "Description": "",
    "LocationAbbr": "",
    "LocationDesc": "",
    "DataSource": "",
    "Topic": "",
    "Data_Value": "",
    "Sample_Size": "",
    "Stratification1": "",
    "StratificationId1": "",
    "LocationDisplayOrder": ""
  },
  {
    "ID": "",
    "Description": "",
    "LocationAbbr": "",
    "LocationDesc": "",
    "DataSource": "",
    "Topic": "",
    "Data_Value": "",
    "Sample_Size": "",
    "Stratification1": "",
    "StratificationId1": "",
    "LocationDisplayOrder": ""
  },
  {
    "ID": "",
    "Description": "",
    "LocationAbbr": "",
    "LocationDesc": "",
    "DataSource": "",
    "Topic": "",
    "Data_Value": "",
    "Sample_Size": "",
    "Stratification1": "",
    "StratificationId1": "",
    "LocationDisplayOrder": ""
  },
  {
    "ID": "",
    "Description": "",
    "LocationAbbr": "",
    "LocationDesc": "",
    "DataSource": "",
    "Topic": "",
    "Data_Value": "",
    "Sample_Size": "",
    "Stratification1": "",
    "StratificationId1": "",
    "LocationDisplayOrder": ""
  },
  {
    "ID": "",
    "Description": "",
    "LocationAbbr": "",
    "LocationDesc": "",
    "DataSource": "",
    "Topic": "",
    "Data_Value": "",
    "Sample_Size": "",
    "Stratification1": "",
    "StratificationId1": "",
    "LocationDisplayOrder": ""
  },
  {
    "ID": "",
    "Description": "",
    "LocationAbbr": "",
    "LocationDesc": "",
    "DataSource": "",
    "Topic": "",
    "Data_Value": "",
    "Sample_Size": "",
    "Stratification1": "",
    "StratificationId1": "",
    "LocationDisplayOrder": ""
  },
  {
    "ID": "",
    "Description": "",
    "LocationAbbr": "",
    "LocationDesc": "",
    "DataSource": "",
    "Topic": "",
    "Data_Value": "",
    "Sample_Size": "",
    "Stratification1": "",
    "StratificationId1": "",
    "LocationDisplayOrder": ""
  }
]