[
  {
    "ID": 671,
    "Description": 2011,
    "LocationAbbr": "US",
    "LocationDesc": "National",
    "DataSource": "BRFSS",
    "Topic": "Obesity / Weight Status",
    "Data_Value": 27.4,
    "Sample_Size": "470,700",
    "Stratification1": "Total",
    "StratificationId1": "OVERALL",
    "LocationDisplayOrder": 0
  },
  {
    "ID": 2279,
    "Description": 2011,
    "LocationAbbr": "AL",
    "LocationDesc": "Alabama",
    "DataSource": "BRFSS",
    "Topic": "Obesity / Weight Status",
    "Data_Value": 32,
    "Sample_Size": "7,304",
    "Stratification1": "Total",
    "StratificationId1": "OVERALL",
    "LocationDisplayOrder": 1
  },
  {
    "ID": 21294,
    "Description": 2011,
    "LocationAbbr": "AK",
    "LocationDesc": "Alaska",
    "DataSource": "BRFSS",
    "Topic": "Obesity / Weight Status",
    "Data_Value": 27.4,
    "Sample_Size": "3,336",
    "Stratification1": "Total",
    "StratificationId1": "OVERALL",
    "LocationDisplayOrder": 2
  },
  {
    "ID": 24644,
    "Description": 2011,
    "LocationAbbr": "AZ",
    "LocationDesc": "Arizona",
    "DataSource": "BRFSS",
    "Topic": "Obesity / Weight Status",
    "Data_Value": 25.1,
    "Sample_Size": "6,150",
    "Stratification1": "Total",
    "StratificationId1": "OVERALL",
    "LocationDisplayOrder": 4
  },
  {
    "ID": 13264,
    "Description": 2011,
    "LocationAbbr": "AR",
    "LocationDesc": "Arkansas",
    "DataSource": "BRFSS",
    "Topic": "Obesity / Weight Status",
    "Data_Value": 30.9,
    "Sample_Size": "4,527",
    "Stratification1": "Total",
    "StratificationId1": "OVERALL",
    "LocationDisplayOrder": 5
  },
  {
    "ID": 26780,
    "Description": 2011,
    "LocationAbbr": "CA",
    "LocationDesc": "California",
    "DataSource": "BRFSS",
    "Topic": "Obesity / Weight Status",
    "Data_Value": 23.8,
    "Sample_Size": "17,088",
    "Stratification1": "Total",
    "StratificationId1": "OVERALL",
    "LocationDisplayOrder": 6
  },
  {
    "ID": 21908,
    "Description": 2011,
    "LocationAbbr": "CO",
    "LocationDesc": "Colorado",
    "DataSource": "BRFSS",
    "Topic": "Obesity / Weight Status",
    "Data_Value": 20.7,
    "Sample_Size": "12,976",
    "Stratification1": "Total",
    "StratificationId1": "OVERALL",
    "LocationDisplayOrder": 8
  },
  {
    "ID": 36642,
    "Description": 2011,
    "LocationAbbr": "CT",
    "LocationDesc": "Connecticut",
    "DataSource": "BRFSS",
    "Topic": "Obesity / Weight Status",
    "Data_Value": 24.5,
    "Sample_Size": "6,457",
    "Stratification1": "Total",
    "StratificationId1": "OVERALL",
    "LocationDisplayOrder": 9
  },
  {
    "ID": 8600,
    "Description": 2011,
    "LocationAbbr": "DE",
    "LocationDesc": "Delaware",
    "DataSource": "BRFSS",
    "Topic": "Obesity / Weight Status",
    "Data_Value": 28.8,
    "Sample_Size": "4,530",
    "Stratification1": "Total",
    "StratificationId1": "OVERALL",
    "LocationDisplayOrder": 10
  },
  {
    "ID": 27392,
    "Description": 2011,
    "LocationAbbr": "DC",
    "LocationDesc": "District of Columbia",
    "DataSource": "BRFSS",
    "Topic": "Obesity / Weight Status",
    "Data_Value": 23.7,
    "Sample_Size": "4,368",
    "Stratification1": "Total",
    "StratificationId1": "OVERALL",
    "LocationDisplayOrder": 11
  },
  {
    "ID": 16906,
    "Description": 2011,
    "LocationAbbr": "FL",
    "LocationDesc": "Florida",
    "DataSource": "BRFSS",
    "Topic": "Obesity / Weight Status",
    "Data_Value": 26.6,
    "Sample_Size": "11,770",
    "Stratification1": "Total",
    "StratificationId1": "OVERALL",
    "LocationDisplayOrder": 12
  },
  {
    "ID": 22677,
    "Description": 2011,
    "LocationAbbr": "GA",
    "LocationDesc": "Georgia",
    "DataSource": "BRFSS",
    "Topic": "Obesity / Weight Status",
    "Data_Value": 28,
    "Sample_Size": "9,353",
    "Stratification1": "Total",
    "StratificationId1": "OVERALL",
    "LocationDisplayOrder": 13
  },
  {
    "ID": 33148,
    "Description": 2011,
    "LocationAbbr": "HI",
    "LocationDesc": "Hawaii",
    "DataSource": "BRFSS",
    "Topic": "Obesity / Weight Status",
    "Data_Value": 21.8,
    "Sample_Size": "7,407",
    "Stratification1": "Total",
    "StratificationId1": "OVERALL",
    "LocationDisplayOrder": 15
  },
  {
    "ID": 7081,
    "Description": 2011,
    "LocationAbbr": "ID",
    "LocationDesc": "Idaho",
    "DataSource": "BRFSS",
    "Topic": "Obesity / Weight Status",
    "Data_Value": 27,
    "Sample_Size": "5,739",
    "Stratification1": "Total",
    "StratificationId1": "OVERALL",
    "LocationDisplayOrder": 16
  },
  {
    "ID": 21933,
    "Description": 2011,
    "LocationAbbr": "IL",
    "LocationDesc": "Illinois",
    "DataSource": "BRFSS",
    "Topic": "Obesity / Weight Status",
    "Data_Value": 27.1,
    "Sample_Size": "5,355",
    "Stratification1": "Total",
    "StratificationId1": "OVERALL",
    "LocationDisplayOrder": 17
  },
  {
    "ID": 9566,
    "Description": 2011,
    "LocationAbbr": "IN",
    "LocationDesc": "Indiana",
    "DataSource": "BRFSS",
    "Topic": "Obesity / Weight Status",
    "Data_Value": 30.8,
    "Sample_Size": "8,048",
    "Stratification1": "Total",
    "StratificationId1": "OVERALL",
    "LocationDisplayOrder": 18
  },
  {
    "ID": 25608,
    "Description": 2011,
    "LocationAbbr": "IA",
    "LocationDesc": "Iowa",
    "DataSource": "BRFSS",
    "Topic": "Obesity / Weight Status",
    "Data_Value": 29,
    "Sample_Size": "6,898",
    "Stratification1": "Total",
    "StratificationId1": "OVERALL",
    "LocationDisplayOrder": 19
  },
  {
    "ID": 31921,
    "Description": 2011,
    "LocationAbbr": "KS",
    "LocationDesc": "Kansas",
    "DataSource": "BRFSS",
    "Topic": "Obesity / Weight Status",
    "Data_Value": 29.6,
    "Sample_Size": "19,619",
    "Stratification1": "Total",
    "StratificationId1": "OVERALL",
    "LocationDisplayOrder": 20
  },
  {
    "ID": 29505,
    "Description": 2011,
    "LocationAbbr": "KY",
    "LocationDesc": "Kentucky",
    "DataSource": "BRFSS",
    "Topic": "Obesity / Weight Status",
    "Data_Value": 30.4,
    "Sample_Size": "10,114",
    "Stratification1": "Total",
    "StratificationId1": "OVERALL",
    "LocationDisplayOrder": 21
  },
  {
    "ID": 34571,
    "Description": 2011,
    "LocationAbbr": "LA",
    "LocationDesc": "Louisiana",
    "DataSource": "BRFSS",
    "Topic": "Obesity / Weight Status",
    "Data_Value": 33.4,
    "Sample_Size": "10,404",
    "Stratification1": "Total",
    "StratificationId1": "OVERALL",
    "LocationDisplayOrder": 22
  },
  {
    "ID": 19185,
    "Description": 2011,
    "LocationAbbr": "ME",
    "LocationDesc": "Maine",
    "DataSource": "BRFSS",
    "Topic": "Obesity / Weight Status",
    "Data_Value": 27.8,
    "Sample_Size": "12,643",
    "Stratification1": "Total",
    "StratificationId1": "OVERALL",
    "LocationDisplayOrder": 23
  },
  {
    "ID": 2617,
    "Description": 2011,
    "LocationAbbr": "MD",
    "LocationDesc": "Maryland",
    "DataSource": "BRFSS",
    "Topic": "Obesity / Weight Status",
    "Data_Value": 28.3,
    "Sample_Size": "9,450",
    "Stratification1": "Total",
    "StratificationId1": "OVERALL",
    "LocationDisplayOrder": 24
  },
  {
    "ID": 22132,
    "Description": 2011,
    "LocationAbbr": "MA",
    "LocationDesc": "Massachusetts",
    "DataSource": "BRFSS",
    "Topic": "Obesity / Weight Status",
    "Data_Value": 22.7,
    "Sample_Size": "20,532",
    "Stratification1": "Total",
    "StratificationId1": "OVERALL",
    "LocationDisplayOrder": 25
  },
  {
    "ID": 3937,
    "Description": 2011,
    "LocationAbbr": "MI",
    "LocationDesc": "Michigan",
    "DataSource": "BRFSS",
    "Topic": "Obesity / Weight Status",
    "Data_Value": 31.3,
    "Sample_Size": "10,579",
    "Stratification1": "Total",
    "StratificationId1": "OVERALL",
    "LocationDisplayOrder": 26
  },
  {
    "ID": 11295,
    "Description": 2011,
    "LocationAbbr": "MN",
    "LocationDesc": "Minnesota",
    "DataSource": "BRFSS",
    "Topic": "Obesity / Weight Status",
    "Data_Value": 25.7,
    "Sample_Size": "14,387",
    "Stratification1": "Total",
    "StratificationId1": "OVERALL",
    "LocationDisplayOrder": 27
  },
  {
    "ID": 30811,
    "Description": 2011,
    "LocationAbbr": "MS",
    "LocationDesc": "Mississippi",
    "DataSource": "BRFSS",
    "Topic": "Obesity / Weight Status",
    "Data_Value": 34.9,
    "Sample_Size": "8,504",
    "Stratification1": "Total",
    "StratificationId1": "OVERALL",
    "LocationDisplayOrder": 28
  },
  {
    "ID": 39115,
    "Description": 2011,
    "LocationAbbr": "MO",
    "LocationDesc": "Missouri",
    "DataSource": "BRFSS",
    "Topic": "Obesity / Weight Status",
    "Data_Value": 30.3,
    "Sample_Size": "6,095",
    "Stratification1": "Total",
    "StratificationId1": "OVERALL",
    "LocationDisplayOrder": 29
  },
  {
    "ID": 35295,
    "Description": 2011,
    "LocationAbbr": "MT",
    "LocationDesc": "Montana",
    "DataSource": "BRFSS",
    "Topic": "Obesity / Weight Status",
    "Data_Value": 24.6,
    "Sample_Size": "9,882",
    "Stratification1": "Total",
    "StratificationId1": "OVERALL",
    "LocationDisplayOrder": 30
  },
  {
    "ID": 7583,
    "Description": 2011,
    "LocationAbbr": "NE",
    "LocationDesc": "Nebraska",
    "DataSource": "BRFSS",
    "Topic": "Obesity / Weight Status",
    "Data_Value": 28.4,
    "Sample_Size": "24,366",
    "Stratification1": "Total",
    "StratificationId1": "OVERALL",
    "LocationDisplayOrder": 31
  },
  {
    "ID": 20551,
    "Description": 2011,
    "LocationAbbr": "NV",
    "LocationDesc": "Nevada",
    "DataSource": "BRFSS",
    "Topic": "Obesity / Weight Status",
    "Data_Value": 24.5,
    "Sample_Size": "5,205",
    "Stratification1": "Total",
    "StratificationId1": "OVERALL",
    "LocationDisplayOrder": 32
  },
  {
    "ID": 32746,
    "Description": 2011,
    "LocationAbbr": "NH",
    "LocationDesc": "New Hampshire",
    "DataSource": "BRFSS",
    "Topic": "Obesity / Weight Status",
    "Data_Value": 26.2,
    "Sample_Size": "6,049",
    "Stratification1": "Total",
    "StratificationId1": "OVERALL",
    "LocationDisplayOrder": 33
  },
  {
    "ID": 25331,
    "Description": 2011,
    "LocationAbbr": "NJ",
    "LocationDesc": "New Jersey",
    "DataSource": "BRFSS",
    "Topic": "Obesity / Weight Status",
    "Data_Value": 23.7,
    "Sample_Size": "14,130",
    "Stratification1": "Total",
    "StratificationId1": "OVERALL",
    "LocationDisplayOrder": 34
  },
  {
    "ID": 34472,
    "Description": 2011,
    "LocationAbbr": "NM",
    "LocationDesc": "New Mexico",
    "DataSource": "BRFSS",
    "Topic": "Obesity / Weight Status",
    "Data_Value": 26.3,
    "Sample_Size": "8,981",
    "Stratification1": "Total",
    "StratificationId1": "OVERALL",
    "LocationDisplayOrder": 35
  },
  {
    "ID": 10456,
    "Description": 2011,
    "LocationAbbr": "NY",
    "LocationDesc": "New York",
    "DataSource": "BRFSS",
    "Topic": "Obesity / Weight Status",
    "Data_Value": 24.5,
    "Sample_Size": "7,222",
    "Stratification1": "Total",
    "StratificationId1": "OVERALL",
    "LocationDisplayOrder": 36
  },
  {
    "ID": 26625,
    "Description": 2011,
    "LocationAbbr": "NC",
    "LocationDesc": "North Carolina",
    "DataSource": "BRFSS",
    "Topic": "Obesity / Weight Status",
    "Data_Value": 29.1,
    "Sample_Size": "10,790",
    "Stratification1": "Total",
    "StratificationId1": "OVERALL",
    "LocationDisplayOrder": 37
  },
  {
    "ID": 19329,
    "Description": 2011,
    "LocationAbbr": "ND",
    "LocationDesc": "North Dakota",
    "DataSource": "BRFSS",
    "Topic": "Obesity / Weight Status",
    "Data_Value": 27.8,
    "Sample_Size": "4,982",
    "Stratification1": "Total",
    "StratificationId1": "OVERALL",
    "LocationDisplayOrder": 38
  },
  {
    "ID": 30170,
    "Description": 2011,
    "LocationAbbr": "OH",
    "LocationDesc": "Ohio",
    "DataSource": "BRFSS",
    "Topic": "Obesity / Weight Status",
    "Data_Value": 29.6,
    "Sample_Size": "9,339",
    "Stratification1": "Total",
    "StratificationId1": "OVERALL",
    "LocationDisplayOrder": 39
  },
  {
    "ID": 26863,
    "Description": 2011,
    "LocationAbbr": "OK",
    "LocationDesc": "Oklahoma",
    "DataSource": "BRFSS",
    "Topic": "Obesity / Weight Status",
    "Data_Value": 31.1,
    "Sample_Size": "8,159",
    "Stratification1": "Total",
    "StratificationId1": "OVERALL",
    "LocationDisplayOrder": 40
  },
  {
    "ID": 20839,
    "Description": 2011,
    "LocationAbbr": "OR",
    "LocationDesc": "Oregon",
    "DataSource": "BRFSS",
    "Topic": "Obesity / Weight Status",
    "Data_Value": 26.7,
    "Sample_Size": "5,959",
    "Stratification1": "Total",
    "StratificationId1": "OVERALL",
    "LocationDisplayOrder": 41
  },
  {
    "ID": 35151,
    "Description": 2011,
    "LocationAbbr": "PA",
    "LocationDesc": "Pennsylvania",
    "DataSource": "BRFSS",
    "Topic": "Obesity / Weight Status",
    "Data_Value": 28.6,
    "Sample_Size": "10,850",
    "Stratification1": "Total",
    "StratificationId1": "OVERALL",
    "LocationDisplayOrder": 42
  },
  {
    "ID": 4410,
    "Description": 2011,
    "LocationAbbr": "RI",
    "LocationDesc": "Rhode Island",
    "DataSource": "BRFSS",
    "Topic": "Obesity / Weight Status",
    "Data_Value": 25.4,
    "Sample_Size": "6,182",
    "Stratification1": "Total",
    "StratificationId1": "OVERALL",
    "LocationDisplayOrder": 44
  },
  {
    "ID": 12150,
    "Description": 2011,
    "LocationAbbr": "SC",
    "LocationDesc": "South Carolina",
    "DataSource": "BRFSS",
    "Topic": "Obesity / Weight Status",
    "Data_Value": 30.8,
    "Sample_Size": "12,352",
    "Stratification1": "Total",
    "StratificationId1": "OVERALL",
    "LocationDisplayOrder": 45
  },
  {
    "ID": 7416,
    "Description": 2011,
    "LocationAbbr": "SD",
    "LocationDesc": "South Dakota",
    "DataSource": "BRFSS",
    "Topic": "Obesity / Weight Status",
    "Data_Value": 28.1,
    "Sample_Size": "7,820",
    "Stratification1": "Total",
    "StratificationId1": "OVERALL",
    "LocationDisplayOrder": 46
  },
  {
    "ID": 3871,
    "Description": 2011,
    "LocationAbbr": "TN",
    "LocationDesc": "Tennessee",
    "DataSource": "BRFSS",
    "Topic": "Obesity / Weight Status",
    "Data_Value": 29.2,
    "Sample_Size": "5,575",
    "Stratification1": "Total",
    "StratificationId1": "OVERALL",
    "LocationDisplayOrder": 47
  },
  {
    "ID": 33109,
    "Description": 2011,
    "LocationAbbr": "TX",
    "LocationDesc": "Texas",
    "DataSource": "BRFSS",
    "Topic": "Obesity / Weight Status",
    "Data_Value": 30.4,
    "Sample_Size": "14,024",
    "Stratification1": "Total",
    "StratificationId1": "OVERALL",
    "LocationDisplayOrder": 48
  },
  {
    "ID": 36617,
    "Description": 2011,
    "LocationAbbr": "UT",
    "LocationDesc": "Utah",
    "DataSource": "BRFSS",
    "Topic": "Obesity / Weight Status",
    "Data_Value": 24.4,
    "Sample_Size": "11,918",
    "Stratification1": "Total",
    "StratificationId1": "OVERALL",
    "LocationDisplayOrder": 49
  },
  {
    "ID": 12465,
    "Description": 2011,
    "LocationAbbr": "VT",
    "LocationDesc": "Vermont",
    "DataSource": "BRFSS",
    "Topic": "Obesity / Weight Status",
    "Data_Value": 25.4,
    "Sample_Size": "6,771",
    "Stratification1": "Total",
    "StratificationId1": "OVERALL",
    "LocationDisplayOrder": 50
  },
  {
    "ID": 23634,
    "Description": 2011,
    "LocationAbbr": "VA",
    "LocationDesc": "Virginia",
    "DataSource": "BRFSS",
    "Topic": "Obesity / Weight Status",
    "Data_Value": 29.2,
    "Sample_Size": "6,151",
    "Stratification1": "Total",
    "StratificationId1": "OVERALL",
    "LocationDisplayOrder": 51
  },
  {
    "ID": 5904,
    "Description": 2011,
    "LocationAbbr": "WA",
    "LocationDesc": "Washington",
    "DataSource": "BRFSS",
    "Topic": "Obesity / Weight Status",
    "Data_Value": 26.5,
    "Sample_Size": "13,896",
    "Stratification1": "Total",
    "StratificationId1": "OVERALL",
    "LocationDisplayOrder": 53
  },
  {
    "ID": 33119,
    "Description": 2011,
    "LocationAbbr": "WV",
    "LocationDesc": "West Virginia",
    "DataSource": "BRFSS",
    "Topic": "Obesity / Weight Status",
    "Data_Value": 32.4,
    "Sample_Size": "4,958",
    "Stratification1": "Total",
    "StratificationId1": "OVERALL",
    "LocationDisplayOrder": 54
  },
  {
    "ID": 13960,
    "Description": 2011,
    "LocationAbbr": "WI",
    "LocationDesc": "Wisconsin",
    "DataSource": "BRFSS",
    "Topic": "Obesity / Weight Status",
    "Data_Value": 27.7,
    "Sample_Size": "4,941",
    "Stratification1": "Total",
    "StratificationId1": "OVERALL",
    "LocationDisplayOrder": 55
  },
  {
    "ID": 7665,
    "Description": 2011,
    "LocationAbbr": "WY",
    "LocationDesc": "Wyoming",
    "DataSource": "BRFSS",
    "Topic": "Obesity / Weight Status",
    "Data_Value": 25,
    "Sample_Size": "6,565",
    "Stratification1": "Total",
    "StratificationId1": "OVERALL",
    "LocationDisplayOrder": 56
  },
  {
    "ID": "",
    "Description": "",
    "LocationAbbr": "",
    "LocationDesc": "",
    "DataSource": "",
    "Topic": "",
    "Data_Value": "",
    "Sample_Size": "",
    "Stratification1": "",
    "StratificationId1": "",
    "LocationDisplayOrder": ""
  },
  {
    "ID": "",
    "Description": "",
    "LocationAbbr": "",
    "LocationDesc": "",
    "DataSource": "",
    "Topic": "",
    "Data_Value": "",
    "Sample_Size": "",
    "Stratification1": "",
    "StratificationId1": "",
    "LocationDisplayOrder": ""
  },
  {
    "ID": "",
    "Description": "",
    "LocationAbbr": "",
    "LocationDesc": "",
    "DataSource": "",
    "Topic": "",
    "Data_Value": "",
    "Sample_Size": "",
    "Stratification1": "",
    "StratificationId1": "",
    "LocationDisplayOrder": ""
  },
  {
    "ID": "",
    "Description": "",
    "LocationAbbr": "",
    "LocationDesc": "",
    "DataSource": "",
    "Topic": "",
    "Data_Value": "",
    "Sample_Size": "",
    "Stratification1": "",
    "StratificationId1": "",
    "LocationDisplayOrder": ""
  },
  {
    "ID": "",
    "Description": "",
    "LocationAbbr": "",
    "LocationDesc": "",
    "DataSource": "",
    "Topic": "",
    "Data_Value": "",
    "Sample_Size": "",
    "Stratification1": "",
    "StratificationId1": "",
    "LocationDisplayOrder": ""
  },
  {
    "ID": "",
    "Description": "",
    "LocationAbbr": "",
    "LocationDesc": "",
    "DataSource": "",
    "Topic": "",
    "Data_Value": "",
    "Sample_Size": "",
    "Stratification1": "",
    "StratificationId1": "",
    "LocationDisplayOrder": ""
  },
  {
    "ID": "",
    "Description": "",
    "LocationAbbr": "",
    "LocationDesc": "",
    "DataSource": "",
    "Topic": "",
    "Data_Value": "",
    "Sample_Size": "",
    "Stratification1": "",
    "StratificationId1": "",
    "LocationDisplayOrder": ""
  },
  {
    "ID": "",
    "Description": "",
    "LocationAbbr": "",
    "LocationDesc": "",
    "DataSource": "",
    "Topic": "",
    "Data_Value": "",
    "Sample_Size": "",
    "Stratification1": "",
    "StratificationId1": "",
    "LocationDisplayOrder": ""
  },
  {
    "ID": "",
    "Description": "",
    "LocationAbbr": "",
    "LocationDesc": "",
    "DataSource": "",
    "Topic": "",
    "Data_Value": "",
    "Sample_Size": "",
    "Stratification1": "",
    "StratificationId1": "",
    "LocationDisplayOrder": ""
  }
]