[
  {
    "ID": 2010,
    "Description": 2011,
    "LocationAbbr": "US",
    "LocationDesc": "National",
    "DataSource": "BRFSS",
    "Topic": "Obesity / Weight Status",
    "Data_Value": 29.5,
    "Sample_Size": "48,943",
    "Stratification1": "$25,000 - $34,999",
    "StratificationId1": "INC2535",
    "LocationDisplayOrder": 0
  },
  {
    "ID": 9877,
    "Description": 2011,
    "LocationAbbr": "AL",
    "LocationDesc": "Alabama",
    "DataSource": "BRFSS",
    "Topic": "Obesity / Weight Status",
    "Data_Value": 35.8,
    "Sample_Size": 757,
    "Stratification1": "$25,000 - $34,999",
    "StratificationId1": "INC2535",
    "LocationDisplayOrder": 1
  },
  {
    "ID": 26416,
    "Description": 2011,
    "LocationAbbr": "AK",
    "LocationDesc": "Alaska",
    "DataSource": "BRFSS",
    "Topic": "Obesity / Weight Status",
    "Data_Value": 32.2,
    "Sample_Size": 224,
    "Stratification1": "$25,000 - $34,999",
    "StratificationId1": "INC2535",
    "LocationDisplayOrder": 2
  },
  {
    "ID": 4595,
    "Description": 2011,
    "LocationAbbr": "AZ",
    "LocationDesc": "Arizona",
    "DataSource": "BRFSS",
    "Topic": "Obesity / Weight Status",
    "Data_Value": 26.5,
    "Sample_Size": 654,
    "Stratification1": "$25,000 - $34,999",
    "StratificationId1": "INC2535",
    "LocationDisplayOrder": 4
  },
  {
    "ID": 18563,
    "Description": 2011,
    "LocationAbbr": "AR",
    "LocationDesc": "Arkansas",
    "DataSource": "BRFSS",
    "Topic": "Obesity / Weight Status",
    "Data_Value": 37.2,
    "Sample_Size": 524,
    "Stratification1": "$25,000 - $34,999",
    "StratificationId1": "INC2535",
    "LocationDisplayOrder": 5
  },
  {
    "ID": 25941,
    "Description": 2011,
    "LocationAbbr": "CA",
    "LocationDesc": "California",
    "DataSource": "BRFSS",
    "Topic": "Obesity / Weight Status",
    "Data_Value": 27.2,
    "Sample_Size": "1,622",
    "Stratification1": "$25,000 - $34,999",
    "StratificationId1": "INC2535",
    "LocationDisplayOrder": 6
  },
  {
    "ID": 31654,
    "Description": 2011,
    "LocationAbbr": "CO",
    "LocationDesc": "Colorado",
    "DataSource": "BRFSS",
    "Topic": "Obesity / Weight Status",
    "Data_Value": 23.7,
    "Sample_Size": "1,134",
    "Stratification1": "$25,000 - $34,999",
    "StratificationId1": "INC2535",
    "LocationDisplayOrder": 8
  },
  {
    "ID": 17927,
    "Description": 2011,
    "LocationAbbr": "CT",
    "LocationDesc": "Connecticut",
    "DataSource": "BRFSS",
    "Topic": "Obesity / Weight Status",
    "Data_Value": 24.7,
    "Sample_Size": 549,
    "Stratification1": "$25,000 - $34,999",
    "StratificationId1": "INC2535",
    "LocationDisplayOrder": 9
  },
  {
    "ID": 20150,
    "Description": 2011,
    "LocationAbbr": "DE",
    "LocationDesc": "Delaware",
    "DataSource": "BRFSS",
    "Topic": "Obesity / Weight Status",
    "Data_Value": 31,
    "Sample_Size": 374,
    "Stratification1": "$25,000 - $34,999",
    "StratificationId1": "INC2535",
    "LocationDisplayOrder": 10
  },
  {
    "ID": 26860,
    "Description": 2011,
    "LocationAbbr": "DC",
    "LocationDesc": "District of Columbia",
    "DataSource": "BRFSS",
    "Topic": "Obesity / Weight Status",
    "Data_Value": 30,
    "Sample_Size": 277,
    "Stratification1": "$25,000 - $34,999",
    "StratificationId1": "INC2535",
    "LocationDisplayOrder": 11
  },
  {
    "ID": 8033,
    "Description": 2011,
    "LocationAbbr": "FL",
    "LocationDesc": "Florida",
    "DataSource": "BRFSS",
    "Topic": "Obesity / Weight Status",
    "Data_Value": 29.7,
    "Sample_Size": "1,285",
    "Stratification1": "$25,000 - $34,999",
    "StratificationId1": "INC2535",
    "LocationDisplayOrder": 12
  },
  {
    "ID": 15415,
    "Description": 2011,
    "LocationAbbr": "GA",
    "LocationDesc": "Georgia",
    "DataSource": "BRFSS",
    "Topic": "Obesity / Weight Status",
    "Data_Value": 29,
    "Sample_Size": "1,044",
    "Stratification1": "$25,000 - $34,999",
    "StratificationId1": "INC2535",
    "LocationDisplayOrder": 13
  },
  {
    "ID": 10297,
    "Description": 2011,
    "LocationAbbr": "HI",
    "LocationDesc": "Hawaii",
    "DataSource": "BRFSS",
    "Topic": "Obesity / Weight Status",
    "Data_Value": 21.9,
    "Sample_Size": 798,
    "Stratification1": "$25,000 - $34,999",
    "StratificationId1": "INC2535",
    "LocationDisplayOrder": 15
  },
  {
    "ID": 19487,
    "Description": 2011,
    "LocationAbbr": "ID",
    "LocationDesc": "Idaho",
    "DataSource": "BRFSS",
    "Topic": "Obesity / Weight Status",
    "Data_Value": 29,
    "Sample_Size": 707,
    "Stratification1": "$25,000 - $34,999",
    "StratificationId1": "INC2535",
    "LocationDisplayOrder": 16
  },
  {
    "ID": 35406,
    "Description": 2011,
    "LocationAbbr": "IL",
    "LocationDesc": "Illinois",
    "DataSource": "BRFSS",
    "Topic": "Obesity / Weight Status",
    "Data_Value": 26.9,
    "Sample_Size": 553,
    "Stratification1": "$25,000 - $34,999",
    "StratificationId1": "INC2535",
    "LocationDisplayOrder": 17
  },
  {
    "ID": 21349,
    "Description": 2011,
    "LocationAbbr": "IN",
    "LocationDesc": "Indiana",
    "DataSource": "BRFSS",
    "Topic": "Obesity / Weight Status",
    "Data_Value": 32,
    "Sample_Size": 878,
    "Stratification1": "$25,000 - $34,999",
    "StratificationId1": "INC2535",
    "LocationDisplayOrder": 18
  },
  {
    "ID": 19421,
    "Description": 2011,
    "LocationAbbr": "IA",
    "LocationDesc": "Iowa",
    "DataSource": "BRFSS",
    "Topic": "Obesity / Weight Status",
    "Data_Value": 32.1,
    "Sample_Size": 721,
    "Stratification1": "$25,000 - $34,999",
    "StratificationId1": "INC2535",
    "LocationDisplayOrder": 19
  },
  {
    "ID": 32441,
    "Description": 2011,
    "LocationAbbr": "KS",
    "LocationDesc": "Kansas",
    "DataSource": "BRFSS",
    "Topic": "Obesity / Weight Status",
    "Data_Value": 30.9,
    "Sample_Size": "2,259",
    "Stratification1": "$25,000 - $34,999",
    "StratificationId1": "INC2535",
    "LocationDisplayOrder": 20
  },
  {
    "ID": 4084,
    "Description": 2011,
    "LocationAbbr": "KY",
    "LocationDesc": "Kentucky",
    "DataSource": "BRFSS",
    "Topic": "Obesity / Weight Status",
    "Data_Value": 30,
    "Sample_Size": 866,
    "Stratification1": "$25,000 - $34,999",
    "StratificationId1": "INC2535",
    "LocationDisplayOrder": 21
  },
  {
    "ID": 34920,
    "Description": 2011,
    "LocationAbbr": "LA",
    "LocationDesc": "Louisiana",
    "DataSource": "BRFSS",
    "Topic": "Obesity / Weight Status",
    "Data_Value": 36.8,
    "Sample_Size": "1,013",
    "Stratification1": "$25,000 - $34,999",
    "StratificationId1": "INC2535",
    "LocationDisplayOrder": 22
  },
  {
    "ID": 18988,
    "Description": 2011,
    "LocationAbbr": "ME",
    "LocationDesc": "Maine",
    "DataSource": "BRFSS",
    "Topic": "Obesity / Weight Status",
    "Data_Value": 30,
    "Sample_Size": "1,397",
    "Stratification1": "$25,000 - $34,999",
    "StratificationId1": "INC2535",
    "LocationDisplayOrder": 23
  },
  {
    "ID": 2489,
    "Description": 2011,
    "LocationAbbr": "MD",
    "LocationDesc": "Maryland",
    "DataSource": "BRFSS",
    "Topic": "Obesity / Weight Status",
    "Data_Value": 31.2,
    "Sample_Size": 740,
    "Stratification1": "$25,000 - $34,999",
    "StratificationId1": "INC2535",
    "LocationDisplayOrder": 24
  },
  {
    "ID": 23441,
    "Description": 2011,
    "LocationAbbr": "MA",
    "LocationDesc": "Massachusetts",
    "DataSource": "BRFSS",
    "Topic": "Obesity / Weight Status",
    "Data_Value": 22.9,
    "Sample_Size": "1,853",
    "Stratification1": "$25,000 - $34,999",
    "StratificationId1": "INC2535",
    "LocationDisplayOrder": 25
  },
  {
    "ID": 38600,
    "Description": 2011,
    "LocationAbbr": "MI",
    "LocationDesc": "Michigan",
    "DataSource": "BRFSS",
    "Topic": "Obesity / Weight Status",
    "Data_Value": 30.5,
    "Sample_Size": "1,301",
    "Stratification1": "$25,000 - $34,999",
    "StratificationId1": "INC2535",
    "LocationDisplayOrder": 26
  },
  {
    "ID": 11589,
    "Description": 2011,
    "LocationAbbr": "MN",
    "LocationDesc": "Minnesota",
    "DataSource": "BRFSS",
    "Topic": "Obesity / Weight Status",
    "Data_Value": 27.4,
    "Sample_Size": "1,416",
    "Stratification1": "$25,000 - $34,999",
    "StratificationId1": "INC2535",
    "LocationDisplayOrder": 27
  },
  {
    "ID": 6257,
    "Description": 2011,
    "LocationAbbr": "MS",
    "LocationDesc": "Mississippi",
    "DataSource": "BRFSS",
    "Topic": "Obesity / Weight Status",
    "Data_Value": 39.2,
    "Sample_Size": 909,
    "Stratification1": "$25,000 - $34,999",
    "StratificationId1": "INC2535",
    "LocationDisplayOrder": 28
  },
  {
    "ID": 38740,
    "Description": 2011,
    "LocationAbbr": "MO",
    "LocationDesc": "Missouri",
    "DataSource": "BRFSS",
    "Topic": "Obesity / Weight Status",
    "Data_Value": 31.5,
    "Sample_Size": 680,
    "Stratification1": "$25,000 - $34,999",
    "StratificationId1": "INC2535",
    "LocationDisplayOrder": 29
  },
  {
    "ID": 28052,
    "Description": 2011,
    "LocationAbbr": "MT",
    "LocationDesc": "Montana",
    "DataSource": "BRFSS",
    "Topic": "Obesity / Weight Status",
    "Data_Value": 27.4,
    "Sample_Size": "1,299",
    "Stratification1": "$25,000 - $34,999",
    "StratificationId1": "INC2535",
    "LocationDisplayOrder": 30
  },
  {
    "ID": 10140,
    "Description": 2011,
    "LocationAbbr": "NE",
    "LocationDesc": "Nebraska",
    "DataSource": "BRFSS",
    "Topic": "Obesity / Weight Status",
    "Data_Value": 30.3,
    "Sample_Size": "2,969",
    "Stratification1": "$25,000 - $34,999",
    "StratificationId1": "INC2535",
    "LocationDisplayOrder": 31
  },
  {
    "ID": 23069,
    "Description": 2011,
    "LocationAbbr": "NV",
    "LocationDesc": "Nevada",
    "DataSource": "BRFSS",
    "Topic": "Obesity / Weight Status",
    "Data_Value": 25.4,
    "Sample_Size": 511,
    "Stratification1": "$25,000 - $34,999",
    "StratificationId1": "INC2535",
    "LocationDisplayOrder": 32
  },
  {
    "ID": 22567,
    "Description": 2011,
    "LocationAbbr": "NH",
    "LocationDesc": "New Hampshire",
    "DataSource": "BRFSS",
    "Topic": "Obesity / Weight Status",
    "Data_Value": 24.2,
    "Sample_Size": 600,
    "Stratification1": "$25,000 - $34,999",
    "StratificationId1": "INC2535",
    "LocationDisplayOrder": 33
  },
  {
    "ID": 39505,
    "Description": 2011,
    "LocationAbbr": "NJ",
    "LocationDesc": "New Jersey",
    "DataSource": "BRFSS",
    "Topic": "Obesity / Weight Status",
    "Data_Value": 26.6,
    "Sample_Size": "1,203",
    "Stratification1": "$25,000 - $34,999",
    "StratificationId1": "INC2535",
    "LocationDisplayOrder": 34
  },
  {
    "ID": 25316,
    "Description": 2011,
    "LocationAbbr": "NM",
    "LocationDesc": "New Mexico",
    "DataSource": "BRFSS",
    "Topic": "Obesity / Weight Status",
    "Data_Value": 24.2,
    "Sample_Size": "1,065",
    "Stratification1": "$25,000 - $34,999",
    "StratificationId1": "INC2535",
    "LocationDisplayOrder": 35
  },
  {
    "ID": 9307,
    "Description": 2011,
    "LocationAbbr": "NY",
    "LocationDesc": "New York",
    "DataSource": "BRFSS",
    "Topic": "Obesity / Weight Status",
    "Data_Value": 26,
    "Sample_Size": 647,
    "Stratification1": "$25,000 - $34,999",
    "StratificationId1": "INC2535",
    "LocationDisplayOrder": 36
  },
  {
    "ID": 19985,
    "Description": 2011,
    "LocationAbbr": "NC",
    "LocationDesc": "North Carolina",
    "DataSource": "BRFSS",
    "Topic": "Obesity / Weight Status",
    "Data_Value": 33.3,
    "Sample_Size": "1,069",
    "Stratification1": "$25,000 - $34,999",
    "StratificationId1": "INC2535",
    "LocationDisplayOrder": 37
  },
  {
    "ID": 12234,
    "Description": 2011,
    "LocationAbbr": "ND",
    "LocationDesc": "North Dakota",
    "DataSource": "BRFSS",
    "Topic": "Obesity / Weight Status",
    "Data_Value": 28.7,
    "Sample_Size": 572,
    "Stratification1": "$25,000 - $34,999",
    "StratificationId1": "INC2535",
    "LocationDisplayOrder": 38
  },
  {
    "ID": 15783,
    "Description": 2011,
    "LocationAbbr": "OH",
    "LocationDesc": "Ohio",
    "DataSource": "BRFSS",
    "Topic": "Obesity / Weight Status",
    "Data_Value": 33,
    "Sample_Size": 992,
    "Stratification1": "$25,000 - $34,999",
    "StratificationId1": "INC2535",
    "LocationDisplayOrder": 39
  },
  {
    "ID": 6511,
    "Description": 2011,
    "LocationAbbr": "OK",
    "LocationDesc": "Oklahoma",
    "DataSource": "BRFSS",
    "Topic": "Obesity / Weight Status",
    "Data_Value": 29.4,
    "Sample_Size": 902,
    "Stratification1": "$25,000 - $34,999",
    "StratificationId1": "INC2535",
    "LocationDisplayOrder": 40
  },
  {
    "ID": 30547,
    "Description": 2011,
    "LocationAbbr": "OR",
    "LocationDesc": "Oregon",
    "DataSource": "BRFSS",
    "Topic": "Obesity / Weight Status",
    "Data_Value": 29.8,
    "Sample_Size": 637,
    "Stratification1": "$25,000 - $34,999",
    "StratificationId1": "INC2535",
    "LocationDisplayOrder": 41
  },
  {
    "ID": 25925,
    "Description": 2011,
    "LocationAbbr": "PA",
    "LocationDesc": "Pennsylvania",
    "DataSource": "BRFSS",
    "Topic": "Obesity / Weight Status",
    "Data_Value": 29.5,
    "Sample_Size": "1,151",
    "Stratification1": "$25,000 - $34,999",
    "StratificationId1": "INC2535",
    "LocationDisplayOrder": 42
  },
  {
    "ID": 22064,
    "Description": 2011,
    "LocationAbbr": "RI",
    "LocationDesc": "Rhode Island",
    "DataSource": "BRFSS",
    "Topic": "Obesity / Weight Status",
    "Data_Value": 25.7,
    "Sample_Size": 561,
    "Stratification1": "$25,000 - $34,999",
    "StratificationId1": "INC2535",
    "LocationDisplayOrder": 44
  },
  {
    "ID": 39490,
    "Description": 2011,
    "LocationAbbr": "SC",
    "LocationDesc": "South Carolina",
    "DataSource": "BRFSS",
    "Topic": "Obesity / Weight Status",
    "Data_Value": 32.1,
    "Sample_Size": "1,289",
    "Stratification1": "$25,000 - $34,999",
    "StratificationId1": "INC2535",
    "LocationDisplayOrder": 45
  },
  {
    "ID": 22972,
    "Description": 2011,
    "LocationAbbr": "SD",
    "LocationDesc": "South Dakota",
    "DataSource": "BRFSS",
    "Topic": "Obesity / Weight Status",
    "Data_Value": 28.3,
    "Sample_Size": 853,
    "Stratification1": "$25,000 - $34,999",
    "StratificationId1": "INC2535",
    "LocationDisplayOrder": 46
  },
  {
    "ID": 18990,
    "Description": 2011,
    "LocationAbbr": "TN",
    "LocationDesc": "Tennessee",
    "DataSource": "BRFSS",
    "Topic": "Obesity / Weight Status",
    "Data_Value": 29.4,
    "Sample_Size": 529,
    "Stratification1": "$25,000 - $34,999",
    "StratificationId1": "INC2535",
    "LocationDisplayOrder": 47
  },
  {
    "ID": 38825,
    "Description": 2011,
    "LocationAbbr": "TX",
    "LocationDesc": "Texas",
    "DataSource": "BRFSS",
    "Topic": "Obesity / Weight Status",
    "Data_Value": 30,
    "Sample_Size": "1,272",
    "Stratification1": "$25,000 - $34,999",
    "StratificationId1": "INC2535",
    "LocationDisplayOrder": 48
  },
  {
    "ID": 19743,
    "Description": 2011,
    "LocationAbbr": "UT",
    "LocationDesc": "Utah",
    "DataSource": "BRFSS",
    "Topic": "Obesity / Weight Status",
    "Data_Value": 26.5,
    "Sample_Size": "1,093",
    "Stratification1": "$25,000 - $34,999",
    "StratificationId1": "INC2535",
    "LocationDisplayOrder": 49
  },
  {
    "ID": 27563,
    "Description": 2011,
    "LocationAbbr": "VT",
    "LocationDesc": "Vermont",
    "DataSource": "BRFSS",
    "Topic": "Obesity / Weight Status",
    "Data_Value": 28.6,
    "Sample_Size": 693,
    "Stratification1": "$25,000 - $34,999",
    "StratificationId1": "INC2535",
    "LocationDisplayOrder": 50
  },
  {
    "ID": 7345,
    "Description": 2011,
    "LocationAbbr": "VA",
    "LocationDesc": "Virginia",
    "DataSource": "BRFSS",
    "Topic": "Obesity / Weight Status",
    "Data_Value": 36,
    "Sample_Size": 566,
    "Stratification1": "$25,000 - $34,999",
    "StratificationId1": "INC2535",
    "LocationDisplayOrder": 51
  },
  {
    "ID": 3207,
    "Description": 2011,
    "LocationAbbr": "WA",
    "LocationDesc": "Washington",
    "DataSource": "BRFSS",
    "Topic": "Obesity / Weight Status",
    "Data_Value": 28.9,
    "Sample_Size": "1,636",
    "Stratification1": "$25,000 - $34,999",
    "StratificationId1": "INC2535",
    "LocationDisplayOrder": 53
  },
  {
    "ID": 31071,
    "Description": 2011,
    "LocationAbbr": "WV",
    "LocationDesc": "West Virginia",
    "DataSource": "BRFSS",
    "Topic": "Obesity / Weight Status",
    "Data_Value": 35.3,
    "Sample_Size": 749,
    "Stratification1": "$25,000 - $34,999",
    "StratificationId1": "INC2535",
    "LocationDisplayOrder": 54
  },
  {
    "ID": 2679,
    "Description": 2011,
    "LocationAbbr": "WI",
    "LocationDesc": "Wisconsin",
    "DataSource": "BRFSS",
    "Topic": "Obesity / Weight Status",
    "Data_Value": 33.8,
    "Sample_Size": 899,
    "Stratification1": "$25,000 - $34,999",
    "StratificationId1": "INC2535",
    "LocationDisplayOrder": 55
  },
  {
    "ID": 38657,
    "Description": 2011,
    "LocationAbbr": "WY",
    "LocationDesc": "Wyoming",
    "DataSource": "BRFSS",
    "Topic": "Obesity / Weight Status",
    "Data_Value": 23.7,
    "Sample_Size": 651,
    "Stratification1": "$25,000 - $34,999",
    "StratificationId1": "INC2535",
    "LocationDisplayOrder": 56
  },
  {
    "ID": "",
    "Description": "",
    "LocationAbbr": "",
    "LocationDesc": "",
    "DataSource": "",
    "Topic": "",
    "Data_Value": "",
    "Sample_Size": "",
    "Stratification1": "",
    "StratificationId1": "",
    "LocationDisplayOrder": ""
  },
  {
    "ID": "",
    "Description": "",
    "LocationAbbr": "",
    "LocationDesc": "",
    "DataSource": "",
    "Topic": "",
    "Data_Value": "",
    "Sample_Size": "",
    "Stratification1": "",
    "StratificationId1": "",
    "LocationDisplayOrder": ""
  },
  {
    "ID": "",
    "Description": "",
    "LocationAbbr": "",
    "LocationDesc": "",
    "DataSource": "",
    "Topic": "",
    "Data_Value": "",
    "Sample_Size": "",
    "Stratification1": "",
    "StratificationId1": "",
    "LocationDisplayOrder": ""
  },
  {
    "ID": "",
    "Description": "",
    "LocationAbbr": "",
    "LocationDesc": "",
    "DataSource": "",
    "Topic": "",
    "Data_Value": "",
    "Sample_Size": "",
    "Stratification1": "",
    "StratificationId1": "",
    "LocationDisplayOrder": ""
  },
  {
    "ID": "",
    "Description": "",
    "LocationAbbr": "",
    "LocationDesc": "",
    "DataSource": "",
    "Topic": "",
    "Data_Value": "",
    "Sample_Size": "",
    "Stratification1": "",
    "StratificationId1": "",
    "LocationDisplayOrder": ""
  },
  {
    "ID": "",
    "Description": "",
    "LocationAbbr": "",
    "LocationDesc": "",
    "DataSource": "",
    "Topic": "",
    "Data_Value": "",
    "Sample_Size": "",
    "Stratification1": "",
    "StratificationId1": "",
    "LocationDisplayOrder": ""
  },
  {
    "ID": "",
    "Description": "",
    "LocationAbbr": "",
    "LocationDesc": "",
    "DataSource": "",
    "Topic": "",
    "Data_Value": "",
    "Sample_Size": "",
    "Stratification1": "",
    "StratificationId1": "",
    "LocationDisplayOrder": ""
  },
  {
    "ID": "",
    "Description": "",
    "LocationAbbr": "",
    "LocationDesc": "",
    "DataSource": "",
    "Topic": "",
    "Data_Value": "",
    "Sample_Size": "",
    "Stratification1": "",
    "StratificationId1": "",
    "LocationDisplayOrder": ""
  },
  {
    "ID": "",
    "Description": "",
    "LocationAbbr": "",
    "LocationDesc": "",
    "DataSource": "",
    "Topic": "",
    "Data_Value": "",
    "Sample_Size": "",
    "Stratification1": "",
    "StratificationId1": "",
    "LocationDisplayOrder": ""
  }
]