[
  {
    "ID": 641,
    "Description": 2011,
    "LocationAbbr": "US",
    "LocationDesc": "National",
    "DataSource": "BRFSS",
    "Topic": "Obesity / Weight Status",
    "Data_Value": 37.3,
    "Sample_Size": "38,116",
    "Stratification1": "Non-Hispanic Black",
    "StratificationId1": "RACEBLK",
    "LocationDisplayOrder": 0
  },
  {
    "ID": 39858,
    "Description": 2011,
    "LocationAbbr": "AL",
    "LocationDesc": "Alabama",
    "DataSource": "BRFSS",
    "Topic": "Obesity / Weight Status",
    "Data_Value": 40.1,
    "Sample_Size": "1,878",
    "Stratification1": "Non-Hispanic Black",
    "StratificationId1": "RACEBLK",
    "LocationDisplayOrder": 1
  },
  {
    "ID": 17751,
    "Description": 2011,
    "LocationAbbr": "AK",
    "LocationDesc": "Alaska",
    "DataSource": "BRFSS",
    "Topic": "Obesity / Weight Status",
    "Data_Value": "~",
    "Sample_Size": "~",
    "Stratification1": "Non-Hispanic Black",
    "StratificationId1": "RACEBLK",
    "LocationDisplayOrder": 2
  },
  {
    "ID": 5198,
    "Description": 2011,
    "LocationAbbr": "AZ",
    "LocationDesc": "Arizona",
    "DataSource": "BRFSS",
    "Topic": "Obesity / Weight Status",
    "Data_Value": 26.8,
    "Sample_Size": 103,
    "Stratification1": "Non-Hispanic Black",
    "StratificationId1": "RACEBLK",
    "LocationDisplayOrder": 4
  },
  {
    "ID": 6734,
    "Description": 2011,
    "LocationAbbr": "AR",
    "LocationDesc": "Arkansas",
    "DataSource": "BRFSS",
    "Topic": "Obesity / Weight Status",
    "Data_Value": 38.1,
    "Sample_Size": 592,
    "Stratification1": "Non-Hispanic Black",
    "StratificationId1": "RACEBLK",
    "LocationDisplayOrder": 5
  },
  {
    "ID": 10552,
    "Description": 2011,
    "LocationAbbr": "CA",
    "LocationDesc": "California",
    "DataSource": "BRFSS",
    "Topic": "Obesity / Weight Status",
    "Data_Value": 33.1,
    "Sample_Size": 652,
    "Stratification1": "Non-Hispanic Black",
    "StratificationId1": "RACEBLK",
    "LocationDisplayOrder": 6
  },
  {
    "ID": 32176,
    "Description": 2011,
    "LocationAbbr": "CO",
    "LocationDesc": "Colorado",
    "DataSource": "BRFSS",
    "Topic": "Obesity / Weight Status",
    "Data_Value": 34.2,
    "Sample_Size": 250,
    "Stratification1": "Non-Hispanic Black",
    "StratificationId1": "RACEBLK",
    "LocationDisplayOrder": 8
  },
  {
    "ID": 6066,
    "Description": 2011,
    "LocationAbbr": "CT",
    "LocationDesc": "Connecticut",
    "DataSource": "BRFSS",
    "Topic": "Obesity / Weight Status",
    "Data_Value": 32.8,
    "Sample_Size": 467,
    "Stratification1": "Non-Hispanic Black",
    "StratificationId1": "RACEBLK",
    "LocationDisplayOrder": 9
  },
  {
    "ID": 37094,
    "Description": 2011,
    "LocationAbbr": "DE",
    "LocationDesc": "Delaware",
    "DataSource": "BRFSS",
    "Topic": "Obesity / Weight Status",
    "Data_Value": 38.2,
    "Sample_Size": 649,
    "Stratification1": "Non-Hispanic Black",
    "StratificationId1": "RACEBLK",
    "LocationDisplayOrder": 10
  },
  {
    "ID": 34891,
    "Description": 2011,
    "LocationAbbr": "DC",
    "LocationDesc": "District of Columbia",
    "DataSource": "BRFSS",
    "Topic": "Obesity / Weight Status",
    "Data_Value": 36.7,
    "Sample_Size": "1,953",
    "Stratification1": "Non-Hispanic Black",
    "StratificationId1": "RACEBLK",
    "LocationDisplayOrder": 11
  },
  {
    "ID": 30786,
    "Description": 2011,
    "LocationAbbr": "FL",
    "LocationDesc": "Florida",
    "DataSource": "BRFSS",
    "Topic": "Obesity / Weight Status",
    "Data_Value": 35.7,
    "Sample_Size": "1,028",
    "Stratification1": "Non-Hispanic Black",
    "StratificationId1": "RACEBLK",
    "LocationDisplayOrder": 12
  },
  {
    "ID": 38888,
    "Description": 2011,
    "LocationAbbr": "GA",
    "LocationDesc": "Georgia",
    "DataSource": "BRFSS",
    "Topic": "Obesity / Weight Status",
    "Data_Value": 36.8,
    "Sample_Size": "2,101",
    "Stratification1": "Non-Hispanic Black",
    "StratificationId1": "RACEBLK",
    "LocationDisplayOrder": 13
  },
  {
    "ID": 12120,
    "Description": 2011,
    "LocationAbbr": "HI",
    "LocationDesc": "Hawaii",
    "DataSource": "BRFSS",
    "Topic": "Obesity / Weight Status",
    "Data_Value": "~",
    "Sample_Size": "~",
    "Stratification1": "Non-Hispanic Black",
    "StratificationId1": "RACEBLK",
    "LocationDisplayOrder": 15
  },
  {
    "ID": 14380,
    "Description": 2011,
    "LocationAbbr": "ID",
    "LocationDesc": "Idaho",
    "DataSource": "BRFSS",
    "Topic": "Obesity / Weight Status",
    "Data_Value": "~",
    "Sample_Size": "~",
    "Stratification1": "Non-Hispanic Black",
    "StratificationId1": "RACEBLK",
    "LocationDisplayOrder": 16
  },
  {
    "ID": 2985,
    "Description": 2011,
    "LocationAbbr": "IL",
    "LocationDesc": "Illinois",
    "DataSource": "BRFSS",
    "Topic": "Obesity / Weight Status",
    "Data_Value": 39.2,
    "Sample_Size": 513,
    "Stratification1": "Non-Hispanic Black",
    "StratificationId1": "RACEBLK",
    "LocationDisplayOrder": 17
  },
  {
    "ID": 26457,
    "Description": 2011,
    "LocationAbbr": "IN",
    "LocationDesc": "Indiana",
    "DataSource": "BRFSS",
    "Topic": "Obesity / Weight Status",
    "Data_Value": 42.2,
    "Sample_Size": 926,
    "Stratification1": "Non-Hispanic Black",
    "StratificationId1": "RACEBLK",
    "LocationDisplayOrder": 18
  },
  {
    "ID": 39299,
    "Description": 2011,
    "LocationAbbr": "IA",
    "LocationDesc": "Iowa",
    "DataSource": "BRFSS",
    "Topic": "Obesity / Weight Status",
    "Data_Value": 27.8,
    "Sample_Size": 109,
    "Stratification1": "Non-Hispanic Black",
    "StratificationId1": "RACEBLK",
    "LocationDisplayOrder": 19
  },
  {
    "ID": 9101,
    "Description": 2011,
    "LocationAbbr": "KS",
    "LocationDesc": "Kansas",
    "DataSource": "BRFSS",
    "Topic": "Obesity / Weight Status",
    "Data_Value": 40.9,
    "Sample_Size": 728,
    "Stratification1": "Non-Hispanic Black",
    "StratificationId1": "RACEBLK",
    "LocationDisplayOrder": 20
  },
  {
    "ID": 2245,
    "Description": 2011,
    "LocationAbbr": "KY",
    "LocationDesc": "Kentucky",
    "DataSource": "BRFSS",
    "Topic": "Obesity / Weight Status",
    "Data_Value": 43.2,
    "Sample_Size": "1,058",
    "Stratification1": "Non-Hispanic Black",
    "StratificationId1": "RACEBLK",
    "LocationDisplayOrder": 21
  },
  {
    "ID": 7294,
    "Description": 2011,
    "LocationAbbr": "LA",
    "LocationDesc": "Louisiana",
    "DataSource": "BRFSS",
    "Topic": "Obesity / Weight Status",
    "Data_Value": 39.4,
    "Sample_Size": "2,545",
    "Stratification1": "Non-Hispanic Black",
    "StratificationId1": "RACEBLK",
    "LocationDisplayOrder": 22
  },
  {
    "ID": 2531,
    "Description": 2011,
    "LocationAbbr": "ME",
    "LocationDesc": "Maine",
    "DataSource": "BRFSS",
    "Topic": "Obesity / Weight Status",
    "Data_Value": 15,
    "Sample_Size": 54,
    "Stratification1": "Non-Hispanic Black",
    "StratificationId1": "RACEBLK",
    "LocationDisplayOrder": 23
  },
  {
    "ID": 23761,
    "Description": 2011,
    "LocationAbbr": "MD",
    "LocationDesc": "Maryland",
    "DataSource": "BRFSS",
    "Topic": "Obesity / Weight Status",
    "Data_Value": 37.8,
    "Sample_Size": "1,867",
    "Stratification1": "Non-Hispanic Black",
    "StratificationId1": "RACEBLK",
    "LocationDisplayOrder": 24
  },
  {
    "ID": 24643,
    "Description": 2011,
    "LocationAbbr": "MA",
    "LocationDesc": "Massachusetts",
    "DataSource": "BRFSS",
    "Topic": "Obesity / Weight Status",
    "Data_Value": 31.8,
    "Sample_Size": "1,253",
    "Stratification1": "Non-Hispanic Black",
    "StratificationId1": "RACEBLK",
    "LocationDisplayOrder": 25
  },
  {
    "ID": 39405,
    "Description": 2011,
    "LocationAbbr": "MI",
    "LocationDesc": "Michigan",
    "DataSource": "BRFSS",
    "Topic": "Obesity / Weight Status",
    "Data_Value": 41,
    "Sample_Size": "1,257",
    "Stratification1": "Non-Hispanic Black",
    "StratificationId1": "RACEBLK",
    "LocationDisplayOrder": 26
  },
  {
    "ID": 13053,
    "Description": 2011,
    "LocationAbbr": "MN",
    "LocationDesc": "Minnesota",
    "DataSource": "BRFSS",
    "Topic": "Obesity / Weight Status",
    "Data_Value": 28.1,
    "Sample_Size": 466,
    "Stratification1": "Non-Hispanic Black",
    "StratificationId1": "RACEBLK",
    "LocationDisplayOrder": 27
  },
  {
    "ID": 13545,
    "Description": 2011,
    "LocationAbbr": "MS",
    "LocationDesc": "Mississippi",
    "DataSource": "BRFSS",
    "Topic": "Obesity / Weight Status",
    "Data_Value": 42.9,
    "Sample_Size": "2,711",
    "Stratification1": "Non-Hispanic Black",
    "StratificationId1": "RACEBLK",
    "LocationDisplayOrder": 28
  },
  {
    "ID": 10355,
    "Description": 2011,
    "LocationAbbr": "MO",
    "LocationDesc": "Missouri",
    "DataSource": "BRFSS",
    "Topic": "Obesity / Weight Status",
    "Data_Value": 39.5,
    "Sample_Size": 528,
    "Stratification1": "Non-Hispanic Black",
    "StratificationId1": "RACEBLK",
    "LocationDisplayOrder": 29
  },
  {
    "ID": 8115,
    "Description": 2011,
    "LocationAbbr": "MT",
    "LocationDesc": "Montana",
    "DataSource": "BRFSS",
    "Topic": "Obesity / Weight Status",
    "Data_Value": "~",
    "Sample_Size": "~",
    "Stratification1": "Non-Hispanic Black",
    "StratificationId1": "RACEBLK",
    "LocationDisplayOrder": 30
  },
  {
    "ID": 27665,
    "Description": 2011,
    "LocationAbbr": "NE",
    "LocationDesc": "Nebraska",
    "DataSource": "BRFSS",
    "Topic": "Obesity / Weight Status",
    "Data_Value": 32.8,
    "Sample_Size": 633,
    "Stratification1": "Non-Hispanic Black",
    "StratificationId1": "RACEBLK",
    "LocationDisplayOrder": 31
  },
  {
    "ID": 22480,
    "Description": 2011,
    "LocationAbbr": "NV",
    "LocationDesc": "Nevada",
    "DataSource": "BRFSS",
    "Topic": "Obesity / Weight Status",
    "Data_Value": 31.1,
    "Sample_Size": 219,
    "Stratification1": "Non-Hispanic Black",
    "StratificationId1": "RACEBLK",
    "LocationDisplayOrder": 32
  },
  {
    "ID": 33579,
    "Description": 2011,
    "LocationAbbr": "NH",
    "LocationDesc": "New Hampshire",
    "DataSource": "BRFSS",
    "Topic": "Obesity / Weight Status",
    "Data_Value": "~",
    "Sample_Size": "~",
    "Stratification1": "Non-Hispanic Black",
    "StratificationId1": "RACEBLK",
    "LocationDisplayOrder": 33
  },
  {
    "ID": 27698,
    "Description": 2011,
    "LocationAbbr": "NJ",
    "LocationDesc": "New Jersey",
    "DataSource": "BRFSS",
    "Topic": "Obesity / Weight Status",
    "Data_Value": 31.8,
    "Sample_Size": "1,595",
    "Stratification1": "Non-Hispanic Black",
    "StratificationId1": "RACEBLK",
    "LocationDisplayOrder": 34
  },
  {
    "ID": 3933,
    "Description": 2011,
    "LocationAbbr": "NM",
    "LocationDesc": "New Mexico",
    "DataSource": "BRFSS",
    "Topic": "Obesity / Weight Status",
    "Data_Value": 23.7,
    "Sample_Size": 117,
    "Stratification1": "Non-Hispanic Black",
    "StratificationId1": "RACEBLK",
    "LocationDisplayOrder": 35
  },
  {
    "ID": 3819,
    "Description": 2011,
    "LocationAbbr": "NY",
    "LocationDesc": "New York",
    "DataSource": "BRFSS",
    "Topic": "Obesity / Weight Status",
    "Data_Value": 32.5,
    "Sample_Size": 902,
    "Stratification1": "Non-Hispanic Black",
    "StratificationId1": "RACEBLK",
    "LocationDisplayOrder": 36
  },
  {
    "ID": 5255,
    "Description": 2011,
    "LocationAbbr": "NC",
    "LocationDesc": "North Carolina",
    "DataSource": "BRFSS",
    "Topic": "Obesity / Weight Status",
    "Data_Value": 40.7,
    "Sample_Size": "1,628",
    "Stratification1": "Non-Hispanic Black",
    "StratificationId1": "RACEBLK",
    "LocationDisplayOrder": 37
  },
  {
    "ID": 9260,
    "Description": 2011,
    "LocationAbbr": "ND",
    "LocationDesc": "North Dakota",
    "DataSource": "BRFSS",
    "Topic": "Obesity / Weight Status",
    "Data_Value": "~",
    "Sample_Size": "~",
    "Stratification1": "Non-Hispanic Black",
    "StratificationId1": "RACEBLK",
    "LocationDisplayOrder": 38
  },
  {
    "ID": 32082,
    "Description": 2011,
    "LocationAbbr": "OH",
    "LocationDesc": "Ohio",
    "DataSource": "BRFSS",
    "Topic": "Obesity / Weight Status",
    "Data_Value": 33.9,
    "Sample_Size": 846,
    "Stratification1": "Non-Hispanic Black",
    "StratificationId1": "RACEBLK",
    "LocationDisplayOrder": 39
  },
  {
    "ID": 12575,
    "Description": 2011,
    "LocationAbbr": "OK",
    "LocationDesc": "Oklahoma",
    "DataSource": "BRFSS",
    "Topic": "Obesity / Weight Status",
    "Data_Value": 34.8,
    "Sample_Size": 505,
    "Stratification1": "Non-Hispanic Black",
    "StratificationId1": "RACEBLK",
    "LocationDisplayOrder": 40
  },
  {
    "ID": 2534,
    "Description": 2011,
    "LocationAbbr": "OR",
    "LocationDesc": "Oregon",
    "DataSource": "BRFSS",
    "Topic": "Obesity / Weight Status",
    "Data_Value": "~",
    "Sample_Size": "~",
    "Stratification1": "Non-Hispanic Black",
    "StratificationId1": "RACEBLK",
    "LocationDisplayOrder": 41
  },
  {
    "ID": 13085,
    "Description": 2011,
    "LocationAbbr": "PA",
    "LocationDesc": "Pennsylvania",
    "DataSource": "BRFSS",
    "Topic": "Obesity / Weight Status",
    "Data_Value": 35.9,
    "Sample_Size": 859,
    "Stratification1": "Non-Hispanic Black",
    "StratificationId1": "RACEBLK",
    "LocationDisplayOrder": 42
  },
  {
    "ID": 5695,
    "Description": 2011,
    "LocationAbbr": "RI",
    "LocationDesc": "Rhode Island",
    "DataSource": "BRFSS",
    "Topic": "Obesity / Weight Status",
    "Data_Value": 35.2,
    "Sample_Size": 175,
    "Stratification1": "Non-Hispanic Black",
    "StratificationId1": "RACEBLK",
    "LocationDisplayOrder": 44
  },
  {
    "ID": 10731,
    "Description": 2011,
    "LocationAbbr": "SC",
    "LocationDesc": "South Carolina",
    "DataSource": "BRFSS",
    "Topic": "Obesity / Weight Status",
    "Data_Value": 42.3,
    "Sample_Size": "3,311",
    "Stratification1": "Non-Hispanic Black",
    "StratificationId1": "RACEBLK",
    "LocationDisplayOrder": 45
  },
  {
    "ID": 18605,
    "Description": 2011,
    "LocationAbbr": "SD",
    "LocationDesc": "South Dakota",
    "DataSource": "BRFSS",
    "Topic": "Obesity / Weight Status",
    "Data_Value": "~",
    "Sample_Size": "~",
    "Stratification1": "Non-Hispanic Black",
    "StratificationId1": "RACEBLK",
    "LocationDisplayOrder": 46
  },
  {
    "ID": 28564,
    "Description": 2011,
    "LocationAbbr": "TN",
    "LocationDesc": "Tennessee",
    "DataSource": "BRFSS",
    "Topic": "Obesity / Weight Status",
    "Data_Value": 40.2,
    "Sample_Size": 677,
    "Stratification1": "Non-Hispanic Black",
    "StratificationId1": "RACEBLK",
    "LocationDisplayOrder": 47
  },
  {
    "ID": 5263,
    "Description": 2011,
    "LocationAbbr": "TX",
    "LocationDesc": "Texas",
    "DataSource": "BRFSS",
    "Topic": "Obesity / Weight Status",
    "Data_Value": 39.5,
    "Sample_Size": "1,005",
    "Stratification1": "Non-Hispanic Black",
    "StratificationId1": "RACEBLK",
    "LocationDisplayOrder": 48
  },
  {
    "ID": 30128,
    "Description": 2011,
    "LocationAbbr": "UT",
    "LocationDesc": "Utah",
    "DataSource": "BRFSS",
    "Topic": "Obesity / Weight Status",
    "Data_Value": 30.4,
    "Sample_Size": 50,
    "Stratification1": "Non-Hispanic Black",
    "StratificationId1": "RACEBLK",
    "LocationDisplayOrder": 49
  },
  {
    "ID": 17917,
    "Description": 2011,
    "LocationAbbr": "VT",
    "LocationDesc": "Vermont",
    "DataSource": "BRFSS",
    "Topic": "Obesity / Weight Status",
    "Data_Value": "~",
    "Sample_Size": "~",
    "Stratification1": "Non-Hispanic Black",
    "StratificationId1": "RACEBLK",
    "LocationDisplayOrder": 50
  },
  {
    "ID": 24566,
    "Description": 2011,
    "LocationAbbr": "VA",
    "LocationDesc": "Virginia",
    "DataSource": "BRFSS",
    "Topic": "Obesity / Weight Status",
    "Data_Value": 37.9,
    "Sample_Size": 883,
    "Stratification1": "Non-Hispanic Black",
    "StratificationId1": "RACEBLK",
    "LocationDisplayOrder": 51
  },
  {
    "ID": 32250,
    "Description": 2011,
    "LocationAbbr": "WA",
    "LocationDesc": "Washington",
    "DataSource": "BRFSS",
    "Topic": "Obesity / Weight Status",
    "Data_Value": 39.4,
    "Sample_Size": 173,
    "Stratification1": "Non-Hispanic Black",
    "StratificationId1": "RACEBLK",
    "LocationDisplayOrder": 53
  },
  {
    "ID": 12949,
    "Description": 2011,
    "LocationAbbr": "WV",
    "LocationDesc": "West Virginia",
    "DataSource": "BRFSS",
    "Topic": "Obesity / Weight Status",
    "Data_Value": 34.2,
    "Sample_Size": 122,
    "Stratification1": "Non-Hispanic Black",
    "StratificationId1": "RACEBLK",
    "LocationDisplayOrder": 54
  },
  {
    "ID": 3438,
    "Description": 2011,
    "LocationAbbr": "WI",
    "LocationDesc": "Wisconsin",
    "DataSource": "BRFSS",
    "Topic": "Obesity / Weight Status",
    "Data_Value": 43.9,
    "Sample_Size": 457,
    "Stratification1": "Non-Hispanic Black",
    "StratificationId1": "RACEBLK",
    "LocationDisplayOrder": 55
  },
  {
    "ID": 23793,
    "Description": 2011,
    "LocationAbbr": "WY",
    "LocationDesc": "Wyoming",
    "DataSource": "BRFSS",
    "Topic": "Obesity / Weight Status",
    "Data_Value": "~",
    "Sample_Size": "~",
    "Stratification1": "Non-Hispanic Black",
    "StratificationId1": "RACEBLK",
    "LocationDisplayOrder": 56
  },
  {
    "ID": "",
    "Description": "",
    "LocationAbbr": "",
    "LocationDesc": "",
    "DataSource": "",
    "Topic": "",
    "Data_Value": "",
    "Sample_Size": "",
    "Stratification1": "",
    "StratificationId1": "",
    "LocationDisplayOrder": ""
  },
  {
    "ID": "",
    "Description": "",
    "LocationAbbr": "",
    "LocationDesc": "",
    "DataSource": "",
    "Topic": "",
    "Data_Value": "",
    "Sample_Size": "",
    "Stratification1": "",
    "StratificationId1": "",
    "LocationDisplayOrder": ""
  },
  {
    "ID": "",
    "Description": "",
    "LocationAbbr": "",
    "LocationDesc": "",
    "DataSource": "",
    "Topic": "",
    "Data_Value": "",
    "Sample_Size": "",
    "Stratification1": "",
    "StratificationId1": "",
    "LocationDisplayOrder": ""
  },
  {
    "ID": "",
    "Description": "",
    "LocationAbbr": "",
    "LocationDesc": "",
    "DataSource": "",
    "Topic": "",
    "Data_Value": "",
    "Sample_Size": "",
    "Stratification1": "",
    "StratificationId1": "",
    "LocationDisplayOrder": ""
  },
  {
    "ID": "",
    "Description": "",
    "LocationAbbr": "",
    "LocationDesc": "",
    "DataSource": "",
    "Topic": "",
    "Data_Value": "",
    "Sample_Size": "",
    "Stratification1": "",
    "StratificationId1": "",
    "LocationDisplayOrder": ""
  },
  {
    "ID": "",
    "Description": "",
    "LocationAbbr": "",
    "LocationDesc": "",
    "DataSource": "",
    "Topic": "",
    "Data_Value": "",
    "Sample_Size": "",
    "Stratification1": "",
    "StratificationId1": "",
    "LocationDisplayOrder": ""
  },
  {
    "ID": "",
    "Description": "",
    "LocationAbbr": "",
    "LocationDesc": "",
    "DataSource": "",
    "Topic": "",
    "Data_Value": "",
    "Sample_Size": "",
    "Stratification1": "",
    "StratificationId1": "",
    "LocationDisplayOrder": ""
  },
  {
    "ID": "",
    "Description": "",
    "LocationAbbr": "",
    "LocationDesc": "",
    "DataSource": "",
    "Topic": "",
    "Data_Value": "",
    "Sample_Size": "",
    "Stratification1": "",
    "StratificationId1": "",
    "LocationDisplayOrder": ""
  },
  {
    "ID": "",
    "Description": "",
    "LocationAbbr": "",
    "LocationDesc": "",
    "DataSource": "",
    "Topic": "",
    "Data_Value": "",
    "Sample_Size": "",
    "Stratification1": "",
    "StratificationId1": "",
    "LocationDisplayOrder": ""
  },
  {
    "ID": "",
    "Description": "",
    "LocationAbbr": "",
    "LocationDesc": "",
    "DataSource": "",
    "Topic": "",
    "Data_Value": "",
    "Sample_Size": "",
    "Stratification1": "",
    "StratificationId1": "",
    "LocationDisplayOrder": ""
  }
]