[
  {
    "ID": 1995,
    "Description": 2011,
    "LocationAbbr": "US",
    "LocationDesc": "National",
    "DataSource": "BRFSS",
    "Topic": "Obesity / Weight Status",
    "Data_Value": 26.2,
    "Sample_Size": "371,669",
    "Stratification1": "Non-Hispanic White",
    "StratificationId1": "RACEWHT",
    "LocationDisplayOrder": 0
  },
  {
    "ID": 22464,
    "Description": 2011,
    "LocationAbbr": "AL",
    "LocationDesc": "Alabama",
    "DataSource": "BRFSS",
    "Topic": "Obesity / Weight Status",
    "Data_Value": 29.8,
    "Sample_Size": "5,042",
    "Stratification1": "Non-Hispanic White",
    "StratificationId1": "RACEWHT",
    "LocationDisplayOrder": 1
  },
  {
    "ID": 37104,
    "Description": 2011,
    "LocationAbbr": "AK",
    "LocationDesc": "Alaska",
    "DataSource": "BRFSS",
    "Topic": "Obesity / Weight Status",
    "Data_Value": 25.9,
    "Sample_Size": "2,425",
    "Stratification1": "Non-Hispanic White",
    "StratificationId1": "RACEWHT",
    "LocationDisplayOrder": 2
  },
  {
    "ID": 4381,
    "Description": 2011,
    "LocationAbbr": "AZ",
    "LocationDesc": "Arizona",
    "DataSource": "BRFSS",
    "Topic": "Obesity / Weight Status",
    "Data_Value": 21.2,
    "Sample_Size": "4,499",
    "Stratification1": "Non-Hispanic White",
    "StratificationId1": "RACEWHT",
    "LocationDisplayOrder": 4
  },
  {
    "ID": 4326,
    "Description": 2011,
    "LocationAbbr": "AR",
    "LocationDesc": "Arkansas",
    "DataSource": "BRFSS",
    "Topic": "Obesity / Weight Status",
    "Data_Value": 31,
    "Sample_Size": "3,563",
    "Stratification1": "Non-Hispanic White",
    "StratificationId1": "RACEWHT",
    "LocationDisplayOrder": 5
  },
  {
    "ID": 2923,
    "Description": 2011,
    "LocationAbbr": "CA",
    "LocationDesc": "California",
    "DataSource": "BRFSS",
    "Topic": "Obesity / Weight Status",
    "Data_Value": 22,
    "Sample_Size": "10,988",
    "Stratification1": "Non-Hispanic White",
    "StratificationId1": "RACEWHT",
    "LocationDisplayOrder": 6
  },
  {
    "ID": 21006,
    "Description": 2011,
    "LocationAbbr": "CO",
    "LocationDesc": "Colorado",
    "DataSource": "BRFSS",
    "Topic": "Obesity / Weight Status",
    "Data_Value": 18.9,
    "Sample_Size": "10,641",
    "Stratification1": "Non-Hispanic White",
    "StratificationId1": "RACEWHT",
    "LocationDisplayOrder": 8
  },
  {
    "ID": 22073,
    "Description": 2011,
    "LocationAbbr": "CT",
    "LocationDesc": "Connecticut",
    "DataSource": "BRFSS",
    "Topic": "Obesity / Weight Status",
    "Data_Value": 23,
    "Sample_Size": "5,100",
    "Stratification1": "Non-Hispanic White",
    "StratificationId1": "RACEWHT",
    "LocationDisplayOrder": 9
  },
  {
    "ID": 21084,
    "Description": 2011,
    "LocationAbbr": "DE",
    "LocationDesc": "Delaware",
    "DataSource": "BRFSS",
    "Topic": "Obesity / Weight Status",
    "Data_Value": 27.2,
    "Sample_Size": "3,501",
    "Stratification1": "Non-Hispanic White",
    "StratificationId1": "RACEWHT",
    "LocationDisplayOrder": 10
  },
  {
    "ID": 2278,
    "Description": 2011,
    "LocationAbbr": "DC",
    "LocationDesc": "District of Columbia",
    "DataSource": "BRFSS",
    "Topic": "Obesity / Weight Status",
    "Data_Value": 10.7,
    "Sample_Size": "1,939",
    "Stratification1": "Non-Hispanic White",
    "StratificationId1": "RACEWHT",
    "LocationDisplayOrder": 11
  },
  {
    "ID": 37732,
    "Description": 2011,
    "LocationAbbr": "FL",
    "LocationDesc": "Florida",
    "DataSource": "BRFSS",
    "Topic": "Obesity / Weight Status",
    "Data_Value": 24.9,
    "Sample_Size": "9,025",
    "Stratification1": "Non-Hispanic White",
    "StratificationId1": "RACEWHT",
    "LocationDisplayOrder": 12
  },
  {
    "ID": 8134,
    "Description": 2011,
    "LocationAbbr": "GA",
    "LocationDesc": "Georgia",
    "DataSource": "BRFSS",
    "Topic": "Obesity / Weight Status",
    "Data_Value": 25,
    "Sample_Size": "6,482",
    "Stratification1": "Non-Hispanic White",
    "StratificationId1": "RACEWHT",
    "LocationDisplayOrder": 13
  },
  {
    "ID": 30623,
    "Description": 2011,
    "LocationAbbr": "HI",
    "LocationDesc": "Hawaii",
    "DataSource": "BRFSS",
    "Topic": "Obesity / Weight Status",
    "Data_Value": 19,
    "Sample_Size": "2,475",
    "Stratification1": "Non-Hispanic White",
    "StratificationId1": "RACEWHT",
    "LocationDisplayOrder": 15
  },
  {
    "ID": 7195,
    "Description": 2011,
    "LocationAbbr": "ID",
    "LocationDesc": "Idaho",
    "DataSource": "BRFSS",
    "Topic": "Obesity / Weight Status",
    "Data_Value": 25.9,
    "Sample_Size": "5,216",
    "Stratification1": "Non-Hispanic White",
    "StratificationId1": "RACEWHT",
    "LocationDisplayOrder": 16
  },
  {
    "ID": 24052,
    "Description": 2011,
    "LocationAbbr": "IL",
    "LocationDesc": "Illinois",
    "DataSource": "BRFSS",
    "Topic": "Obesity / Weight Status",
    "Data_Value": 26,
    "Sample_Size": "4,355",
    "Stratification1": "Non-Hispanic White",
    "StratificationId1": "RACEWHT",
    "LocationDisplayOrder": 17
  },
  {
    "ID": 38262,
    "Description": 2011,
    "LocationAbbr": "IN",
    "LocationDesc": "Indiana",
    "DataSource": "BRFSS",
    "Topic": "Obesity / Weight Status",
    "Data_Value": 29.5,
    "Sample_Size": "6,518",
    "Stratification1": "Non-Hispanic White",
    "StratificationId1": "RACEWHT",
    "LocationDisplayOrder": 18
  },
  {
    "ID": 38374,
    "Description": 2011,
    "LocationAbbr": "IA",
    "LocationDesc": "Iowa",
    "DataSource": "BRFSS",
    "Topic": "Obesity / Weight Status",
    "Data_Value": 29.2,
    "Sample_Size": "6,413",
    "Stratification1": "Non-Hispanic White",
    "StratificationId1": "RACEWHT",
    "LocationDisplayOrder": 19
  },
  {
    "ID": 2258,
    "Description": 2011,
    "LocationAbbr": "KS",
    "LocationDesc": "Kansas",
    "DataSource": "BRFSS",
    "Topic": "Obesity / Weight Status",
    "Data_Value": 29.1,
    "Sample_Size": "17,317",
    "Stratification1": "Non-Hispanic White",
    "StratificationId1": "RACEWHT",
    "LocationDisplayOrder": 20
  },
  {
    "ID": 23856,
    "Description": 2011,
    "LocationAbbr": "KY",
    "LocationDesc": "Kentucky",
    "DataSource": "BRFSS",
    "Topic": "Obesity / Weight Status",
    "Data_Value": 29.5,
    "Sample_Size": "8,386",
    "Stratification1": "Non-Hispanic White",
    "StratificationId1": "RACEWHT",
    "LocationDisplayOrder": 21
  },
  {
    "ID": 29924,
    "Description": 2011,
    "LocationAbbr": "LA",
    "LocationDesc": "Louisiana",
    "DataSource": "BRFSS",
    "Topic": "Obesity / Weight Status",
    "Data_Value": 31,
    "Sample_Size": "7,208",
    "Stratification1": "Non-Hispanic White",
    "StratificationId1": "RACEWHT",
    "LocationDisplayOrder": 22
  },
  {
    "ID": 37434,
    "Description": 2011,
    "LocationAbbr": "ME",
    "LocationDesc": "Maine",
    "DataSource": "BRFSS",
    "Topic": "Obesity / Weight Status",
    "Data_Value": 27.9,
    "Sample_Size": "11,959",
    "Stratification1": "Non-Hispanic White",
    "StratificationId1": "RACEWHT",
    "LocationDisplayOrder": 23
  },
  {
    "ID": 25900,
    "Description": 2011,
    "LocationAbbr": "MD",
    "LocationDesc": "Maryland",
    "DataSource": "BRFSS",
    "Topic": "Obesity / Weight Status",
    "Data_Value": 25.9,
    "Sample_Size": "6,820",
    "Stratification1": "Non-Hispanic White",
    "StratificationId1": "RACEWHT",
    "LocationDisplayOrder": 24
  },
  {
    "ID": 2810,
    "Description": 2011,
    "LocationAbbr": "MA",
    "LocationDesc": "Massachusetts",
    "DataSource": "BRFSS",
    "Topic": "Obesity / Weight Status",
    "Data_Value": 22.1,
    "Sample_Size": "16,463",
    "Stratification1": "Non-Hispanic White",
    "StratificationId1": "RACEWHT",
    "LocationDisplayOrder": 25
  },
  {
    "ID": 19087,
    "Description": 2011,
    "LocationAbbr": "MI",
    "LocationDesc": "Michigan",
    "DataSource": "BRFSS",
    "Topic": "Obesity / Weight Status",
    "Data_Value": 29.7,
    "Sample_Size": "8,380",
    "Stratification1": "Non-Hispanic White",
    "StratificationId1": "RACEWHT",
    "LocationDisplayOrder": 26
  },
  {
    "ID": 7833,
    "Description": 2011,
    "LocationAbbr": "MN",
    "LocationDesc": "Minnesota",
    "DataSource": "BRFSS",
    "Topic": "Obesity / Weight Status",
    "Data_Value": 25.9,
    "Sample_Size": "12,933",
    "Stratification1": "Non-Hispanic White",
    "StratificationId1": "RACEWHT",
    "LocationDisplayOrder": 27
  },
  {
    "ID": 10539,
    "Description": 2011,
    "LocationAbbr": "MS",
    "LocationDesc": "Mississippi",
    "DataSource": "BRFSS",
    "Topic": "Obesity / Weight Status",
    "Data_Value": 30.7,
    "Sample_Size": "5,480",
    "Stratification1": "Non-Hispanic White",
    "StratificationId1": "RACEWHT",
    "LocationDisplayOrder": 28
  },
  {
    "ID": 16891,
    "Description": 2011,
    "LocationAbbr": "MO",
    "LocationDesc": "Missouri",
    "DataSource": "BRFSS",
    "Topic": "Obesity / Weight Status",
    "Data_Value": 29.4,
    "Sample_Size": "5,161",
    "Stratification1": "Non-Hispanic White",
    "StratificationId1": "RACEWHT",
    "LocationDisplayOrder": 29
  },
  {
    "ID": 24099,
    "Description": 2011,
    "LocationAbbr": "MT",
    "LocationDesc": "Montana",
    "DataSource": "BRFSS",
    "Topic": "Obesity / Weight Status",
    "Data_Value": 24.1,
    "Sample_Size": "8,715",
    "Stratification1": "Non-Hispanic White",
    "StratificationId1": "RACEWHT",
    "LocationDisplayOrder": 30
  },
  {
    "ID": 33157,
    "Description": 2011,
    "LocationAbbr": "NE",
    "LocationDesc": "Nebraska",
    "DataSource": "BRFSS",
    "Topic": "Obesity / Weight Status",
    "Data_Value": 28.3,
    "Sample_Size": "21,949",
    "Stratification1": "Non-Hispanic White",
    "StratificationId1": "RACEWHT",
    "LocationDisplayOrder": 31
  },
  {
    "ID": 33225,
    "Description": 2011,
    "LocationAbbr": "NV",
    "LocationDesc": "Nevada",
    "DataSource": "BRFSS",
    "Topic": "Obesity / Weight Status",
    "Data_Value": 21.9,
    "Sample_Size": "4,037",
    "Stratification1": "Non-Hispanic White",
    "StratificationId1": "RACEWHT",
    "LocationDisplayOrder": 32
  },
  {
    "ID": 34663,
    "Description": 2011,
    "LocationAbbr": "NH",
    "LocationDesc": "New Hampshire",
    "DataSource": "BRFSS",
    "Topic": "Obesity / Weight Status",
    "Data_Value": 26.5,
    "Sample_Size": "5,675",
    "Stratification1": "Non-Hispanic White",
    "StratificationId1": "RACEWHT",
    "LocationDisplayOrder": 33
  },
  {
    "ID": 23726,
    "Description": 2011,
    "LocationAbbr": "NJ",
    "LocationDesc": "New Jersey",
    "DataSource": "BRFSS",
    "Topic": "Obesity / Weight Status",
    "Data_Value": 23.1,
    "Sample_Size": "10,027",
    "Stratification1": "Non-Hispanic White",
    "StratificationId1": "RACEWHT",
    "LocationDisplayOrder": 34
  },
  {
    "ID": 36496,
    "Description": 2011,
    "LocationAbbr": "NM",
    "LocationDesc": "New Mexico",
    "DataSource": "BRFSS",
    "Topic": "Obesity / Weight Status",
    "Data_Value": 22.5,
    "Sample_Size": "4,826",
    "Stratification1": "Non-Hispanic White",
    "StratificationId1": "RACEWHT",
    "LocationDisplayOrder": 35
  },
  {
    "ID": 32863,
    "Description": 2011,
    "LocationAbbr": "NY",
    "LocationDesc": "New York",
    "DataSource": "BRFSS",
    "Topic": "Obesity / Weight Status",
    "Data_Value": 23.6,
    "Sample_Size": "4,849",
    "Stratification1": "Non-Hispanic White",
    "StratificationId1": "RACEWHT",
    "LocationDisplayOrder": 36
  },
  {
    "ID": 36087,
    "Description": 2011,
    "LocationAbbr": "NC",
    "LocationDesc": "North Carolina",
    "DataSource": "BRFSS",
    "Topic": "Obesity / Weight Status",
    "Data_Value": 26.2,
    "Sample_Size": "8,107",
    "Stratification1": "Non-Hispanic White",
    "StratificationId1": "RACEWHT",
    "LocationDisplayOrder": 37
  },
  {
    "ID": 2277,
    "Description": 2011,
    "LocationAbbr": "ND",
    "LocationDesc": "North Dakota",
    "DataSource": "BRFSS",
    "Topic": "Obesity / Weight Status",
    "Data_Value": 26.9,
    "Sample_Size": "4,642",
    "Stratification1": "Non-Hispanic White",
    "StratificationId1": "RACEWHT",
    "LocationDisplayOrder": 38
  },
  {
    "ID": 17562,
    "Description": 2011,
    "LocationAbbr": "OH",
    "LocationDesc": "Ohio",
    "DataSource": "BRFSS",
    "Topic": "Obesity / Weight Status",
    "Data_Value": 29.2,
    "Sample_Size": "7,943",
    "Stratification1": "Non-Hispanic White",
    "StratificationId1": "RACEWHT",
    "LocationDisplayOrder": 39
  },
  {
    "ID": 20920,
    "Description": 2011,
    "LocationAbbr": "OK",
    "LocationDesc": "Oklahoma",
    "DataSource": "BRFSS",
    "Topic": "Obesity / Weight Status",
    "Data_Value": 30.4,
    "Sample_Size": "6,123",
    "Stratification1": "Non-Hispanic White",
    "StratificationId1": "RACEWHT",
    "LocationDisplayOrder": 40
  },
  {
    "ID": 16968,
    "Description": 2011,
    "LocationAbbr": "OR",
    "LocationDesc": "Oregon",
    "DataSource": "BRFSS",
    "Topic": "Obesity / Weight Status",
    "Data_Value": 26.1,
    "Sample_Size": "5,057",
    "Stratification1": "Non-Hispanic White",
    "StratificationId1": "RACEWHT",
    "LocationDisplayOrder": 41
  },
  {
    "ID": 31552,
    "Description": 2011,
    "LocationAbbr": "PA",
    "LocationDesc": "Pennsylvania",
    "DataSource": "BRFSS",
    "Topic": "Obesity / Weight Status",
    "Data_Value": 27.9,
    "Sample_Size": "9,253",
    "Stratification1": "Non-Hispanic White",
    "StratificationId1": "RACEWHT",
    "LocationDisplayOrder": 42
  },
  {
    "ID": 16562,
    "Description": 2011,
    "LocationAbbr": "RI",
    "LocationDesc": "Rhode Island",
    "DataSource": "BRFSS",
    "Topic": "Obesity / Weight Status",
    "Data_Value": 24.9,
    "Sample_Size": "5,249",
    "Stratification1": "Non-Hispanic White",
    "StratificationId1": "RACEWHT",
    "LocationDisplayOrder": 44
  },
  {
    "ID": 10641,
    "Description": 2011,
    "LocationAbbr": "SC",
    "LocationDesc": "South Carolina",
    "DataSource": "BRFSS",
    "Topic": "Obesity / Weight Status",
    "Data_Value": 27,
    "Sample_Size": "8,123",
    "Stratification1": "Non-Hispanic White",
    "StratificationId1": "RACEWHT",
    "LocationDisplayOrder": 45
  },
  {
    "ID": 28133,
    "Description": 2011,
    "LocationAbbr": "SD",
    "LocationDesc": "South Dakota",
    "DataSource": "BRFSS",
    "Topic": "Obesity / Weight Status",
    "Data_Value": 26.7,
    "Sample_Size": "6,717",
    "Stratification1": "Non-Hispanic White",
    "StratificationId1": "RACEWHT",
    "LocationDisplayOrder": 46
  },
  {
    "ID": 22088,
    "Description": 2011,
    "LocationAbbr": "TN",
    "LocationDesc": "Tennessee",
    "DataSource": "BRFSS",
    "Topic": "Obesity / Weight Status",
    "Data_Value": 27.9,
    "Sample_Size": "4,667",
    "Stratification1": "Non-Hispanic White",
    "StratificationId1": "RACEWHT",
    "LocationDisplayOrder": 47
  },
  {
    "ID": 2682,
    "Description": 2011,
    "LocationAbbr": "TX",
    "LocationDesc": "Texas",
    "DataSource": "BRFSS",
    "Topic": "Obesity / Weight Status",
    "Data_Value": 27,
    "Sample_Size": "9,062",
    "Stratification1": "Non-Hispanic White",
    "StratificationId1": "RACEWHT",
    "LocationDisplayOrder": 48
  },
  {
    "ID": 23142,
    "Description": 2011,
    "LocationAbbr": "UT",
    "LocationDesc": "Utah",
    "DataSource": "BRFSS",
    "Topic": "Obesity / Weight Status",
    "Data_Value": 24.4,
    "Sample_Size": "10,561",
    "Stratification1": "Non-Hispanic White",
    "StratificationId1": "RACEWHT",
    "LocationDisplayOrder": 49
  },
  {
    "ID": 4931,
    "Description": 2011,
    "LocationAbbr": "VT",
    "LocationDesc": "Vermont",
    "DataSource": "BRFSS",
    "Topic": "Obesity / Weight Status",
    "Data_Value": 25.3,
    "Sample_Size": "6,366",
    "Stratification1": "Non-Hispanic White",
    "StratificationId1": "RACEWHT",
    "LocationDisplayOrder": 50
  },
  {
    "ID": 20144,
    "Description": 2011,
    "LocationAbbr": "VA",
    "LocationDesc": "Virginia",
    "DataSource": "BRFSS",
    "Topic": "Obesity / Weight Status",
    "Data_Value": 27.5,
    "Sample_Size": "4,682",
    "Stratification1": "Non-Hispanic White",
    "StratificationId1": "RACEWHT",
    "LocationDisplayOrder": 51
  },
  {
    "ID": 6282,
    "Description": 2011,
    "LocationAbbr": "WA",
    "LocationDesc": "Washington",
    "DataSource": "BRFSS",
    "Topic": "Obesity / Weight Status",
    "Data_Value": 27,
    "Sample_Size": "11,987",
    "Stratification1": "Non-Hispanic White",
    "StratificationId1": "RACEWHT",
    "LocationDisplayOrder": 53
  },
  {
    "ID": 38617,
    "Description": 2011,
    "LocationAbbr": "WV",
    "LocationDesc": "West Virginia",
    "DataSource": "BRFSS",
    "Topic": "Obesity / Weight Status",
    "Data_Value": 32.4,
    "Sample_Size": "4,656",
    "Stratification1": "Non-Hispanic White",
    "StratificationId1": "RACEWHT",
    "LocationDisplayOrder": 54
  },
  {
    "ID": 18314,
    "Description": 2011,
    "LocationAbbr": "WI",
    "LocationDesc": "Wisconsin",
    "DataSource": "BRFSS",
    "Topic": "Obesity / Weight Status",
    "Data_Value": 26.8,
    "Sample_Size": "4,134",
    "Stratification1": "Non-Hispanic White",
    "StratificationId1": "RACEWHT",
    "LocationDisplayOrder": 55
  },
  {
    "ID": 37657,
    "Description": 2011,
    "LocationAbbr": "WY",
    "LocationDesc": "Wyoming",
    "DataSource": "BRFSS",
    "Topic": "Obesity / Weight Status",
    "Data_Value": 24.9,
    "Sample_Size": "5,973",
    "Stratification1": "Non-Hispanic White",
    "StratificationId1": "RACEWHT",
    "LocationDisplayOrder": 56
  },
  {
    "ID": "",
    "Description": "",
    "LocationAbbr": "",
    "LocationDesc": "",
    "DataSource": "",
    "Topic": "",
    "Data_Value": "",
    "Sample_Size": "",
    "Stratification1": "",
    "StratificationId1": "",
    "LocationDisplayOrder": ""
  },
  {
    "ID": "",
    "Description": "",
    "LocationAbbr": "",
    "LocationDesc": "",
    "DataSource": "",
    "Topic": "",
    "Data_Value": "",
    "Sample_Size": "",
    "Stratification1": "",
    "StratificationId1": "",
    "LocationDisplayOrder": ""
  },
  {
    "ID": "",
    "Description": "",
    "LocationAbbr": "",
    "LocationDesc": "",
    "DataSource": "",
    "Topic": "",
    "Data_Value": "",
    "Sample_Size": "",
    "Stratification1": "",
    "StratificationId1": "",
    "LocationDisplayOrder": ""
  },
  {
    "ID": "",
    "Description": "",
    "LocationAbbr": "",
    "LocationDesc": "",
    "DataSource": "",
    "Topic": "",
    "Data_Value": "",
    "Sample_Size": "",
    "Stratification1": "",
    "StratificationId1": "",
    "LocationDisplayOrder": ""
  },
  {
    "ID": "",
    "Description": "",
    "LocationAbbr": "",
    "LocationDesc": "",
    "DataSource": "",
    "Topic": "",
    "Data_Value": "",
    "Sample_Size": "",
    "Stratification1": "",
    "StratificationId1": "",
    "LocationDisplayOrder": ""
  },
  {
    "ID": "",
    "Description": "",
    "LocationAbbr": "",
    "LocationDesc": "",
    "DataSource": "",
    "Topic": "",
    "Data_Value": "",
    "Sample_Size": "",
    "Stratification1": "",
    "StratificationId1": "",
    "LocationDisplayOrder": ""
  },
  {
    "ID": "",
    "Description": "",
    "LocationAbbr": "",
    "LocationDesc": "",
    "DataSource": "",
    "Topic": "",
    "Data_Value": "",
    "Sample_Size": "",
    "Stratification1": "",
    "StratificationId1": "",
    "LocationDisplayOrder": ""
  },
  {
    "ID": "",
    "Description": "",
    "LocationAbbr": "",
    "LocationDesc": "",
    "DataSource": "",
    "Topic": "",
    "Data_Value": "",
    "Sample_Size": "",
    "Stratification1": "",
    "StratificationId1": "",
    "LocationDisplayOrder": ""
  },
  {
    "ID": "",
    "Description": "",
    "LocationAbbr": "",
    "LocationDesc": "",
    "DataSource": "",
    "Topic": "",
    "Data_Value": "",
    "Sample_Size": "",
    "Stratification1": "",
    "StratificationId1": "",
    "LocationDisplayOrder": ""
  }
]