[
  {
    "ID": 482,
    "Description": 2011,
    "LocationAbbr": "US",
    "LocationDesc": "National",
    "DataSource": "BRFSS",
    "Topic": "Obesity / Weight Status",
    "Data_Value": 29.7,
    "Sample_Size": "138,994",
    "Stratification1": "High school graduate",
    "StratificationId1": "EDUHSGRAD",
    "LocationDisplayOrder": 0
  },
  {
    "ID": 8733,
    "Description": 2011,
    "LocationAbbr": "AL",
    "LocationDesc": "Alabama",
    "DataSource": "BRFSS",
    "Topic": "Obesity / Weight Status",
    "Data_Value": 32.8,
    "Sample_Size": "2,402",
    "Stratification1": "High school graduate",
    "StratificationId1": "EDUHSGRAD",
    "LocationDisplayOrder": 1
  },
  {
    "ID": 26947,
    "Description": 2011,
    "LocationAbbr": "AK",
    "LocationDesc": "Alaska",
    "DataSource": "BRFSS",
    "Topic": "Obesity / Weight Status",
    "Data_Value": 33.1,
    "Sample_Size": 981,
    "Stratification1": "High school graduate",
    "StratificationId1": "EDUHSGRAD",
    "LocationDisplayOrder": 2
  },
  {
    "ID": 21664,
    "Description": 2011,
    "LocationAbbr": "AZ",
    "LocationDesc": "Arizona",
    "DataSource": "BRFSS",
    "Topic": "Obesity / Weight Status",
    "Data_Value": 25.2,
    "Sample_Size": "1,655",
    "Stratification1": "High school graduate",
    "StratificationId1": "EDUHSGRAD",
    "LocationDisplayOrder": 4
  },
  {
    "ID": 33333,
    "Description": 2011,
    "LocationAbbr": "AR",
    "LocationDesc": "Arkansas",
    "DataSource": "BRFSS",
    "Topic": "Obesity / Weight Status",
    "Data_Value": 33,
    "Sample_Size": "1,645",
    "Stratification1": "High school graduate",
    "StratificationId1": "EDUHSGRAD",
    "LocationDisplayOrder": 5
  },
  {
    "ID": 30272,
    "Description": 2011,
    "LocationAbbr": "CA",
    "LocationDesc": "California",
    "DataSource": "BRFSS",
    "Topic": "Obesity / Weight Status",
    "Data_Value": 26.4,
    "Sample_Size": "3,146",
    "Stratification1": "High school graduate",
    "StratificationId1": "EDUHSGRAD",
    "LocationDisplayOrder": 6
  },
  {
    "ID": 4808,
    "Description": 2011,
    "LocationAbbr": "CO",
    "LocationDesc": "Colorado",
    "DataSource": "BRFSS",
    "Topic": "Obesity / Weight Status",
    "Data_Value": 23.5,
    "Sample_Size": "3,163",
    "Stratification1": "High school graduate",
    "StratificationId1": "EDUHSGRAD",
    "LocationDisplayOrder": 8
  },
  {
    "ID": 3587,
    "Description": 2011,
    "LocationAbbr": "CT",
    "LocationDesc": "Connecticut",
    "DataSource": "BRFSS",
    "Topic": "Obesity / Weight Status",
    "Data_Value": 29,
    "Sample_Size": "1,579",
    "Stratification1": "High school graduate",
    "StratificationId1": "EDUHSGRAD",
    "LocationDisplayOrder": 9
  },
  {
    "ID": 24674,
    "Description": 2011,
    "LocationAbbr": "DE",
    "LocationDesc": "Delaware",
    "DataSource": "BRFSS",
    "Topic": "Obesity / Weight Status",
    "Data_Value": 27.9,
    "Sample_Size": "1,374",
    "Stratification1": "High school graduate",
    "StratificationId1": "EDUHSGRAD",
    "LocationDisplayOrder": 10
  },
  {
    "ID": 8269,
    "Description": 2011,
    "LocationAbbr": "DC",
    "LocationDesc": "District of Columbia",
    "DataSource": "BRFSS",
    "Topic": "Obesity / Weight Status",
    "Data_Value": 33,
    "Sample_Size": 750,
    "Stratification1": "High school graduate",
    "StratificationId1": "EDUHSGRAD",
    "LocationDisplayOrder": 11
  },
  {
    "ID": 7182,
    "Description": 2011,
    "LocationAbbr": "FL",
    "LocationDesc": "Florida",
    "DataSource": "BRFSS",
    "Topic": "Obesity / Weight Status",
    "Data_Value": 27.5,
    "Sample_Size": "3,594",
    "Stratification1": "High school graduate",
    "StratificationId1": "EDUHSGRAD",
    "LocationDisplayOrder": 12
  },
  {
    "ID": 24815,
    "Description": 2011,
    "LocationAbbr": "GA",
    "LocationDesc": "Georgia",
    "DataSource": "BRFSS",
    "Topic": "Obesity / Weight Status",
    "Data_Value": 29.5,
    "Sample_Size": "2,685",
    "Stratification1": "High school graduate",
    "StratificationId1": "EDUHSGRAD",
    "LocationDisplayOrder": 13
  },
  {
    "ID": 38535,
    "Description": 2011,
    "LocationAbbr": "HI",
    "LocationDesc": "Hawaii",
    "DataSource": "BRFSS",
    "Topic": "Obesity / Weight Status",
    "Data_Value": 24.9,
    "Sample_Size": "2,023",
    "Stratification1": "High school graduate",
    "StratificationId1": "EDUHSGRAD",
    "LocationDisplayOrder": 15
  },
  {
    "ID": 31770,
    "Description": 2011,
    "LocationAbbr": "ID",
    "LocationDesc": "Idaho",
    "DataSource": "BRFSS",
    "Topic": "Obesity / Weight Status",
    "Data_Value": 28.2,
    "Sample_Size": "1,721",
    "Stratification1": "High school graduate",
    "StratificationId1": "EDUHSGRAD",
    "LocationDisplayOrder": 16
  },
  {
    "ID": 28088,
    "Description": 2011,
    "LocationAbbr": "IL",
    "LocationDesc": "Illinois",
    "DataSource": "BRFSS",
    "Topic": "Obesity / Weight Status",
    "Data_Value": 29,
    "Sample_Size": "1,588",
    "Stratification1": "High school graduate",
    "StratificationId1": "EDUHSGRAD",
    "LocationDisplayOrder": 17
  },
  {
    "ID": 23830,
    "Description": 2011,
    "LocationAbbr": "IN",
    "LocationDesc": "Indiana",
    "DataSource": "BRFSS",
    "Topic": "Obesity / Weight Status",
    "Data_Value": 32.3,
    "Sample_Size": "2,992",
    "Stratification1": "High school graduate",
    "StratificationId1": "EDUHSGRAD",
    "LocationDisplayOrder": 18
  },
  {
    "ID": 12554,
    "Description": 2011,
    "LocationAbbr": "IA",
    "LocationDesc": "Iowa",
    "DataSource": "BRFSS",
    "Topic": "Obesity / Weight Status",
    "Data_Value": 33,
    "Sample_Size": "2,393",
    "Stratification1": "High school graduate",
    "StratificationId1": "EDUHSGRAD",
    "LocationDisplayOrder": 19
  },
  {
    "ID": 8304,
    "Description": 2011,
    "LocationAbbr": "KS",
    "LocationDesc": "Kansas",
    "DataSource": "BRFSS",
    "Topic": "Obesity / Weight Status",
    "Data_Value": 31.5,
    "Sample_Size": "5,567",
    "Stratification1": "High school graduate",
    "StratificationId1": "EDUHSGRAD",
    "LocationDisplayOrder": 20
  },
  {
    "ID": 29823,
    "Description": 2011,
    "LocationAbbr": "KY",
    "LocationDesc": "Kentucky",
    "DataSource": "BRFSS",
    "Topic": "Obesity / Weight Status",
    "Data_Value": 31.4,
    "Sample_Size": "3,594",
    "Stratification1": "High school graduate",
    "StratificationId1": "EDUHSGRAD",
    "LocationDisplayOrder": 21
  },
  {
    "ID": 23890,
    "Description": 2011,
    "LocationAbbr": "LA",
    "LocationDesc": "Louisiana",
    "DataSource": "BRFSS",
    "Topic": "Obesity / Weight Status",
    "Data_Value": 33.6,
    "Sample_Size": "3,569",
    "Stratification1": "High school graduate",
    "StratificationId1": "EDUHSGRAD",
    "LocationDisplayOrder": 22
  },
  {
    "ID": 18519,
    "Description": 2011,
    "LocationAbbr": "ME",
    "LocationDesc": "Maine",
    "DataSource": "BRFSS",
    "Topic": "Obesity / Weight Status",
    "Data_Value": 31.4,
    "Sample_Size": "4,068",
    "Stratification1": "High school graduate",
    "StratificationId1": "EDUHSGRAD",
    "LocationDisplayOrder": 23
  },
  {
    "ID": 34289,
    "Description": 2011,
    "LocationAbbr": "MD",
    "LocationDesc": "Maryland",
    "DataSource": "BRFSS",
    "Topic": "Obesity / Weight Status",
    "Data_Value": 32.6,
    "Sample_Size": "2,514",
    "Stratification1": "High school graduate",
    "StratificationId1": "EDUHSGRAD",
    "LocationDisplayOrder": 24
  },
  {
    "ID": 1717,
    "Description": 2011,
    "LocationAbbr": "MA",
    "LocationDesc": "Massachusetts",
    "DataSource": "BRFSS",
    "Topic": "Obesity / Weight Status",
    "Data_Value": 25.2,
    "Sample_Size": "5,314",
    "Stratification1": "High school graduate",
    "StratificationId1": "EDUHSGRAD",
    "LocationDisplayOrder": 25
  },
  {
    "ID": 2359,
    "Description": 2011,
    "LocationAbbr": "MI",
    "LocationDesc": "Michigan",
    "DataSource": "BRFSS",
    "Topic": "Obesity / Weight Status",
    "Data_Value": 32.1,
    "Sample_Size": "3,299",
    "Stratification1": "High school graduate",
    "StratificationId1": "EDUHSGRAD",
    "LocationDisplayOrder": 26
  },
  {
    "ID": 2251,
    "Description": 2011,
    "LocationAbbr": "MN",
    "LocationDesc": "Minnesota",
    "DataSource": "BRFSS",
    "Topic": "Obesity / Weight Status",
    "Data_Value": 28.9,
    "Sample_Size": "3,547",
    "Stratification1": "High school graduate",
    "StratificationId1": "EDUHSGRAD",
    "LocationDisplayOrder": 27
  },
  {
    "ID": 37812,
    "Description": 2011,
    "LocationAbbr": "MS",
    "LocationDesc": "Mississippi",
    "DataSource": "BRFSS",
    "Topic": "Obesity / Weight Status",
    "Data_Value": 34.7,
    "Sample_Size": "2,804",
    "Stratification1": "High school graduate",
    "StratificationId1": "EDUHSGRAD",
    "LocationDisplayOrder": 28
  },
  {
    "ID": 10333,
    "Description": 2011,
    "LocationAbbr": "MO",
    "LocationDesc": "Missouri",
    "DataSource": "BRFSS",
    "Topic": "Obesity / Weight Status",
    "Data_Value": 30.3,
    "Sample_Size": "2,148",
    "Stratification1": "High school graduate",
    "StratificationId1": "EDUHSGRAD",
    "LocationDisplayOrder": 29
  },
  {
    "ID": 33735,
    "Description": 2011,
    "LocationAbbr": "MT",
    "LocationDesc": "Montana",
    "DataSource": "BRFSS",
    "Topic": "Obesity / Weight Status",
    "Data_Value": 27.8,
    "Sample_Size": "3,184",
    "Stratification1": "High school graduate",
    "StratificationId1": "EDUHSGRAD",
    "LocationDisplayOrder": 30
  },
  {
    "ID": 1269,
    "Description": 2011,
    "LocationAbbr": "NE",
    "LocationDesc": "Nebraska",
    "DataSource": "BRFSS",
    "Topic": "Obesity / Weight Status",
    "Data_Value": 30.3,
    "Sample_Size": "8,615",
    "Stratification1": "High school graduate",
    "StratificationId1": "EDUHSGRAD",
    "LocationDisplayOrder": 31
  },
  {
    "ID": 29039,
    "Description": 2011,
    "LocationAbbr": "NV",
    "LocationDesc": "Nevada",
    "DataSource": "BRFSS",
    "Topic": "Obesity / Weight Status",
    "Data_Value": 23.1,
    "Sample_Size": "1,448",
    "Stratification1": "High school graduate",
    "StratificationId1": "EDUHSGRAD",
    "LocationDisplayOrder": 32
  },
  {
    "ID": 26166,
    "Description": 2011,
    "LocationAbbr": "NH",
    "LocationDesc": "New Hampshire",
    "DataSource": "BRFSS",
    "Topic": "Obesity / Weight Status",
    "Data_Value": 29.3,
    "Sample_Size": "1,762",
    "Stratification1": "High school graduate",
    "StratificationId1": "EDUHSGRAD",
    "LocationDisplayOrder": 33
  },
  {
    "ID": 22670,
    "Description": 2011,
    "LocationAbbr": "NJ",
    "LocationDesc": "New Jersey",
    "DataSource": "BRFSS",
    "Topic": "Obesity / Weight Status",
    "Data_Value": 26.9,
    "Sample_Size": "3,838",
    "Stratification1": "High school graduate",
    "StratificationId1": "EDUHSGRAD",
    "LocationDisplayOrder": 34
  },
  {
    "ID": 17895,
    "Description": 2011,
    "LocationAbbr": "NM",
    "LocationDesc": "New Mexico",
    "DataSource": "BRFSS",
    "Topic": "Obesity / Weight Status",
    "Data_Value": 27.8,
    "Sample_Size": "2,540",
    "Stratification1": "High school graduate",
    "StratificationId1": "EDUHSGRAD",
    "LocationDisplayOrder": 35
  },
  {
    "ID": 15635,
    "Description": 2011,
    "LocationAbbr": "NY",
    "LocationDesc": "New York",
    "DataSource": "BRFSS",
    "Topic": "Obesity / Weight Status",
    "Data_Value": 26.9,
    "Sample_Size": "1,764",
    "Stratification1": "High school graduate",
    "StratificationId1": "EDUHSGRAD",
    "LocationDisplayOrder": 36
  },
  {
    "ID": 9741,
    "Description": 2011,
    "LocationAbbr": "NC",
    "LocationDesc": "North Carolina",
    "DataSource": "BRFSS",
    "Topic": "Obesity / Weight Status",
    "Data_Value": 31.1,
    "Sample_Size": "3,092",
    "Stratification1": "High school graduate",
    "StratificationId1": "EDUHSGRAD",
    "LocationDisplayOrder": 37
  },
  {
    "ID": 22540,
    "Description": 2011,
    "LocationAbbr": "ND",
    "LocationDesc": "North Dakota",
    "DataSource": "BRFSS",
    "Topic": "Obesity / Weight Status",
    "Data_Value": 28,
    "Sample_Size": "1,458",
    "Stratification1": "High school graduate",
    "StratificationId1": "EDUHSGRAD",
    "LocationDisplayOrder": 38
  },
  {
    "ID": 26717,
    "Description": 2011,
    "LocationAbbr": "OH",
    "LocationDesc": "Ohio",
    "DataSource": "BRFSS",
    "Topic": "Obesity / Weight Status",
    "Data_Value": 32.1,
    "Sample_Size": "3,326",
    "Stratification1": "High school graduate",
    "StratificationId1": "EDUHSGRAD",
    "LocationDisplayOrder": 39
  },
  {
    "ID": 7624,
    "Description": 2011,
    "LocationAbbr": "OK",
    "LocationDesc": "Oklahoma",
    "DataSource": "BRFSS",
    "Topic": "Obesity / Weight Status",
    "Data_Value": 33.8,
    "Sample_Size": "2,640",
    "Stratification1": "High school graduate",
    "StratificationId1": "EDUHSGRAD",
    "LocationDisplayOrder": 40
  },
  {
    "ID": 13987,
    "Description": 2011,
    "LocationAbbr": "OR",
    "LocationDesc": "Oregon",
    "DataSource": "BRFSS",
    "Topic": "Obesity / Weight Status",
    "Data_Value": 27.8,
    "Sample_Size": "1,638",
    "Stratification1": "High school graduate",
    "StratificationId1": "EDUHSGRAD",
    "LocationDisplayOrder": 41
  },
  {
    "ID": 17444,
    "Description": 2011,
    "LocationAbbr": "PA",
    "LocationDesc": "Pennsylvania",
    "DataSource": "BRFSS",
    "Topic": "Obesity / Weight Status",
    "Data_Value": 31.6,
    "Sample_Size": "4,075",
    "Stratification1": "High school graduate",
    "StratificationId1": "EDUHSGRAD",
    "LocationDisplayOrder": 42
  },
  {
    "ID": 3692,
    "Description": 2011,
    "LocationAbbr": "RI",
    "LocationDesc": "Rhode Island",
    "DataSource": "BRFSS",
    "Topic": "Obesity / Weight Status",
    "Data_Value": 27,
    "Sample_Size": "1,766",
    "Stratification1": "High school graduate",
    "StratificationId1": "EDUHSGRAD",
    "LocationDisplayOrder": 44
  },
  {
    "ID": 38380,
    "Description": 2011,
    "LocationAbbr": "SC",
    "LocationDesc": "South Carolina",
    "DataSource": "BRFSS",
    "Topic": "Obesity / Weight Status",
    "Data_Value": 31.8,
    "Sample_Size": "3,900",
    "Stratification1": "High school graduate",
    "StratificationId1": "EDUHSGRAD",
    "LocationDisplayOrder": 45
  },
  {
    "ID": 17783,
    "Description": 2011,
    "LocationAbbr": "SD",
    "LocationDesc": "South Dakota",
    "DataSource": "BRFSS",
    "Topic": "Obesity / Weight Status",
    "Data_Value": 29.7,
    "Sample_Size": "2,406",
    "Stratification1": "High school graduate",
    "StratificationId1": "EDUHSGRAD",
    "LocationDisplayOrder": 46
  },
  {
    "ID": 31995,
    "Description": 2011,
    "LocationAbbr": "TN",
    "LocationDesc": "Tennessee",
    "DataSource": "BRFSS",
    "Topic": "Obesity / Weight Status",
    "Data_Value": 32.4,
    "Sample_Size": "1,893",
    "Stratification1": "High school graduate",
    "StratificationId1": "EDUHSGRAD",
    "LocationDisplayOrder": 47
  },
  {
    "ID": 14929,
    "Description": 2011,
    "LocationAbbr": "TX",
    "LocationDesc": "Texas",
    "DataSource": "BRFSS",
    "Topic": "Obesity / Weight Status",
    "Data_Value": 32.5,
    "Sample_Size": "3,540",
    "Stratification1": "High school graduate",
    "StratificationId1": "EDUHSGRAD",
    "LocationDisplayOrder": 48
  },
  {
    "ID": 29679,
    "Description": 2011,
    "LocationAbbr": "UT",
    "LocationDesc": "Utah",
    "DataSource": "BRFSS",
    "Topic": "Obesity / Weight Status",
    "Data_Value": 24.5,
    "Sample_Size": "3,262",
    "Stratification1": "High school graduate",
    "StratificationId1": "EDUHSGRAD",
    "LocationDisplayOrder": 49
  },
  {
    "ID": 1633,
    "Description": 2011,
    "LocationAbbr": "VT",
    "LocationDesc": "Vermont",
    "DataSource": "BRFSS",
    "Topic": "Obesity / Weight Status",
    "Data_Value": 33.1,
    "Sample_Size": "1,945",
    "Stratification1": "High school graduate",
    "StratificationId1": "EDUHSGRAD",
    "LocationDisplayOrder": 50
  },
  {
    "ID": 33178,
    "Description": 2011,
    "LocationAbbr": "VA",
    "LocationDesc": "Virginia",
    "DataSource": "BRFSS",
    "Topic": "Obesity / Weight Status",
    "Data_Value": 32.4,
    "Sample_Size": "1,691",
    "Stratification1": "High school graduate",
    "StratificationId1": "EDUHSGRAD",
    "LocationDisplayOrder": 51
  },
  {
    "ID": 6347,
    "Description": 2011,
    "LocationAbbr": "WA",
    "LocationDesc": "Washington",
    "DataSource": "BRFSS",
    "Topic": "Obesity / Weight Status",
    "Data_Value": 29.3,
    "Sample_Size": "3,259",
    "Stratification1": "High school graduate",
    "StratificationId1": "EDUHSGRAD",
    "LocationDisplayOrder": 53
  },
  {
    "ID": 34533,
    "Description": 2011,
    "LocationAbbr": "WV",
    "LocationDesc": "West Virginia",
    "DataSource": "BRFSS",
    "Topic": "Obesity / Weight Status",
    "Data_Value": 33.3,
    "Sample_Size": "1,995",
    "Stratification1": "High school graduate",
    "StratificationId1": "EDUHSGRAD",
    "LocationDisplayOrder": 54
  },
  {
    "ID": 30682,
    "Description": 2011,
    "LocationAbbr": "WI",
    "LocationDesc": "Wisconsin",
    "DataSource": "BRFSS",
    "Topic": "Obesity / Weight Status",
    "Data_Value": 30.3,
    "Sample_Size": "1,789",
    "Stratification1": "High school graduate",
    "StratificationId1": "EDUHSGRAD",
    "LocationDisplayOrder": 55
  },
  {
    "ID": 4711,
    "Description": 2011,
    "LocationAbbr": "WY",
    "LocationDesc": "Wyoming",
    "DataSource": "BRFSS",
    "Topic": "Obesity / Weight Status",
    "Data_Value": 26.6,
    "Sample_Size": "2,053",
    "Stratification1": "High school graduate",
    "StratificationId1": "EDUHSGRAD",
    "LocationDisplayOrder": 56
  },
  {
    "ID": "",
    "Description": "",
    "LocationAbbr": "",
    "LocationDesc": "",
    "DataSource": "",
    "Topic": "",
    "Data_Value": "",
    "Sample_Size": "",
    "Stratification1": "",
    "StratificationId1": "",
    "LocationDisplayOrder": ""
  },
  {
    "ID": "",
    "Description": "",
    "LocationAbbr": "",
    "LocationDesc": "",
    "DataSource": "",
    "Topic": "",
    "Data_Value": "",
    "Sample_Size": "",
    "Stratification1": "",
    "StratificationId1": "",
    "LocationDisplayOrder": ""
  },
  {
    "ID": "",
    "Description": "",
    "LocationAbbr": "",
    "LocationDesc": "",
    "DataSource": "",
    "Topic": "",
    "Data_Value": "",
    "Sample_Size": "",
    "Stratification1": "",
    "StratificationId1": "",
    "LocationDisplayOrder": ""
  },
  {
    "ID": "",
    "Description": "",
    "LocationAbbr": "",
    "LocationDesc": "",
    "DataSource": "",
    "Topic": "",
    "Data_Value": "",
    "Sample_Size": "",
    "Stratification1": "",
    "StratificationId1": "",
    "LocationDisplayOrder": ""
  },
  {
    "ID": "",
    "Description": "",
    "LocationAbbr": "",
    "LocationDesc": "",
    "DataSource": "",
    "Topic": "",
    "Data_Value": "",
    "Sample_Size": "",
    "Stratification1": "",
    "StratificationId1": "",
    "LocationDisplayOrder": ""
  },
  {
    "ID": "",
    "Description": "",
    "LocationAbbr": "",
    "LocationDesc": "",
    "DataSource": "",
    "Topic": "",
    "Data_Value": "",
    "Sample_Size": "",
    "Stratification1": "",
    "StratificationId1": "",
    "LocationDisplayOrder": ""
  },
  {
    "ID": "",
    "Description": "",
    "LocationAbbr": "",
    "LocationDesc": "",
    "DataSource": "",
    "Topic": "",
    "Data_Value": "",
    "Sample_Size": "",
    "Stratification1": "",
    "StratificationId1": "",
    "LocationDisplayOrder": ""
  },
  {
    "ID": "",
    "Description": "",
    "LocationAbbr": "",
    "LocationDesc": "",
    "DataSource": "",
    "Topic": "",
    "Data_Value": "",
    "Sample_Size": "",
    "Stratification1": "",
    "StratificationId1": "",
    "LocationDisplayOrder": ""
  },
  {
    "ID": "",
    "Description": "",
    "LocationAbbr": "",
    "LocationDesc": "",
    "DataSource": "",
    "Topic": "",
    "Data_Value": "",
    "Sample_Size": "",
    "Stratification1": "",
    "StratificationId1": "",
    "LocationDisplayOrder": ""
  }
]