[
  {
    "ID": 493,
    "Description": 2011,
    "LocationAbbr": "US",
    "LocationDesc": "National",
    "DataSource": "BRFSS",
    "Topic": "Obesity / Weight Status",
    "Data_Value": 25.3,
    "Sample_Size": "151,776",
    "Stratification1": "65 or older",
    "StratificationId1": "AGEYR65PLUS",
    "LocationDisplayOrder": 0
  },
  {
    "ID": 20801,
    "Description": 2011,
    "LocationAbbr": "AL",
    "LocationDesc": "Alabama",
    "DataSource": "BRFSS",
    "Topic": "Obesity / Weight Status",
    "Data_Value": 27.1,
    "Sample_Size": "2,521",
    "Stratification1": "65 or older",
    "StratificationId1": "AGEYR65PLUS",
    "LocationDisplayOrder": 1
  },
  {
    "ID": 30391,
    "Description": 2011,
    "LocationAbbr": "AK",
    "LocationDesc": "Alaska",
    "DataSource": "BRFSS",
    "Topic": "Obesity / Weight Status",
    "Data_Value": 29.3,
    "Sample_Size": 600,
    "Stratification1": "65 or older",
    "StratificationId1": "AGEYR65PLUS",
    "LocationDisplayOrder": 2
  },
  {
    "ID": 22004,
    "Description": 2011,
    "LocationAbbr": "AZ",
    "LocationDesc": "Arizona",
    "DataSource": "BRFSS",
    "Topic": "Obesity / Weight Status",
    "Data_Value": 22.6,
    "Sample_Size": "2,475",
    "Stratification1": "65 or older",
    "StratificationId1": "AGEYR65PLUS",
    "LocationDisplayOrder": 4
  },
  {
    "ID": 17378,
    "Description": 2011,
    "LocationAbbr": "AR",
    "LocationDesc": "Arkansas",
    "DataSource": "BRFSS",
    "Topic": "Obesity / Weight Status",
    "Data_Value": 26.1,
    "Sample_Size": "1,842",
    "Stratification1": "65 or older",
    "StratificationId1": "AGEYR65PLUS",
    "LocationDisplayOrder": 5
  },
  {
    "ID": 26582,
    "Description": 2011,
    "LocationAbbr": "CA",
    "LocationDesc": "California",
    "DataSource": "BRFSS",
    "Topic": "Obesity / Weight Status",
    "Data_Value": 21.2,
    "Sample_Size": "5,293",
    "Stratification1": "65 or older",
    "StratificationId1": "AGEYR65PLUS",
    "LocationDisplayOrder": 6
  },
  {
    "ID": 36533,
    "Description": 2011,
    "LocationAbbr": "CO",
    "LocationDesc": "Colorado",
    "DataSource": "BRFSS",
    "Topic": "Obesity / Weight Status",
    "Data_Value": 20.2,
    "Sample_Size": "4,004",
    "Stratification1": "65 or older",
    "StratificationId1": "AGEYR65PLUS",
    "LocationDisplayOrder": 8
  },
  {
    "ID": 28662,
    "Description": 2011,
    "LocationAbbr": "CT",
    "LocationDesc": "Connecticut",
    "DataSource": "BRFSS",
    "Topic": "Obesity / Weight Status",
    "Data_Value": 23.7,
    "Sample_Size": "1,989",
    "Stratification1": "65 or older",
    "StratificationId1": "AGEYR65PLUS",
    "LocationDisplayOrder": 9
  },
  {
    "ID": 35012,
    "Description": 2011,
    "LocationAbbr": "DE",
    "LocationDesc": "Delaware",
    "DataSource": "BRFSS",
    "Topic": "Obesity / Weight Status",
    "Data_Value": 28.9,
    "Sample_Size": "1,482",
    "Stratification1": "65 or older",
    "StratificationId1": "AGEYR65PLUS",
    "LocationDisplayOrder": 10
  },
  {
    "ID": 1458,
    "Description": 2011,
    "LocationAbbr": "DC",
    "LocationDesc": "District of Columbia",
    "DataSource": "BRFSS",
    "Topic": "Obesity / Weight Status",
    "Data_Value": 26.3,
    "Sample_Size": "1,386",
    "Stratification1": "65 or older",
    "StratificationId1": "AGEYR65PLUS",
    "LocationDisplayOrder": 11
  },
  {
    "ID": 2641,
    "Description": 2011,
    "LocationAbbr": "FL",
    "LocationDesc": "Florida",
    "DataSource": "BRFSS",
    "Topic": "Obesity / Weight Status",
    "Data_Value": 23.4,
    "Sample_Size": "4,690",
    "Stratification1": "65 or older",
    "StratificationId1": "AGEYR65PLUS",
    "LocationDisplayOrder": 12
  },
  {
    "ID": 13583,
    "Description": 2011,
    "LocationAbbr": "GA",
    "LocationDesc": "Georgia",
    "DataSource": "BRFSS",
    "Topic": "Obesity / Weight Status",
    "Data_Value": 25.4,
    "Sample_Size": "3,027",
    "Stratification1": "65 or older",
    "StratificationId1": "AGEYR65PLUS",
    "LocationDisplayOrder": 13
  },
  {
    "ID": 14280,
    "Description": 2011,
    "LocationAbbr": "HI",
    "LocationDesc": "Hawaii",
    "DataSource": "BRFSS",
    "Topic": "Obesity / Weight Status",
    "Data_Value": 16.9,
    "Sample_Size": "2,486",
    "Stratification1": "65 or older",
    "StratificationId1": "AGEYR65PLUS",
    "LocationDisplayOrder": 15
  },
  {
    "ID": 3373,
    "Description": 2011,
    "LocationAbbr": "ID",
    "LocationDesc": "Idaho",
    "DataSource": "BRFSS",
    "Topic": "Obesity / Weight Status",
    "Data_Value": 24.3,
    "Sample_Size": "1,924",
    "Stratification1": "65 or older",
    "StratificationId1": "AGEYR65PLUS",
    "LocationDisplayOrder": 16
  },
  {
    "ID": 32922,
    "Description": 2011,
    "LocationAbbr": "IL",
    "LocationDesc": "Illinois",
    "DataSource": "BRFSS",
    "Topic": "Obesity / Weight Status",
    "Data_Value": 29.1,
    "Sample_Size": "1,805",
    "Stratification1": "65 or older",
    "StratificationId1": "AGEYR65PLUS",
    "LocationDisplayOrder": 17
  },
  {
    "ID": 19155,
    "Description": 2011,
    "LocationAbbr": "IN",
    "LocationDesc": "Indiana",
    "DataSource": "BRFSS",
    "Topic": "Obesity / Weight Status",
    "Data_Value": 26.6,
    "Sample_Size": "2,648",
    "Stratification1": "65 or older",
    "StratificationId1": "AGEYR65PLUS",
    "LocationDisplayOrder": 18
  },
  {
    "ID": 24713,
    "Description": 2011,
    "LocationAbbr": "IA",
    "LocationDesc": "Iowa",
    "DataSource": "BRFSS",
    "Topic": "Obesity / Weight Status",
    "Data_Value": 29.1,
    "Sample_Size": "2,363",
    "Stratification1": "65 or older",
    "StratificationId1": "AGEYR65PLUS",
    "LocationDisplayOrder": 19
  },
  {
    "ID": 4341,
    "Description": 2011,
    "LocationAbbr": "KS",
    "LocationDesc": "Kansas",
    "DataSource": "BRFSS",
    "Topic": "Obesity / Weight Status",
    "Data_Value": 26.3,
    "Sample_Size": "6,417",
    "Stratification1": "65 or older",
    "StratificationId1": "AGEYR65PLUS",
    "LocationDisplayOrder": 20
  },
  {
    "ID": 4673,
    "Description": 2011,
    "LocationAbbr": "KY",
    "LocationDesc": "Kentucky",
    "DataSource": "BRFSS",
    "Topic": "Obesity / Weight Status",
    "Data_Value": 25.1,
    "Sample_Size": "3,308",
    "Stratification1": "65 or older",
    "StratificationId1": "AGEYR65PLUS",
    "LocationDisplayOrder": 21
  },
  {
    "ID": 37655,
    "Description": 2011,
    "LocationAbbr": "LA",
    "LocationDesc": "Louisiana",
    "DataSource": "BRFSS",
    "Topic": "Obesity / Weight Status",
    "Data_Value": 28.7,
    "Sample_Size": "3,544",
    "Stratification1": "65 or older",
    "StratificationId1": "AGEYR65PLUS",
    "LocationDisplayOrder": 22
  },
  {
    "ID": 4515,
    "Description": 2011,
    "LocationAbbr": "ME",
    "LocationDesc": "Maine",
    "DataSource": "BRFSS",
    "Topic": "Obesity / Weight Status",
    "Data_Value": 24.5,
    "Sample_Size": "4,171",
    "Stratification1": "65 or older",
    "StratificationId1": "AGEYR65PLUS",
    "LocationDisplayOrder": 23
  },
  {
    "ID": 16974,
    "Description": 2011,
    "LocationAbbr": "MD",
    "LocationDesc": "Maryland",
    "DataSource": "BRFSS",
    "Topic": "Obesity / Weight Status",
    "Data_Value": 26.1,
    "Sample_Size": "2,749",
    "Stratification1": "65 or older",
    "StratificationId1": "AGEYR65PLUS",
    "LocationDisplayOrder": 24
  },
  {
    "ID": 23033,
    "Description": 2011,
    "LocationAbbr": "MA",
    "LocationDesc": "Massachusetts",
    "DataSource": "BRFSS",
    "Topic": "Obesity / Weight Status",
    "Data_Value": 22.8,
    "Sample_Size": "5,973",
    "Stratification1": "65 or older",
    "StratificationId1": "AGEYR65PLUS",
    "LocationDisplayOrder": 25
  },
  {
    "ID": 19052,
    "Description": 2011,
    "LocationAbbr": "MI",
    "LocationDesc": "Michigan",
    "DataSource": "BRFSS",
    "Topic": "Obesity / Weight Status",
    "Data_Value": 29.5,
    "Sample_Size": "3,451",
    "Stratification1": "65 or older",
    "StratificationId1": "AGEYR65PLUS",
    "LocationDisplayOrder": 26
  },
  {
    "ID": 6022,
    "Description": 2011,
    "LocationAbbr": "MN",
    "LocationDesc": "Minnesota",
    "DataSource": "BRFSS",
    "Topic": "Obesity / Weight Status",
    "Data_Value": 23.7,
    "Sample_Size": "3,533",
    "Stratification1": "65 or older",
    "StratificationId1": "AGEYR65PLUS",
    "LocationDisplayOrder": 27
  },
  {
    "ID": 13741,
    "Description": 2011,
    "LocationAbbr": "MS",
    "LocationDesc": "Mississippi",
    "DataSource": "BRFSS",
    "Topic": "Obesity / Weight Status",
    "Data_Value": 27.9,
    "Sample_Size": "2,876",
    "Stratification1": "65 or older",
    "StratificationId1": "AGEYR65PLUS",
    "LocationDisplayOrder": 28
  },
  {
    "ID": 20028,
    "Description": 2011,
    "LocationAbbr": "MO",
    "LocationDesc": "Missouri",
    "DataSource": "BRFSS",
    "Topic": "Obesity / Weight Status",
    "Data_Value": 26.2,
    "Sample_Size": "2,079",
    "Stratification1": "65 or older",
    "StratificationId1": "AGEYR65PLUS",
    "LocationDisplayOrder": 29
  },
  {
    "ID": 13013,
    "Description": 2011,
    "LocationAbbr": "MT",
    "LocationDesc": "Montana",
    "DataSource": "BRFSS",
    "Topic": "Obesity / Weight Status",
    "Data_Value": 21.9,
    "Sample_Size": "3,177",
    "Stratification1": "65 or older",
    "StratificationId1": "AGEYR65PLUS",
    "LocationDisplayOrder": 30
  },
  {
    "ID": 26479,
    "Description": 2011,
    "LocationAbbr": "NE",
    "LocationDesc": "Nebraska",
    "DataSource": "BRFSS",
    "Topic": "Obesity / Weight Status",
    "Data_Value": 27.2,
    "Sample_Size": "8,397",
    "Stratification1": "65 or older",
    "StratificationId1": "AGEYR65PLUS",
    "LocationDisplayOrder": 31
  },
  {
    "ID": 2631,
    "Description": 2011,
    "LocationAbbr": "NV",
    "LocationDesc": "Nevada",
    "DataSource": "BRFSS",
    "Topic": "Obesity / Weight Status",
    "Data_Value": 18.1,
    "Sample_Size": "1,613",
    "Stratification1": "65 or older",
    "StratificationId1": "AGEYR65PLUS",
    "LocationDisplayOrder": 32
  },
  {
    "ID": 6294,
    "Description": 2011,
    "LocationAbbr": "NH",
    "LocationDesc": "New Hampshire",
    "DataSource": "BRFSS",
    "Topic": "Obesity / Weight Status",
    "Data_Value": 24.8,
    "Sample_Size": "1,927",
    "Stratification1": "65 or older",
    "StratificationId1": "AGEYR65PLUS",
    "LocationDisplayOrder": 33
  },
  {
    "ID": 7015,
    "Description": 2011,
    "LocationAbbr": "NJ",
    "LocationDesc": "New Jersey",
    "DataSource": "BRFSS",
    "Topic": "Obesity / Weight Status",
    "Data_Value": 25,
    "Sample_Size": "4,147",
    "Stratification1": "65 or older",
    "StratificationId1": "AGEYR65PLUS",
    "LocationDisplayOrder": 34
  },
  {
    "ID": 35426,
    "Description": 2011,
    "LocationAbbr": "NM",
    "LocationDesc": "New Mexico",
    "DataSource": "BRFSS",
    "Topic": "Obesity / Weight Status",
    "Data_Value": 19.9,
    "Sample_Size": "2,847",
    "Stratification1": "65 or older",
    "StratificationId1": "AGEYR65PLUS",
    "LocationDisplayOrder": 35
  },
  {
    "ID": 27483,
    "Description": 2011,
    "LocationAbbr": "NY",
    "LocationDesc": "New York",
    "DataSource": "BRFSS",
    "Topic": "Obesity / Weight Status",
    "Data_Value": 25.9,
    "Sample_Size": "2,042",
    "Stratification1": "65 or older",
    "StratificationId1": "AGEYR65PLUS",
    "LocationDisplayOrder": 36
  },
  {
    "ID": 9799,
    "Description": 2011,
    "LocationAbbr": "NC",
    "LocationDesc": "North Carolina",
    "DataSource": "BRFSS",
    "Topic": "Obesity / Weight Status",
    "Data_Value": 25.7,
    "Sample_Size": "3,657",
    "Stratification1": "65 or older",
    "StratificationId1": "AGEYR65PLUS",
    "LocationDisplayOrder": 37
  },
  {
    "ID": 25178,
    "Description": 2011,
    "LocationAbbr": "ND",
    "LocationDesc": "North Dakota",
    "DataSource": "BRFSS",
    "Topic": "Obesity / Weight Status",
    "Data_Value": 24.4,
    "Sample_Size": "1,576",
    "Stratification1": "65 or older",
    "StratificationId1": "AGEYR65PLUS",
    "LocationDisplayOrder": 38
  },
  {
    "ID": 7905,
    "Description": 2011,
    "LocationAbbr": "OH",
    "LocationDesc": "Ohio",
    "DataSource": "BRFSS",
    "Topic": "Obesity / Weight Status",
    "Data_Value": 28.7,
    "Sample_Size": "2,929",
    "Stratification1": "65 or older",
    "StratificationId1": "AGEYR65PLUS",
    "LocationDisplayOrder": 39
  },
  {
    "ID": 26819,
    "Description": 2011,
    "LocationAbbr": "OK",
    "LocationDesc": "Oklahoma",
    "DataSource": "BRFSS",
    "Topic": "Obesity / Weight Status",
    "Data_Value": 26.3,
    "Sample_Size": "2,901",
    "Stratification1": "65 or older",
    "StratificationId1": "AGEYR65PLUS",
    "LocationDisplayOrder": 40
  },
  {
    "ID": 20166,
    "Description": 2011,
    "LocationAbbr": "OR",
    "LocationDesc": "Oregon",
    "DataSource": "BRFSS",
    "Topic": "Obesity / Weight Status",
    "Data_Value": 24.6,
    "Sample_Size": "1,957",
    "Stratification1": "65 or older",
    "StratificationId1": "AGEYR65PLUS",
    "LocationDisplayOrder": 41
  },
  {
    "ID": 35928,
    "Description": 2011,
    "LocationAbbr": "PA",
    "LocationDesc": "Pennsylvania",
    "DataSource": "BRFSS",
    "Topic": "Obesity / Weight Status",
    "Data_Value": 27.9,
    "Sample_Size": "3,440",
    "Stratification1": "65 or older",
    "StratificationId1": "AGEYR65PLUS",
    "LocationDisplayOrder": 42
  },
  {
    "ID": 31432,
    "Description": 2011,
    "LocationAbbr": "RI",
    "LocationDesc": "Rhode Island",
    "DataSource": "BRFSS",
    "Topic": "Obesity / Weight Status",
    "Data_Value": 22.2,
    "Sample_Size": "1,938",
    "Stratification1": "65 or older",
    "StratificationId1": "AGEYR65PLUS",
    "LocationDisplayOrder": 44
  },
  {
    "ID": 18672,
    "Description": 2011,
    "LocationAbbr": "SC",
    "LocationDesc": "South Carolina",
    "DataSource": "BRFSS",
    "Topic": "Obesity / Weight Status",
    "Data_Value": 25.2,
    "Sample_Size": "4,171",
    "Stratification1": "65 or older",
    "StratificationId1": "AGEYR65PLUS",
    "LocationDisplayOrder": 45
  },
  {
    "ID": 26344,
    "Description": 2011,
    "LocationAbbr": "SD",
    "LocationDesc": "South Dakota",
    "DataSource": "BRFSS",
    "Topic": "Obesity / Weight Status",
    "Data_Value": 23.8,
    "Sample_Size": "2,641",
    "Stratification1": "65 or older",
    "StratificationId1": "AGEYR65PLUS",
    "LocationDisplayOrder": 46
  },
  {
    "ID": 31492,
    "Description": 2011,
    "LocationAbbr": "TN",
    "LocationDesc": "Tennessee",
    "DataSource": "BRFSS",
    "Topic": "Obesity / Weight Status",
    "Data_Value": 25.2,
    "Sample_Size": "2,120",
    "Stratification1": "65 or older",
    "StratificationId1": "AGEYR65PLUS",
    "LocationDisplayOrder": 47
  },
  {
    "ID": 8230,
    "Description": 2011,
    "LocationAbbr": "TX",
    "LocationDesc": "Texas",
    "DataSource": "BRFSS",
    "Topic": "Obesity / Weight Status",
    "Data_Value": 26.3,
    "Sample_Size": "4,804",
    "Stratification1": "65 or older",
    "StratificationId1": "AGEYR65PLUS",
    "LocationDisplayOrder": 48
  },
  {
    "ID": 22795,
    "Description": 2011,
    "LocationAbbr": "UT",
    "LocationDesc": "Utah",
    "DataSource": "BRFSS",
    "Topic": "Obesity / Weight Status",
    "Data_Value": 24.6,
    "Sample_Size": "2,951",
    "Stratification1": "65 or older",
    "StratificationId1": "AGEYR65PLUS",
    "LocationDisplayOrder": 49
  },
  {
    "ID": 19201,
    "Description": 2011,
    "LocationAbbr": "VT",
    "LocationDesc": "Vermont",
    "DataSource": "BRFSS",
    "Topic": "Obesity / Weight Status",
    "Data_Value": 23.8,
    "Sample_Size": "2,147",
    "Stratification1": "65 or older",
    "StratificationId1": "AGEYR65PLUS",
    "LocationDisplayOrder": 50
  },
  {
    "ID": 32093,
    "Description": 2011,
    "LocationAbbr": "VA",
    "LocationDesc": "Virginia",
    "DataSource": "BRFSS",
    "Topic": "Obesity / Weight Status",
    "Data_Value": 26.8,
    "Sample_Size": "1,793",
    "Stratification1": "65 or older",
    "StratificationId1": "AGEYR65PLUS",
    "LocationDisplayOrder": 51
  },
  {
    "ID": 14272,
    "Description": 2011,
    "LocationAbbr": "WA",
    "LocationDesc": "Washington",
    "DataSource": "BRFSS",
    "Topic": "Obesity / Weight Status",
    "Data_Value": 25.6,
    "Sample_Size": "4,922",
    "Stratification1": "65 or older",
    "StratificationId1": "AGEYR65PLUS",
    "LocationDisplayOrder": 53
  },
  {
    "ID": 5740,
    "Description": 2011,
    "LocationAbbr": "WV",
    "LocationDesc": "West Virginia",
    "DataSource": "BRFSS",
    "Topic": "Obesity / Weight Status",
    "Data_Value": 27.7,
    "Sample_Size": "1,515",
    "Stratification1": "65 or older",
    "StratificationId1": "AGEYR65PLUS",
    "LocationDisplayOrder": 54
  },
  {
    "ID": 18837,
    "Description": 2011,
    "LocationAbbr": "WI",
    "LocationDesc": "Wisconsin",
    "DataSource": "BRFSS",
    "Topic": "Obesity / Weight Status",
    "Data_Value": 26.9,
    "Sample_Size": "1,530",
    "Stratification1": "65 or older",
    "StratificationId1": "AGEYR65PLUS",
    "LocationDisplayOrder": 55
  },
  {
    "ID": 27572,
    "Description": 2011,
    "LocationAbbr": "WY",
    "LocationDesc": "Wyoming",
    "DataSource": "BRFSS",
    "Topic": "Obesity / Weight Status",
    "Data_Value": 20.4,
    "Sample_Size": "1,998",
    "Stratification1": "65 or older",
    "StratificationId1": "AGEYR65PLUS",
    "LocationDisplayOrder": 56
  },
  {
    "ID": "",
    "Description": "",
    "LocationAbbr": "",
    "LocationDesc": "",
    "DataSource": "",
    "Topic": "",
    "Data_Value": "",
    "Sample_Size": "",
    "Stratification1": "",
    "StratificationId1": "",
    "LocationDisplayOrder": ""
  },
  {
    "ID": "",
    "Description": "",
    "LocationAbbr": "",
    "LocationDesc": "",
    "DataSource": "",
    "Topic": "",
    "Data_Value": "",
    "Sample_Size": "",
    "Stratification1": "",
    "StratificationId1": "",
    "LocationDisplayOrder": ""
  },
  {
    "ID": "",
    "Description": "",
    "LocationAbbr": "",
    "LocationDesc": "",
    "DataSource": "",
    "Topic": "",
    "Data_Value": "",
    "Sample_Size": "",
    "Stratification1": "",
    "StratificationId1": "",
    "LocationDisplayOrder": ""
  },
  {
    "ID": "",
    "Description": "",
    "LocationAbbr": "",
    "LocationDesc": "",
    "DataSource": "",
    "Topic": "",
    "Data_Value": "",
    "Sample_Size": "",
    "Stratification1": "",
    "StratificationId1": "",
    "LocationDisplayOrder": ""
  },
  {
    "ID": "",
    "Description": "",
    "LocationAbbr": "",
    "LocationDesc": "",
    "DataSource": "",
    "Topic": "",
    "Data_Value": "",
    "Sample_Size": "",
    "Stratification1": "",
    "StratificationId1": "",
    "LocationDisplayOrder": ""
  },
  {
    "ID": "",
    "Description": "",
    "LocationAbbr": "",
    "LocationDesc": "",
    "DataSource": "",
    "Topic": "",
    "Data_Value": "",
    "Sample_Size": "",
    "Stratification1": "",
    "StratificationId1": "",
    "LocationDisplayOrder": ""
  },
  {
    "ID": "",
    "Description": "",
    "LocationAbbr": "",
    "LocationDesc": "",
    "DataSource": "",
    "Topic": "",
    "Data_Value": "",
    "Sample_Size": "",
    "Stratification1": "",
    "StratificationId1": "",
    "LocationDisplayOrder": ""
  },
  {
    "ID": "",
    "Description": "",
    "LocationAbbr": "",
    "LocationDesc": "",
    "DataSource": "",
    "Topic": "",
    "Data_Value": "",
    "Sample_Size": "",
    "Stratification1": "",
    "StratificationId1": "",
    "LocationDisplayOrder": ""
  },
  {
    "ID": "",
    "Description": "",
    "LocationAbbr": "",
    "LocationDesc": "",
    "DataSource": "",
    "Topic": "",
    "Data_Value": "",
    "Sample_Size": "",
    "Stratification1": "",
    "StratificationId1": "",
    "LocationDisplayOrder": ""
  }
]