[
  {
    "ID": 485,
    "Description": 2011,
    "LocationAbbr": "US",
    "LocationDesc": "National",
    "DataSource": "BRFSS",
    "Topic": "Obesity / Weight Status",
    "Data_Value": 30.3,
    "Sample_Size": "8,412",
    "Stratification1": "2 or more races",
    "StratificationId1": "RACE2PLUS",
    "LocationDisplayOrder": 0
  },
  {
    "ID": 26663,
    "Description": 2011,
    "LocationAbbr": "AL",
    "LocationDesc": "Alabama",
    "DataSource": "BRFSS",
    "Topic": "Obesity / Weight Status",
    "Data_Value": 27.8,
    "Sample_Size": 58,
    "Stratification1": "2 or more races",
    "StratificationId1": "RACE2PLUS",
    "LocationDisplayOrder": 1
  },
  {
    "ID": 37228,
    "Description": 2011,
    "LocationAbbr": "AK",
    "LocationDesc": "Alaska",
    "DataSource": "BRFSS",
    "Topic": "Obesity / Weight Status",
    "Data_Value": 23.3,
    "Sample_Size": 128,
    "Stratification1": "2 or more races",
    "StratificationId1": "RACE2PLUS",
    "LocationDisplayOrder": 2
  },
  {
    "ID": 36152,
    "Description": 2011,
    "LocationAbbr": "AZ",
    "LocationDesc": "Arizona",
    "DataSource": "BRFSS",
    "Topic": "Obesity / Weight Status",
    "Data_Value": 20.8,
    "Sample_Size": 82,
    "Stratification1": "2 or more races",
    "StratificationId1": "RACE2PLUS",
    "LocationDisplayOrder": 4
  },
  {
    "ID": 1698,
    "Description": 2011,
    "LocationAbbr": "AR",
    "LocationDesc": "Arkansas",
    "DataSource": "BRFSS",
    "Topic": "Obesity / Weight Status",
    "Data_Value": 26.4,
    "Sample_Size": 80,
    "Stratification1": "2 or more races",
    "StratificationId1": "RACE2PLUS",
    "LocationDisplayOrder": 5
  },
  {
    "ID": 24297,
    "Description": 2011,
    "LocationAbbr": "CA",
    "LocationDesc": "California",
    "DataSource": "BRFSS",
    "Topic": "Obesity / Weight Status",
    "Data_Value": 26.9,
    "Sample_Size": 315,
    "Stratification1": "2 or more races",
    "StratificationId1": "RACE2PLUS",
    "LocationDisplayOrder": 6
  },
  {
    "ID": 28865,
    "Description": 2011,
    "LocationAbbr": "CO",
    "LocationDesc": "Colorado",
    "DataSource": "BRFSS",
    "Topic": "Obesity / Weight Status",
    "Data_Value": 23,
    "Sample_Size": 197,
    "Stratification1": "2 or more races",
    "StratificationId1": "RACE2PLUS",
    "LocationDisplayOrder": 8
  },
  {
    "ID": 13097,
    "Description": 2011,
    "LocationAbbr": "CT",
    "LocationDesc": "Connecticut",
    "DataSource": "BRFSS",
    "Topic": "Obesity / Weight Status",
    "Data_Value": 30.1,
    "Sample_Size": 57,
    "Stratification1": "2 or more races",
    "StratificationId1": "RACE2PLUS",
    "LocationDisplayOrder": 9
  },
  {
    "ID": 34808,
    "Description": 2011,
    "LocationAbbr": "DE",
    "LocationDesc": "Delaware",
    "DataSource": "BRFSS",
    "Topic": "Obesity / Weight Status",
    "Data_Value": 36.5,
    "Sample_Size": 77,
    "Stratification1": "2 or more races",
    "StratificationId1": "RACE2PLUS",
    "LocationDisplayOrder": 10
  },
  {
    "ID": 39252,
    "Description": 2011,
    "LocationAbbr": "DC",
    "LocationDesc": "District of Columbia",
    "DataSource": "BRFSS",
    "Topic": "Obesity / Weight Status",
    "Data_Value": 32.2,
    "Sample_Size": 64,
    "Stratification1": "2 or more races",
    "StratificationId1": "RACE2PLUS",
    "LocationDisplayOrder": 11
  },
  {
    "ID": 9599,
    "Description": 2011,
    "LocationAbbr": "FL",
    "LocationDesc": "Florida",
    "DataSource": "BRFSS",
    "Topic": "Obesity / Weight Status",
    "Data_Value": 26.7,
    "Sample_Size": 180,
    "Stratification1": "2 or more races",
    "StratificationId1": "RACE2PLUS",
    "LocationDisplayOrder": 12
  },
  {
    "ID": 28806,
    "Description": 2011,
    "LocationAbbr": "GA",
    "LocationDesc": "Georgia",
    "DataSource": "BRFSS",
    "Topic": "Obesity / Weight Status",
    "Data_Value": 27.1,
    "Sample_Size": 109,
    "Stratification1": "2 or more races",
    "StratificationId1": "RACE2PLUS",
    "LocationDisplayOrder": 13
  },
  {
    "ID": 29302,
    "Description": 2011,
    "LocationAbbr": "HI",
    "LocationDesc": "Hawaii",
    "DataSource": "BRFSS",
    "Topic": "Obesity / Weight Status",
    "Data_Value": 32.5,
    "Sample_Size": "1,531",
    "Stratification1": "2 or more races",
    "StratificationId1": "RACE2PLUS",
    "LocationDisplayOrder": 15
  },
  {
    "ID": 38324,
    "Description": 2011,
    "LocationAbbr": "ID",
    "LocationDesc": "Idaho",
    "DataSource": "BRFSS",
    "Topic": "Obesity / Weight Status",
    "Data_Value": 34.9,
    "Sample_Size": 84,
    "Stratification1": "2 or more races",
    "StratificationId1": "RACE2PLUS",
    "LocationDisplayOrder": 16
  },
  {
    "ID": 37924,
    "Description": 2011,
    "LocationAbbr": "IL",
    "LocationDesc": "Illinois",
    "DataSource": "BRFSS",
    "Topic": "Obesity / Weight Status",
    "Data_Value": 33.4,
    "Sample_Size": 55,
    "Stratification1": "2 or more races",
    "StratificationId1": "RACE2PLUS",
    "LocationDisplayOrder": 17
  },
  {
    "ID": 1738,
    "Description": 2011,
    "LocationAbbr": "IN",
    "LocationDesc": "Indiana",
    "DataSource": "BRFSS",
    "Topic": "Obesity / Weight Status",
    "Data_Value": 45.4,
    "Sample_Size": 103,
    "Stratification1": "2 or more races",
    "StratificationId1": "RACE2PLUS",
    "LocationDisplayOrder": 18
  },
  {
    "ID": 21574,
    "Description": 2011,
    "LocationAbbr": "IA",
    "LocationDesc": "Iowa",
    "DataSource": "BRFSS",
    "Topic": "Obesity / Weight Status",
    "Data_Value": 33.7,
    "Sample_Size": 53,
    "Stratification1": "2 or more races",
    "StratificationId1": "RACE2PLUS",
    "LocationDisplayOrder": 19
  },
  {
    "ID": 32574,
    "Description": 2011,
    "LocationAbbr": "KS",
    "LocationDesc": "Kansas",
    "DataSource": "BRFSS",
    "Topic": "Obesity / Weight Status",
    "Data_Value": 33.5,
    "Sample_Size": 282,
    "Stratification1": "2 or more races",
    "StratificationId1": "RACE2PLUS",
    "LocationDisplayOrder": 20
  },
  {
    "ID": 38799,
    "Description": 2011,
    "LocationAbbr": "KY",
    "LocationDesc": "Kentucky",
    "DataSource": "BRFSS",
    "Topic": "Obesity / Weight Status",
    "Data_Value": 45.2,
    "Sample_Size": 212,
    "Stratification1": "2 or more races",
    "StratificationId1": "RACE2PLUS",
    "LocationDisplayOrder": 21
  },
  {
    "ID": 25554,
    "Description": 2011,
    "LocationAbbr": "LA",
    "LocationDesc": "Louisiana",
    "DataSource": "BRFSS",
    "Topic": "Obesity / Weight Status",
    "Data_Value": 23,
    "Sample_Size": 106,
    "Stratification1": "2 or more races",
    "StratificationId1": "RACE2PLUS",
    "LocationDisplayOrder": 22
  },
  {
    "ID": 25694,
    "Description": 2011,
    "LocationAbbr": "ME",
    "LocationDesc": "Maine",
    "DataSource": "BRFSS",
    "Topic": "Obesity / Weight Status",
    "Data_Value": 29.9,
    "Sample_Size": 132,
    "Stratification1": "2 or more races",
    "StratificationId1": "RACE2PLUS",
    "LocationDisplayOrder": 23
  },
  {
    "ID": 23543,
    "Description": 2011,
    "LocationAbbr": "MD",
    "LocationDesc": "Maryland",
    "DataSource": "BRFSS",
    "Topic": "Obesity / Weight Status",
    "Data_Value": 27.5,
    "Sample_Size": 122,
    "Stratification1": "2 or more races",
    "StratificationId1": "RACE2PLUS",
    "LocationDisplayOrder": 24
  },
  {
    "ID": 6662,
    "Description": 2011,
    "LocationAbbr": "MA",
    "LocationDesc": "Massachusetts",
    "DataSource": "BRFSS",
    "Topic": "Obesity / Weight Status",
    "Data_Value": 26,
    "Sample_Size": 210,
    "Stratification1": "2 or more races",
    "StratificationId1": "RACE2PLUS",
    "LocationDisplayOrder": 25
  },
  {
    "ID": 31844,
    "Description": 2011,
    "LocationAbbr": "MI",
    "LocationDesc": "Michigan",
    "DataSource": "BRFSS",
    "Topic": "Obesity / Weight Status",
    "Data_Value": 35.3,
    "Sample_Size": 256,
    "Stratification1": "2 or more races",
    "StratificationId1": "RACE2PLUS",
    "LocationDisplayOrder": 26
  },
  {
    "ID": 39005,
    "Description": 2011,
    "LocationAbbr": "MN",
    "LocationDesc": "Minnesota",
    "DataSource": "BRFSS",
    "Topic": "Obesity / Weight Status",
    "Data_Value": 31,
    "Sample_Size": 114,
    "Stratification1": "2 or more races",
    "StratificationId1": "RACE2PLUS",
    "LocationDisplayOrder": 27
  },
  {
    "ID": 3179,
    "Description": 2011,
    "LocationAbbr": "MS",
    "LocationDesc": "Mississippi",
    "DataSource": "BRFSS",
    "Topic": "Obesity / Weight Status",
    "Data_Value": "~",
    "Sample_Size": "~",
    "Stratification1": "2 or more races",
    "StratificationId1": "RACE2PLUS",
    "LocationDisplayOrder": 28
  },
  {
    "ID": 6001,
    "Description": 2011,
    "LocationAbbr": "MO",
    "LocationDesc": "Missouri",
    "DataSource": "BRFSS",
    "Topic": "Obesity / Weight Status",
    "Data_Value": 32.2,
    "Sample_Size": 129,
    "Stratification1": "2 or more races",
    "StratificationId1": "RACE2PLUS",
    "LocationDisplayOrder": 29
  },
  {
    "ID": 2900,
    "Description": 2011,
    "LocationAbbr": "MT",
    "LocationDesc": "Montana",
    "DataSource": "BRFSS",
    "Topic": "Obesity / Weight Status",
    "Data_Value": 29.9,
    "Sample_Size": 219,
    "Stratification1": "2 or more races",
    "StratificationId1": "RACE2PLUS",
    "LocationDisplayOrder": 30
  },
  {
    "ID": 11995,
    "Description": 2011,
    "LocationAbbr": "NE",
    "LocationDesc": "Nebraska",
    "DataSource": "BRFSS",
    "Topic": "Obesity / Weight Status",
    "Data_Value": 31.5,
    "Sample_Size": 244,
    "Stratification1": "2 or more races",
    "StratificationId1": "RACE2PLUS",
    "LocationDisplayOrder": 31
  },
  {
    "ID": 11642,
    "Description": 2011,
    "LocationAbbr": "NV",
    "LocationDesc": "Nevada",
    "DataSource": "BRFSS",
    "Topic": "Obesity / Weight Status",
    "Data_Value": 37.3,
    "Sample_Size": 137,
    "Stratification1": "2 or more races",
    "StratificationId1": "RACE2PLUS",
    "LocationDisplayOrder": 32
  },
  {
    "ID": 12537,
    "Description": 2011,
    "LocationAbbr": "NH",
    "LocationDesc": "New Hampshire",
    "DataSource": "BRFSS",
    "Topic": "Obesity / Weight Status",
    "Data_Value": "~",
    "Sample_Size": "~",
    "Stratification1": "2 or more races",
    "StratificationId1": "RACE2PLUS",
    "LocationDisplayOrder": 33
  },
  {
    "ID": 18919,
    "Description": 2011,
    "LocationAbbr": "NJ",
    "LocationDesc": "New Jersey",
    "DataSource": "BRFSS",
    "Topic": "Obesity / Weight Status",
    "Data_Value": 28.9,
    "Sample_Size": 77,
    "Stratification1": "2 or more races",
    "StratificationId1": "RACE2PLUS",
    "LocationDisplayOrder": 34
  },
  {
    "ID": 11158,
    "Description": 2011,
    "LocationAbbr": "NM",
    "LocationDesc": "New Mexico",
    "DataSource": "BRFSS",
    "Topic": "Obesity / Weight Status",
    "Data_Value": 9.7,
    "Sample_Size": 72,
    "Stratification1": "2 or more races",
    "StratificationId1": "RACE2PLUS",
    "LocationDisplayOrder": 35
  },
  {
    "ID": 28254,
    "Description": 2011,
    "LocationAbbr": "NY",
    "LocationDesc": "New York",
    "DataSource": "BRFSS",
    "Topic": "Obesity / Weight Status",
    "Data_Value": 36.1,
    "Sample_Size": 84,
    "Stratification1": "2 or more races",
    "StratificationId1": "RACE2PLUS",
    "LocationDisplayOrder": 36
  },
  {
    "ID": 14322,
    "Description": 2011,
    "LocationAbbr": "NC",
    "LocationDesc": "North Carolina",
    "DataSource": "BRFSS",
    "Topic": "Obesity / Weight Status",
    "Data_Value": 22.8,
    "Sample_Size": 134,
    "Stratification1": "2 or more races",
    "StratificationId1": "RACE2PLUS",
    "LocationDisplayOrder": 37
  },
  {
    "ID": 35738,
    "Description": 2011,
    "LocationAbbr": "ND",
    "LocationDesc": "North Dakota",
    "DataSource": "BRFSS",
    "Topic": "Obesity / Weight Status",
    "Data_Value": "~",
    "Sample_Size": "~",
    "Stratification1": "2 or more races",
    "StratificationId1": "RACE2PLUS",
    "LocationDisplayOrder": 38
  },
  {
    "ID": 14450,
    "Description": 2011,
    "LocationAbbr": "OH",
    "LocationDesc": "Ohio",
    "DataSource": "BRFSS",
    "Topic": "Obesity / Weight Status",
    "Data_Value": 28.3,
    "Sample_Size": 111,
    "Stratification1": "2 or more races",
    "StratificationId1": "RACE2PLUS",
    "LocationDisplayOrder": 39
  },
  {
    "ID": 19681,
    "Description": 2011,
    "LocationAbbr": "OK",
    "LocationDesc": "Oklahoma",
    "DataSource": "BRFSS",
    "Topic": "Obesity / Weight Status",
    "Data_Value": 32.9,
    "Sample_Size": 568,
    "Stratification1": "2 or more races",
    "StratificationId1": "RACE2PLUS",
    "LocationDisplayOrder": 40
  },
  {
    "ID": 16371,
    "Description": 2011,
    "LocationAbbr": "OR",
    "LocationDesc": "Oregon",
    "DataSource": "BRFSS",
    "Topic": "Obesity / Weight Status",
    "Data_Value": 32.6,
    "Sample_Size": 454,
    "Stratification1": "2 or more races",
    "StratificationId1": "RACE2PLUS",
    "LocationDisplayOrder": 41
  },
  {
    "ID": 21449,
    "Description": 2011,
    "LocationAbbr": "PA",
    "LocationDesc": "Pennsylvania",
    "DataSource": "BRFSS",
    "Topic": "Obesity / Weight Status",
    "Data_Value": 37.3,
    "Sample_Size": 125,
    "Stratification1": "2 or more races",
    "StratificationId1": "RACE2PLUS",
    "LocationDisplayOrder": 42
  },
  {
    "ID": 17028,
    "Description": 2011,
    "LocationAbbr": "RI",
    "LocationDesc": "Rhode Island",
    "DataSource": "BRFSS",
    "Topic": "Obesity / Weight Status",
    "Data_Value": "~",
    "Sample_Size": "~",
    "Stratification1": "2 or more races",
    "StratificationId1": "RACE2PLUS",
    "LocationDisplayOrder": 44
  },
  {
    "ID": 6290,
    "Description": 2011,
    "LocationAbbr": "SC",
    "LocationDesc": "South Carolina",
    "DataSource": "BRFSS",
    "Topic": "Obesity / Weight Status",
    "Data_Value": 37.3,
    "Sample_Size": 188,
    "Stratification1": "2 or more races",
    "StratificationId1": "RACE2PLUS",
    "LocationDisplayOrder": 45
  },
  {
    "ID": 38294,
    "Description": 2011,
    "LocationAbbr": "SD",
    "LocationDesc": "South Dakota",
    "DataSource": "BRFSS",
    "Topic": "Obesity / Weight Status",
    "Data_Value": 25.3,
    "Sample_Size": 87,
    "Stratification1": "2 or more races",
    "StratificationId1": "RACE2PLUS",
    "LocationDisplayOrder": 46
  },
  {
    "ID": 19950,
    "Description": 2011,
    "LocationAbbr": "TN",
    "LocationDesc": "Tennessee",
    "DataSource": "BRFSS",
    "Topic": "Obesity / Weight Status",
    "Data_Value": 31,
    "Sample_Size": 66,
    "Stratification1": "2 or more races",
    "StratificationId1": "RACE2PLUS",
    "LocationDisplayOrder": 47
  },
  {
    "ID": 16723,
    "Description": 2011,
    "LocationAbbr": "TX",
    "LocationDesc": "Texas",
    "DataSource": "BRFSS",
    "Topic": "Obesity / Weight Status",
    "Data_Value": 28.3,
    "Sample_Size": 175,
    "Stratification1": "2 or more races",
    "StratificationId1": "RACE2PLUS",
    "LocationDisplayOrder": 48
  },
  {
    "ID": 24005,
    "Description": 2011,
    "LocationAbbr": "UT",
    "LocationDesc": "Utah",
    "DataSource": "BRFSS",
    "Topic": "Obesity / Weight Status",
    "Data_Value": 28,
    "Sample_Size": 98,
    "Stratification1": "2 or more races",
    "StratificationId1": "RACE2PLUS",
    "LocationDisplayOrder": 49
  },
  {
    "ID": 39389,
    "Description": 2011,
    "LocationAbbr": "VT",
    "LocationDesc": "Vermont",
    "DataSource": "BRFSS",
    "Topic": "Obesity / Weight Status",
    "Data_Value": 37.6,
    "Sample_Size": 64,
    "Stratification1": "2 or more races",
    "StratificationId1": "RACE2PLUS",
    "LocationDisplayOrder": 50
  },
  {
    "ID": 21395,
    "Description": 2011,
    "LocationAbbr": "VA",
    "LocationDesc": "Virginia",
    "DataSource": "BRFSS",
    "Topic": "Obesity / Weight Status",
    "Data_Value": 30,
    "Sample_Size": 86,
    "Stratification1": "2 or more races",
    "StratificationId1": "RACE2PLUS",
    "LocationDisplayOrder": 51
  },
  {
    "ID": 4708,
    "Description": 2011,
    "LocationAbbr": "WA",
    "LocationDesc": "Washington",
    "DataSource": "BRFSS",
    "Topic": "Obesity / Weight Status",
    "Data_Value": 28.4,
    "Sample_Size": 351,
    "Stratification1": "2 or more races",
    "StratificationId1": "RACE2PLUS",
    "LocationDisplayOrder": 53
  },
  {
    "ID": 11711,
    "Description": 2011,
    "LocationAbbr": "WV",
    "LocationDesc": "West Virginia",
    "DataSource": "BRFSS",
    "Topic": "Obesity / Weight Status",
    "Data_Value": 42.9,
    "Sample_Size": 57,
    "Stratification1": "2 or more races",
    "StratificationId1": "RACE2PLUS",
    "LocationDisplayOrder": 54
  },
  {
    "ID": 16114,
    "Description": 2011,
    "LocationAbbr": "WI",
    "LocationDesc": "Wisconsin",
    "DataSource": "BRFSS",
    "Topic": "Obesity / Weight Status",
    "Data_Value": "~",
    "Sample_Size": "~",
    "Stratification1": "2 or more races",
    "StratificationId1": "RACE2PLUS",
    "LocationDisplayOrder": 55
  },
  {
    "ID": 31768,
    "Description": 2011,
    "LocationAbbr": "WY",
    "LocationDesc": "Wyoming",
    "DataSource": "BRFSS",
    "Topic": "Obesity / Weight Status",
    "Data_Value": 19.5,
    "Sample_Size": 85,
    "Stratification1": "2 or more races",
    "StratificationId1": "RACE2PLUS",
    "LocationDisplayOrder": 56
  },
  {
    "ID": "",
    "Description": "",
    "LocationAbbr": "",
    "LocationDesc": "",
    "DataSource": "",
    "Topic": "",
    "Data_Value": "",
    "Sample_Size": "",
    "Stratification1": "",
    "StratificationId1": "",
    "LocationDisplayOrder": ""
  },
  {
    "ID": "",
    "Description": "",
    "LocationAbbr": "",
    "LocationDesc": "",
    "DataSource": "",
    "Topic": "",
    "Data_Value": "",
    "Sample_Size": "",
    "Stratification1": "",
    "StratificationId1": "",
    "LocationDisplayOrder": ""
  },
  {
    "ID": "",
    "Description": "",
    "LocationAbbr": "",
    "LocationDesc": "",
    "DataSource": "",
    "Topic": "",
    "Data_Value": "",
    "Sample_Size": "",
    "Stratification1": "",
    "StratificationId1": "",
    "LocationDisplayOrder": ""
  },
  {
    "ID": "",
    "Description": "",
    "LocationAbbr": "",
    "LocationDesc": "",
    "DataSource": "",
    "Topic": "",
    "Data_Value": "",
    "Sample_Size": "",
    "Stratification1": "",
    "StratificationId1": "",
    "LocationDisplayOrder": ""
  },
  {
    "ID": "",
    "Description": "",
    "LocationAbbr": "",
    "LocationDesc": "",
    "DataSource": "",
    "Topic": "",
    "Data_Value": "",
    "Sample_Size": "",
    "Stratification1": "",
    "StratificationId1": "",
    "LocationDisplayOrder": ""
  },
  {
    "ID": "",
    "Description": "",
    "LocationAbbr": "",
    "LocationDesc": "",
    "DataSource": "",
    "Topic": "",
    "Data_Value": "",
    "Sample_Size": "",
    "Stratification1": "",
    "StratificationId1": "",
    "LocationDisplayOrder": ""
  },
  {
    "ID": "",
    "Description": "",
    "LocationAbbr": "",
    "LocationDesc": "",
    "DataSource": "",
    "Topic": "",
    "Data_Value": "",
    "Sample_Size": "",
    "Stratification1": "",
    "StratificationId1": "",
    "LocationDisplayOrder": ""
  },
  {
    "ID": "",
    "Description": "",
    "LocationAbbr": "",
    "LocationDesc": "",
    "DataSource": "",
    "Topic": "",
    "Data_Value": "",
    "Sample_Size": "",
    "Stratification1": "",
    "StratificationId1": "",
    "LocationDisplayOrder": ""
  },
  {
    "ID": "",
    "Description": "",
    "LocationAbbr": "",
    "LocationDesc": "",
    "DataSource": "",
    "Topic": "",
    "Data_Value": "",
    "Sample_Size": "",
    "Stratification1": "",
    "StratificationId1": "",
    "LocationDisplayOrder": ""
  },
  {
    "ID": "",
    "Description": "",
    "LocationAbbr": "",
    "LocationDesc": "",
    "DataSource": "",
    "Topic": "",
    "Data_Value": "",
    "Sample_Size": "",
    "Stratification1": "",
    "StratificationId1": "",
    "LocationDisplayOrder": ""
  }
]