[
  {
    "ID": 670,
    "Description": 2011,
    "LocationAbbr": "US",
    "LocationDesc": "National",
    "DataSource": "BRFSS",
    "Topic": "Obesity / Weight Status",
    "Data_Value": 28.7,
    "Sample_Size": "61,354",
    "Stratification1": "$35,000 - $49,999",
    "StratificationId1": "INC3550",
    "LocationDisplayOrder": 0
  },
  {
    "ID": 37949,
    "Description": 2011,
    "LocationAbbr": "AL",
    "LocationDesc": "Alabama",
    "DataSource": "BRFSS",
    "Topic": "Obesity / Weight Status",
    "Data_Value": 32.3,
    "Sample_Size": 861,
    "Stratification1": "$35,000 - $49,999",
    "StratificationId1": "INC3550",
    "LocationDisplayOrder": 1
  },
  {
    "ID": 3043,
    "Description": 2011,
    "LocationAbbr": "AK",
    "LocationDesc": "Alaska",
    "DataSource": "BRFSS",
    "Topic": "Obesity / Weight Status",
    "Data_Value": 24.5,
    "Sample_Size": 397,
    "Stratification1": "$35,000 - $49,999",
    "StratificationId1": "INC3550",
    "LocationDisplayOrder": 2
  },
  {
    "ID": 9376,
    "Description": 2011,
    "LocationAbbr": "AZ",
    "LocationDesc": "Arizona",
    "DataSource": "BRFSS",
    "Topic": "Obesity / Weight Status",
    "Data_Value": 20.7,
    "Sample_Size": 834,
    "Stratification1": "$35,000 - $49,999",
    "StratificationId1": "INC3550",
    "LocationDisplayOrder": 4
  },
  {
    "ID": 19365,
    "Description": 2011,
    "LocationAbbr": "AR",
    "LocationDesc": "Arkansas",
    "DataSource": "BRFSS",
    "Topic": "Obesity / Weight Status",
    "Data_Value": 31.7,
    "Sample_Size": 564,
    "Stratification1": "$35,000 - $49,999",
    "StratificationId1": "INC3550",
    "LocationDisplayOrder": 5
  },
  {
    "ID": 12656,
    "Description": 2011,
    "LocationAbbr": "CA",
    "LocationDesc": "California",
    "DataSource": "BRFSS",
    "Topic": "Obesity / Weight Status",
    "Data_Value": 22.1,
    "Sample_Size": "1,915",
    "Stratification1": "$35,000 - $49,999",
    "StratificationId1": "INC3550",
    "LocationDisplayOrder": 6
  },
  {
    "ID": 7237,
    "Description": 2011,
    "LocationAbbr": "CO",
    "LocationDesc": "Colorado",
    "DataSource": "BRFSS",
    "Topic": "Obesity / Weight Status",
    "Data_Value": 21.3,
    "Sample_Size": "1,757",
    "Stratification1": "$35,000 - $49,999",
    "StratificationId1": "INC3550",
    "LocationDisplayOrder": 8
  },
  {
    "ID": 12432,
    "Description": 2011,
    "LocationAbbr": "CT",
    "LocationDesc": "Connecticut",
    "DataSource": "BRFSS",
    "Topic": "Obesity / Weight Status",
    "Data_Value": 27.5,
    "Sample_Size": 727,
    "Stratification1": "$35,000 - $49,999",
    "StratificationId1": "INC3550",
    "LocationDisplayOrder": 9
  },
  {
    "ID": 19869,
    "Description": 2011,
    "LocationAbbr": "DE",
    "LocationDesc": "Delaware",
    "DataSource": "BRFSS",
    "Topic": "Obesity / Weight Status",
    "Data_Value": 32.3,
    "Sample_Size": 598,
    "Stratification1": "$35,000 - $49,999",
    "StratificationId1": "INC3550",
    "LocationDisplayOrder": 10
  },
  {
    "ID": 29990,
    "Description": 2011,
    "LocationAbbr": "DC",
    "LocationDesc": "District of Columbia",
    "DataSource": "BRFSS",
    "Topic": "Obesity / Weight Status",
    "Data_Value": 27.6,
    "Sample_Size": 355,
    "Stratification1": "$35,000 - $49,999",
    "StratificationId1": "INC3550",
    "LocationDisplayOrder": 11
  },
  {
    "ID": 36308,
    "Description": 2011,
    "LocationAbbr": "FL",
    "LocationDesc": "Florida",
    "DataSource": "BRFSS",
    "Topic": "Obesity / Weight Status",
    "Data_Value": 27.2,
    "Sample_Size": "1,532",
    "Stratification1": "$35,000 - $49,999",
    "StratificationId1": "INC3550",
    "LocationDisplayOrder": 12
  },
  {
    "ID": 23000,
    "Description": 2011,
    "LocationAbbr": "GA",
    "LocationDesc": "Georgia",
    "DataSource": "BRFSS",
    "Topic": "Obesity / Weight Status",
    "Data_Value": 26.8,
    "Sample_Size": "1,123",
    "Stratification1": "$35,000 - $49,999",
    "StratificationId1": "INC3550",
    "LocationDisplayOrder": 13
  },
  {
    "ID": 27352,
    "Description": 2011,
    "LocationAbbr": "HI",
    "LocationDesc": "Hawaii",
    "DataSource": "BRFSS",
    "Topic": "Obesity / Weight Status",
    "Data_Value": 19.9,
    "Sample_Size": "1,056",
    "Stratification1": "$35,000 - $49,999",
    "StratificationId1": "INC3550",
    "LocationDisplayOrder": 15
  },
  {
    "ID": 22273,
    "Description": 2011,
    "LocationAbbr": "ID",
    "LocationDesc": "Idaho",
    "DataSource": "BRFSS",
    "Topic": "Obesity / Weight Status",
    "Data_Value": 26.5,
    "Sample_Size": 904,
    "Stratification1": "$35,000 - $49,999",
    "StratificationId1": "INC3550",
    "LocationDisplayOrder": 16
  },
  {
    "ID": 34583,
    "Description": 2011,
    "LocationAbbr": "IL",
    "LocationDesc": "Illinois",
    "DataSource": "BRFSS",
    "Topic": "Obesity / Weight Status",
    "Data_Value": 27.7,
    "Sample_Size": 741,
    "Stratification1": "$35,000 - $49,999",
    "StratificationId1": "INC3550",
    "LocationDisplayOrder": 17
  },
  {
    "ID": 1824,
    "Description": 2011,
    "LocationAbbr": "IN",
    "LocationDesc": "Indiana",
    "DataSource": "BRFSS",
    "Topic": "Obesity / Weight Status",
    "Data_Value": 30.3,
    "Sample_Size": "1,106",
    "Stratification1": "$35,000 - $49,999",
    "StratificationId1": "INC3550",
    "LocationDisplayOrder": 18
  },
  {
    "ID": 8280,
    "Description": 2011,
    "LocationAbbr": "IA",
    "LocationDesc": "Iowa",
    "DataSource": "BRFSS",
    "Topic": "Obesity / Weight Status",
    "Data_Value": 32.7,
    "Sample_Size": 979,
    "Stratification1": "$35,000 - $49,999",
    "StratificationId1": "INC3550",
    "LocationDisplayOrder": 19
  },
  {
    "ID": 20335,
    "Description": 2011,
    "LocationAbbr": "KS",
    "LocationDesc": "Kansas",
    "DataSource": "BRFSS",
    "Topic": "Obesity / Weight Status",
    "Data_Value": 32.7,
    "Sample_Size": "2,800",
    "Stratification1": "$35,000 - $49,999",
    "StratificationId1": "INC3550",
    "LocationDisplayOrder": 20
  },
  {
    "ID": 23739,
    "Description": 2011,
    "LocationAbbr": "KY",
    "LocationDesc": "Kentucky",
    "DataSource": "BRFSS",
    "Topic": "Obesity / Weight Status",
    "Data_Value": 33.7,
    "Sample_Size": "1,069",
    "Stratification1": "$35,000 - $49,999",
    "StratificationId1": "INC3550",
    "LocationDisplayOrder": 21
  },
  {
    "ID": 4961,
    "Description": 2011,
    "LocationAbbr": "LA",
    "LocationDesc": "Louisiana",
    "DataSource": "BRFSS",
    "Topic": "Obesity / Weight Status",
    "Data_Value": 36.3,
    "Sample_Size": "1,182",
    "Stratification1": "$35,000 - $49,999",
    "StratificationId1": "INC3550",
    "LocationDisplayOrder": 22
  },
  {
    "ID": 35067,
    "Description": 2011,
    "LocationAbbr": "ME",
    "LocationDesc": "Maine",
    "DataSource": "BRFSS",
    "Topic": "Obesity / Weight Status",
    "Data_Value": 27.8,
    "Sample_Size": "1,791",
    "Stratification1": "$35,000 - $49,999",
    "StratificationId1": "INC3550",
    "LocationDisplayOrder": 23
  },
  {
    "ID": 17737,
    "Description": 2011,
    "LocationAbbr": "MD",
    "LocationDesc": "Maryland",
    "DataSource": "BRFSS",
    "Topic": "Obesity / Weight Status",
    "Data_Value": 36.8,
    "Sample_Size": "1,033",
    "Stratification1": "$35,000 - $49,999",
    "StratificationId1": "INC3550",
    "LocationDisplayOrder": 24
  },
  {
    "ID": 18354,
    "Description": 2011,
    "LocationAbbr": "MA",
    "LocationDesc": "Massachusetts",
    "DataSource": "BRFSS",
    "Topic": "Obesity / Weight Status",
    "Data_Value": 25.4,
    "Sample_Size": "2,368",
    "Stratification1": "$35,000 - $49,999",
    "StratificationId1": "INC3550",
    "LocationDisplayOrder": 25
  },
  {
    "ID": 7255,
    "Description": 2011,
    "LocationAbbr": "MI",
    "LocationDesc": "Michigan",
    "DataSource": "BRFSS",
    "Topic": "Obesity / Weight Status",
    "Data_Value": 28.6,
    "Sample_Size": "1,486",
    "Stratification1": "$35,000 - $49,999",
    "StratificationId1": "INC3550",
    "LocationDisplayOrder": 26
  },
  {
    "ID": 38645,
    "Description": 2011,
    "LocationAbbr": "MN",
    "LocationDesc": "Minnesota",
    "DataSource": "BRFSS",
    "Topic": "Obesity / Weight Status",
    "Data_Value": 29.3,
    "Sample_Size": "2,042",
    "Stratification1": "$35,000 - $49,999",
    "StratificationId1": "INC3550",
    "LocationDisplayOrder": 27
  },
  {
    "ID": 29612,
    "Description": 2011,
    "LocationAbbr": "MS",
    "LocationDesc": "Mississippi",
    "DataSource": "BRFSS",
    "Topic": "Obesity / Weight Status",
    "Data_Value": 33,
    "Sample_Size": 973,
    "Stratification1": "$35,000 - $49,999",
    "StratificationId1": "INC3550",
    "LocationDisplayOrder": 28
  },
  {
    "ID": 26562,
    "Description": 2011,
    "LocationAbbr": "MO",
    "LocationDesc": "Missouri",
    "DataSource": "BRFSS",
    "Topic": "Obesity / Weight Status",
    "Data_Value": 30,
    "Sample_Size": 804,
    "Stratification1": "$35,000 - $49,999",
    "StratificationId1": "INC3550",
    "LocationDisplayOrder": 29
  },
  {
    "ID": 32426,
    "Description": 2011,
    "LocationAbbr": "MT",
    "LocationDesc": "Montana",
    "DataSource": "BRFSS",
    "Topic": "Obesity / Weight Status",
    "Data_Value": 23.8,
    "Sample_Size": "1,523",
    "Stratification1": "$35,000 - $49,999",
    "StratificationId1": "INC3550",
    "LocationDisplayOrder": 30
  },
  {
    "ID": 31754,
    "Description": 2011,
    "LocationAbbr": "NE",
    "LocationDesc": "Nebraska",
    "DataSource": "BRFSS",
    "Topic": "Obesity / Weight Status",
    "Data_Value": 32.6,
    "Sample_Size": "3,794",
    "Stratification1": "$35,000 - $49,999",
    "StratificationId1": "INC3550",
    "LocationDisplayOrder": 31
  },
  {
    "ID": 15460,
    "Description": 2011,
    "LocationAbbr": "NV",
    "LocationDesc": "Nevada",
    "DataSource": "BRFSS",
    "Topic": "Obesity / Weight Status",
    "Data_Value": 24,
    "Sample_Size": 725,
    "Stratification1": "$35,000 - $49,999",
    "StratificationId1": "INC3550",
    "LocationDisplayOrder": 32
  },
  {
    "ID": 9432,
    "Description": 2011,
    "LocationAbbr": "NH",
    "LocationDesc": "New Hampshire",
    "DataSource": "BRFSS",
    "Topic": "Obesity / Weight Status",
    "Data_Value": 26.7,
    "Sample_Size": 825,
    "Stratification1": "$35,000 - $49,999",
    "StratificationId1": "INC3550",
    "LocationDisplayOrder": 33
  },
  {
    "ID": 38871,
    "Description": 2011,
    "LocationAbbr": "NJ",
    "LocationDesc": "New Jersey",
    "DataSource": "BRFSS",
    "Topic": "Obesity / Weight Status",
    "Data_Value": 26.1,
    "Sample_Size": "1,476",
    "Stratification1": "$35,000 - $49,999",
    "StratificationId1": "INC3550",
    "LocationDisplayOrder": 34
  },
  {
    "ID": 27839,
    "Description": 2011,
    "LocationAbbr": "NM",
    "LocationDesc": "New Mexico",
    "DataSource": "BRFSS",
    "Topic": "Obesity / Weight Status",
    "Data_Value": 27.2,
    "Sample_Size": "1,178",
    "Stratification1": "$35,000 - $49,999",
    "StratificationId1": "INC3550",
    "LocationDisplayOrder": 35
  },
  {
    "ID": 8466,
    "Description": 2011,
    "LocationAbbr": "NY",
    "LocationDesc": "New York",
    "DataSource": "BRFSS",
    "Topic": "Obesity / Weight Status",
    "Data_Value": 28.5,
    "Sample_Size": 842,
    "Stratification1": "$35,000 - $49,999",
    "StratificationId1": "INC3550",
    "LocationDisplayOrder": 36
  },
  {
    "ID": 19845,
    "Description": 2011,
    "LocationAbbr": "NC",
    "LocationDesc": "North Carolina",
    "DataSource": "BRFSS",
    "Topic": "Obesity / Weight Status",
    "Data_Value": 30,
    "Sample_Size": "1,348",
    "Stratification1": "$35,000 - $49,999",
    "StratificationId1": "INC3550",
    "LocationDisplayOrder": 37
  },
  {
    "ID": 38014,
    "Description": 2011,
    "LocationAbbr": "ND",
    "LocationDesc": "North Dakota",
    "DataSource": "BRFSS",
    "Topic": "Obesity / Weight Status",
    "Data_Value": 32.6,
    "Sample_Size": 757,
    "Stratification1": "$35,000 - $49,999",
    "StratificationId1": "INC3550",
    "LocationDisplayOrder": 38
  },
  {
    "ID": 13461,
    "Description": 2011,
    "LocationAbbr": "OH",
    "LocationDesc": "Ohio",
    "DataSource": "BRFSS",
    "Topic": "Obesity / Weight Status",
    "Data_Value": 34.8,
    "Sample_Size": "1,170",
    "Stratification1": "$35,000 - $49,999",
    "StratificationId1": "INC3550",
    "LocationDisplayOrder": 39
  },
  {
    "ID": 23685,
    "Description": 2011,
    "LocationAbbr": "OK",
    "LocationDesc": "Oklahoma",
    "DataSource": "BRFSS",
    "Topic": "Obesity / Weight Status",
    "Data_Value": 36.2,
    "Sample_Size": "1,117",
    "Stratification1": "$35,000 - $49,999",
    "StratificationId1": "INC3550",
    "LocationDisplayOrder": 40
  },
  {
    "ID": 37190,
    "Description": 2011,
    "LocationAbbr": "OR",
    "LocationDesc": "Oregon",
    "DataSource": "BRFSS",
    "Topic": "Obesity / Weight Status",
    "Data_Value": 28.9,
    "Sample_Size": 832,
    "Stratification1": "$35,000 - $49,999",
    "StratificationId1": "INC3550",
    "LocationDisplayOrder": 41
  },
  {
    "ID": 34023,
    "Description": 2011,
    "LocationAbbr": "PA",
    "LocationDesc": "Pennsylvania",
    "DataSource": "BRFSS",
    "Topic": "Obesity / Weight Status",
    "Data_Value": 30.7,
    "Sample_Size": "1,378",
    "Stratification1": "$35,000 - $49,999",
    "StratificationId1": "INC3550",
    "LocationDisplayOrder": 42
  },
  {
    "ID": 35884,
    "Description": 2011,
    "LocationAbbr": "RI",
    "LocationDesc": "Rhode Island",
    "DataSource": "BRFSS",
    "Topic": "Obesity / Weight Status",
    "Data_Value": 26.2,
    "Sample_Size": 730,
    "Stratification1": "$35,000 - $49,999",
    "StratificationId1": "INC3550",
    "LocationDisplayOrder": 44
  },
  {
    "ID": 27854,
    "Description": 2011,
    "LocationAbbr": "SC",
    "LocationDesc": "South Carolina",
    "DataSource": "BRFSS",
    "Topic": "Obesity / Weight Status",
    "Data_Value": 34.2,
    "Sample_Size": "1,600",
    "Stratification1": "$35,000 - $49,999",
    "StratificationId1": "INC3550",
    "LocationDisplayOrder": 45
  },
  {
    "ID": 31095,
    "Description": 2011,
    "LocationAbbr": "SD",
    "LocationDesc": "South Dakota",
    "DataSource": "BRFSS",
    "Topic": "Obesity / Weight Status",
    "Data_Value": 27.5,
    "Sample_Size": "1,163",
    "Stratification1": "$35,000 - $49,999",
    "StratificationId1": "INC3550",
    "LocationDisplayOrder": 46
  },
  {
    "ID": 38359,
    "Description": 2011,
    "LocationAbbr": "TN",
    "LocationDesc": "Tennessee",
    "DataSource": "BRFSS",
    "Topic": "Obesity / Weight Status",
    "Data_Value": 24.1,
    "Sample_Size": 567,
    "Stratification1": "$35,000 - $49,999",
    "StratificationId1": "INC3550",
    "LocationDisplayOrder": 47
  },
  {
    "ID": 32552,
    "Description": 2011,
    "LocationAbbr": "TX",
    "LocationDesc": "Texas",
    "DataSource": "BRFSS",
    "Topic": "Obesity / Weight Status",
    "Data_Value": 31.9,
    "Sample_Size": "1,625",
    "Stratification1": "$35,000 - $49,999",
    "StratificationId1": "INC3550",
    "LocationDisplayOrder": 48
  },
  {
    "ID": 22431,
    "Description": 2011,
    "LocationAbbr": "UT",
    "LocationDesc": "Utah",
    "DataSource": "BRFSS",
    "Topic": "Obesity / Weight Status",
    "Data_Value": 27,
    "Sample_Size": "1,678",
    "Stratification1": "$35,000 - $49,999",
    "StratificationId1": "INC3550",
    "LocationDisplayOrder": 49
  },
  {
    "ID": 31410,
    "Description": 2011,
    "LocationAbbr": "VT",
    "LocationDesc": "Vermont",
    "DataSource": "BRFSS",
    "Topic": "Obesity / Weight Status",
    "Data_Value": 26.2,
    "Sample_Size": 936,
    "Stratification1": "$35,000 - $49,999",
    "StratificationId1": "INC3550",
    "LocationDisplayOrder": 50
  },
  {
    "ID": 9359,
    "Description": 2011,
    "LocationAbbr": "VA",
    "LocationDesc": "Virginia",
    "DataSource": "BRFSS",
    "Topic": "Obesity / Weight Status",
    "Data_Value": 33,
    "Sample_Size": 757,
    "Stratification1": "$35,000 - $49,999",
    "StratificationId1": "INC3550",
    "LocationDisplayOrder": 51
  },
  {
    "ID": 8542,
    "Description": 2011,
    "LocationAbbr": "WA",
    "LocationDesc": "Washington",
    "DataSource": "BRFSS",
    "Topic": "Obesity / Weight Status",
    "Data_Value": 30,
    "Sample_Size": "2,051",
    "Stratification1": "$35,000 - $49,999",
    "StratificationId1": "INC3550",
    "LocationDisplayOrder": 53
  },
  {
    "ID": 38564,
    "Description": 2011,
    "LocationAbbr": "WV",
    "LocationDesc": "West Virginia",
    "DataSource": "BRFSS",
    "Topic": "Obesity / Weight Status",
    "Data_Value": 34.9,
    "Sample_Size": 663,
    "Stratification1": "$35,000 - $49,999",
    "StratificationId1": "INC3550",
    "LocationDisplayOrder": 54
  },
  {
    "ID": 32284,
    "Description": 2011,
    "LocationAbbr": "WI",
    "LocationDesc": "Wisconsin",
    "DataSource": "BRFSS",
    "Topic": "Obesity / Weight Status",
    "Data_Value": 28,
    "Sample_Size": 723,
    "Stratification1": "$35,000 - $49,999",
    "StratificationId1": "INC3550",
    "LocationDisplayOrder": 55
  },
  {
    "ID": 24023,
    "Description": 2011,
    "LocationAbbr": "WY",
    "LocationDesc": "Wyoming",
    "DataSource": "BRFSS",
    "Topic": "Obesity / Weight Status",
    "Data_Value": 25.5,
    "Sample_Size": 899,
    "Stratification1": "$35,000 - $49,999",
    "StratificationId1": "INC3550",
    "LocationDisplayOrder": 56
  },
  {
    "ID": "",
    "Description": "",
    "LocationAbbr": "",
    "LocationDesc": "",
    "DataSource": "",
    "Topic": "",
    "Data_Value": "",
    "Sample_Size": "",
    "Stratification1": "",
    "StratificationId1": "",
    "LocationDisplayOrder": ""
  },
  {
    "ID": "",
    "Description": "",
    "LocationAbbr": "",
    "LocationDesc": "",
    "DataSource": "",
    "Topic": "",
    "Data_Value": "",
    "Sample_Size": "",
    "Stratification1": "",
    "StratificationId1": "",
    "LocationDisplayOrder": ""
  },
  {
    "ID": "",
    "Description": "",
    "LocationAbbr": "",
    "LocationDesc": "",
    "DataSource": "",
    "Topic": "",
    "Data_Value": "",
    "Sample_Size": "",
    "Stratification1": "",
    "StratificationId1": "",
    "LocationDisplayOrder": ""
  },
  {
    "ID": "",
    "Description": "",
    "LocationAbbr": "",
    "LocationDesc": "",
    "DataSource": "",
    "Topic": "",
    "Data_Value": "",
    "Sample_Size": "",
    "Stratification1": "",
    "StratificationId1": "",
    "LocationDisplayOrder": ""
  },
  {
    "ID": "",
    "Description": "",
    "LocationAbbr": "",
    "LocationDesc": "",
    "DataSource": "",
    "Topic": "",
    "Data_Value": "",
    "Sample_Size": "",
    "Stratification1": "",
    "StratificationId1": "",
    "LocationDisplayOrder": ""
  },
  {
    "ID": "",
    "Description": "",
    "LocationAbbr": "",
    "LocationDesc": "",
    "DataSource": "",
    "Topic": "",
    "Data_Value": "",
    "Sample_Size": "",
    "Stratification1": "",
    "StratificationId1": "",
    "LocationDisplayOrder": ""
  },
  {
    "ID": "",
    "Description": "",
    "LocationAbbr": "",
    "LocationDesc": "",
    "DataSource": "",
    "Topic": "",
    "Data_Value": "",
    "Sample_Size": "",
    "Stratification1": "",
    "StratificationId1": "",
    "LocationDisplayOrder": ""
  },
  {
    "ID": "",
    "Description": "",
    "LocationAbbr": "",
    "LocationDesc": "",
    "DataSource": "",
    "Topic": "",
    "Data_Value": "",
    "Sample_Size": "",
    "Stratification1": "",
    "StratificationId1": "",
    "LocationDisplayOrder": ""
  },
  {
    "ID": "",
    "Description": "",
    "LocationAbbr": "",
    "LocationDesc": "",
    "DataSource": "",
    "Topic": "",
    "Data_Value": "",
    "Sample_Size": "",
    "Stratification1": "",
    "StratificationId1": "",
    "LocationDisplayOrder": ""
  }
]