[
  {
    "ID": 1074,
    "Description": 2011,
    "LocationAbbr": "US",
    "LocationDesc": "National",
    "DataSource": "BRFSS",
    "Topic": "Obesity / Weight Status",
    "Data_Value": 32.6,
    "Sample_Size": "86,169",
    "Stratification1": "45 - 54",
    "StratificationId1": "AGEYR4554",
    "LocationDisplayOrder": 0
  },
  {
    "ID": 19579,
    "Description": 2011,
    "LocationAbbr": "AL",
    "LocationDesc": "Alabama",
    "DataSource": "BRFSS",
    "Topic": "Obesity / Weight Status",
    "Data_Value": 38,
    "Sample_Size": "1,288",
    "Stratification1": "45 - 54",
    "StratificationId1": "AGEYR4554",
    "LocationDisplayOrder": 1
  },
  {
    "ID": 8331,
    "Description": 2011,
    "LocationAbbr": "AK",
    "LocationDesc": "Alaska",
    "DataSource": "BRFSS",
    "Topic": "Obesity / Weight Status",
    "Data_Value": 29.2,
    "Sample_Size": 735,
    "Stratification1": "45 - 54",
    "StratificationId1": "AGEYR4554",
    "LocationDisplayOrder": 2
  },
  {
    "ID": 9092,
    "Description": 2011,
    "LocationAbbr": "AZ",
    "LocationDesc": "Arizona",
    "DataSource": "BRFSS",
    "Topic": "Obesity / Weight Status",
    "Data_Value": 29.6,
    "Sample_Size": 963,
    "Stratification1": "45 - 54",
    "StratificationId1": "AGEYR4554",
    "LocationDisplayOrder": 4
  },
  {
    "ID": 22998,
    "Description": 2011,
    "LocationAbbr": "AR",
    "LocationDesc": "Arkansas",
    "DataSource": "BRFSS",
    "Topic": "Obesity / Weight Status",
    "Data_Value": 36.4,
    "Sample_Size": 742,
    "Stratification1": "45 - 54",
    "StratificationId1": "AGEYR4554",
    "LocationDisplayOrder": 5
  },
  {
    "ID": 5791,
    "Description": 2011,
    "LocationAbbr": "CA",
    "LocationDesc": "California",
    "DataSource": "BRFSS",
    "Topic": "Obesity / Weight Status",
    "Data_Value": 27.6,
    "Sample_Size": "2,969",
    "Stratification1": "45 - 54",
    "StratificationId1": "AGEYR4554",
    "LocationDisplayOrder": 6
  },
  {
    "ID": 17477,
    "Description": 2011,
    "LocationAbbr": "CO",
    "LocationDesc": "Colorado",
    "DataSource": "BRFSS",
    "Topic": "Obesity / Weight Status",
    "Data_Value": 24.2,
    "Sample_Size": "2,487",
    "Stratification1": "45 - 54",
    "StratificationId1": "AGEYR4554",
    "LocationDisplayOrder": 8
  },
  {
    "ID": 16692,
    "Description": 2011,
    "LocationAbbr": "CT",
    "LocationDesc": "Connecticut",
    "DataSource": "BRFSS",
    "Topic": "Obesity / Weight Status",
    "Data_Value": 27,
    "Sample_Size": "1,287",
    "Stratification1": "45 - 54",
    "StratificationId1": "AGEYR4554",
    "LocationDisplayOrder": 9
  },
  {
    "ID": 5909,
    "Description": 2011,
    "LocationAbbr": "DE",
    "LocationDesc": "Delaware",
    "DataSource": "BRFSS",
    "Topic": "Obesity / Weight Status",
    "Data_Value": 31.4,
    "Sample_Size": 785,
    "Stratification1": "45 - 54",
    "StratificationId1": "AGEYR4554",
    "LocationDisplayOrder": 10
  },
  {
    "ID": 3902,
    "Description": 2011,
    "LocationAbbr": "DC",
    "LocationDesc": "District of Columbia",
    "DataSource": "BRFSS",
    "Topic": "Obesity / Weight Status",
    "Data_Value": 34.8,
    "Sample_Size": 759,
    "Stratification1": "45 - 54",
    "StratificationId1": "AGEYR4554",
    "LocationDisplayOrder": 11
  },
  {
    "ID": 35469,
    "Description": 2011,
    "LocationAbbr": "FL",
    "LocationDesc": "Florida",
    "DataSource": "BRFSS",
    "Topic": "Obesity / Weight Status",
    "Data_Value": 34.3,
    "Sample_Size": "1,933",
    "Stratification1": "45 - 54",
    "StratificationId1": "AGEYR4554",
    "LocationDisplayOrder": 12
  },
  {
    "ID": 22906,
    "Description": 2011,
    "LocationAbbr": "GA",
    "LocationDesc": "Georgia",
    "DataSource": "BRFSS",
    "Topic": "Obesity / Weight Status",
    "Data_Value": 33.7,
    "Sample_Size": "1,742",
    "Stratification1": "45 - 54",
    "StratificationId1": "AGEYR4554",
    "LocationDisplayOrder": 13
  },
  {
    "ID": 24493,
    "Description": 2011,
    "LocationAbbr": "HI",
    "LocationDesc": "Hawaii",
    "DataSource": "BRFSS",
    "Topic": "Obesity / Weight Status",
    "Data_Value": 25,
    "Sample_Size": "1,251",
    "Stratification1": "45 - 54",
    "StratificationId1": "AGEYR4554",
    "LocationDisplayOrder": 15
  },
  {
    "ID": 16801,
    "Description": 2011,
    "LocationAbbr": "ID",
    "LocationDesc": "Idaho",
    "DataSource": "BRFSS",
    "Topic": "Obesity / Weight Status",
    "Data_Value": 32,
    "Sample_Size": "1,004",
    "Stratification1": "45 - 54",
    "StratificationId1": "AGEYR4554",
    "LocationDisplayOrder": 16
  },
  {
    "ID": 37101,
    "Description": 2011,
    "LocationAbbr": "IL",
    "LocationDesc": "Illinois",
    "DataSource": "BRFSS",
    "Topic": "Obesity / Weight Status",
    "Data_Value": 32.8,
    "Sample_Size": "1,008",
    "Stratification1": "45 - 54",
    "StratificationId1": "AGEYR4554",
    "LocationDisplayOrder": 17
  },
  {
    "ID": 27612,
    "Description": 2011,
    "LocationAbbr": "IN",
    "LocationDesc": "Indiana",
    "DataSource": "BRFSS",
    "Topic": "Obesity / Weight Status",
    "Data_Value": 35.8,
    "Sample_Size": "1,483",
    "Stratification1": "45 - 54",
    "StratificationId1": "AGEYR4554",
    "LocationDisplayOrder": 18
  },
  {
    "ID": 26553,
    "Description": 2011,
    "LocationAbbr": "IA",
    "LocationDesc": "Iowa",
    "DataSource": "BRFSS",
    "Topic": "Obesity / Weight Status",
    "Data_Value": 35.6,
    "Sample_Size": "1,210",
    "Stratification1": "45 - 54",
    "StratificationId1": "AGEYR4554",
    "LocationDisplayOrder": 19
  },
  {
    "ID": 28839,
    "Description": 2011,
    "LocationAbbr": "KS",
    "LocationDesc": "Kansas",
    "DataSource": "BRFSS",
    "Topic": "Obesity / Weight Status",
    "Data_Value": 34.8,
    "Sample_Size": "3,712",
    "Stratification1": "45 - 54",
    "StratificationId1": "AGEYR4554",
    "LocationDisplayOrder": 20
  },
  {
    "ID": 27789,
    "Description": 2011,
    "LocationAbbr": "KY",
    "LocationDesc": "Kentucky",
    "DataSource": "BRFSS",
    "Topic": "Obesity / Weight Status",
    "Data_Value": 34.8,
    "Sample_Size": "1,872",
    "Stratification1": "45 - 54",
    "StratificationId1": "AGEYR4554",
    "LocationDisplayOrder": 21
  },
  {
    "ID": 21479,
    "Description": 2011,
    "LocationAbbr": "LA",
    "LocationDesc": "Louisiana",
    "DataSource": "BRFSS",
    "Topic": "Obesity / Weight Status",
    "Data_Value": 39.7,
    "Sample_Size": "1,840",
    "Stratification1": "45 - 54",
    "StratificationId1": "AGEYR4554",
    "LocationDisplayOrder": 22
  },
  {
    "ID": 28520,
    "Description": 2011,
    "LocationAbbr": "ME",
    "LocationDesc": "Maine",
    "DataSource": "BRFSS",
    "Topic": "Obesity / Weight Status",
    "Data_Value": 32.4,
    "Sample_Size": "2,413",
    "Stratification1": "45 - 54",
    "StratificationId1": "AGEYR4554",
    "LocationDisplayOrder": 23
  },
  {
    "ID": 39058,
    "Description": 2011,
    "LocationAbbr": "MD",
    "LocationDesc": "Maryland",
    "DataSource": "BRFSS",
    "Topic": "Obesity / Weight Status",
    "Data_Value": 31.9,
    "Sample_Size": "1,976",
    "Stratification1": "45 - 54",
    "StratificationId1": "AGEYR4554",
    "LocationDisplayOrder": 24
  },
  {
    "ID": 31741,
    "Description": 2011,
    "LocationAbbr": "MA",
    "LocationDesc": "Massachusetts",
    "DataSource": "BRFSS",
    "Topic": "Obesity / Weight Status",
    "Data_Value": 26.1,
    "Sample_Size": "4,227",
    "Stratification1": "45 - 54",
    "StratificationId1": "AGEYR4554",
    "LocationDisplayOrder": 25
  },
  {
    "ID": 34802,
    "Description": 2011,
    "LocationAbbr": "MI",
    "LocationDesc": "Michigan",
    "DataSource": "BRFSS",
    "Topic": "Obesity / Weight Status",
    "Data_Value": 34.7,
    "Sample_Size": "1,886",
    "Stratification1": "45 - 54",
    "StratificationId1": "AGEYR4554",
    "LocationDisplayOrder": 26
  },
  {
    "ID": 35719,
    "Description": 2011,
    "LocationAbbr": "MN",
    "LocationDesc": "Minnesota",
    "DataSource": "BRFSS",
    "Topic": "Obesity / Weight Status",
    "Data_Value": 27.9,
    "Sample_Size": "3,078",
    "Stratification1": "45 - 54",
    "StratificationId1": "AGEYR4554",
    "LocationDisplayOrder": 27
  },
  {
    "ID": 33198,
    "Description": 2011,
    "LocationAbbr": "MS",
    "LocationDesc": "Mississippi",
    "DataSource": "BRFSS",
    "Topic": "Obesity / Weight Status",
    "Data_Value": 40.8,
    "Sample_Size": "1,505",
    "Stratification1": "45 - 54",
    "StratificationId1": "AGEYR4554",
    "LocationDisplayOrder": 28
  },
  {
    "ID": 1459,
    "Description": 2011,
    "LocationAbbr": "MO",
    "LocationDesc": "Missouri",
    "DataSource": "BRFSS",
    "Topic": "Obesity / Weight Status",
    "Data_Value": 37.7,
    "Sample_Size": "1,079",
    "Stratification1": "45 - 54",
    "StratificationId1": "AGEYR4554",
    "LocationDisplayOrder": 29
  },
  {
    "ID": 25709,
    "Description": 2011,
    "LocationAbbr": "MT",
    "LocationDesc": "Montana",
    "DataSource": "BRFSS",
    "Topic": "Obesity / Weight Status",
    "Data_Value": 31.7,
    "Sample_Size": "1,802",
    "Stratification1": "45 - 54",
    "StratificationId1": "AGEYR4554",
    "LocationDisplayOrder": 30
  },
  {
    "ID": 33310,
    "Description": 2011,
    "LocationAbbr": "NE",
    "LocationDesc": "Nebraska",
    "DataSource": "BRFSS",
    "Topic": "Obesity / Weight Status",
    "Data_Value": 31.6,
    "Sample_Size": "4,239",
    "Stratification1": "45 - 54",
    "StratificationId1": "AGEYR4554",
    "LocationDisplayOrder": 31
  },
  {
    "ID": 3802,
    "Description": 2011,
    "LocationAbbr": "NV",
    "LocationDesc": "Nevada",
    "DataSource": "BRFSS",
    "Topic": "Obesity / Weight Status",
    "Data_Value": 27.5,
    "Sample_Size": 910,
    "Stratification1": "45 - 54",
    "StratificationId1": "AGEYR4554",
    "LocationDisplayOrder": 32
  },
  {
    "ID": 1266,
    "Description": 2011,
    "LocationAbbr": "NH",
    "LocationDesc": "New Hampshire",
    "DataSource": "BRFSS",
    "Topic": "Obesity / Weight Status",
    "Data_Value": 27.4,
    "Sample_Size": "1,171",
    "Stratification1": "45 - 54",
    "StratificationId1": "AGEYR4554",
    "LocationDisplayOrder": 33
  },
  {
    "ID": 11957,
    "Description": 2011,
    "LocationAbbr": "NJ",
    "LocationDesc": "New Jersey",
    "DataSource": "BRFSS",
    "Topic": "Obesity / Weight Status",
    "Data_Value": 27.5,
    "Sample_Size": "2,915",
    "Stratification1": "45 - 54",
    "StratificationId1": "AGEYR4554",
    "LocationDisplayOrder": 34
  },
  {
    "ID": 19357,
    "Description": 2011,
    "LocationAbbr": "NM",
    "LocationDesc": "New Mexico",
    "DataSource": "BRFSS",
    "Topic": "Obesity / Weight Status",
    "Data_Value": 31.1,
    "Sample_Size": "1,570",
    "Stratification1": "45 - 54",
    "StratificationId1": "AGEYR4554",
    "LocationDisplayOrder": 35
  },
  {
    "ID": 35285,
    "Description": 2011,
    "LocationAbbr": "NY",
    "LocationDesc": "New York",
    "DataSource": "BRFSS",
    "Topic": "Obesity / Weight Status",
    "Data_Value": 29.8,
    "Sample_Size": "1,336",
    "Stratification1": "45 - 54",
    "StratificationId1": "AGEYR4554",
    "LocationDisplayOrder": 36
  },
  {
    "ID": 35463,
    "Description": 2011,
    "LocationAbbr": "NC",
    "LocationDesc": "North Carolina",
    "DataSource": "BRFSS",
    "Topic": "Obesity / Weight Status",
    "Data_Value": 34.9,
    "Sample_Size": "1,996",
    "Stratification1": "45 - 54",
    "StratificationId1": "AGEYR4554",
    "LocationDisplayOrder": 37
  },
  {
    "ID": 29824,
    "Description": 2011,
    "LocationAbbr": "ND",
    "LocationDesc": "North Dakota",
    "DataSource": "BRFSS",
    "Topic": "Obesity / Weight Status",
    "Data_Value": 34.1,
    "Sample_Size": 928,
    "Stratification1": "45 - 54",
    "StratificationId1": "AGEYR4554",
    "LocationDisplayOrder": 38
  },
  {
    "ID": 20588,
    "Description": 2011,
    "LocationAbbr": "OH",
    "LocationDesc": "Ohio",
    "DataSource": "BRFSS",
    "Topic": "Obesity / Weight Status",
    "Data_Value": 33.9,
    "Sample_Size": "1,732",
    "Stratification1": "45 - 54",
    "StratificationId1": "AGEYR4554",
    "LocationDisplayOrder": 39
  },
  {
    "ID": 16922,
    "Description": 2011,
    "LocationAbbr": "OK",
    "LocationDesc": "Oklahoma",
    "DataSource": "BRFSS",
    "Topic": "Obesity / Weight Status",
    "Data_Value": 32.7,
    "Sample_Size": "1,405",
    "Stratification1": "45 - 54",
    "StratificationId1": "AGEYR4554",
    "LocationDisplayOrder": 40
  },
  {
    "ID": 18909,
    "Description": 2011,
    "LocationAbbr": "OR",
    "LocationDesc": "Oregon",
    "DataSource": "BRFSS",
    "Topic": "Obesity / Weight Status",
    "Data_Value": 31.8,
    "Sample_Size": 988,
    "Stratification1": "45 - 54",
    "StratificationId1": "AGEYR4554",
    "LocationDisplayOrder": 41
  },
  {
    "ID": 2033,
    "Description": 2011,
    "LocationAbbr": "PA",
    "LocationDesc": "Pennsylvania",
    "DataSource": "BRFSS",
    "Topic": "Obesity / Weight Status",
    "Data_Value": 33.9,
    "Sample_Size": "1,918",
    "Stratification1": "45 - 54",
    "StratificationId1": "AGEYR4554",
    "LocationDisplayOrder": 42
  },
  {
    "ID": 37264,
    "Description": 2011,
    "LocationAbbr": "RI",
    "LocationDesc": "Rhode Island",
    "DataSource": "BRFSS",
    "Topic": "Obesity / Weight Status",
    "Data_Value": 28.9,
    "Sample_Size": "1,236",
    "Stratification1": "45 - 54",
    "StratificationId1": "AGEYR4554",
    "LocationDisplayOrder": 44
  },
  {
    "ID": 2478,
    "Description": 2011,
    "LocationAbbr": "SC",
    "LocationDesc": "South Carolina",
    "DataSource": "BRFSS",
    "Topic": "Obesity / Weight Status",
    "Data_Value": 38.9,
    "Sample_Size": "2,068",
    "Stratification1": "45 - 54",
    "StratificationId1": "AGEYR4554",
    "LocationDisplayOrder": 45
  },
  {
    "ID": 17264,
    "Description": 2011,
    "LocationAbbr": "SD",
    "LocationDesc": "South Dakota",
    "DataSource": "BRFSS",
    "Topic": "Obesity / Weight Status",
    "Data_Value": 33.3,
    "Sample_Size": "1,388",
    "Stratification1": "45 - 54",
    "StratificationId1": "AGEYR4554",
    "LocationDisplayOrder": 46
  },
  {
    "ID": 20795,
    "Description": 2011,
    "LocationAbbr": "TN",
    "LocationDesc": "Tennessee",
    "DataSource": "BRFSS",
    "Topic": "Obesity / Weight Status",
    "Data_Value": 37.9,
    "Sample_Size": 965,
    "Stratification1": "45 - 54",
    "StratificationId1": "AGEYR4554",
    "LocationDisplayOrder": 47
  },
  {
    "ID": 10635,
    "Description": 2011,
    "LocationAbbr": "TX",
    "LocationDesc": "Texas",
    "DataSource": "BRFSS",
    "Topic": "Obesity / Weight Status",
    "Data_Value": 37,
    "Sample_Size": "2,450",
    "Stratification1": "45 - 54",
    "StratificationId1": "AGEYR4554",
    "LocationDisplayOrder": 48
  },
  {
    "ID": 20717,
    "Description": 2011,
    "LocationAbbr": "UT",
    "LocationDesc": "Utah",
    "DataSource": "BRFSS",
    "Topic": "Obesity / Weight Status",
    "Data_Value": 28.1,
    "Sample_Size": "2,051",
    "Stratification1": "45 - 54",
    "StratificationId1": "AGEYR4554",
    "LocationDisplayOrder": 49
  },
  {
    "ID": 24988,
    "Description": 2011,
    "LocationAbbr": "VT",
    "LocationDesc": "Vermont",
    "DataSource": "BRFSS",
    "Topic": "Obesity / Weight Status",
    "Data_Value": 28.7,
    "Sample_Size": "1,324",
    "Stratification1": "45 - 54",
    "StratificationId1": "AGEYR4554",
    "LocationDisplayOrder": 50
  },
  {
    "ID": 14943,
    "Description": 2011,
    "LocationAbbr": "VA",
    "LocationDesc": "Virginia",
    "DataSource": "BRFSS",
    "Topic": "Obesity / Weight Status",
    "Data_Value": 37.1,
    "Sample_Size": "1,167",
    "Stratification1": "45 - 54",
    "StratificationId1": "AGEYR4554",
    "LocationDisplayOrder": 51
  },
  {
    "ID": 15146,
    "Description": 2011,
    "LocationAbbr": "WA",
    "LocationDesc": "Washington",
    "DataSource": "BRFSS",
    "Topic": "Obesity / Weight Status",
    "Data_Value": 29.3,
    "Sample_Size": "2,351",
    "Stratification1": "45 - 54",
    "StratificationId1": "AGEYR4554",
    "LocationDisplayOrder": 53
  },
  {
    "ID": 24504,
    "Description": 2011,
    "LocationAbbr": "WV",
    "LocationDesc": "West Virginia",
    "DataSource": "BRFSS",
    "Topic": "Obesity / Weight Status",
    "Data_Value": 39.7,
    "Sample_Size": 918,
    "Stratification1": "45 - 54",
    "StratificationId1": "AGEYR4554",
    "LocationDisplayOrder": 54
  },
  {
    "ID": 18287,
    "Description": 2011,
    "LocationAbbr": "WI",
    "LocationDesc": "Wisconsin",
    "DataSource": "BRFSS",
    "Topic": "Obesity / Weight Status",
    "Data_Value": 35.6,
    "Sample_Size": 936,
    "Stratification1": "45 - 54",
    "StratificationId1": "AGEYR4554",
    "LocationDisplayOrder": 55
  },
  {
    "ID": 14350,
    "Description": 2011,
    "LocationAbbr": "WY",
    "LocationDesc": "Wyoming",
    "DataSource": "BRFSS",
    "Topic": "Obesity / Weight Status",
    "Data_Value": 29.3,
    "Sample_Size": "1,171",
    "Stratification1": "45 - 54",
    "StratificationId1": "AGEYR4554",
    "LocationDisplayOrder": 56
  },
  {
    "ID": "",
    "Description": "",
    "LocationAbbr": "",
    "LocationDesc": "",
    "DataSource": "",
    "Topic": "",
    "Data_Value": "",
    "Sample_Size": "",
    "Stratification1": "",
    "StratificationId1": "",
    "LocationDisplayOrder": ""
  },
  {
    "ID": "",
    "Description": "",
    "LocationAbbr": "",
    "LocationDesc": "",
    "DataSource": "",
    "Topic": "",
    "Data_Value": "",
    "Sample_Size": "",
    "Stratification1": "",
    "StratificationId1": "",
    "LocationDisplayOrder": ""
  },
  {
    "ID": "",
    "Description": "",
    "LocationAbbr": "",
    "LocationDesc": "",
    "DataSource": "",
    "Topic": "",
    "Data_Value": "",
    "Sample_Size": "",
    "Stratification1": "",
    "StratificationId1": "",
    "LocationDisplayOrder": ""
  },
  {
    "ID": "",
    "Description": "",
    "LocationAbbr": "",
    "LocationDesc": "",
    "DataSource": "",
    "Topic": "",
    "Data_Value": "",
    "Sample_Size": "",
    "Stratification1": "",
    "StratificationId1": "",
    "LocationDisplayOrder": ""
  },
  {
    "ID": "",
    "Description": "",
    "LocationAbbr": "",
    "LocationDesc": "",
    "DataSource": "",
    "Topic": "",
    "Data_Value": "",
    "Sample_Size": "",
    "Stratification1": "",
    "StratificationId1": "",
    "LocationDisplayOrder": ""
  },
  {
    "ID": "",
    "Description": "",
    "LocationAbbr": "",
    "LocationDesc": "",
    "DataSource": "",
    "Topic": "",
    "Data_Value": "",
    "Sample_Size": "",
    "Stratification1": "",
    "StratificationId1": "",
    "LocationDisplayOrder": ""
  },
  {
    "ID": "",
    "Description": "",
    "LocationAbbr": "",
    "LocationDesc": "",
    "DataSource": "",
    "Topic": "",
    "Data_Value": "",
    "Sample_Size": "",
    "Stratification1": "",
    "StratificationId1": "",
    "LocationDisplayOrder": ""
  },
  {
    "ID": "",
    "Description": "",
    "LocationAbbr": "",
    "LocationDesc": "",
    "DataSource": "",
    "Topic": "",
    "Data_Value": "",
    "Sample_Size": "",
    "Stratification1": "",
    "StratificationId1": "",
    "LocationDisplayOrder": ""
  },
  {
    "ID": "",
    "Description": "",
    "LocationAbbr": "",
    "LocationDesc": "",
    "DataSource": "",
    "Topic": "",
    "Data_Value": "",
    "Sample_Size": "",
    "Stratification1": "",
    "StratificationId1": "",
    "LocationDisplayOrder": ""
  }
]