[
  {
    "ID": 970,
    "Description": 2011,
    "LocationAbbr": "US",
    "LocationDesc": "National",
    "DataSource": "BRFSS",
    "Topic": "Obesity / Weight Status",
    "Data_Value": 28.4,
    "Sample_Size": "64,688",
    "Stratification1": "$50,000 - $74,999",
    "StratificationId1": "INC5075",
    "LocationDisplayOrder": 0
  },
  {
    "ID": 37269,
    "Description": 2011,
    "LocationAbbr": "AL",
    "LocationDesc": "Alabama",
    "DataSource": "BRFSS",
    "Topic": "Obesity / Weight Status",
    "Data_Value": 34.1,
    "Sample_Size": 785,
    "Stratification1": "$50,000 - $74,999",
    "StratificationId1": "INC5075",
    "LocationDisplayOrder": 1
  },
  {
    "ID": 28100,
    "Description": 2011,
    "LocationAbbr": "AK",
    "LocationDesc": "Alaska",
    "DataSource": "BRFSS",
    "Topic": "Obesity / Weight Status",
    "Data_Value": 27.8,
    "Sample_Size": 524,
    "Stratification1": "$50,000 - $74,999",
    "StratificationId1": "INC5075",
    "LocationDisplayOrder": 2
  },
  {
    "ID": 22723,
    "Description": 2011,
    "LocationAbbr": "AZ",
    "LocationDesc": "Arizona",
    "DataSource": "BRFSS",
    "Topic": "Obesity / Weight Status",
    "Data_Value": 25.1,
    "Sample_Size": 830,
    "Stratification1": "$50,000 - $74,999",
    "StratificationId1": "INC5075",
    "LocationDisplayOrder": 4
  },
  {
    "ID": 31286,
    "Description": 2011,
    "LocationAbbr": "AR",
    "LocationDesc": "Arkansas",
    "DataSource": "BRFSS",
    "Topic": "Obesity / Weight Status",
    "Data_Value": 30.6,
    "Sample_Size": 528,
    "Stratification1": "$50,000 - $74,999",
    "StratificationId1": "INC5075",
    "LocationDisplayOrder": 5
  },
  {
    "ID": 8852,
    "Description": 2011,
    "LocationAbbr": "CA",
    "LocationDesc": "California",
    "DataSource": "BRFSS",
    "Topic": "Obesity / Weight Status",
    "Data_Value": 24.3,
    "Sample_Size": "2,263",
    "Stratification1": "$50,000 - $74,999",
    "StratificationId1": "INC5075",
    "LocationDisplayOrder": 6
  },
  {
    "ID": 13781,
    "Description": 2011,
    "LocationAbbr": "CO",
    "LocationDesc": "Colorado",
    "DataSource": "BRFSS",
    "Topic": "Obesity / Weight Status",
    "Data_Value": 19.5,
    "Sample_Size": "1,968",
    "Stratification1": "$50,000 - $74,999",
    "StratificationId1": "INC5075",
    "LocationDisplayOrder": 8
  },
  {
    "ID": 7951,
    "Description": 2011,
    "LocationAbbr": "CT",
    "LocationDesc": "Connecticut",
    "DataSource": "BRFSS",
    "Topic": "Obesity / Weight Status",
    "Data_Value": 23.2,
    "Sample_Size": 850,
    "Stratification1": "$50,000 - $74,999",
    "StratificationId1": "INC5075",
    "LocationDisplayOrder": 9
  },
  {
    "ID": 6288,
    "Description": 2011,
    "LocationAbbr": "DE",
    "LocationDesc": "Delaware",
    "DataSource": "BRFSS",
    "Topic": "Obesity / Weight Status",
    "Data_Value": 26.4,
    "Sample_Size": 684,
    "Stratification1": "$50,000 - $74,999",
    "StratificationId1": "INC5075",
    "LocationDisplayOrder": 10
  },
  {
    "ID": 17307,
    "Description": 2011,
    "LocationAbbr": "DC",
    "LocationDesc": "District of Columbia",
    "DataSource": "BRFSS",
    "Topic": "Obesity / Weight Status",
    "Data_Value": 20.3,
    "Sample_Size": 475,
    "Stratification1": "$50,000 - $74,999",
    "StratificationId1": "INC5075",
    "LocationDisplayOrder": 11
  },
  {
    "ID": 10367,
    "Description": 2011,
    "LocationAbbr": "FL",
    "LocationDesc": "Florida",
    "DataSource": "BRFSS",
    "Topic": "Obesity / Weight Status",
    "Data_Value": 26.5,
    "Sample_Size": "1,495",
    "Stratification1": "$50,000 - $74,999",
    "StratificationId1": "INC5075",
    "LocationDisplayOrder": 12
  },
  {
    "ID": 35687,
    "Description": 2011,
    "LocationAbbr": "GA",
    "LocationDesc": "Georgia",
    "DataSource": "BRFSS",
    "Topic": "Obesity / Weight Status",
    "Data_Value": 31.2,
    "Sample_Size": "1,178",
    "Stratification1": "$50,000 - $74,999",
    "StratificationId1": "INC5075",
    "LocationDisplayOrder": 13
  },
  {
    "ID": 21194,
    "Description": 2011,
    "LocationAbbr": "HI",
    "LocationDesc": "Hawaii",
    "DataSource": "BRFSS",
    "Topic": "Obesity / Weight Status",
    "Data_Value": 28.2,
    "Sample_Size": "1,187",
    "Stratification1": "$50,000 - $74,999",
    "StratificationId1": "INC5075",
    "LocationDisplayOrder": 15
  },
  {
    "ID": 26431,
    "Description": 2011,
    "LocationAbbr": "ID",
    "LocationDesc": "Idaho",
    "DataSource": "BRFSS",
    "Topic": "Obesity / Weight Status",
    "Data_Value": 28.9,
    "Sample_Size": 843,
    "Stratification1": "$50,000 - $74,999",
    "StratificationId1": "INC5075",
    "LocationDisplayOrder": 16
  },
  {
    "ID": 4309,
    "Description": 2011,
    "LocationAbbr": "IL",
    "LocationDesc": "Illinois",
    "DataSource": "BRFSS",
    "Topic": "Obesity / Weight Status",
    "Data_Value": 28.1,
    "Sample_Size": 892,
    "Stratification1": "$50,000 - $74,999",
    "StratificationId1": "INC5075",
    "LocationDisplayOrder": 17
  },
  {
    "ID": 30461,
    "Description": 2011,
    "LocationAbbr": "IN",
    "LocationDesc": "Indiana",
    "DataSource": "BRFSS",
    "Topic": "Obesity / Weight Status",
    "Data_Value": 32,
    "Sample_Size": "1,035",
    "Stratification1": "$50,000 - $74,999",
    "StratificationId1": "INC5075",
    "LocationDisplayOrder": 18
  },
  {
    "ID": 22222,
    "Description": 2011,
    "LocationAbbr": "IA",
    "LocationDesc": "Iowa",
    "DataSource": "BRFSS",
    "Topic": "Obesity / Weight Status",
    "Data_Value": 33.3,
    "Sample_Size": "1,012",
    "Stratification1": "$50,000 - $74,999",
    "StratificationId1": "INC5075",
    "LocationDisplayOrder": 19
  },
  {
    "ID": 1447,
    "Description": 2011,
    "LocationAbbr": "KS",
    "LocationDesc": "Kansas",
    "DataSource": "BRFSS",
    "Topic": "Obesity / Weight Status",
    "Data_Value": 31,
    "Sample_Size": "2,958",
    "Stratification1": "$50,000 - $74,999",
    "StratificationId1": "INC5075",
    "LocationDisplayOrder": 20
  },
  {
    "ID": 2463,
    "Description": 2011,
    "LocationAbbr": "KY",
    "LocationDesc": "Kentucky",
    "DataSource": "BRFSS",
    "Topic": "Obesity / Weight Status",
    "Data_Value": 34.4,
    "Sample_Size": "1,139",
    "Stratification1": "$50,000 - $74,999",
    "StratificationId1": "INC5075",
    "LocationDisplayOrder": 21
  },
  {
    "ID": 37840,
    "Description": 2011,
    "LocationAbbr": "LA",
    "LocationDesc": "Louisiana",
    "DataSource": "BRFSS",
    "Topic": "Obesity / Weight Status",
    "Data_Value": 36.8,
    "Sample_Size": "1,112",
    "Stratification1": "$50,000 - $74,999",
    "StratificationId1": "INC5075",
    "LocationDisplayOrder": 22
  },
  {
    "ID": 4132,
    "Description": 2011,
    "LocationAbbr": "ME",
    "LocationDesc": "Maine",
    "DataSource": "BRFSS",
    "Topic": "Obesity / Weight Status",
    "Data_Value": 25.8,
    "Sample_Size": "1,882",
    "Stratification1": "$50,000 - $74,999",
    "StratificationId1": "INC5075",
    "LocationDisplayOrder": 23
  },
  {
    "ID": 27038,
    "Description": 2011,
    "LocationAbbr": "MD",
    "LocationDesc": "Maryland",
    "DataSource": "BRFSS",
    "Topic": "Obesity / Weight Status",
    "Data_Value": 29.6,
    "Sample_Size": "1,273",
    "Stratification1": "$50,000 - $74,999",
    "StratificationId1": "INC5075",
    "LocationDisplayOrder": 24
  },
  {
    "ID": 24163,
    "Description": 2011,
    "LocationAbbr": "MA",
    "LocationDesc": "Massachusetts",
    "DataSource": "BRFSS",
    "Topic": "Obesity / Weight Status",
    "Data_Value": 24.6,
    "Sample_Size": "2,587",
    "Stratification1": "$50,000 - $74,999",
    "StratificationId1": "INC5075",
    "LocationDisplayOrder": 25
  },
  {
    "ID": 4809,
    "Description": 2011,
    "LocationAbbr": "MI",
    "LocationDesc": "Michigan",
    "DataSource": "BRFSS",
    "Topic": "Obesity / Weight Status",
    "Data_Value": 32.6,
    "Sample_Size": "1,498",
    "Stratification1": "$50,000 - $74,999",
    "StratificationId1": "INC5075",
    "LocationDisplayOrder": 26
  },
  {
    "ID": 36864,
    "Description": 2011,
    "LocationAbbr": "MN",
    "LocationDesc": "Minnesota",
    "DataSource": "BRFSS",
    "Topic": "Obesity / Weight Status",
    "Data_Value": 28.9,
    "Sample_Size": "2,302",
    "Stratification1": "$50,000 - $74,999",
    "StratificationId1": "INC5075",
    "LocationDisplayOrder": 27
  },
  {
    "ID": 10009,
    "Description": 2011,
    "LocationAbbr": "MS",
    "LocationDesc": "Mississippi",
    "DataSource": "BRFSS",
    "Topic": "Obesity / Weight Status",
    "Data_Value": 34.6,
    "Sample_Size": 881,
    "Stratification1": "$50,000 - $74,999",
    "StratificationId1": "INC5075",
    "LocationDisplayOrder": 28
  },
  {
    "ID": 36715,
    "Description": 2011,
    "LocationAbbr": "MO",
    "LocationDesc": "Missouri",
    "DataSource": "BRFSS",
    "Topic": "Obesity / Weight Status",
    "Data_Value": 30.7,
    "Sample_Size": 816,
    "Stratification1": "$50,000 - $74,999",
    "StratificationId1": "INC5075",
    "LocationDisplayOrder": 29
  },
  {
    "ID": 5903,
    "Description": 2011,
    "LocationAbbr": "MT",
    "LocationDesc": "Montana",
    "DataSource": "BRFSS",
    "Topic": "Obesity / Weight Status",
    "Data_Value": 24.3,
    "Sample_Size": "1,395",
    "Stratification1": "$50,000 - $74,999",
    "StratificationId1": "INC5075",
    "LocationDisplayOrder": 30
  },
  {
    "ID": 9971,
    "Description": 2011,
    "LocationAbbr": "NE",
    "LocationDesc": "Nebraska",
    "DataSource": "BRFSS",
    "Topic": "Obesity / Weight Status",
    "Data_Value": 30.5,
    "Sample_Size": "3,687",
    "Stratification1": "$50,000 - $74,999",
    "StratificationId1": "INC5075",
    "LocationDisplayOrder": 31
  },
  {
    "ID": 1511,
    "Description": 2011,
    "LocationAbbr": "NV",
    "LocationDesc": "Nevada",
    "DataSource": "BRFSS",
    "Topic": "Obesity / Weight Status",
    "Data_Value": 29.7,
    "Sample_Size": 805,
    "Stratification1": "$50,000 - $74,999",
    "StratificationId1": "INC5075",
    "LocationDisplayOrder": 32
  },
  {
    "ID": 2393,
    "Description": 2011,
    "LocationAbbr": "NH",
    "LocationDesc": "New Hampshire",
    "DataSource": "BRFSS",
    "Topic": "Obesity / Weight Status",
    "Data_Value": 28.6,
    "Sample_Size": 885,
    "Stratification1": "$50,000 - $74,999",
    "StratificationId1": "INC5075",
    "LocationDisplayOrder": 33
  },
  {
    "ID": 23440,
    "Description": 2011,
    "LocationAbbr": "NJ",
    "LocationDesc": "New Jersey",
    "DataSource": "BRFSS",
    "Topic": "Obesity / Weight Status",
    "Data_Value": 23.4,
    "Sample_Size": "1,820",
    "Stratification1": "$50,000 - $74,999",
    "StratificationId1": "INC5075",
    "LocationDisplayOrder": 34
  },
  {
    "ID": 1303,
    "Description": 2011,
    "LocationAbbr": "NM",
    "LocationDesc": "New Mexico",
    "DataSource": "BRFSS",
    "Topic": "Obesity / Weight Status",
    "Data_Value": 27.7,
    "Sample_Size": "1,114",
    "Stratification1": "$50,000 - $74,999",
    "StratificationId1": "INC5075",
    "LocationDisplayOrder": 35
  },
  {
    "ID": 18654,
    "Description": 2011,
    "LocationAbbr": "NY",
    "LocationDesc": "New York",
    "DataSource": "BRFSS",
    "Topic": "Obesity / Weight Status",
    "Data_Value": 26.8,
    "Sample_Size": 926,
    "Stratification1": "$50,000 - $74,999",
    "StratificationId1": "INC5075",
    "LocationDisplayOrder": 36
  },
  {
    "ID": 38249,
    "Description": 2011,
    "LocationAbbr": "NC",
    "LocationDesc": "North Carolina",
    "DataSource": "BRFSS",
    "Topic": "Obesity / Weight Status",
    "Data_Value": 27.9,
    "Sample_Size": "1,293",
    "Stratification1": "$50,000 - $74,999",
    "StratificationId1": "INC5075",
    "LocationDisplayOrder": 37
  },
  {
    "ID": 3575,
    "Description": 2011,
    "LocationAbbr": "ND",
    "LocationDesc": "North Dakota",
    "DataSource": "BRFSS",
    "Topic": "Obesity / Weight Status",
    "Data_Value": 29,
    "Sample_Size": 841,
    "Stratification1": "$50,000 - $74,999",
    "StratificationId1": "INC5075",
    "LocationDisplayOrder": 38
  },
  {
    "ID": 26778,
    "Description": 2011,
    "LocationAbbr": "OH",
    "LocationDesc": "Ohio",
    "DataSource": "BRFSS",
    "Topic": "Obesity / Weight Status",
    "Data_Value": 32.4,
    "Sample_Size": "1,273",
    "Stratification1": "$50,000 - $74,999",
    "StratificationId1": "INC5075",
    "LocationDisplayOrder": 39
  },
  {
    "ID": 34018,
    "Description": 2011,
    "LocationAbbr": "OK",
    "LocationDesc": "Oklahoma",
    "DataSource": "BRFSS",
    "Topic": "Obesity / Weight Status",
    "Data_Value": 32.5,
    "Sample_Size": "1,012",
    "Stratification1": "$50,000 - $74,999",
    "StratificationId1": "INC5075",
    "LocationDisplayOrder": 40
  },
  {
    "ID": 33504,
    "Description": 2011,
    "LocationAbbr": "OR",
    "LocationDesc": "Oregon",
    "DataSource": "BRFSS",
    "Topic": "Obesity / Weight Status",
    "Data_Value": 24.4,
    "Sample_Size": 856,
    "Stratification1": "$50,000 - $74,999",
    "StratificationId1": "INC5075",
    "LocationDisplayOrder": 41
  },
  {
    "ID": 21781,
    "Description": 2011,
    "LocationAbbr": "PA",
    "LocationDesc": "Pennsylvania",
    "DataSource": "BRFSS",
    "Topic": "Obesity / Weight Status",
    "Data_Value": 29.9,
    "Sample_Size": "1,506",
    "Stratification1": "$50,000 - $74,999",
    "StratificationId1": "INC5075",
    "LocationDisplayOrder": 42
  },
  {
    "ID": 1483,
    "Description": 2011,
    "LocationAbbr": "RI",
    "LocationDesc": "Rhode Island",
    "DataSource": "BRFSS",
    "Topic": "Obesity / Weight Status",
    "Data_Value": 25.9,
    "Sample_Size": 846,
    "Stratification1": "$50,000 - $74,999",
    "StratificationId1": "INC5075",
    "LocationDisplayOrder": 44
  },
  {
    "ID": 29991,
    "Description": 2011,
    "LocationAbbr": "SC",
    "LocationDesc": "South Carolina",
    "DataSource": "BRFSS",
    "Topic": "Obesity / Weight Status",
    "Data_Value": 30.5,
    "Sample_Size": "1,484",
    "Stratification1": "$50,000 - $74,999",
    "StratificationId1": "INC5075",
    "LocationDisplayOrder": 45
  },
  {
    "ID": 13434,
    "Description": 2011,
    "LocationAbbr": "SD",
    "LocationDesc": "South Dakota",
    "DataSource": "BRFSS",
    "Topic": "Obesity / Weight Status",
    "Data_Value": 28.4,
    "Sample_Size": "1,222",
    "Stratification1": "$50,000 - $74,999",
    "StratificationId1": "INC5075",
    "LocationDisplayOrder": 46
  },
  {
    "ID": 20095,
    "Description": 2011,
    "LocationAbbr": "TN",
    "LocationDesc": "Tennessee",
    "DataSource": "BRFSS",
    "Topic": "Obesity / Weight Status",
    "Data_Value": 29.7,
    "Sample_Size": 513,
    "Stratification1": "$50,000 - $74,999",
    "StratificationId1": "INC5075",
    "LocationDisplayOrder": 47
  },
  {
    "ID": 36328,
    "Description": 2011,
    "LocationAbbr": "TX",
    "LocationDesc": "Texas",
    "DataSource": "BRFSS",
    "Topic": "Obesity / Weight Status",
    "Data_Value": 33.8,
    "Sample_Size": "1,711",
    "Stratification1": "$50,000 - $74,999",
    "StratificationId1": "INC5075",
    "LocationDisplayOrder": 48
  },
  {
    "ID": 24838,
    "Description": 2011,
    "LocationAbbr": "UT",
    "LocationDesc": "Utah",
    "DataSource": "BRFSS",
    "Topic": "Obesity / Weight Status",
    "Data_Value": 26.2,
    "Sample_Size": "2,045",
    "Stratification1": "$50,000 - $74,999",
    "StratificationId1": "INC5075",
    "LocationDisplayOrder": 49
  },
  {
    "ID": 31909,
    "Description": 2011,
    "LocationAbbr": "VT",
    "LocationDesc": "Vermont",
    "DataSource": "BRFSS",
    "Topic": "Obesity / Weight Status",
    "Data_Value": 25.9,
    "Sample_Size": "1,087",
    "Stratification1": "$50,000 - $74,999",
    "StratificationId1": "INC5075",
    "LocationDisplayOrder": 50
  },
  {
    "ID": 2341,
    "Description": 2011,
    "LocationAbbr": "VA",
    "LocationDesc": "Virginia",
    "DataSource": "BRFSS",
    "Topic": "Obesity / Weight Status",
    "Data_Value": 25.2,
    "Sample_Size": 840,
    "Stratification1": "$50,000 - $74,999",
    "StratificationId1": "INC5075",
    "LocationDisplayOrder": 51
  },
  {
    "ID": 14261,
    "Description": 2011,
    "LocationAbbr": "WA",
    "LocationDesc": "Washington",
    "DataSource": "BRFSS",
    "Topic": "Obesity / Weight Status",
    "Data_Value": 29.1,
    "Sample_Size": "2,228",
    "Stratification1": "$50,000 - $74,999",
    "StratificationId1": "INC5075",
    "LocationDisplayOrder": 53
  },
  {
    "ID": 35087,
    "Description": 2011,
    "LocationAbbr": "WV",
    "LocationDesc": "West Virginia",
    "DataSource": "BRFSS",
    "Topic": "Obesity / Weight Status",
    "Data_Value": 27.8,
    "Sample_Size": 547,
    "Stratification1": "$50,000 - $74,999",
    "StratificationId1": "INC5075",
    "LocationDisplayOrder": 54
  },
  {
    "ID": 30615,
    "Description": 2011,
    "LocationAbbr": "WI",
    "LocationDesc": "Wisconsin",
    "DataSource": "BRFSS",
    "Topic": "Obesity / Weight Status",
    "Data_Value": 25.8,
    "Sample_Size": 667,
    "Stratification1": "$50,000 - $74,999",
    "StratificationId1": "INC5075",
    "LocationDisplayOrder": 55
  },
  {
    "ID": 2483,
    "Description": 2011,
    "LocationAbbr": "WY",
    "LocationDesc": "Wyoming",
    "DataSource": "BRFSS",
    "Topic": "Obesity / Weight Status",
    "Data_Value": 24.4,
    "Sample_Size": "1,088",
    "Stratification1": "$50,000 - $74,999",
    "StratificationId1": "INC5075",
    "LocationDisplayOrder": 56
  },
  {
    "ID": "",
    "Description": "",
    "LocationAbbr": "",
    "LocationDesc": "",
    "DataSource": "",
    "Topic": "",
    "Data_Value": "",
    "Sample_Size": "",
    "Stratification1": "",
    "StratificationId1": "",
    "LocationDisplayOrder": ""
  },
  {
    "ID": "",
    "Description": "",
    "LocationAbbr": "",
    "LocationDesc": "",
    "DataSource": "",
    "Topic": "",
    "Data_Value": "",
    "Sample_Size": "",
    "Stratification1": "",
    "StratificationId1": "",
    "LocationDisplayOrder": ""
  },
  {
    "ID": "",
    "Description": "",
    "LocationAbbr": "",
    "LocationDesc": "",
    "DataSource": "",
    "Topic": "",
    "Data_Value": "",
    "Sample_Size": "",
    "Stratification1": "",
    "StratificationId1": "",
    "LocationDisplayOrder": ""
  },
  {
    "ID": "",
    "Description": "",
    "LocationAbbr": "",
    "LocationDesc": "",
    "DataSource": "",
    "Topic": "",
    "Data_Value": "",
    "Sample_Size": "",
    "Stratification1": "",
    "StratificationId1": "",
    "LocationDisplayOrder": ""
  },
  {
    "ID": "",
    "Description": "",
    "LocationAbbr": "",
    "LocationDesc": "",
    "DataSource": "",
    "Topic": "",
    "Data_Value": "",
    "Sample_Size": "",
    "Stratification1": "",
    "StratificationId1": "",
    "LocationDisplayOrder": ""
  },
  {
    "ID": "",
    "Description": "",
    "LocationAbbr": "",
    "LocationDesc": "",
    "DataSource": "",
    "Topic": "",
    "Data_Value": "",
    "Sample_Size": "",
    "Stratification1": "",
    "StratificationId1": "",
    "LocationDisplayOrder": ""
  },
  {
    "ID": "",
    "Description": "",
    "LocationAbbr": "",
    "LocationDesc": "",
    "DataSource": "",
    "Topic": "",
    "Data_Value": "",
    "Sample_Size": "",
    "Stratification1": "",
    "StratificationId1": "",
    "LocationDisplayOrder": ""
  },
  {
    "ID": "",
    "Description": "",
    "LocationAbbr": "",
    "LocationDesc": "",
    "DataSource": "",
    "Topic": "",
    "Data_Value": "",
    "Sample_Size": "",
    "Stratification1": "",
    "StratificationId1": "",
    "LocationDisplayOrder": ""
  },
  {
    "ID": "",
    "Description": "",
    "LocationAbbr": "",
    "LocationDesc": "",
    "DataSource": "",
    "Topic": "",
    "Data_Value": "",
    "Sample_Size": "",
    "Stratification1": "",
    "StratificationId1": "",
    "LocationDisplayOrder": ""
  }
]