[
  {
    "ID": 877,
    "Description": 2011,
    "LocationAbbr": "US",
    "LocationDesc": "National",
    "DataSource": "BRFSS",
    "Topic": "Obesity / Weight Status",
    "Data_Value": 32.3,
    "Sample_Size": "49,598",
    "Stratification1": "Less than $15,000",
    "StratificationId1": "INCLESS15",
    "LocationDisplayOrder": 0
  },
  {
    "ID": 9417,
    "Description": 2011,
    "LocationAbbr": "AL",
    "LocationDesc": "Alabama",
    "DataSource": "BRFSS",
    "Topic": "Obesity / Weight Status",
    "Data_Value": 38.5,
    "Sample_Size": "1,112",
    "Stratification1": "Less than $15,000",
    "StratificationId1": "INCLESS15",
    "LocationDisplayOrder": 1
  },
  {
    "ID": 38473,
    "Description": 2011,
    "LocationAbbr": "AK",
    "LocationDesc": "Alaska",
    "DataSource": "BRFSS",
    "Topic": "Obesity / Weight Status",
    "Data_Value": 33.6,
    "Sample_Size": 271,
    "Stratification1": "Less than $15,000",
    "StratificationId1": "INCLESS15",
    "LocationDisplayOrder": 2
  },
  {
    "ID": 7108,
    "Description": 2011,
    "LocationAbbr": "AZ",
    "LocationDesc": "Arizona",
    "DataSource": "BRFSS",
    "Topic": "Obesity / Weight Status",
    "Data_Value": 34.1,
    "Sample_Size": 760,
    "Stratification1": "Less than $15,000",
    "StratificationId1": "INCLESS15",
    "LocationDisplayOrder": 4
  },
  {
    "ID": 3534,
    "Description": 2011,
    "LocationAbbr": "AR",
    "LocationDesc": "Arkansas",
    "DataSource": "BRFSS",
    "Topic": "Obesity / Weight Status",
    "Data_Value": 33.8,
    "Sample_Size": 701,
    "Stratification1": "Less than $15,000",
    "StratificationId1": "INCLESS15",
    "LocationDisplayOrder": 5
  },
  {
    "ID": 13580,
    "Description": 2011,
    "LocationAbbr": "CA",
    "LocationDesc": "California",
    "DataSource": "BRFSS",
    "Topic": "Obesity / Weight Status",
    "Data_Value": 29.9,
    "Sample_Size": "2,589",
    "Stratification1": "Less than $15,000",
    "StratificationId1": "INCLESS15",
    "LocationDisplayOrder": 6
  },
  {
    "ID": 5931,
    "Description": 2011,
    "LocationAbbr": "CO",
    "LocationDesc": "Colorado",
    "DataSource": "BRFSS",
    "Topic": "Obesity / Weight Status",
    "Data_Value": 25.9,
    "Sample_Size": "1,034",
    "Stratification1": "Less than $15,000",
    "StratificationId1": "INCLESS15",
    "LocationDisplayOrder": 8
  },
  {
    "ID": 26022,
    "Description": 2011,
    "LocationAbbr": "CT",
    "LocationDesc": "Connecticut",
    "DataSource": "BRFSS",
    "Topic": "Obesity / Weight Status",
    "Data_Value": 31.7,
    "Sample_Size": 469,
    "Stratification1": "Less than $15,000",
    "StratificationId1": "INCLESS15",
    "LocationDisplayOrder": 9
  },
  {
    "ID": 5115,
    "Description": 2011,
    "LocationAbbr": "DE",
    "LocationDesc": "Delaware",
    "DataSource": "BRFSS",
    "Topic": "Obesity / Weight Status",
    "Data_Value": 33.5,
    "Sample_Size": 495,
    "Stratification1": "Less than $15,000",
    "StratificationId1": "INCLESS15",
    "LocationDisplayOrder": 10
  },
  {
    "ID": 21997,
    "Description": 2011,
    "LocationAbbr": "DC",
    "LocationDesc": "District of Columbia",
    "DataSource": "BRFSS",
    "Topic": "Obesity / Weight Status",
    "Data_Value": 41.6,
    "Sample_Size": 464,
    "Stratification1": "Less than $15,000",
    "StratificationId1": "INCLESS15",
    "LocationDisplayOrder": 11
  },
  {
    "ID": 11351,
    "Description": 2011,
    "LocationAbbr": "FL",
    "LocationDesc": "Florida",
    "DataSource": "BRFSS",
    "Topic": "Obesity / Weight Status",
    "Data_Value": 31.8,
    "Sample_Size": "1,485",
    "Stratification1": "Less than $15,000",
    "StratificationId1": "INCLESS15",
    "LocationDisplayOrder": 12
  },
  {
    "ID": 1666,
    "Description": 2011,
    "LocationAbbr": "GA",
    "LocationDesc": "Georgia",
    "DataSource": "BRFSS",
    "Topic": "Obesity / Weight Status",
    "Data_Value": 33.9,
    "Sample_Size": "1,047",
    "Stratification1": "Less than $15,000",
    "StratificationId1": "INCLESS15",
    "LocationDisplayOrder": 13
  },
  {
    "ID": 4544,
    "Description": 2011,
    "LocationAbbr": "HI",
    "LocationDesc": "Hawaii",
    "DataSource": "BRFSS",
    "Topic": "Obesity / Weight Status",
    "Data_Value": 23.1,
    "Sample_Size": 690,
    "Stratification1": "Less than $15,000",
    "StratificationId1": "INCLESS15",
    "LocationDisplayOrder": 15
  },
  {
    "ID": 21327,
    "Description": 2011,
    "LocationAbbr": "ID",
    "LocationDesc": "Idaho",
    "DataSource": "BRFSS",
    "Topic": "Obesity / Weight Status",
    "Data_Value": 30,
    "Sample_Size": 661,
    "Stratification1": "Less than $15,000",
    "StratificationId1": "INCLESS15",
    "LocationDisplayOrder": 16
  },
  {
    "ID": 37262,
    "Description": 2011,
    "LocationAbbr": "IL",
    "LocationDesc": "Illinois",
    "DataSource": "BRFSS",
    "Topic": "Obesity / Weight Status",
    "Data_Value": 29.1,
    "Sample_Size": 488,
    "Stratification1": "Less than $15,000",
    "StratificationId1": "INCLESS15",
    "LocationDisplayOrder": 17
  },
  {
    "ID": 11758,
    "Description": 2011,
    "LocationAbbr": "IN",
    "LocationDesc": "Indiana",
    "DataSource": "BRFSS",
    "Topic": "Obesity / Weight Status",
    "Data_Value": 35,
    "Sample_Size": 949,
    "Stratification1": "Less than $15,000",
    "StratificationId1": "INCLESS15",
    "LocationDisplayOrder": 18
  },
  {
    "ID": 8436,
    "Description": 2011,
    "LocationAbbr": "IA",
    "LocationDesc": "Iowa",
    "DataSource": "BRFSS",
    "Topic": "Obesity / Weight Status",
    "Data_Value": 28.5,
    "Sample_Size": 579,
    "Stratification1": "Less than $15,000",
    "StratificationId1": "INCLESS15",
    "LocationDisplayOrder": 19
  },
  {
    "ID": 10299,
    "Description": 2011,
    "LocationAbbr": "KS",
    "LocationDesc": "Kansas",
    "DataSource": "BRFSS",
    "Topic": "Obesity / Weight Status",
    "Data_Value": 35.8,
    "Sample_Size": "1,568",
    "Stratification1": "Less than $15,000",
    "StratificationId1": "INCLESS15",
    "LocationDisplayOrder": 20
  },
  {
    "ID": 15248,
    "Description": 2011,
    "LocationAbbr": "KY",
    "LocationDesc": "Kentucky",
    "DataSource": "BRFSS",
    "Topic": "Obesity / Weight Status",
    "Data_Value": 36.6,
    "Sample_Size": "1,556",
    "Stratification1": "Less than $15,000",
    "StratificationId1": "INCLESS15",
    "LocationDisplayOrder": 21
  },
  {
    "ID": 10815,
    "Description": 2011,
    "LocationAbbr": "LA",
    "LocationDesc": "Louisiana",
    "DataSource": "BRFSS",
    "Topic": "Obesity / Weight Status",
    "Data_Value": 35.4,
    "Sample_Size": "1,508",
    "Stratification1": "Less than $15,000",
    "StratificationId1": "INCLESS15",
    "LocationDisplayOrder": 22
  },
  {
    "ID": 24739,
    "Description": 2011,
    "LocationAbbr": "ME",
    "LocationDesc": "Maine",
    "DataSource": "BRFSS",
    "Topic": "Obesity / Weight Status",
    "Data_Value": 31.7,
    "Sample_Size": "1,537",
    "Stratification1": "Less than $15,000",
    "StratificationId1": "INCLESS15",
    "LocationDisplayOrder": 23
  },
  {
    "ID": 27203,
    "Description": 2011,
    "LocationAbbr": "MD",
    "LocationDesc": "Maryland",
    "DataSource": "BRFSS",
    "Topic": "Obesity / Weight Status",
    "Data_Value": 35,
    "Sample_Size": 529,
    "Stratification1": "Less than $15,000",
    "StratificationId1": "INCLESS15",
    "LocationDisplayOrder": 24
  },
  {
    "ID": 18080,
    "Description": 2011,
    "LocationAbbr": "MA",
    "LocationDesc": "Massachusetts",
    "DataSource": "BRFSS",
    "Topic": "Obesity / Weight Status",
    "Data_Value": 29.4,
    "Sample_Size": "1,827",
    "Stratification1": "Less than $15,000",
    "StratificationId1": "INCLESS15",
    "LocationDisplayOrder": 25
  },
  {
    "ID": 28042,
    "Description": 2011,
    "LocationAbbr": "MI",
    "LocationDesc": "Michigan",
    "DataSource": "BRFSS",
    "Topic": "Obesity / Weight Status",
    "Data_Value": 37,
    "Sample_Size": "1,145",
    "Stratification1": "Less than $15,000",
    "StratificationId1": "INCLESS15",
    "LocationDisplayOrder": 26
  },
  {
    "ID": 24560,
    "Description": 2011,
    "LocationAbbr": "MN",
    "LocationDesc": "Minnesota",
    "DataSource": "BRFSS",
    "Topic": "Obesity / Weight Status",
    "Data_Value": 23.3,
    "Sample_Size": 911,
    "Stratification1": "Less than $15,000",
    "StratificationId1": "INCLESS15",
    "LocationDisplayOrder": 27
  },
  {
    "ID": 20101,
    "Description": 2011,
    "LocationAbbr": "MS",
    "LocationDesc": "Mississippi",
    "DataSource": "BRFSS",
    "Topic": "Obesity / Weight Status",
    "Data_Value": 37.6,
    "Sample_Size": "1,713",
    "Stratification1": "Less than $15,000",
    "StratificationId1": "INCLESS15",
    "LocationDisplayOrder": 28
  },
  {
    "ID": 14645,
    "Description": 2011,
    "LocationAbbr": "MO",
    "LocationDesc": "Missouri",
    "DataSource": "BRFSS",
    "Topic": "Obesity / Weight Status",
    "Data_Value": 31.8,
    "Sample_Size": 776,
    "Stratification1": "Less than $15,000",
    "StratificationId1": "INCLESS15",
    "LocationDisplayOrder": 29
  },
  {
    "ID": 39194,
    "Description": 2011,
    "LocationAbbr": "MT",
    "LocationDesc": "Montana",
    "DataSource": "BRFSS",
    "Topic": "Obesity / Weight Status",
    "Data_Value": 31.2,
    "Sample_Size": "1,099",
    "Stratification1": "Less than $15,000",
    "StratificationId1": "INCLESS15",
    "LocationDisplayOrder": 30
  },
  {
    "ID": 22190,
    "Description": 2011,
    "LocationAbbr": "NE",
    "LocationDesc": "Nebraska",
    "DataSource": "BRFSS",
    "Topic": "Obesity / Weight Status",
    "Data_Value": 29.2,
    "Sample_Size": "2,253",
    "Stratification1": "Less than $15,000",
    "StratificationId1": "INCLESS15",
    "LocationDisplayOrder": 31
  },
  {
    "ID": 3069,
    "Description": 2011,
    "LocationAbbr": "NV",
    "LocationDesc": "Nevada",
    "DataSource": "BRFSS",
    "Topic": "Obesity / Weight Status",
    "Data_Value": 24.6,
    "Sample_Size": 451,
    "Stratification1": "Less than $15,000",
    "StratificationId1": "INCLESS15",
    "LocationDisplayOrder": 32
  },
  {
    "ID": 5181,
    "Description": 2011,
    "LocationAbbr": "NH",
    "LocationDesc": "New Hampshire",
    "DataSource": "BRFSS",
    "Topic": "Obesity / Weight Status",
    "Data_Value": 30.9,
    "Sample_Size": 510,
    "Stratification1": "Less than $15,000",
    "StratificationId1": "INCLESS15",
    "LocationDisplayOrder": 33
  },
  {
    "ID": 30805,
    "Description": 2011,
    "LocationAbbr": "NJ",
    "LocationDesc": "New Jersey",
    "DataSource": "BRFSS",
    "Topic": "Obesity / Weight Status",
    "Data_Value": 28.5,
    "Sample_Size": 960,
    "Stratification1": "Less than $15,000",
    "StratificationId1": "INCLESS15",
    "LocationDisplayOrder": 34
  },
  {
    "ID": 23236,
    "Description": 2011,
    "LocationAbbr": "NM",
    "LocationDesc": "New Mexico",
    "DataSource": "BRFSS",
    "Topic": "Obesity / Weight Status",
    "Data_Value": 31.3,
    "Sample_Size": "1,145",
    "Stratification1": "Less than $15,000",
    "StratificationId1": "INCLESS15",
    "LocationDisplayOrder": 35
  },
  {
    "ID": 28680,
    "Description": 2011,
    "LocationAbbr": "NY",
    "LocationDesc": "New York",
    "DataSource": "BRFSS",
    "Topic": "Obesity / Weight Status",
    "Data_Value": 27.3,
    "Sample_Size": 797,
    "Stratification1": "Less than $15,000",
    "StratificationId1": "INCLESS15",
    "LocationDisplayOrder": 36
  },
  {
    "ID": 32838,
    "Description": 2011,
    "LocationAbbr": "NC",
    "LocationDesc": "North Carolina",
    "DataSource": "BRFSS",
    "Topic": "Obesity / Weight Status",
    "Data_Value": 34.8,
    "Sample_Size": "1,293",
    "Stratification1": "Less than $15,000",
    "StratificationId1": "INCLESS15",
    "LocationDisplayOrder": 37
  },
  {
    "ID": 4767,
    "Description": 2011,
    "LocationAbbr": "ND",
    "LocationDesc": "North Dakota",
    "DataSource": "BRFSS",
    "Topic": "Obesity / Weight Status",
    "Data_Value": 33,
    "Sample_Size": 368,
    "Stratification1": "Less than $15,000",
    "StratificationId1": "INCLESS15",
    "LocationDisplayOrder": 38
  },
  {
    "ID": 6304,
    "Description": 2011,
    "LocationAbbr": "OH",
    "LocationDesc": "Ohio",
    "DataSource": "BRFSS",
    "Topic": "Obesity / Weight Status",
    "Data_Value": 32.8,
    "Sample_Size": 953,
    "Stratification1": "Less than $15,000",
    "StratificationId1": "INCLESS15",
    "LocationDisplayOrder": 39
  },
  {
    "ID": 39152,
    "Description": 2011,
    "LocationAbbr": "OK",
    "LocationDesc": "Oklahoma",
    "DataSource": "BRFSS",
    "Topic": "Obesity / Weight Status",
    "Data_Value": 33.2,
    "Sample_Size": "1,174",
    "Stratification1": "Less than $15,000",
    "StratificationId1": "INCLESS15",
    "LocationDisplayOrder": 40
  },
  {
    "ID": 9422,
    "Description": 2011,
    "LocationAbbr": "OR",
    "LocationDesc": "Oregon",
    "DataSource": "BRFSS",
    "Topic": "Obesity / Weight Status",
    "Data_Value": 30.7,
    "Sample_Size": 627,
    "Stratification1": "Less than $15,000",
    "StratificationId1": "INCLESS15",
    "LocationDisplayOrder": 41
  },
  {
    "ID": 1522,
    "Description": 2011,
    "LocationAbbr": "PA",
    "LocationDesc": "Pennsylvania",
    "DataSource": "BRFSS",
    "Topic": "Obesity / Weight Status",
    "Data_Value": 33.8,
    "Sample_Size": "1,152",
    "Stratification1": "Less than $15,000",
    "StratificationId1": "INCLESS15",
    "LocationDisplayOrder": 42
  },
  {
    "ID": 30877,
    "Description": 2011,
    "LocationAbbr": "RI",
    "LocationDesc": "Rhode Island",
    "DataSource": "BRFSS",
    "Topic": "Obesity / Weight Status",
    "Data_Value": 33,
    "Sample_Size": 631,
    "Stratification1": "Less than $15,000",
    "StratificationId1": "INCLESS15",
    "LocationDisplayOrder": 44
  },
  {
    "ID": 39262,
    "Description": 2011,
    "LocationAbbr": "SC",
    "LocationDesc": "South Carolina",
    "DataSource": "BRFSS",
    "Topic": "Obesity / Weight Status",
    "Data_Value": 36.4,
    "Sample_Size": "1,761",
    "Stratification1": "Less than $15,000",
    "StratificationId1": "INCLESS15",
    "LocationDisplayOrder": 45
  },
  {
    "ID": 11175,
    "Description": 2011,
    "LocationAbbr": "SD",
    "LocationDesc": "South Dakota",
    "DataSource": "BRFSS",
    "Topic": "Obesity / Weight Status",
    "Data_Value": 31.8,
    "Sample_Size": 754,
    "Stratification1": "Less than $15,000",
    "StratificationId1": "INCLESS15",
    "LocationDisplayOrder": 46
  },
  {
    "ID": 24776,
    "Description": 2011,
    "LocationAbbr": "TN",
    "LocationDesc": "Tennessee",
    "DataSource": "BRFSS",
    "Topic": "Obesity / Weight Status",
    "Data_Value": 36.5,
    "Sample_Size": 677,
    "Stratification1": "Less than $15,000",
    "StratificationId1": "INCLESS15",
    "LocationDisplayOrder": 47
  },
  {
    "ID": 31637,
    "Description": 2011,
    "LocationAbbr": "TX",
    "LocationDesc": "Texas",
    "DataSource": "BRFSS",
    "Topic": "Obesity / Weight Status",
    "Data_Value": 35.8,
    "Sample_Size": "1,724",
    "Stratification1": "Less than $15,000",
    "StratificationId1": "INCLESS15",
    "LocationDisplayOrder": 48
  },
  {
    "ID": 27781,
    "Description": 2011,
    "LocationAbbr": "UT",
    "LocationDesc": "Utah",
    "DataSource": "BRFSS",
    "Topic": "Obesity / Weight Status",
    "Data_Value": 28.1,
    "Sample_Size": 826,
    "Stratification1": "Less than $15,000",
    "StratificationId1": "INCLESS15",
    "LocationDisplayOrder": 49
  },
  {
    "ID": 11342,
    "Description": 2011,
    "LocationAbbr": "VT",
    "LocationDesc": "Vermont",
    "DataSource": "BRFSS",
    "Topic": "Obesity / Weight Status",
    "Data_Value": 29.6,
    "Sample_Size": 639,
    "Stratification1": "Less than $15,000",
    "StratificationId1": "INCLESS15",
    "LocationDisplayOrder": 50
  },
  {
    "ID": 4780,
    "Description": 2011,
    "LocationAbbr": "VA",
    "LocationDesc": "Virginia",
    "DataSource": "BRFSS",
    "Topic": "Obesity / Weight Status",
    "Data_Value": 34.3,
    "Sample_Size": 499,
    "Stratification1": "Less than $15,000",
    "StratificationId1": "INCLESS15",
    "LocationDisplayOrder": 51
  },
  {
    "ID": 16568,
    "Description": 2011,
    "LocationAbbr": "WA",
    "LocationDesc": "Washington",
    "DataSource": "BRFSS",
    "Topic": "Obesity / Weight Status",
    "Data_Value": 28.7,
    "Sample_Size": 891,
    "Stratification1": "Less than $15,000",
    "StratificationId1": "INCLESS15",
    "LocationDisplayOrder": 53
  },
  {
    "ID": 29805,
    "Description": 2011,
    "LocationAbbr": "WV",
    "LocationDesc": "West Virginia",
    "DataSource": "BRFSS",
    "Topic": "Obesity / Weight Status",
    "Data_Value": 37.1,
    "Sample_Size": 652,
    "Stratification1": "Less than $15,000",
    "StratificationId1": "INCLESS15",
    "LocationDisplayOrder": 54
  },
  {
    "ID": 39867,
    "Description": 2011,
    "LocationAbbr": "WI",
    "LocationDesc": "Wisconsin",
    "DataSource": "BRFSS",
    "Topic": "Obesity / Weight Status",
    "Data_Value": 37.1,
    "Sample_Size": 361,
    "Stratification1": "Less than $15,000",
    "StratificationId1": "INCLESS15",
    "LocationDisplayOrder": 55
  },
  {
    "ID": 7797,
    "Description": 2011,
    "LocationAbbr": "WY",
    "LocationDesc": "Wyoming",
    "DataSource": "BRFSS",
    "Topic": "Obesity / Weight Status",
    "Data_Value": 32.2,
    "Sample_Size": 537,
    "Stratification1": "Less than $15,000",
    "StratificationId1": "INCLESS15",
    "LocationDisplayOrder": 56
  },
  {
    "ID": "",
    "Description": "",
    "LocationAbbr": "",
    "LocationDesc": "",
    "DataSource": "",
    "Topic": "",
    "Data_Value": "",
    "Sample_Size": "",
    "Stratification1": "",
    "StratificationId1": "",
    "LocationDisplayOrder": ""
  },
  {
    "ID": "",
    "Description": "",
    "LocationAbbr": "",
    "LocationDesc": "",
    "DataSource": "",
    "Topic": "",
    "Data_Value": "",
    "Sample_Size": "",
    "Stratification1": "",
    "StratificationId1": "",
    "LocationDisplayOrder": ""
  },
  {
    "ID": "",
    "Description": "",
    "LocationAbbr": "",
    "LocationDesc": "",
    "DataSource": "",
    "Topic": "",
    "Data_Value": "",
    "Sample_Size": "",
    "Stratification1": "",
    "StratificationId1": "",
    "LocationDisplayOrder": ""
  },
  {
    "ID": "",
    "Description": "",
    "LocationAbbr": "",
    "LocationDesc": "",
    "DataSource": "",
    "Topic": "",
    "Data_Value": "",
    "Sample_Size": "",
    "Stratification1": "",
    "StratificationId1": "",
    "LocationDisplayOrder": ""
  },
  {
    "ID": "",
    "Description": "",
    "LocationAbbr": "",
    "LocationDesc": "",
    "DataSource": "",
    "Topic": "",
    "Data_Value": "",
    "Sample_Size": "",
    "Stratification1": "",
    "StratificationId1": "",
    "LocationDisplayOrder": ""
  },
  {
    "ID": "",
    "Description": "",
    "LocationAbbr": "",
    "LocationDesc": "",
    "DataSource": "",
    "Topic": "",
    "Data_Value": "",
    "Sample_Size": "",
    "Stratification1": "",
    "StratificationId1": "",
    "LocationDisplayOrder": ""
  },
  {
    "ID": "",
    "Description": "",
    "LocationAbbr": "",
    "LocationDesc": "",
    "DataSource": "",
    "Topic": "",
    "Data_Value": "",
    "Sample_Size": "",
    "Stratification1": "",
    "StratificationId1": "",
    "LocationDisplayOrder": ""
  },
  {
    "ID": "",
    "Description": "",
    "LocationAbbr": "",
    "LocationDesc": "",
    "DataSource": "",
    "Topic": "",
    "Data_Value": "",
    "Sample_Size": "",
    "Stratification1": "",
    "StratificationId1": "",
    "LocationDisplayOrder": ""
  },
  {
    "ID": "",
    "Description": "",
    "LocationAbbr": "",
    "LocationDesc": "",
    "DataSource": "",
    "Topic": "",
    "Data_Value": "",
    "Sample_Size": "",
    "Stratification1": "",
    "StratificationId1": "",
    "LocationDisplayOrder": ""
  }
]