[
  {
    "ID": 1558,
    "Description": 2011,
    "LocationAbbr": "US",
    "LocationDesc": "National",
    "DataSource": "BRFSS",
    "Topic": "Obesity / Weight Status",
    "Data_Value": 15.2,
    "Sample_Size": "20,732",
    "Stratification1": "18 - 24",
    "StratificationId1": "AGEYR1824",
    "LocationDisplayOrder": 0
  },
  {
    "ID": 38795,
    "Description": 2011,
    "LocationAbbr": "AL",
    "LocationDesc": "Alabama",
    "DataSource": "BRFSS",
    "Topic": "Obesity / Weight Status",
    "Data_Value": 16.3,
    "Sample_Size": 356,
    "Stratification1": "18 - 24",
    "StratificationId1": "AGEYR1824",
    "LocationDisplayOrder": 1
  },
  {
    "ID": 36234,
    "Description": 2011,
    "LocationAbbr": "AK",
    "LocationDesc": "Alaska",
    "DataSource": "BRFSS",
    "Topic": "Obesity / Weight Status",
    "Data_Value": 19.8,
    "Sample_Size": 212,
    "Stratification1": "18 - 24",
    "StratificationId1": "AGEYR1824",
    "LocationDisplayOrder": 2
  },
  {
    "ID": 1919,
    "Description": 2011,
    "LocationAbbr": "AZ",
    "LocationDesc": "Arizona",
    "DataSource": "BRFSS",
    "Topic": "Obesity / Weight Status",
    "Data_Value": 18.7,
    "Sample_Size": 240,
    "Stratification1": "18 - 24",
    "StratificationId1": "AGEYR1824",
    "LocationDisplayOrder": 4
  },
  {
    "ID": 21543,
    "Description": 2011,
    "LocationAbbr": "AR",
    "LocationDesc": "Arkansas",
    "DataSource": "BRFSS",
    "Topic": "Obesity / Weight Status",
    "Data_Value": 23,
    "Sample_Size": 136,
    "Stratification1": "18 - 24",
    "StratificationId1": "AGEYR1824",
    "LocationDisplayOrder": 5
  },
  {
    "ID": 28690,
    "Description": 2011,
    "LocationAbbr": "CA",
    "LocationDesc": "California",
    "DataSource": "BRFSS",
    "Topic": "Obesity / Weight Status",
    "Data_Value": 14.5,
    "Sample_Size": 902,
    "Stratification1": "18 - 24",
    "StratificationId1": "AGEYR1824",
    "LocationDisplayOrder": 6
  },
  {
    "ID": 2220,
    "Description": 2011,
    "LocationAbbr": "CO",
    "LocationDesc": "Colorado",
    "DataSource": "BRFSS",
    "Topic": "Obesity / Weight Status",
    "Data_Value": 10.2,
    "Sample_Size": 477,
    "Stratification1": "18 - 24",
    "StratificationId1": "AGEYR1824",
    "LocationDisplayOrder": 8
  },
  {
    "ID": 7053,
    "Description": 2011,
    "LocationAbbr": "CT",
    "LocationDesc": "Connecticut",
    "DataSource": "BRFSS",
    "Topic": "Obesity / Weight Status",
    "Data_Value": 16.1,
    "Sample_Size": 264,
    "Stratification1": "18 - 24",
    "StratificationId1": "AGEYR1824",
    "LocationDisplayOrder": 9
  },
  {
    "ID": 16350,
    "Description": 2011,
    "LocationAbbr": "DE",
    "LocationDesc": "Delaware",
    "DataSource": "BRFSS",
    "Topic": "Obesity / Weight Status",
    "Data_Value": 14.2,
    "Sample_Size": 235,
    "Stratification1": "18 - 24",
    "StratificationId1": "AGEYR1824",
    "LocationDisplayOrder": 10
  },
  {
    "ID": 37282,
    "Description": 2011,
    "LocationAbbr": "DC",
    "LocationDesc": "District of Columbia",
    "DataSource": "BRFSS",
    "Topic": "Obesity / Weight Status",
    "Data_Value": 8.5,
    "Sample_Size": 123,
    "Stratification1": "18 - 24",
    "StratificationId1": "AGEYR1824",
    "LocationDisplayOrder": 11
  },
  {
    "ID": 32106,
    "Description": 2011,
    "LocationAbbr": "FL",
    "LocationDesc": "Florida",
    "DataSource": "BRFSS",
    "Topic": "Obesity / Weight Status",
    "Data_Value": 10.7,
    "Sample_Size": 464,
    "Stratification1": "18 - 24",
    "StratificationId1": "AGEYR1824",
    "LocationDisplayOrder": 12
  },
  {
    "ID": 39285,
    "Description": 2011,
    "LocationAbbr": "GA",
    "LocationDesc": "Georgia",
    "DataSource": "BRFSS",
    "Topic": "Obesity / Weight Status",
    "Data_Value": 15,
    "Sample_Size": 312,
    "Stratification1": "18 - 24",
    "StratificationId1": "AGEYR1824",
    "LocationDisplayOrder": 13
  },
  {
    "ID": 7762,
    "Description": 2011,
    "LocationAbbr": "HI",
    "LocationDesc": "Hawaii",
    "DataSource": "BRFSS",
    "Topic": "Obesity / Weight Status",
    "Data_Value": 9.3,
    "Sample_Size": 330,
    "Stratification1": "18 - 24",
    "StratificationId1": "AGEYR1824",
    "LocationDisplayOrder": 15
  },
  {
    "ID": 20665,
    "Description": 2011,
    "LocationAbbr": "ID",
    "LocationDesc": "Idaho",
    "DataSource": "BRFSS",
    "Topic": "Obesity / Weight Status",
    "Data_Value": 15.7,
    "Sample_Size": 224,
    "Stratification1": "18 - 24",
    "StratificationId1": "AGEYR1824",
    "LocationDisplayOrder": 16
  },
  {
    "ID": 13704,
    "Description": 2011,
    "LocationAbbr": "IL",
    "LocationDesc": "Illinois",
    "DataSource": "BRFSS",
    "Topic": "Obesity / Weight Status",
    "Data_Value": 11.8,
    "Sample_Size": 271,
    "Stratification1": "18 - 24",
    "StratificationId1": "AGEYR1824",
    "LocationDisplayOrder": 17
  },
  {
    "ID": 16580,
    "Description": 2011,
    "LocationAbbr": "IN",
    "LocationDesc": "Indiana",
    "DataSource": "BRFSS",
    "Topic": "Obesity / Weight Status",
    "Data_Value": 19.6,
    "Sample_Size": 357,
    "Stratification1": "18 - 24",
    "StratificationId1": "AGEYR1824",
    "LocationDisplayOrder": 18
  },
  {
    "ID": 18378,
    "Description": 2011,
    "LocationAbbr": "IA",
    "LocationDesc": "Iowa",
    "DataSource": "BRFSS",
    "Topic": "Obesity / Weight Status",
    "Data_Value": 14.4,
    "Sample_Size": 376,
    "Stratification1": "18 - 24",
    "StratificationId1": "AGEYR1824",
    "LocationDisplayOrder": 19
  },
  {
    "ID": 34858,
    "Description": 2011,
    "LocationAbbr": "KS",
    "LocationDesc": "Kansas",
    "DataSource": "BRFSS",
    "Topic": "Obesity / Weight Status",
    "Data_Value": 16.1,
    "Sample_Size": 863,
    "Stratification1": "18 - 24",
    "StratificationId1": "AGEYR1824",
    "LocationDisplayOrder": 20
  },
  {
    "ID": 16772,
    "Description": 2011,
    "LocationAbbr": "KY",
    "LocationDesc": "Kentucky",
    "DataSource": "BRFSS",
    "Topic": "Obesity / Weight Status",
    "Data_Value": 21.2,
    "Sample_Size": 343,
    "Stratification1": "18 - 24",
    "StratificationId1": "AGEYR1824",
    "LocationDisplayOrder": 21
  },
  {
    "ID": 2316,
    "Description": 2011,
    "LocationAbbr": "LA",
    "LocationDesc": "Louisiana",
    "DataSource": "BRFSS",
    "Topic": "Obesity / Weight Status",
    "Data_Value": 17,
    "Sample_Size": 433,
    "Stratification1": "18 - 24",
    "StratificationId1": "AGEYR1824",
    "LocationDisplayOrder": 22
  },
  {
    "ID": 2901,
    "Description": 2011,
    "LocationAbbr": "ME",
    "LocationDesc": "Maine",
    "DataSource": "BRFSS",
    "Topic": "Obesity / Weight Status",
    "Data_Value": 14.8,
    "Sample_Size": 394,
    "Stratification1": "18 - 24",
    "StratificationId1": "AGEYR1824",
    "LocationDisplayOrder": 23
  },
  {
    "ID": 36355,
    "Description": 2011,
    "LocationAbbr": "MD",
    "LocationDesc": "Maryland",
    "DataSource": "BRFSS",
    "Topic": "Obesity / Weight Status",
    "Data_Value": 16.9,
    "Sample_Size": 305,
    "Stratification1": "18 - 24",
    "StratificationId1": "AGEYR1824",
    "LocationDisplayOrder": 24
  },
  {
    "ID": 21591,
    "Description": 2011,
    "LocationAbbr": "MA",
    "LocationDesc": "Massachusetts",
    "DataSource": "BRFSS",
    "Topic": "Obesity / Weight Status",
    "Data_Value": 13,
    "Sample_Size": 743,
    "Stratification1": "18 - 24",
    "StratificationId1": "AGEYR1824",
    "LocationDisplayOrder": 25
  },
  {
    "ID": 8909,
    "Description": 2011,
    "LocationAbbr": "MI",
    "LocationDesc": "Michigan",
    "DataSource": "BRFSS",
    "Topic": "Obesity / Weight Status",
    "Data_Value": 17.3,
    "Sample_Size": 563,
    "Stratification1": "18 - 24",
    "StratificationId1": "AGEYR1824",
    "LocationDisplayOrder": 26
  },
  {
    "ID": 20090,
    "Description": 2011,
    "LocationAbbr": "MN",
    "LocationDesc": "Minnesota",
    "DataSource": "BRFSS",
    "Topic": "Obesity / Weight Status",
    "Data_Value": 14.7,
    "Sample_Size": 805,
    "Stratification1": "18 - 24",
    "StratificationId1": "AGEYR1824",
    "LocationDisplayOrder": 27
  },
  {
    "ID": 5910,
    "Description": 2011,
    "LocationAbbr": "MS",
    "LocationDesc": "Mississippi",
    "DataSource": "BRFSS",
    "Topic": "Obesity / Weight Status",
    "Data_Value": 25.9,
    "Sample_Size": 411,
    "Stratification1": "18 - 24",
    "StratificationId1": "AGEYR1824",
    "LocationDisplayOrder": 28
  },
  {
    "ID": 6124,
    "Description": 2011,
    "LocationAbbr": "MO",
    "LocationDesc": "Missouri",
    "DataSource": "BRFSS",
    "Topic": "Obesity / Weight Status",
    "Data_Value": 18.5,
    "Sample_Size": 308,
    "Stratification1": "18 - 24",
    "StratificationId1": "AGEYR1824",
    "LocationDisplayOrder": 29
  },
  {
    "ID": 18347,
    "Description": 2011,
    "LocationAbbr": "MT",
    "LocationDesc": "Montana",
    "DataSource": "BRFSS",
    "Topic": "Obesity / Weight Status",
    "Data_Value": 15.7,
    "Sample_Size": 492,
    "Stratification1": "18 - 24",
    "StratificationId1": "AGEYR1824",
    "LocationDisplayOrder": 30
  },
  {
    "ID": 8125,
    "Description": 2011,
    "LocationAbbr": "NE",
    "LocationDesc": "Nebraska",
    "DataSource": "BRFSS",
    "Topic": "Obesity / Weight Status",
    "Data_Value": 14.7,
    "Sample_Size": "1,398",
    "Stratification1": "18 - 24",
    "StratificationId1": "AGEYR1824",
    "LocationDisplayOrder": 31
  },
  {
    "ID": 30551,
    "Description": 2011,
    "LocationAbbr": "NV",
    "LocationDesc": "Nevada",
    "DataSource": "BRFSS",
    "Topic": "Obesity / Weight Status",
    "Data_Value": 14,
    "Sample_Size": 273,
    "Stratification1": "18 - 24",
    "StratificationId1": "AGEYR1824",
    "LocationDisplayOrder": 32
  },
  {
    "ID": 9309,
    "Description": 2011,
    "LocationAbbr": "NH",
    "LocationDesc": "New Hampshire",
    "DataSource": "BRFSS",
    "Topic": "Obesity / Weight Status",
    "Data_Value": 13.2,
    "Sample_Size": 203,
    "Stratification1": "18 - 24",
    "StratificationId1": "AGEYR1824",
    "LocationDisplayOrder": 33
  },
  {
    "ID": 37364,
    "Description": 2011,
    "LocationAbbr": "NJ",
    "LocationDesc": "New Jersey",
    "DataSource": "BRFSS",
    "Topic": "Obesity / Weight Status",
    "Data_Value": 12.1,
    "Sample_Size": 466,
    "Stratification1": "18 - 24",
    "StratificationId1": "AGEYR1824",
    "LocationDisplayOrder": 34
  },
  {
    "ID": 26365,
    "Description": 2011,
    "LocationAbbr": "NM",
    "LocationDesc": "New Mexico",
    "DataSource": "BRFSS",
    "Topic": "Obesity / Weight Status",
    "Data_Value": 15.7,
    "Sample_Size": 423,
    "Stratification1": "18 - 24",
    "StratificationId1": "AGEYR1824",
    "LocationDisplayOrder": 35
  },
  {
    "ID": 33761,
    "Description": 2011,
    "LocationAbbr": "NY",
    "LocationDesc": "New York",
    "DataSource": "BRFSS",
    "Topic": "Obesity / Weight Status",
    "Data_Value": 9.5,
    "Sample_Size": 423,
    "Stratification1": "18 - 24",
    "StratificationId1": "AGEYR1824",
    "LocationDisplayOrder": 36
  },
  {
    "ID": 19369,
    "Description": 2011,
    "LocationAbbr": "NC",
    "LocationDesc": "North Carolina",
    "DataSource": "BRFSS",
    "Topic": "Obesity / Weight Status",
    "Data_Value": 19.1,
    "Sample_Size": 388,
    "Stratification1": "18 - 24",
    "StratificationId1": "AGEYR1824",
    "LocationDisplayOrder": 37
  },
  {
    "ID": 15537,
    "Description": 2011,
    "LocationAbbr": "ND",
    "LocationDesc": "North Dakota",
    "DataSource": "BRFSS",
    "Topic": "Obesity / Weight Status",
    "Data_Value": 10.7,
    "Sample_Size": 230,
    "Stratification1": "18 - 24",
    "StratificationId1": "AGEYR1824",
    "LocationDisplayOrder": 38
  },
  {
    "ID": 18875,
    "Description": 2011,
    "LocationAbbr": "OH",
    "LocationDesc": "Ohio",
    "DataSource": "BRFSS",
    "Topic": "Obesity / Weight Status",
    "Data_Value": 16.1,
    "Sample_Size": 336,
    "Stratification1": "18 - 24",
    "StratificationId1": "AGEYR1824",
    "LocationDisplayOrder": 39
  },
  {
    "ID": 26105,
    "Description": 2011,
    "LocationAbbr": "OK",
    "LocationDesc": "Oklahoma",
    "DataSource": "BRFSS",
    "Topic": "Obesity / Weight Status",
    "Data_Value": 19.7,
    "Sample_Size": 350,
    "Stratification1": "18 - 24",
    "StratificationId1": "AGEYR1824",
    "LocationDisplayOrder": 40
  },
  {
    "ID": 4924,
    "Description": 2011,
    "LocationAbbr": "OR",
    "LocationDesc": "Oregon",
    "DataSource": "BRFSS",
    "Topic": "Obesity / Weight Status",
    "Data_Value": 15.3,
    "Sample_Size": 295,
    "Stratification1": "18 - 24",
    "StratificationId1": "AGEYR1824",
    "LocationDisplayOrder": 41
  },
  {
    "ID": 3442,
    "Description": 2011,
    "LocationAbbr": "PA",
    "LocationDesc": "Pennsylvania",
    "DataSource": "BRFSS",
    "Topic": "Obesity / Weight Status",
    "Data_Value": 16.4,
    "Sample_Size": 588,
    "Stratification1": "18 - 24",
    "StratificationId1": "AGEYR1824",
    "LocationDisplayOrder": 42
  },
  {
    "ID": 13115,
    "Description": 2011,
    "LocationAbbr": "RI",
    "LocationDesc": "Rhode Island",
    "DataSource": "BRFSS",
    "Topic": "Obesity / Weight Status",
    "Data_Value": 12.9,
    "Sample_Size": 224,
    "Stratification1": "18 - 24",
    "StratificationId1": "AGEYR1824",
    "LocationDisplayOrder": 44
  },
  {
    "ID": 1846,
    "Description": 2011,
    "LocationAbbr": "SC",
    "LocationDesc": "South Carolina",
    "DataSource": "BRFSS",
    "Topic": "Obesity / Weight Status",
    "Data_Value": 16.3,
    "Sample_Size": 603,
    "Stratification1": "18 - 24",
    "StratificationId1": "AGEYR1824",
    "LocationDisplayOrder": 45
  },
  {
    "ID": 2843,
    "Description": 2011,
    "LocationAbbr": "SD",
    "LocationDesc": "South Dakota",
    "DataSource": "BRFSS",
    "Topic": "Obesity / Weight Status",
    "Data_Value": 14.5,
    "Sample_Size": 344,
    "Stratification1": "18 - 24",
    "StratificationId1": "AGEYR1824",
    "LocationDisplayOrder": 46
  },
  {
    "ID": 34648,
    "Description": 2011,
    "LocationAbbr": "TN",
    "LocationDesc": "Tennessee",
    "DataSource": "BRFSS",
    "Topic": "Obesity / Weight Status",
    "Data_Value": 13.6,
    "Sample_Size": 131,
    "Stratification1": "18 - 24",
    "StratificationId1": "AGEYR1824",
    "LocationDisplayOrder": 47
  },
  {
    "ID": 31667,
    "Description": 2011,
    "LocationAbbr": "TX",
    "LocationDesc": "Texas",
    "DataSource": "BRFSS",
    "Topic": "Obesity / Weight Status",
    "Data_Value": 17.5,
    "Sample_Size": 570,
    "Stratification1": "18 - 24",
    "StratificationId1": "AGEYR1824",
    "LocationDisplayOrder": 48
  },
  {
    "ID": 29118,
    "Description": 2011,
    "LocationAbbr": "UT",
    "LocationDesc": "Utah",
    "DataSource": "BRFSS",
    "Topic": "Obesity / Weight Status",
    "Data_Value": 12.9,
    "Sample_Size": 822,
    "Stratification1": "18 - 24",
    "StratificationId1": "AGEYR1824",
    "LocationDisplayOrder": 49
  },
  {
    "ID": 18477,
    "Description": 2011,
    "LocationAbbr": "VT",
    "LocationDesc": "Vermont",
    "DataSource": "BRFSS",
    "Topic": "Obesity / Weight Status",
    "Data_Value": 15.6,
    "Sample_Size": 244,
    "Stratification1": "18 - 24",
    "StratificationId1": "AGEYR1824",
    "LocationDisplayOrder": 50
  },
  {
    "ID": 7531,
    "Description": 2011,
    "LocationAbbr": "VA",
    "LocationDesc": "Virginia",
    "DataSource": "BRFSS",
    "Topic": "Obesity / Weight Status",
    "Data_Value": 18.3,
    "Sample_Size": 240,
    "Stratification1": "18 - 24",
    "StratificationId1": "AGEYR1824",
    "LocationDisplayOrder": 51
  },
  {
    "ID": 28655,
    "Description": 2011,
    "LocationAbbr": "WA",
    "LocationDesc": "Washington",
    "DataSource": "BRFSS",
    "Topic": "Obesity / Weight Status",
    "Data_Value": 12.4,
    "Sample_Size": 491,
    "Stratification1": "18 - 24",
    "StratificationId1": "AGEYR1824",
    "LocationDisplayOrder": 53
  },
  {
    "ID": 30009,
    "Description": 2011,
    "LocationAbbr": "WV",
    "LocationDesc": "West Virginia",
    "DataSource": "BRFSS",
    "Topic": "Obesity / Weight Status",
    "Data_Value": 19.7,
    "Sample_Size": 223,
    "Stratification1": "18 - 24",
    "StratificationId1": "AGEYR1824",
    "LocationDisplayOrder": 54
  },
  {
    "ID": 31755,
    "Description": 2011,
    "LocationAbbr": "WI",
    "LocationDesc": "Wisconsin",
    "DataSource": "BRFSS",
    "Topic": "Obesity / Weight Status",
    "Data_Value": 15.5,
    "Sample_Size": 225,
    "Stratification1": "18 - 24",
    "StratificationId1": "AGEYR1824",
    "LocationDisplayOrder": 55
  },
  {
    "ID": 20626,
    "Description": 2011,
    "LocationAbbr": "WY",
    "LocationDesc": "Wyoming",
    "DataSource": "BRFSS",
    "Topic": "Obesity / Weight Status",
    "Data_Value": 12.6,
    "Sample_Size": 303,
    "Stratification1": "18 - 24",
    "StratificationId1": "AGEYR1824",
    "LocationDisplayOrder": 56
  },
  {
    "ID": "",
    "Description": "",
    "LocationAbbr": "",
    "LocationDesc": "",
    "DataSource": "",
    "Topic": "",
    "Data_Value": "",
    "Sample_Size": "",
    "Stratification1": "",
    "StratificationId1": "",
    "LocationDisplayOrder": ""
  },
  {
    "ID": "",
    "Description": "",
    "LocationAbbr": "",
    "LocationDesc": "",
    "DataSource": "",
    "Topic": "",
    "Data_Value": "",
    "Sample_Size": "",
    "Stratification1": "",
    "StratificationId1": "",
    "LocationDisplayOrder": ""
  },
  {
    "ID": "",
    "Description": "",
    "LocationAbbr": "",
    "LocationDesc": "",
    "DataSource": "",
    "Topic": "",
    "Data_Value": "",
    "Sample_Size": "",
    "Stratification1": "",
    "StratificationId1": "",
    "LocationDisplayOrder": ""
  },
  {
    "ID": "",
    "Description": "",
    "LocationAbbr": "",
    "LocationDesc": "",
    "DataSource": "",
    "Topic": "",
    "Data_Value": "",
    "Sample_Size": "",
    "Stratification1": "",
    "StratificationId1": "",
    "LocationDisplayOrder": ""
  },
  {
    "ID": "",
    "Description": "",
    "LocationAbbr": "",
    "LocationDesc": "",
    "DataSource": "",
    "Topic": "",
    "Data_Value": "",
    "Sample_Size": "",
    "Stratification1": "",
    "StratificationId1": "",
    "LocationDisplayOrder": ""
  },
  {
    "ID": "",
    "Description": "",
    "LocationAbbr": "",
    "LocationDesc": "",
    "DataSource": "",
    "Topic": "",
    "Data_Value": "",
    "Sample_Size": "",
    "Stratification1": "",
    "StratificationId1": "",
    "LocationDisplayOrder": ""
  },
  {
    "ID": "",
    "Description": "",
    "LocationAbbr": "",
    "LocationDesc": "",
    "DataSource": "",
    "Topic": "",
    "Data_Value": "",
    "Sample_Size": "",
    "Stratification1": "",
    "StratificationId1": "",
    "LocationDisplayOrder": ""
  },
  {
    "ID": "",
    "Description": "",
    "LocationAbbr": "",
    "LocationDesc": "",
    "DataSource": "",
    "Topic": "",
    "Data_Value": "",
    "Sample_Size": "",
    "Stratification1": "",
    "StratificationId1": "",
    "LocationDisplayOrder": ""
  },
  {
    "ID": "",
    "Description": "",
    "LocationAbbr": "",
    "LocationDesc": "",
    "DataSource": "",
    "Topic": "",
    "Data_Value": "",
    "Sample_Size": "",
    "Stratification1": "",
    "StratificationId1": "",
    "LocationDisplayOrder": ""
  }
