[
  {
    "ID": 1575,
    "Description": 2014,
    "LocationAbbr": "US",
    "LocationDesc": "National",
    "DataSource": "BRFSS",
    "Topic": "Obesity / Weight Status",
    "Data_Value": 29,
    "Sample_Size": "183,706",
    "Stratification1": "Male",
    "StratificationId1": "MALE",
    "LocationDisplayOrder": 0
  },
  {
    "ID": 7745,
    "Description": 2014,
    "LocationAbbr": "AL",
    "LocationDesc": "Alabama",
    "DataSource": "BRFSS",
    "Topic": "Obesity / Weight Status",
    "Data_Value": 34.1,
    "Sample_Size": "3,034",
    "Stratification1": "Male",
    "StratificationId1": "MALE",
    "LocationDisplayOrder": 1
  },
  {
    "ID": 28116,
    "Description": 2014,
    "LocationAbbr": "AK",
    "LocationDesc": "Alaska",
    "DataSource": "BRFSS",
    "Topic": "Obesity / Weight Status",
    "Data_Value": 29.3,
    "Sample_Size": "1,921",
    "Stratification1": "Male",
    "StratificationId1": "MALE",
    "LocationDisplayOrder": 2
  },
  {
    "ID": 13137,
    "Description": 2014,
    "LocationAbbr": "AZ",
    "LocationDesc": "Arizona",
    "DataSource": "BRFSS",
    "Topic": "Obesity / Weight Status",
    "Data_Value": 29.1,
    "Sample_Size": "5,774",
    "Stratification1": "Male",
    "StratificationId1": "MALE",
    "LocationDisplayOrder": 4
  },
  {
    "ID": 4749,
    "Description": 2014,
    "LocationAbbr": "AR",
    "LocationDesc": "Arkansas",
    "DataSource": "BRFSS",
    "Topic": "Obesity / Weight Status",
    "Data_Value": 35.8,
    "Sample_Size": "1,841",
    "Stratification1": "Male",
    "StratificationId1": "MALE",
    "LocationDisplayOrder": 5
  },
  {
    "ID": 15744,
    "Description": 2014,
    "LocationAbbr": "CA",
    "LocationDesc": "California",
    "DataSource": "BRFSS",
    "Topic": "Obesity / Weight Status",
    "Data_Value": 24,
    "Sample_Size": "3,932",
    "Stratification1": "Male",
    "StratificationId1": "MALE",
    "LocationDisplayOrder": 6
  },
  {
    "ID": 30728,
    "Description": 2014,
    "LocationAbbr": "CO",
    "LocationDesc": "Colorado",
    "DataSource": "BRFSS",
    "Topic": "Obesity / Weight Status",
    "Data_Value": 21.9,
    "Sample_Size": "5,700",
    "Stratification1": "Male",
    "StratificationId1": "MALE",
    "LocationDisplayOrder": 8
  },
  {
    "ID": 21531,
    "Description": 2014,
    "LocationAbbr": "CT",
    "LocationDesc": "Connecticut",
    "DataSource": "BRFSS",
    "Topic": "Obesity / Weight Status",
    "Data_Value": 26.5,
    "Sample_Size": "3,266",
    "Stratification1": "Male",
    "StratificationId1": "MALE",
    "LocationDisplayOrder": 9
  },
  {
    "ID": 11528,
    "Description": 2014,
    "LocationAbbr": "DE",
    "LocationDesc": "Delaware",
    "DataSource": "BRFSS",
    "Topic": "Obesity / Weight Status",
    "Data_Value": 29.4,
    "Sample_Size": "1,684",
    "Stratification1": "Male",
    "StratificationId1": "MALE",
    "LocationDisplayOrder": 10
  },
  {
    "ID": 5103,
    "Description": 2014,
    "LocationAbbr": "DC",
    "LocationDesc": "District of Columbia",
    "DataSource": "BRFSS",
    "Topic": "Obesity / Weight Status",
    "Data_Value": 19.5,
    "Sample_Size": "1,552",
    "Stratification1": "Male",
    "StratificationId1": "MALE",
    "LocationDisplayOrder": 11
  },
  {
    "ID": 38099,
    "Description": 2014,
    "LocationAbbr": "FL",
    "LocationDesc": "Florida",
    "DataSource": "BRFSS",
    "Topic": "Obesity / Weight Status",
    "Data_Value": 25.8,
    "Sample_Size": "3,769",
    "Stratification1": "Male",
    "StratificationId1": "MALE",
    "LocationDisplayOrder": 12
  },
  {
    "ID": 19643,
    "Description": 2014,
    "LocationAbbr": "GA",
    "LocationDesc": "Georgia",
    "DataSource": "BRFSS",
    "Topic": "Obesity / Weight Status",
    "Data_Value": 28.6,
    "Sample_Size": "2,337",
    "Stratification1": "Male",
    "StratificationId1": "MALE",
    "LocationDisplayOrder": 13
  },
  {
    "ID": 11697,
    "Description": 2014,
    "LocationAbbr": "HI",
    "LocationDesc": "Hawaii",
    "DataSource": "BRFSS",
    "Topic": "Obesity / Weight Status",
    "Data_Value": 23.1,
    "Sample_Size": "3,369",
    "Stratification1": "Male",
    "StratificationId1": "MALE",
    "LocationDisplayOrder": 15
  },
  {
    "ID": 16675,
    "Description": 2014,
    "LocationAbbr": "ID",
    "LocationDesc": "Idaho",
    "DataSource": "BRFSS",
    "Topic": "Obesity / Weight Status",
    "Data_Value": 28.7,
    "Sample_Size": "2,198",
    "Stratification1": "Male",
    "StratificationId1": "MALE",
    "LocationDisplayOrder": 16
  },
  {
    "ID": 34791,
    "Description": 2014,
    "LocationAbbr": "IL",
    "LocationDesc": "Illinois",
    "DataSource": "BRFSS",
    "Topic": "Obesity / Weight Status",
    "Data_Value": 27.9,
    "Sample_Size": "2,130",
    "Stratification1": "Male",
    "StratificationId1": "MALE",
    "LocationDisplayOrder": 17
  },
  {
    "ID": 23128,
    "Description": 2014,
    "LocationAbbr": "IN",
    "LocationDesc": "Indiana",
    "DataSource": "BRFSS",
    "Topic": "Obesity / Weight Status",
    "Data_Value": 32.5,
    "Sample_Size": "4,534",
    "Stratification1": "Male",
    "StratificationId1": "MALE",
    "LocationDisplayOrder": 18
  },
  {
    "ID": 18138,
    "Description": 2014,
    "LocationAbbr": "IA",
    "LocationDesc": "Iowa",
    "DataSource": "BRFSS",
    "Topic": "Obesity / Weight Status",
    "Data_Value": 32,
    "Sample_Size": "3,310",
    "Stratification1": "Male",
    "StratificationId1": "MALE",
    "LocationDisplayOrder": 19
  },
  {
    "ID": 22604,
    "Description": 2014,
    "LocationAbbr": "KS",
    "LocationDesc": "Kansas",
    "DataSource": "BRFSS",
    "Topic": "Obesity / Weight Status",
    "Data_Value": 31.1,
    "Sample_Size": "5,695",
    "Stratification1": "Male",
    "StratificationId1": "MALE",
    "LocationDisplayOrder": 20
  },
  {
    "ID": 21779,
    "Description": 2014,
    "LocationAbbr": "KY",
    "LocationDesc": "Kentucky",
    "DataSource": "BRFSS",
    "Topic": "Obesity / Weight Status",
    "Data_Value": 33.3,
    "Sample_Size": "3,798",
    "Stratification1": "Male",
    "StratificationId1": "MALE",
    "LocationDisplayOrder": 21
  },
  {
    "ID": 3244,
    "Description": 2014,
    "LocationAbbr": "LA",
    "LocationDesc": "Louisiana",
    "DataSource": "BRFSS",
    "Topic": "Obesity / Weight Status",
    "Data_Value": 34,
    "Sample_Size": "2,510",
    "Stratification1": "Male",
    "StratificationId1": "MALE",
    "LocationDisplayOrder": 22
  },
  {
    "ID": 25176,
    "Description": 2014,
    "LocationAbbr": "ME",
    "LocationDesc": "Maine",
    "DataSource": "BRFSS",
    "Topic": "Obesity / Weight Status",
    "Data_Value": 27.9,
    "Sample_Size": "3,717",
    "Stratification1": "Male",
    "StratificationId1": "MALE",
    "LocationDisplayOrder": 23
  },
  {
    "ID": 3493,
    "Description": 2014,
    "LocationAbbr": "MD",
    "LocationDesc": "Maryland",
    "DataSource": "BRFSS",
    "Topic": "Obesity / Weight Status",
    "Data_Value": 27.8,
    "Sample_Size": "4,624",
    "Stratification1": "Male",
    "StratificationId1": "MALE",
    "LocationDisplayOrder": 24
  },
  {
    "ID": 13776,
    "Description": 2014,
    "LocationAbbr": "MA",
    "LocationDesc": "Massachusetts",
    "DataSource": "BRFSS",
    "Topic": "Obesity / Weight Status",
    "Data_Value": 23.6,
    "Sample_Size": "6,026",
    "Stratification1": "Male",
    "StratificationId1": "MALE",
    "LocationDisplayOrder": 25
  },
  {
    "ID": 9734,
    "Description": 2014,
    "LocationAbbr": "MI",
    "LocationDesc": "Michigan",
    "DataSource": "BRFSS",
    "Topic": "Obesity / Weight Status",
    "Data_Value": 30.9,
    "Sample_Size": "3,544",
    "Stratification1": "Male",
    "StratificationId1": "MALE",
    "LocationDisplayOrder": 26
  },
  {
    "ID": 29703,
    "Description": 2014,
    "LocationAbbr": "MN",
    "LocationDesc": "Minnesota",
    "DataSource": "BRFSS",
    "Topic": "Obesity / Weight Status",
    "Data_Value": 29.7,
    "Sample_Size": "7,301",
    "Stratification1": "Male",
    "StratificationId1": "MALE",
    "LocationDisplayOrder": 27
  },
  {
    "ID": 18426,
    "Description": 2014,
    "LocationAbbr": "MS",
    "LocationDesc": "Mississippi",
    "DataSource": "BRFSS",
    "Topic": "Obesity / Weight Status",
    "Data_Value": 32.9,
    "Sample_Size": "1,475",
    "Stratification1": "Male",
    "StratificationId1": "MALE",
    "LocationDisplayOrder": 28
  },
  {
    "ID": 25262,
    "Description": 2014,
    "LocationAbbr": "MO",
    "LocationDesc": "Missouri",
    "DataSource": "BRFSS",
    "Topic": "Obesity / Weight Status",
    "Data_Value": 30.2,
    "Sample_Size": "2,772",
    "Stratification1": "Male",
    "StratificationId1": "MALE",
    "LocationDisplayOrder": 29
  },
  {
    "ID": 6384,
    "Description": 2014,
    "LocationAbbr": "MT",
    "LocationDesc": "Montana",
    "DataSource": "BRFSS",
    "Topic": "Obesity / Weight Status",
    "Data_Value": 27.7,
    "Sample_Size": "3,233",
    "Stratification1": "Male",
    "StratificationId1": "MALE",
    "LocationDisplayOrder": 30
  },
  {
    "ID": 3079,
    "Description": 2014,
    "LocationAbbr": "NE",
    "LocationDesc": "Nebraska",
    "DataSource": "BRFSS",
    "Topic": "Obesity / Weight Status",
    "Data_Value": 31.7,
    "Sample_Size": "9,399",
    "Stratification1": "Male",
    "StratificationId1": "MALE",
    "LocationDisplayOrder": 31
  },
  {
    "ID": 14742,
    "Description": 2014,
    "LocationAbbr": "NV",
    "LocationDesc": "Nevada",
    "DataSource": "BRFSS",
    "Topic": "Obesity / Weight Status",
    "Data_Value": 29.9,
    "Sample_Size": "1,573",
    "Stratification1": "Male",
    "StratificationId1": "MALE",
    "LocationDisplayOrder": 32
  },
  {
    "ID": 4248,
    "Description": 2014,
    "LocationAbbr": "NH",
    "LocationDesc": "New Hampshire",
    "DataSource": "BRFSS",
    "Topic": "Obesity / Weight Status",
    "Data_Value": 29.5,
    "Sample_Size": "2,509",
    "Stratification1": "Male",
    "StratificationId1": "MALE",
    "LocationDisplayOrder": 33
  },
  {
    "ID": 13622,
    "Description": 2014,
    "LocationAbbr": "NJ",
    "LocationDesc": "New Jersey",
    "DataSource": "BRFSS",
    "Topic": "Obesity / Weight Status",
    "Data_Value": 28.5,
    "Sample_Size": "5,147",
    "Stratification1": "Male",
    "StratificationId1": "MALE",
    "LocationDisplayOrder": 34
  },
  {
    "ID": 9677,
    "Description": 2014,
    "LocationAbbr": "NM",
    "LocationDesc": "New Mexico",
    "DataSource": "BRFSS",
    "Topic": "Obesity / Weight Status",
    "Data_Value": 27.5,
    "Sample_Size": "3,586",
    "Stratification1": "Male",
    "StratificationId1": "MALE",
    "LocationDisplayOrder": 35
  },
  {
    "ID": 8383,
    "Description": 2014,
    "LocationAbbr": "NY",
    "LocationDesc": "New York",
    "DataSource": "BRFSS",
    "Topic": "Obesity / Weight Status",
    "Data_Value": 27.8,
    "Sample_Size": "2,756",
    "Stratification1": "Male",
    "StratificationId1": "MALE",
    "LocationDisplayOrder": 36
  },
  {
    "ID": 7011,
    "Description": 2014,
    "LocationAbbr": "NC",
    "LocationDesc": "North Carolina",
    "DataSource": "BRFSS",
    "Topic": "Obesity / Weight Status",
    "Data_Value": 28.3,
    "Sample_Size": "2,942",
    "Stratification1": "Male",
    "StratificationId1": "MALE",
    "LocationDisplayOrder": 37
  },
  {
    "ID": 17824,
    "Description": 2014,
    "LocationAbbr": "ND",
    "LocationDesc": "North Dakota",
    "DataSource": "BRFSS",
    "Topic": "Obesity / Weight Status",
    "Data_Value": 34.7,
    "Sample_Size": "3,166",
    "Stratification1": "Male",
    "StratificationId1": "MALE",
    "LocationDisplayOrder": 38
  },
  {
    "ID": 32859,
    "Description": 2014,
    "LocationAbbr": "OH",
    "LocationDesc": "Ohio",
    "DataSource": "BRFSS",
    "Topic": "Obesity / Weight Status",
    "Data_Value": 32.8,
    "Sample_Size": "4,211",
    "Stratification1": "Male",
    "StratificationId1": "MALE",
    "LocationDisplayOrder": 39
  },
  {
    "ID": 13120,
    "Description": 2014,
    "LocationAbbr": "OK",
    "LocationDesc": "Oklahoma",
    "DataSource": "BRFSS",
    "Topic": "Obesity / Weight Status",
    "Data_Value": 33.5,
    "Sample_Size": "3,356",
    "Stratification1": "Male",
    "StratificationId1": "MALE",
    "LocationDisplayOrder": 40
  },
  {
    "ID": 21942,
    "Description": 2014,
    "LocationAbbr": "OR",
    "LocationDesc": "Oregon",
    "DataSource": "BRFSS",
    "Topic": "Obesity / Weight Status",
    "Data_Value": 27.1,
    "Sample_Size": "2,147",
    "Stratification1": "Male",
    "StratificationId1": "MALE",
    "LocationDisplayOrder": 41
  },
  {
    "ID": 16159,
    "Description": 2014,
    "LocationAbbr": "PA",
    "LocationDesc": "Pennsylvania",
    "DataSource": "BRFSS",
    "Topic": "Obesity / Weight Status",
    "Data_Value": 31.2,
    "Sample_Size": "4,387",
    "Stratification1": "Male",
    "StratificationId1": "MALE",
    "LocationDisplayOrder": 42
  },
  {
    "ID": 28875,
    "Description": 2014,
    "LocationAbbr": "RI",
    "LocationDesc": "Rhode Island",
    "DataSource": "BRFSS",
    "Topic": "Obesity / Weight Status",
    "Data_Value": 28.2,
    "Sample_Size": "2,455",
    "Stratification1": "Male",
    "StratificationId1": "MALE",
    "LocationDisplayOrder": 44
  },
  {
    "ID": 34418,
    "Description": 2014,
    "LocationAbbr": "SC",
    "LocationDesc": "South Carolina",
    "DataSource": "BRFSS",
    "Topic": "Obesity / Weight Status",
    "Data_Value": 31.7,
    "Sample_Size": "4,482",
    "Stratification1": "Male",
    "StratificationId1": "MALE",
    "LocationDisplayOrder": 45
  },
  {
    "ID": 34568,
    "Description": 2014,
    "LocationAbbr": "SD",
    "LocationDesc": "South Dakota",
    "DataSource": "BRFSS",
    "Topic": "Obesity / Weight Status",
    "Data_Value": 31.5,
    "Sample_Size": "3,147",
    "Stratification1": "Male",
    "StratificationId1": "MALE",
    "LocationDisplayOrder": 46
  },
  {
    "ID": 36269,
    "Description": 2014,
    "LocationAbbr": "TN",
    "LocationDesc": "Tennessee",
    "DataSource": "BRFSS",
    "Topic": "Obesity / Weight Status",
    "Data_Value": 32,
    "Sample_Size": "1,819",
    "Stratification1": "Male",
    "StratificationId1": "MALE",
    "LocationDisplayOrder": 47
  },
  {
    "ID": 29062,
    "Description": 2014,
    "LocationAbbr": "TX",
    "LocationDesc": "Texas",
    "DataSource": "BRFSS",
    "Topic": "Obesity / Weight Status",
    "Data_Value": 33.2,
    "Sample_Size": "5,939",
    "Stratification1": "Male",
    "StratificationId1": "MALE",
    "LocationDisplayOrder": 48
  },
  {
    "ID": 14809,
    "Description": 2014,
    "LocationAbbr": "UT",
    "LocationDesc": "Utah",
    "DataSource": "BRFSS",
    "Topic": "Obesity / Weight Status",
    "Data_Value": 25.7,
    "Sample_Size": "6,702",
    "Stratification1": "Male",
    "StratificationId1": "MALE",
    "LocationDisplayOrder": 49
  },
  {
    "ID": 33398,
    "Description": 2014,
    "LocationAbbr": "VT",
    "LocationDesc": "Vermont",
    "DataSource": "BRFSS",
    "Topic": "Obesity / Weight Status",
    "Data_Value": 25.3,
    "Sample_Size": "2,788",
    "Stratification1": "Male",
    "StratificationId1": "MALE",
    "LocationDisplayOrder": 50
  },
  {
    "ID": 2184,
    "Description": 2014,
    "LocationAbbr": "VA",
    "LocationDesc": "Virginia",
    "DataSource": "BRFSS",
    "Topic": "Obesity / Weight Status",
    "Data_Value": 27.7,
    "Sample_Size": "3,880",
    "Stratification1": "Male",
    "StratificationId1": "MALE",
    "LocationDisplayOrder": 51
  },
  {
    "ID": 14112,
    "Description": 2014,
    "LocationAbbr": "WA",
    "LocationDesc": "Washington",
    "DataSource": "BRFSS",
    "Topic": "Obesity / Weight Status",
    "Data_Value": 28.5,
    "Sample_Size": "4,142",
    "Stratification1": "Male",
    "StratificationId1": "MALE",
    "LocationDisplayOrder": 53
  },
  {
    "ID": 24407,
    "Description": 2014,
    "LocationAbbr": "WV",
    "LocationDesc": "West Virginia",
    "DataSource": "BRFSS",
    "Topic": "Obesity / Weight Status",
    "Data_Value": 35.3,
    "Sample_Size": "2,555",
    "Stratification1": "Male",
    "StratificationId1": "MALE",
    "LocationDisplayOrder": 54
  },
  {
    "ID": 23059,
    "Description": 2014,
    "LocationAbbr": "WI",
    "LocationDesc": "Wisconsin",
    "DataSource": "BRFSS",
    "Topic": "Obesity / Weight Status",
    "Data_Value": 31.8,
    "Sample_Size": "3,082",
    "Stratification1": "Male",
    "StratificationId1": "MALE",
    "LocationDisplayOrder": 55
  },
  {
    "ID": 37952,
    "Description": 2014,
    "LocationAbbr": "WY",
    "LocationDesc": "Wyoming",
    "DataSource": "BRFSS",
    "Topic": "Obesity / Weight Status",
    "Data_Value": 29.7,
    "Sample_Size": "2,490",
    "Stratification1": "Male",
    "StratificationId1": "MALE",
    "LocationDisplayOrder": 56
  },
  {
    "ID": 1951,
    "Description": 2014,
    "LocationAbbr": "GU",
    "LocationDesc": "Guam",
    "DataSource": "BRFSS",
    "Topic": "Obesity / Weight Status",
    "Data_Value": 27,
    "Sample_Size": "1,062",
    "Stratification1": "Male",
    "StratificationId1": "MALE",
    "LocationDisplayOrder": 66
  },
  {
    "ID": 1401,
    "Description": 2014,
    "LocationAbbr": "PR",
    "LocationDesc": "Puerto Rico",
    "DataSource": "BRFSS",
    "Topic": "Obesity / Weight Status",
    "Data_Value": 26.8,
    "Sample_Size": "2,115",
    "Stratification1": "Male",
    "StratificationId1": "MALE",
    "LocationDisplayOrder": 72
  },
  {
    "ID": "",
    "Description": "",
    "LocationAbbr": "",
    "LocationDesc": "",
    "DataSource": "",
    "Topic": "",
    "Data_Value": "",
    "Sample_Size": "",
    "Stratification1": "",
    "StratificationId1": "",
    "LocationDisplayOrder": ""
  },
  {
    "ID": "",
    "Description": "",
    "LocationAbbr": "",
    "LocationDesc": "",
    "DataSource": "",
    "Topic": "",
    "Data_Value": "",
    "Sample_Size": "",
    "Stratification1": "",
    "StratificationId1": "",
    "LocationDisplayOrder": ""
  },
  {
    "ID": "",
    "Description": "",
    "LocationAbbr": "",
    "LocationDesc": "",
    "DataSource": "",
    "Topic": "",
    "Data_Value": "",
    "Sample_Size": "",
    "Stratification1": "",
    "StratificationId1": "",
    "LocationDisplayOrder": ""
  },
  {
    "ID": "",
    "Description": "",
    "LocationAbbr": "",
    "LocationDesc": "",
    "DataSource": "",
    "Topic": "",
    "Data_Value": "",
    "Sample_Size": "",
    "Stratification1": "",
    "StratificationId1": "",
    "LocationDisplayOrder": ""
  },
  {
    "ID": "",
    "Description": "",
    "LocationAbbr": "",
    "LocationDesc": "",
    "DataSource": "",
    "Topic": "",
    "Data_Value": "",
    "Sample_Size": "",
    "Stratification1": "",
    "StratificationId1": "",
    "LocationDisplayOrder": ""
  },
  {
    "ID": "",
    "Description": "",
    "LocationAbbr": "",
    "LocationDesc": "",
    "DataSource": "",
    "Topic": "",
    "Data_Value": "",
    "Sample_Size": "",
    "Stratification1": "",
    "StratificationId1": "",
    "LocationDisplayOrder": ""
  },
  {
    "ID": "",
    "Description": "",
    "LocationAbbr": "",
    "LocationDesc": "",
    "DataSource": "",
    "Topic": "",
    "Data_Value": "",
    "Sample_Size": "",
    "Stratification1": "",
    "StratificationId1": "",
    "LocationDisplayOrder": ""
  },
  {
    "ID": "",
    "Description": "",
    "LocationAbbr": "",
    "LocationDesc": "",
    "DataSource": "",
    "Topic": "",
    "Data_Value": "",
    "Sample_Size": "",
    "Stratification1": "",
    "StratificationId1": "",
    "LocationDisplayOrder": ""
  },
  {
    "ID": "",
    "Description": "",
    "LocationAbbr": "",
    "LocationDesc": "",
    "DataSource": "",
    "Topic": "",
    "Data_Value": "",
    "Sample_Size": "",
    "Stratification1": "",
    "StratificationId1": "",
    "LocationDisplayOrder": ""
  }
]