[
  {
    "ID": 664,
    "Description": 2014,
    "LocationAbbr": "US",
    "LocationDesc": "National",
    "DataSource": "BRFSS",
    "Topic": "Obesity / Weight Status",
    "Data_Value": 30.1,
    "Sample_Size": "8,036",
    "Stratification1": "2 or more races",
    "StratificationId1": "RACE2PLUS",
    "LocationDisplayOrder": 0
  },
  {
    "ID": 26980,
    "Description": 2014,
    "LocationAbbr": "AL",
    "LocationDesc": "Alabama",
    "DataSource": "BRFSS",
    "Topic": "Obesity / Weight Status",
    "Data_Value": 39.3,
    "Sample_Size": 90,
    "Stratification1": "2 or more races",
    "StratificationId1": "RACE2PLUS",
    "LocationDisplayOrder": 1
  },
  {
    "ID": 24554,
    "Description": 2014,
    "LocationAbbr": "AK",
    "LocationDesc": "Alaska",
    "DataSource": "BRFSS",
    "Topic": "Obesity / Weight Status",
    "Data_Value": 34,
    "Sample_Size": 158,
    "Stratification1": "2 or more races",
    "StratificationId1": "RACE2PLUS",
    "LocationDisplayOrder": 2
  },
  {
    "ID": 31895,
    "Description": 2014,
    "LocationAbbr": "AZ",
    "LocationDesc": "Arizona",
    "DataSource": "BRFSS",
    "Topic": "Obesity / Weight Status",
    "Data_Value": 29.5,
    "Sample_Size": 161,
    "Stratification1": "2 or more races",
    "StratificationId1": "RACE2PLUS",
    "LocationDisplayOrder": 4
  },
  {
    "ID": 7078,
    "Description": 2014,
    "LocationAbbr": "AR",
    "LocationDesc": "Arkansas",
    "DataSource": "BRFSS",
    "Topic": "Obesity / Weight Status",
    "Data_Value": 53.6,
    "Sample_Size": 95,
    "Stratification1": "2 or more races",
    "StratificationId1": "RACE2PLUS",
    "LocationDisplayOrder": 5
  },
  {
    "ID": 6649,
    "Description": 2014,
    "LocationAbbr": "CA",
    "LocationDesc": "California",
    "DataSource": "BRFSS",
    "Topic": "Obesity / Weight Status",
    "Data_Value": 28.6,
    "Sample_Size": 175,
    "Stratification1": "2 or more races",
    "StratificationId1": "RACE2PLUS",
    "LocationDisplayOrder": 6
  },
  {
    "ID": 21886,
    "Description": 2014,
    "LocationAbbr": "CO",
    "LocationDesc": "Colorado",
    "DataSource": "BRFSS",
    "Topic": "Obesity / Weight Status",
    "Data_Value": 18.2,
    "Sample_Size": 171,
    "Stratification1": "2 or more races",
    "StratificationId1": "RACE2PLUS",
    "LocationDisplayOrder": 8
  },
  {
    "ID": 24217,
    "Description": 2014,
    "LocationAbbr": "CT",
    "LocationDesc": "Connecticut",
    "DataSource": "BRFSS",
    "Topic": "Obesity / Weight Status",
    "Data_Value": 38.6,
    "Sample_Size": 70,
    "Stratification1": "2 or more races",
    "StratificationId1": "RACE2PLUS",
    "LocationDisplayOrder": 9
  },
  {
    "ID": 17743,
    "Description": 2014,
    "LocationAbbr": "DE",
    "LocationDesc": "Delaware",
    "DataSource": "BRFSS",
    "Topic": "Obesity / Weight Status",
    "Data_Value": 27.5,
    "Sample_Size": 307,
    "Stratification1": "2 or more races",
    "StratificationId1": "RACE2PLUS",
    "LocationDisplayOrder": 10
  },
  {
    "ID": 6915,
    "Description": 2014,
    "LocationAbbr": "DC",
    "LocationDesc": "District of Columbia",
    "DataSource": "BRFSS",
    "Topic": "Obesity / Weight Status",
    "Data_Value": 34.2,
    "Sample_Size": 74,
    "Stratification1": "2 or more races",
    "StratificationId1": "RACE2PLUS",
    "LocationDisplayOrder": 11
  },
  {
    "ID": 9254,
    "Description": 2014,
    "LocationAbbr": "FL",
    "LocationDesc": "Florida",
    "DataSource": "BRFSS",
    "Topic": "Obesity / Weight Status",
    "Data_Value": 23.2,
    "Sample_Size": 143,
    "Stratification1": "2 or more races",
    "StratificationId1": "RACE2PLUS",
    "LocationDisplayOrder": 12
  },
  {
    "ID": 24558,
    "Description": 2014,
    "LocationAbbr": "GA",
    "LocationDesc": "Georgia",
    "DataSource": "BRFSS",
    "Topic": "Obesity / Weight Status",
    "Data_Value": 27.2,
    "Sample_Size": 94,
    "Stratification1": "2 or more races",
    "StratificationId1": "RACE2PLUS",
    "LocationDisplayOrder": 13
  },
  {
    "ID": 30758,
    "Description": 2014,
    "LocationAbbr": "HI",
    "LocationDesc": "Hawaii",
    "DataSource": "BRFSS",
    "Topic": "Obesity / Weight Status",
    "Data_Value": 32.1,
    "Sample_Size": "1,737",
    "Stratification1": "2 or more races",
    "StratificationId1": "RACE2PLUS",
    "LocationDisplayOrder": 15
  },
  {
    "ID": 2288,
    "Description": 2014,
    "LocationAbbr": "ID",
    "LocationDesc": "Idaho",
    "DataSource": "BRFSS",
    "Topic": "Obesity / Weight Status",
    "Data_Value": 31.8,
    "Sample_Size": 62,
    "Stratification1": "2 or more races",
    "StratificationId1": "RACE2PLUS",
    "LocationDisplayOrder": 16
  },
  {
    "ID": 36737,
    "Description": 2014,
    "LocationAbbr": "IL",
    "LocationDesc": "Illinois",
    "DataSource": "BRFSS",
    "Topic": "Obesity / Weight Status",
    "Data_Value": 23.1,
    "Sample_Size": 60,
    "Stratification1": "2 or more races",
    "StratificationId1": "RACE2PLUS",
    "LocationDisplayOrder": 17
  },
  {
    "ID": 28186,
    "Description": 2014,
    "LocationAbbr": "IN",
    "LocationDesc": "Indiana",
    "DataSource": "BRFSS",
    "Topic": "Obesity / Weight Status",
    "Data_Value": 30.1,
    "Sample_Size": 124,
    "Stratification1": "2 or more races",
    "StratificationId1": "RACE2PLUS",
    "LocationDisplayOrder": 18
  },
  {
    "ID": 23453,
    "Description": 2014,
    "LocationAbbr": "IA",
    "LocationDesc": "Iowa",
    "DataSource": "BRFSS",
    "Topic": "Obesity / Weight Status",
    "Data_Value": 24,
    "Sample_Size": 54,
    "Stratification1": "2 or more races",
    "StratificationId1": "RACE2PLUS",
    "LocationDisplayOrder": 19
  },
  {
    "ID": 5450,
    "Description": 2014,
    "LocationAbbr": "KS",
    "LocationDesc": "Kansas",
    "DataSource": "BRFSS",
    "Topic": "Obesity / Weight Status",
    "Data_Value": 33.9,
    "Sample_Size": 222,
    "Stratification1": "2 or more races",
    "StratificationId1": "RACE2PLUS",
    "LocationDisplayOrder": 20
  },
  {
    "ID": 14301,
    "Description": 2014,
    "LocationAbbr": "KY",
    "LocationDesc": "Kentucky",
    "DataSource": "BRFSS",
    "Topic": "Obesity / Weight Status",
    "Data_Value": 37,
    "Sample_Size": 171,
    "Stratification1": "2 or more races",
    "StratificationId1": "RACE2PLUS",
    "LocationDisplayOrder": 21
  },
  {
    "ID": 23300,
    "Description": 2014,
    "LocationAbbr": "LA",
    "LocationDesc": "Louisiana",
    "DataSource": "BRFSS",
    "Topic": "Obesity / Weight Status",
    "Data_Value": 44.3,
    "Sample_Size": 67,
    "Stratification1": "2 or more races",
    "StratificationId1": "RACE2PLUS",
    "LocationDisplayOrder": 22
  },
  {
    "ID": 28264,
    "Description": 2014,
    "LocationAbbr": "ME",
    "LocationDesc": "Maine",
    "DataSource": "BRFSS",
    "Topic": "Obesity / Weight Status",
    "Data_Value": 19.3,
    "Sample_Size": 77,
    "Stratification1": "2 or more races",
    "StratificationId1": "RACE2PLUS",
    "LocationDisplayOrder": 23
  },
  {
    "ID": 5199,
    "Description": 2014,
    "LocationAbbr": "MD",
    "LocationDesc": "Maryland",
    "DataSource": "BRFSS",
    "Topic": "Obesity / Weight Status",
    "Data_Value": 26.8,
    "Sample_Size": 163,
    "Stratification1": "2 or more races",
    "StratificationId1": "RACE2PLUS",
    "LocationDisplayOrder": 24
  },
  {
    "ID": 3346,
    "Description": 2014,
    "LocationAbbr": "MA",
    "LocationDesc": "Massachusetts",
    "DataSource": "BRFSS",
    "Topic": "Obesity / Weight Status",
    "Data_Value": 26.7,
    "Sample_Size": 247,
    "Stratification1": "2 or more races",
    "StratificationId1": "RACE2PLUS",
    "LocationDisplayOrder": 25
  },
  {
    "ID": 25802,
    "Description": 2014,
    "LocationAbbr": "MI",
    "LocationDesc": "Michigan",
    "DataSource": "BRFSS",
    "Topic": "Obesity / Weight Status",
    "Data_Value": 35.3,
    "Sample_Size": 162,
    "Stratification1": "2 or more races",
    "StratificationId1": "RACE2PLUS",
    "LocationDisplayOrder": 26
  },
  {
    "ID": 22307,
    "Description": 2014,
    "LocationAbbr": "MN",
    "LocationDesc": "Minnesota",
    "DataSource": "BRFSS",
    "Topic": "Obesity / Weight Status",
    "Data_Value": 36.6,
    "Sample_Size": 144,
    "Stratification1": "2 or more races",
    "StratificationId1": "RACE2PLUS",
    "LocationDisplayOrder": 27
  },
  {
    "ID": 50929,
    "Description": 2014,
    "LocationAbbr": "MS",
    "LocationDesc": "Mississippi",
    "DataSource": "BRFSS",
    "Topic": "Obesity / Weight Status",
    "Data_Value": "~",
    "Sample_Size": "~",
    "Stratification1": "2 or more races",
    "StratificationId1": "RACE2PLUS",
    "LocationDisplayOrder": 28
  },
  {
    "ID": 21965,
    "Description": 2014,
    "LocationAbbr": "MO",
    "LocationDesc": "Missouri",
    "DataSource": "BRFSS",
    "Topic": "Obesity / Weight Status",
    "Data_Value": 24.3,
    "Sample_Size": 117,
    "Stratification1": "2 or more races",
    "StratificationId1": "RACE2PLUS",
    "LocationDisplayOrder": 29
  },
  {
    "ID": 16740,
    "Description": 2014,
    "LocationAbbr": "MT",
    "LocationDesc": "Montana",
    "DataSource": "BRFSS",
    "Topic": "Obesity / Weight Status",
    "Data_Value": 36.8,
    "Sample_Size": 124,
    "Stratification1": "2 or more races",
    "StratificationId1": "RACE2PLUS",
    "LocationDisplayOrder": 30
  },
  {
    "ID": 22747,
    "Description": 2014,
    "LocationAbbr": "NE",
    "LocationDesc": "Nebraska",
    "DataSource": "BRFSS",
    "Topic": "Obesity / Weight Status",
    "Data_Value": 45.9,
    "Sample_Size": 170,
    "Stratification1": "2 or more races",
    "StratificationId1": "RACE2PLUS",
    "LocationDisplayOrder": 31
  },
  {
    "ID": 20714,
    "Description": 2014,
    "LocationAbbr": "NV",
    "LocationDesc": "Nevada",
    "DataSource": "BRFSS",
    "Topic": "Obesity / Weight Status",
    "Data_Value": 20.6,
    "Sample_Size": 126,
    "Stratification1": "2 or more races",
    "StratificationId1": "RACE2PLUS",
    "LocationDisplayOrder": 32
  },
  {
    "ID": 37720,
    "Description": 2014,
    "LocationAbbr": "NH",
    "LocationDesc": "New Hampshire",
    "DataSource": "BRFSS",
    "Topic": "Obesity / Weight Status",
    "Data_Value": 20.5,
    "Sample_Size": 55,
    "Stratification1": "2 or more races",
    "StratificationId1": "RACE2PLUS",
    "LocationDisplayOrder": 33
  },
  {
    "ID": 34143,
    "Description": 2014,
    "LocationAbbr": "NJ",
    "LocationDesc": "New Jersey",
    "DataSource": "BRFSS",
    "Topic": "Obesity / Weight Status",
    "Data_Value": 31.4,
    "Sample_Size": 105,
    "Stratification1": "2 or more races",
    "StratificationId1": "RACE2PLUS",
    "LocationDisplayOrder": 34
  },
  {
    "ID": 12790,
    "Description": 2014,
    "LocationAbbr": "NM",
    "LocationDesc": "New Mexico",
    "DataSource": "BRFSS",
    "Topic": "Obesity / Weight Status",
    "Data_Value": 45.7,
    "Sample_Size": 81,
    "Stratification1": "2 or more races",
    "StratificationId1": "RACE2PLUS",
    "LocationDisplayOrder": 35
  },
  {
    "ID": 32805,
    "Description": 2014,
    "LocationAbbr": "NY",
    "LocationDesc": "New York",
    "DataSource": "BRFSS",
    "Topic": "Obesity / Weight Status",
    "Data_Value": 23.3,
    "Sample_Size": 62,
    "Stratification1": "2 or more races",
    "StratificationId1": "RACE2PLUS",
    "LocationDisplayOrder": 36
  },
  {
    "ID": 9765,
    "Description": 2014,
    "LocationAbbr": "NC",
    "LocationDesc": "North Carolina",
    "DataSource": "BRFSS",
    "Topic": "Obesity / Weight Status",
    "Data_Value": 23.3,
    "Sample_Size": 83,
    "Stratification1": "2 or more races",
    "StratificationId1": "RACE2PLUS",
    "LocationDisplayOrder": 37
  },
  {
    "ID": 57484,
    "Description": 2014,
    "LocationAbbr": "ND",
    "LocationDesc": "North Dakota",
    "DataSource": "BRFSS",
    "Topic": "Obesity / Weight Status",
    "Data_Value": "~",
    "Sample_Size": "~",
    "Stratification1": "2 or more races",
    "StratificationId1": "RACE2PLUS",
    "LocationDisplayOrder": 38
  },
  {
    "ID": 3603,
    "Description": 2014,
    "LocationAbbr": "OH",
    "LocationDesc": "Ohio",
    "DataSource": "BRFSS",
    "Topic": "Obesity / Weight Status",
    "Data_Value": 41.6,
    "Sample_Size": 161,
    "Stratification1": "2 or more races",
    "StratificationId1": "RACE2PLUS",
    "LocationDisplayOrder": 39
  },
  {
    "ID": 14510,
    "Description": 2014,
    "LocationAbbr": "OK",
    "LocationDesc": "Oklahoma",
    "DataSource": "BRFSS",
    "Topic": "Obesity / Weight Status",
    "Data_Value": 37.3,
    "Sample_Size": 461,
    "Stratification1": "2 or more races",
    "StratificationId1": "RACE2PLUS",
    "LocationDisplayOrder": 40
  },
  {
    "ID": 6494,
    "Description": 2014,
    "LocationAbbr": "OR",
    "LocationDesc": "Oregon",
    "DataSource": "BRFSS",
    "Topic": "Obesity / Weight Status",
    "Data_Value": 26.6,
    "Sample_Size": 267,
    "Stratification1": "2 or more races",
    "StratificationId1": "RACE2PLUS",
    "LocationDisplayOrder": 41
  },
  {
    "ID": 7252,
    "Description": 2014,
    "LocationAbbr": "PA",
    "LocationDesc": "Pennsylvania",
    "DataSource": "BRFSS",
    "Topic": "Obesity / Weight Status",
    "Data_Value": 29.4,
    "Sample_Size": 75,
    "Stratification1": "2 or more races",
    "StratificationId1": "RACE2PLUS",
    "LocationDisplayOrder": 42
  },
  {
    "ID": 1314,
    "Description": 2014,
    "LocationAbbr": "RI",
    "LocationDesc": "Rhode Island",
    "DataSource": "BRFSS",
    "Topic": "Obesity / Weight Status",
    "Data_Value": 27.1,
    "Sample_Size": 55,
    "Stratification1": "2 or more races",
    "StratificationId1": "RACE2PLUS",
    "LocationDisplayOrder": 44
  },
  {
    "ID": 4288,
    "Description": 2014,
    "LocationAbbr": "SC",
    "LocationDesc": "South Carolina",
    "DataSource": "BRFSS",
    "Topic": "Obesity / Weight Status",
    "Data_Value": 17.3,
    "Sample_Size": 172,
    "Stratification1": "2 or more races",
    "StratificationId1": "RACE2PLUS",
    "LocationDisplayOrder": 45
  },
  {
    "ID": 6222,
    "Description": 2014,
    "LocationAbbr": "SD",
    "LocationDesc": "South Dakota",
    "DataSource": "BRFSS",
    "Topic": "Obesity / Weight Status",
    "Data_Value": 54.3,
    "Sample_Size": 95,
    "Stratification1": "2 or more races",
    "StratificationId1": "RACE2PLUS",
    "LocationDisplayOrder": 46
  },
  {
    "ID": 55346,
    "Description": 2014,
    "LocationAbbr": "TN",
    "LocationDesc": "Tennessee",
    "DataSource": "BRFSS",
    "Topic": "Obesity / Weight Status",
    "Data_Value": "~",
    "Sample_Size": "~",
    "Stratification1": "2 or more races",
    "StratificationId1": "RACE2PLUS",
    "LocationDisplayOrder": 47
  },
  {
    "ID": 8967,
    "Description": 2014,
    "LocationAbbr": "TX",
    "LocationDesc": "Texas",
    "DataSource": "BRFSS",
    "Topic": "Obesity / Weight Status",
    "Data_Value": 30.4,
    "Sample_Size": 178,
    "Stratification1": "2 or more races",
    "StratificationId1": "RACE2PLUS",
    "LocationDisplayOrder": 48
  },
  {
    "ID": 33538,
    "Description": 2014,
    "LocationAbbr": "UT",
    "LocationDesc": "Utah",
    "DataSource": "BRFSS",
    "Topic": "Obesity / Weight Status",
    "Data_Value": 26.7,
    "Sample_Size": 120,
    "Stratification1": "2 or more races",
    "StratificationId1": "RACE2PLUS",
    "LocationDisplayOrder": 49
  },
  {
    "ID": 2370,
    "Description": 2014,
    "LocationAbbr": "VT",
    "LocationDesc": "Vermont",
    "DataSource": "BRFSS",
    "Topic": "Obesity / Weight Status",
    "Data_Value": 27.1,
    "Sample_Size": 70,
    "Stratification1": "2 or more races",
    "StratificationId1": "RACE2PLUS",
    "LocationDisplayOrder": 50
  },
  {
    "ID": 27073,
    "Description": 2014,
    "LocationAbbr": "VA",
    "LocationDesc": "Virginia",
    "DataSource": "BRFSS",
    "Topic": "Obesity / Weight Status",
    "Data_Value": 29.1,
    "Sample_Size": 119,
    "Stratification1": "2 or more races",
    "StratificationId1": "RACE2PLUS",
    "LocationDisplayOrder": 51
  },
  {
    "ID": 37572,
    "Description": 2014,
    "LocationAbbr": "WA",
    "LocationDesc": "Washington",
    "DataSource": "BRFSS",
    "Topic": "Obesity / Weight Status",
    "Data_Value": 37.2,
    "Sample_Size": 184,
    "Stratification1": "2 or more races",
    "StratificationId1": "RACE2PLUS",
    "LocationDisplayOrder": 53
  },
  {
    "ID": 20112,
    "Description": 2014,
    "LocationAbbr": "WV",
    "LocationDesc": "West Virginia",
    "DataSource": "BRFSS",
    "Topic": "Obesity / Weight Status",
    "Data_Value": 36.5,
    "Sample_Size": 82,
    "Stratification1": "2 or more races",
    "StratificationId1": "RACE2PLUS",
    "LocationDisplayOrder": 54
  },
  {
    "ID": 34855,
    "Description": 2014,
    "LocationAbbr": "WI",
    "LocationDesc": "Wisconsin",
    "DataSource": "BRFSS",
    "Topic": "Obesity / Weight Status",
    "Data_Value": 54,
    "Sample_Size": 67,
    "Stratification1": "2 or more races",
    "StratificationId1": "RACE2PLUS",
    "LocationDisplayOrder": 55
  },
  {
    "ID": 13865,
    "Description": 2014,
    "LocationAbbr": "WY",
    "LocationDesc": "Wyoming",
    "DataSource": "BRFSS",
    "Topic": "Obesity / Weight Status",
    "Data_Value": 19.6,
    "Sample_Size": 70,
    "Stratification1": "2 or more races",
    "StratificationId1": "RACE2PLUS",
    "LocationDisplayOrder": 56
  },
  {
    "ID": 488,
    "Description": 2014,
    "LocationAbbr": "GU",
    "LocationDesc": "Guam",
    "DataSource": "BRFSS",
    "Topic": "Obesity / Weight Status",
    "Data_Value": 32.5,
    "Sample_Size": 323,
    "Stratification1": "2 or more races",
    "StratificationId1": "RACE2PLUS",
    "LocationDisplayOrder": 66
  },
  {
    "ID": 44293,
    "Description": 2014,
    "LocationAbbr": "PR",
    "LocationDesc": "Puerto Rico",
    "DataSource": "BRFSS",
    "Topic": "Obesity / Weight Status",
    "Data_Value": "~",
    "Sample_Size": "~",
    "Stratification1": "2 or more races",
    "StratificationId1": "RACE2PLUS",
    "LocationDisplayOrder": 72
  },
  {
    "ID": "",
    "Description": "",
    "LocationAbbr": "",
    "LocationDesc": "",
    "DataSource": "",
    "Topic": "",
    "Data_Value": "",
    "Sample_Size": "",
    "Stratification1": "",
    "StratificationId1": "",
    "LocationDisplayOrder": ""
  },
  {
    "ID": "",
    "Description": "",
    "LocationAbbr": "",
    "LocationDesc": "",
    "DataSource": "",
    "Topic": "",
    "Data_Value": "",
    "Sample_Size": "",
    "Stratification1": "",
    "StratificationId1": "",
    "LocationDisplayOrder": ""
  },
  {
    "ID": "",
    "Description": "",
    "LocationAbbr": "",
    "LocationDesc": "",
    "DataSource": "",
    "Topic": "",
    "Data_Value": "",
    "Sample_Size": "",
    "Stratification1": "",
    "StratificationId1": "",
    "LocationDisplayOrder": ""
  },
  {
    "ID": "",
    "Description": "",
    "LocationAbbr": "",
    "LocationDesc": "",
    "DataSource": "",
    "Topic": "",
    "Data_Value": "",
    "Sample_Size": "",
    "Stratification1": "",
    "StratificationId1": "",
    "LocationDisplayOrder": ""
  },
  {
    "ID": "",
    "Description": "",
    "LocationAbbr": "",
    "LocationDesc": "",
    "DataSource": "",
    "Topic": "",
    "Data_Value": "",
    "Sample_Size": "",
    "Stratification1": "",
    "StratificationId1": "",
    "LocationDisplayOrder": ""
  },
  {
    "ID": "",
    "Description": "",
    "LocationAbbr": "",
    "LocationDesc": "",
    "DataSource": "",
    "Topic": "",
    "Data_Value": "",
    "Sample_Size": "",
    "Stratification1": "",
    "StratificationId1": "",
    "LocationDisplayOrder": ""
  },
  {
    "ID": "",
    "Description": "",
    "LocationAbbr": "",
    "LocationDesc": "",
    "DataSource": "",
    "Topic": "",
    "Data_Value": "",
    "Sample_Size": "",
    "Stratification1": "",
    "StratificationId1": "",
    "LocationDisplayOrder": ""
  },
  {
    "ID": "",
    "Description": "",
    "LocationAbbr": "",
    "LocationDesc": "",
    "DataSource": "",
    "Topic": "",
    "Data_Value": "",
    "Sample_Size": "",
    "Stratification1": "",
    "StratificationId1": "",
    "LocationDisplayOrder": ""
  },
  {
    "ID": "",
    "Description": "",
    "LocationAbbr": "",
    "LocationDesc": "",
    "DataSource": "",
    "Topic": "",
    "Data_Value": "",
    "Sample_Size": "",
    "Stratification1": "",
    "StratificationId1": "",
    "LocationDisplayOrder": ""
  },
  {
    "ID": "",
    "Description": "",
    "LocationAbbr": "",
    "LocationDesc": "",
    "DataSource": "",
    "Topic": "",
    "Data_Value": "",
    "Sample_Size": "",
    "Stratification1": "",
    "StratificationId1": "",
    "LocationDisplayOrder": ""
  }
]