[
  {
    "ID": 1540,
    "Description": 2014,
    "LocationAbbr": "US",
    "LocationDesc": "National",
    "DataSource": "BRFSS",
    "Topic": "Obesity / Weight Status",
    "Data_Value": 15.9,
    "Sample_Size": "21,699",
    "Stratification1": "18 - 24",
    "StratificationId1": "AGEYR1824",
    "LocationDisplayOrder": 0
  },
  {
    "ID": 24356,
    "Description": 2014,
    "LocationAbbr": "AL",
    "LocationDesc": "Alabama",
    "DataSource": "BRFSS",
    "Topic": "Obesity / Weight Status",
    "Data_Value": 20.4,
    "Sample_Size": 409,
    "Stratification1": "18 - 24",
    "StratificationId1": "AGEYR1824",
    "LocationDisplayOrder": 1
  },
  {
    "ID": 35751,
    "Description": 2014,
    "LocationAbbr": "AK",
    "LocationDesc": "Alaska",
    "DataSource": "BRFSS",
    "Topic": "Obesity / Weight Status",
    "Data_Value": 14,
    "Sample_Size": 230,
    "Stratification1": "18 - 24",
    "StratificationId1": "AGEYR1824",
    "LocationDisplayOrder": 2
  },
  {
    "ID": 8406,
    "Description": 2014,
    "LocationAbbr": "AZ",
    "LocationDesc": "Arizona",
    "DataSource": "BRFSS",
    "Topic": "Obesity / Weight Status",
    "Data_Value": 16.6,
    "Sample_Size": 440,
    "Stratification1": "18 - 24",
    "StratificationId1": "AGEYR1824",
    "LocationDisplayOrder": 4
  },
  {
    "ID": 26045,
    "Description": 2014,
    "LocationAbbr": "AR",
    "LocationDesc": "Arkansas",
    "DataSource": "BRFSS",
    "Topic": "Obesity / Weight Status",
    "Data_Value": 23.9,
    "Sample_Size": 158,
    "Stratification1": "18 - 24",
    "StratificationId1": "AGEYR1824",
    "LocationDisplayOrder": 5
  },
  {
    "ID": 24784,
    "Description": 2014,
    "LocationAbbr": "CA",
    "LocationDesc": "California",
    "DataSource": "BRFSS",
    "Topic": "Obesity / Weight Status",
    "Data_Value": 13.3,
    "Sample_Size": 735,
    "Stratification1": "18 - 24",
    "StratificationId1": "AGEYR1824",
    "LocationDisplayOrder": 6
  },
  {
    "ID": 9630,
    "Description": 2014,
    "LocationAbbr": "CO",
    "LocationDesc": "Colorado",
    "DataSource": "BRFSS",
    "Topic": "Obesity / Weight Status",
    "Data_Value": 10.9,
    "Sample_Size": 611,
    "Stratification1": "18 - 24",
    "StratificationId1": "AGEYR1824",
    "LocationDisplayOrder": 8
  },
  {
    "ID": 9513,
    "Description": 2014,
    "LocationAbbr": "CT",
    "LocationDesc": "Connecticut",
    "DataSource": "BRFSS",
    "Topic": "Obesity / Weight Status",
    "Data_Value": 11.4,
    "Sample_Size": 322,
    "Stratification1": "18 - 24",
    "StratificationId1": "AGEYR1824",
    "LocationDisplayOrder": 9
  },
  {
    "ID": 30443,
    "Description": 2014,
    "LocationAbbr": "DE",
    "LocationDesc": "Delaware",
    "DataSource": "BRFSS",
    "Topic": "Obesity / Weight Status",
    "Data_Value": 17.4,
    "Sample_Size": 168,
    "Stratification1": "18 - 24",
    "StratificationId1": "AGEYR1824",
    "LocationDisplayOrder": 10
  },
  {
    "ID": 1873,
    "Description": 2014,
    "LocationAbbr": "DC",
    "LocationDesc": "District of Columbia",
    "DataSource": "BRFSS",
    "Topic": "Obesity / Weight Status",
    "Data_Value": 10.3,
    "Sample_Size": 112,
    "Stratification1": "18 - 24",
    "StratificationId1": "AGEYR1824",
    "LocationDisplayOrder": 11
  },
  {
    "ID": 36830,
    "Description": 2014,
    "LocationAbbr": "FL",
    "LocationDesc": "Florida",
    "DataSource": "BRFSS",
    "Topic": "Obesity / Weight Status",
    "Data_Value": 15.3,
    "Sample_Size": 416,
    "Stratification1": "18 - 24",
    "StratificationId1": "AGEYR1824",
    "LocationDisplayOrder": 12
  },
  {
    "ID": 4364,
    "Description": 2014,
    "LocationAbbr": "GA",
    "LocationDesc": "Georgia",
    "DataSource": "BRFSS",
    "Topic": "Obesity / Weight Status",
    "Data_Value": 17,
    "Sample_Size": 305,
    "Stratification1": "18 - 24",
    "StratificationId1": "AGEYR1824",
    "LocationDisplayOrder": 13
  },
  {
    "ID": 18155,
    "Description": 2014,
    "LocationAbbr": "HI",
    "LocationDesc": "Hawaii",
    "DataSource": "BRFSS",
    "Topic": "Obesity / Weight Status",
    "Data_Value": 13.8,
    "Sample_Size": 507,
    "Stratification1": "18 - 24",
    "StratificationId1": "AGEYR1824",
    "LocationDisplayOrder": 15
  },
  {
    "ID": 18358,
    "Description": 2014,
    "LocationAbbr": "ID",
    "LocationDesc": "Idaho",
    "DataSource": "BRFSS",
    "Topic": "Obesity / Weight Status",
    "Data_Value": 18.9,
    "Sample_Size": 292,
    "Stratification1": "18 - 24",
    "StratificationId1": "AGEYR1824",
    "LocationDisplayOrder": 16
  },
  {
    "ID": 31673,
    "Description": 2014,
    "LocationAbbr": "IL",
    "LocationDesc": "Illinois",
    "DataSource": "BRFSS",
    "Topic": "Obesity / Weight Status",
    "Data_Value": 13.1,
    "Sample_Size": 325,
    "Stratification1": "18 - 24",
    "StratificationId1": "AGEYR1824",
    "LocationDisplayOrder": 17
  },
  {
    "ID": 16787,
    "Description": 2014,
    "LocationAbbr": "IN",
    "LocationDesc": "Indiana",
    "DataSource": "BRFSS",
    "Topic": "Obesity / Weight Status",
    "Data_Value": 19.9,
    "Sample_Size": 537,
    "Stratification1": "18 - 24",
    "StratificationId1": "AGEYR1824",
    "LocationDisplayOrder": 18
  },
  {
    "ID": 30667,
    "Description": 2014,
    "LocationAbbr": "IA",
    "LocationDesc": "Iowa",
    "DataSource": "BRFSS",
    "Topic": "Obesity / Weight Status",
    "Data_Value": 15,
    "Sample_Size": 370,
    "Stratification1": "18 - 24",
    "StratificationId1": "AGEYR1824",
    "LocationDisplayOrder": 19
  },
  {
    "ID": 5506,
    "Description": 2014,
    "LocationAbbr": "KS",
    "LocationDesc": "Kansas",
    "DataSource": "BRFSS",
    "Topic": "Obesity / Weight Status",
    "Data_Value": 15.2,
    "Sample_Size": 806,
    "Stratification1": "18 - 24",
    "StratificationId1": "AGEYR1824",
    "LocationDisplayOrder": 20
  },
  {
    "ID": 10107,
    "Description": 2014,
    "LocationAbbr": "KY",
    "LocationDesc": "Kentucky",
    "DataSource": "BRFSS",
    "Topic": "Obesity / Weight Status",
    "Data_Value": 14.6,
    "Sample_Size": 396,
    "Stratification1": "18 - 24",
    "StratificationId1": "AGEYR1824",
    "LocationDisplayOrder": 21
  },
  {
    "ID": 4254,
    "Description": 2014,
    "LocationAbbr": "LA",
    "LocationDesc": "Louisiana",
    "DataSource": "BRFSS",
    "Topic": "Obesity / Weight Status",
    "Data_Value": 19.4,
    "Sample_Size": 391,
    "Stratification1": "18 - 24",
    "StratificationId1": "AGEYR1824",
    "LocationDisplayOrder": 22
  },
  {
    "ID": 11549,
    "Description": 2014,
    "LocationAbbr": "ME",
    "LocationDesc": "Maine",
    "DataSource": "BRFSS",
    "Topic": "Obesity / Weight Status",
    "Data_Value": 14.7,
    "Sample_Size": 351,
    "Stratification1": "18 - 24",
    "StratificationId1": "AGEYR1824",
    "LocationDisplayOrder": 23
  },
  {
    "ID": 7606,
    "Description": 2014,
    "LocationAbbr": "MD",
    "LocationDesc": "Maryland",
    "DataSource": "BRFSS",
    "Topic": "Obesity / Weight Status",
    "Data_Value": 11.5,
    "Sample_Size": 334,
    "Stratification1": "18 - 24",
    "StratificationId1": "AGEYR1824",
    "LocationDisplayOrder": 24
  },
  {
    "ID": 32229,
    "Description": 2014,
    "LocationAbbr": "MA",
    "LocationDesc": "Massachusetts",
    "DataSource": "BRFSS",
    "Topic": "Obesity / Weight Status",
    "Data_Value": 10.6,
    "Sample_Size": 618,
    "Stratification1": "18 - 24",
    "StratificationId1": "AGEYR1824",
    "LocationDisplayOrder": 25
  },
  {
    "ID": 30004,
    "Description": 2014,
    "LocationAbbr": "MI",
    "LocationDesc": "Michigan",
    "DataSource": "BRFSS",
    "Topic": "Obesity / Weight Status",
    "Data_Value": 11.6,
    "Sample_Size": 531,
    "Stratification1": "18 - 24",
    "StratificationId1": "AGEYR1824",
    "LocationDisplayOrder": 26
  },
  {
    "ID": 37509,
    "Description": 2014,
    "LocationAbbr": "MN",
    "LocationDesc": "Minnesota",
    "DataSource": "BRFSS",
    "Topic": "Obesity / Weight Status",
    "Data_Value": 16.2,
    "Sample_Size": 995,
    "Stratification1": "18 - 24",
    "StratificationId1": "AGEYR1824",
    "LocationDisplayOrder": 27
  },
  {
    "ID": 27561,
    "Description": 2014,
    "LocationAbbr": "MS",
    "LocationDesc": "Mississippi",
    "DataSource": "BRFSS",
    "Topic": "Obesity / Weight Status",
    "Data_Value": 22,
    "Sample_Size": 182,
    "Stratification1": "18 - 24",
    "StratificationId1": "AGEYR1824",
    "LocationDisplayOrder": 28
  },
  {
    "ID": 10115,
    "Description": 2014,
    "LocationAbbr": "MO",
    "LocationDesc": "Missouri",
    "DataSource": "BRFSS",
    "Topic": "Obesity / Weight Status",
    "Data_Value": 18.9,
    "Sample_Size": 317,
    "Stratification1": "18 - 24",
    "StratificationId1": "AGEYR1824",
    "LocationDisplayOrder": 29
  },
  {
    "ID": 10816,
    "Description": 2014,
    "LocationAbbr": "MT",
    "LocationDesc": "Montana",
    "DataSource": "BRFSS",
    "Topic": "Obesity / Weight Status",
    "Data_Value": 16.5,
    "Sample_Size": 321,
    "Stratification1": "18 - 24",
    "StratificationId1": "AGEYR1824",
    "LocationDisplayOrder": 30
  },
  {
    "ID": 35502,
    "Description": 2014,
    "LocationAbbr": "NE",
    "LocationDesc": "Nebraska",
    "DataSource": "BRFSS",
    "Topic": "Obesity / Weight Status",
    "Data_Value": 17.3,
    "Sample_Size": "1,165",
    "Stratification1": "18 - 24",
    "StratificationId1": "AGEYR1824",
    "LocationDisplayOrder": 31
  },
  {
    "ID": 6554,
    "Description": 2014,
    "LocationAbbr": "NV",
    "LocationDesc": "Nevada",
    "DataSource": "BRFSS",
    "Topic": "Obesity / Weight Status",
    "Data_Value": 12.7,
    "Sample_Size": 187,
    "Stratification1": "18 - 24",
    "StratificationId1": "AGEYR1824",
    "LocationDisplayOrder": 32
  },
  {
    "ID": 26065,
    "Description": 2014,
    "LocationAbbr": "NH",
    "LocationDesc": "New Hampshire",
    "DataSource": "BRFSS",
    "Topic": "Obesity / Weight Status",
    "Data_Value": 13.6,
    "Sample_Size": 211,
    "Stratification1": "18 - 24",
    "StratificationId1": "AGEYR1824",
    "LocationDisplayOrder": 33
  },
  {
    "ID": 20483,
    "Description": 2014,
    "LocationAbbr": "NJ",
    "LocationDesc": "New Jersey",
    "DataSource": "BRFSS",
    "Topic": "Obesity / Weight Status",
    "Data_Value": 13.3,
    "Sample_Size": 547,
    "Stratification1": "18 - 24",
    "StratificationId1": "AGEYR1824",
    "LocationDisplayOrder": 34
  },
  {
    "ID": 27068,
    "Description": 2014,
    "LocationAbbr": "NM",
    "LocationDesc": "New Mexico",
    "DataSource": "BRFSS",
    "Topic": "Obesity / Weight Status",
    "Data_Value": 19.1,
    "Sample_Size": 437,
    "Stratification1": "18 - 24",
    "StratificationId1": "AGEYR1824",
    "LocationDisplayOrder": 35
  },
  {
    "ID": 28171,
    "Description": 2014,
    "LocationAbbr": "NY",
    "LocationDesc": "New York",
    "DataSource": "BRFSS",
    "Topic": "Obesity / Weight Status",
    "Data_Value": 13.8,
    "Sample_Size": 371,
    "Stratification1": "18 - 24",
    "StratificationId1": "AGEYR1824",
    "LocationDisplayOrder": 36
  },
  {
    "ID": 36494,
    "Description": 2014,
    "LocationAbbr": "NC",
    "LocationDesc": "North Carolina",
    "DataSource": "BRFSS",
    "Topic": "Obesity / Weight Status",
    "Data_Value": 18,
    "Sample_Size": 391,
    "Stratification1": "18 - 24",
    "StratificationId1": "AGEYR1824",
    "LocationDisplayOrder": 37
  },
  {
    "ID": 13588,
    "Description": 2014,
    "LocationAbbr": "ND",
    "LocationDesc": "North Dakota",
    "DataSource": "BRFSS",
    "Topic": "Obesity / Weight Status",
    "Data_Value": 16.3,
    "Sample_Size": 331,
    "Stratification1": "18 - 24",
    "StratificationId1": "AGEYR1824",
    "LocationDisplayOrder": 38
  },
  {
    "ID": 37587,
    "Description": 2014,
    "LocationAbbr": "OH",
    "LocationDesc": "Ohio",
    "DataSource": "BRFSS",
    "Topic": "Obesity / Weight Status",
    "Data_Value": 15.8,
    "Sample_Size": 418,
    "Stratification1": "18 - 24",
    "StratificationId1": "AGEYR1824",
    "LocationDisplayOrder": 39
  },
  {
    "ID": 29407,
    "Description": 2014,
    "LocationAbbr": "OK",
    "LocationDesc": "Oklahoma",
    "DataSource": "BRFSS",
    "Topic": "Obesity / Weight Status",
    "Data_Value": 21.6,
    "Sample_Size": 411,
    "Stratification1": "18 - 24",
    "StratificationId1": "AGEYR1824",
    "LocationDisplayOrder": 40
  },
  {
    "ID": 15658,
    "Description": 2014,
    "LocationAbbr": "OR",
    "LocationDesc": "Oregon",
    "DataSource": "BRFSS",
    "Topic": "Obesity / Weight Status",
    "Data_Value": 13.4,
    "Sample_Size": 256,
    "Stratification1": "18 - 24",
    "StratificationId1": "AGEYR1824",
    "LocationDisplayOrder": 41
  },
  {
    "ID": 34022,
    "Description": 2014,
    "LocationAbbr": "PA",
    "LocationDesc": "Pennsylvania",
    "DataSource": "BRFSS",
    "Topic": "Obesity / Weight Status",
    "Data_Value": 17.2,
    "Sample_Size": 463,
    "Stratification1": "18 - 24",
    "StratificationId1": "AGEYR1824",
    "LocationDisplayOrder": 42
  },
  {
    "ID": 6842,
    "Description": 2014,
    "LocationAbbr": "RI",
    "LocationDesc": "Rhode Island",
    "DataSource": "BRFSS",
    "Topic": "Obesity / Weight Status",
    "Data_Value": 17.9,
    "Sample_Size": 209,
    "Stratification1": "18 - 24",
    "StratificationId1": "AGEYR1824",
    "LocationDisplayOrder": 44
  },
  {
    "ID": 4532,
    "Description": 2014,
    "LocationAbbr": "SC",
    "LocationDesc": "South Carolina",
    "DataSource": "BRFSS",
    "Topic": "Obesity / Weight Status",
    "Data_Value": 20.1,
    "Sample_Size": 531,
    "Stratification1": "18 - 24",
    "StratificationId1": "AGEYR1824",
    "LocationDisplayOrder": 45
  },
  {
    "ID": 21461,
    "Description": 2014,
    "LocationAbbr": "SD",
    "LocationDesc": "South Dakota",
    "DataSource": "BRFSS",
    "Topic": "Obesity / Weight Status",
    "Data_Value": 15.8,
    "Sample_Size": 381,
    "Stratification1": "18 - 24",
    "StratificationId1": "AGEYR1824",
    "LocationDisplayOrder": 46
  },
  {
    "ID": 5857,
    "Description": 2014,
    "LocationAbbr": "TN",
    "LocationDesc": "Tennessee",
    "DataSource": "BRFSS",
    "Topic": "Obesity / Weight Status",
    "Data_Value": 18.6,
    "Sample_Size": 187,
    "Stratification1": "18 - 24",
    "StratificationId1": "AGEYR1824",
    "LocationDisplayOrder": 47
  },
  {
    "ID": 31197,
    "Description": 2014,
    "LocationAbbr": "TX",
    "LocationDesc": "Texas",
    "DataSource": "BRFSS",
    "Topic": "Obesity / Weight Status",
    "Data_Value": 19.1,
    "Sample_Size": 842,
    "Stratification1": "18 - 24",
    "StratificationId1": "AGEYR1824",
    "LocationDisplayOrder": 48
  },
  {
    "ID": 22234,
    "Description": 2014,
    "LocationAbbr": "UT",
    "LocationDesc": "Utah",
    "DataSource": "BRFSS",
    "Topic": "Obesity / Weight Status",
    "Data_Value": 13.3,
    "Sample_Size": "1,182",
    "Stratification1": "18 - 24",
    "StratificationId1": "AGEYR1824",
    "LocationDisplayOrder": 49
  },
  {
    "ID": 28426,
    "Description": 2014,
    "LocationAbbr": "VT",
    "LocationDesc": "Vermont",
    "DataSource": "BRFSS",
    "Topic": "Obesity / Weight Status",
    "Data_Value": 12.6,
    "Sample_Size": 321,
    "Stratification1": "18 - 24",
    "StratificationId1": "AGEYR1824",
    "LocationDisplayOrder": 50
  },
  {
    "ID": 25231,
    "Description": 2014,
    "LocationAbbr": "VA",
    "LocationDesc": "Virginia",
    "DataSource": "BRFSS",
    "Topic": "Obesity / Weight Status",
    "Data_Value": 20,
    "Sample_Size": 400,
    "Stratification1": "18 - 24",
    "StratificationId1": "AGEYR1824",
    "LocationDisplayOrder": 51
  },
  {
    "ID": 14128,
    "Description": 2014,
    "LocationAbbr": "WA",
    "LocationDesc": "Washington",
    "DataSource": "BRFSS",
    "Topic": "Obesity / Weight Status",
    "Data_Value": 19,
    "Sample_Size": 461,
    "Stratification1": "18 - 24",
    "StratificationId1": "AGEYR1824",
    "LocationDisplayOrder": 53
  },
  {
    "ID": 12879,
    "Description": 2014,
    "LocationAbbr": "WV",
    "LocationDesc": "West Virginia",
    "DataSource": "BRFSS",
    "Topic": "Obesity / Weight Status",
    "Data_Value": 20.6,
    "Sample_Size": 284,
    "Stratification1": "18 - 24",
    "StratificationId1": "AGEYR1824",
    "LocationDisplayOrder": 54
  },
  {
    "ID": 3752,
    "Description": 2014,
    "LocationAbbr": "WI",
    "LocationDesc": "Wisconsin",
    "DataSource": "BRFSS",
    "Topic": "Obesity / Weight Status",
    "Data_Value": 16.7,
    "Sample_Size": 403,
    "Stratification1": "18 - 24",
    "StratificationId1": "AGEYR1824",
    "LocationDisplayOrder": 55
  },
  {
    "ID": 10797,
    "Description": 2014,
    "LocationAbbr": "WY",
    "LocationDesc": "Wyoming",
    "DataSource": "BRFSS",
    "Topic": "Obesity / Weight Status",
    "Data_Value": 23.5,
    "Sample_Size": 131,
    "Stratification1": "18 - 24",
    "StratificationId1": "AGEYR1824",
    "LocationDisplayOrder": 56
  },
  {
    "ID": 1605,
    "Description": 2014,
    "LocationAbbr": "GU",
    "LocationDesc": "Guam",
    "DataSource": "BRFSS",
    "Topic": "Obesity / Weight Status",
    "Data_Value": 18.7,
    "Sample_Size": 283,
    "Stratification1": "18 - 24",
    "StratificationId1": "AGEYR1824",
    "LocationDisplayOrder": 66
  },
  {
    "ID": 1594,
    "Description": 2014,
    "LocationAbbr": "PR",
    "LocationDesc": "Puerto Rico",
    "DataSource": "BRFSS",
    "Topic": "Obesity / Weight Status",
    "Data_Value": 17.1,
    "Sample_Size": 426,
    "Stratification1": "18 - 24",
    "StratificationId1": "AGEYR1824",
    "LocationDisplayOrder": 72
  },
  {
    "ID": "",
    "Description": "",
    "LocationAbbr": "",
    "LocationDesc": "",
    "DataSource": "",
    "Topic": "",
    "Data_Value": "",
    "Sample_Size": "",
    "Stratification1": "",
    "StratificationId1": "",
    "LocationDisplayOrder": ""
  },
  {
    "ID": "",
    "Description": "",
    "LocationAbbr": "",
    "LocationDesc": "",
    "DataSource": "",
    "Topic": "",
    "Data_Value": "",
    "Sample_Size": "",
    "Stratification1": "",
    "StratificationId1": "",
    "LocationDisplayOrder": ""
  },
  {
    "ID": "",
    "Description": "",
    "LocationAbbr": "",
    "LocationDesc": "",
    "DataSource": "",
    "Topic": "",
    "Data_Value": "",
    "Sample_Size": "",
    "Stratification1": "",
    "StratificationId1": "",
    "LocationDisplayOrder": ""
  },
  {
    "ID": "",
    "Description": "",
    "LocationAbbr": "",
    "LocationDesc": "",
    "DataSource": "",
    "Topic": "",
    "Data_Value": "",
    "Sample_Size": "",
    "Stratification1": "",
    "StratificationId1": "",
    "LocationDisplayOrder": ""
  },
  {
    "ID": "",
    "Description": "",
    "LocationAbbr": "",
    "LocationDesc": "",
    "DataSource": "",
    "Topic": "",
    "Data_Value": "",
    "Sample_Size": "",
    "Stratification1": "",
    "StratificationId1": "",
    "LocationDisplayOrder": ""
  },
  {
    "ID": "",
    "Description": "",
    "LocationAbbr": "",
    "LocationDesc": "",
    "DataSource": "",
    "Topic": "",
    "Data_Value": "",
    "Sample_Size": "",
    "Stratification1": "",
    "StratificationId1": "",
    "LocationDisplayOrder": ""
  },
  {
    "ID": "",
    "Description": "",
    "LocationAbbr": "",
    "LocationDesc": "",
    "DataSource": "",
    "Topic": "",
    "Data_Value": "",
    "Sample_Size": "",
    "Stratification1": "",
    "StratificationId1": "",
    "LocationDisplayOrder": ""
  },
  {
    "ID": "",
    "Description": "",
    "LocationAbbr": "",
    "LocationDesc": "",
    "DataSource": "",
    "Topic": "",
    "Data_Value": "",
    "Sample_Size": "",
    "Stratification1": "",
    "StratificationId1": "",
    "LocationDisplayOrder": ""
  },
  {
    "ID": "",
    "Description": "",
    "LocationAbbr": "",
    "LocationDesc": "",
    "DataSource": "",
    "Topic": "",
    "Data_Value": "",
    "Sample_Size": "",
    "Stratification1": "",
    "StratificationId1": "",
    "LocationDisplayOrder": ""
  }
]