[
  {
    "ID": 1561,
    "Description": 2014,
    "LocationAbbr": "US",
    "LocationDesc": "National",
    "DataSource": "BRFSS",
    "Topic": "Obesity / Weight Status",
    "Data_Value": 34.2,
    "Sample_Size": "96,564",
    "Stratification1": "55 - 64",
    "StratificationId1": "AGEYR5564",
    "LocationDisplayOrder": 0
  },
  {
    "ID": 26776,
    "Description": 2014,
    "LocationAbbr": "AL",
    "LocationDesc": "Alabama",
    "DataSource": "BRFSS",
    "Topic": "Obesity / Weight Status",
    "Data_Value": 37.4,
    "Sample_Size": "1,886",
    "Stratification1": "55 - 64",
    "StratificationId1": "AGEYR5564",
    "LocationDisplayOrder": 1
  },
  {
    "ID": 4295,
    "Description": 2014,
    "LocationAbbr": "AK",
    "LocationDesc": "Alaska",
    "DataSource": "BRFSS",
    "Topic": "Obesity / Weight Status",
    "Data_Value": 34.5,
    "Sample_Size": "1,003",
    "Stratification1": "55 - 64",
    "StratificationId1": "AGEYR5564",
    "LocationDisplayOrder": 2
  },
  {
    "ID": 37450,
    "Description": 2014,
    "LocationAbbr": "AZ",
    "LocationDesc": "Arizona",
    "DataSource": "BRFSS",
    "Topic": "Obesity / Weight Status",
    "Data_Value": 33.5,
    "Sample_Size": "2,979",
    "Stratification1": "55 - 64",
    "StratificationId1": "AGEYR5564",
    "LocationDisplayOrder": 4
  },
  {
    "ID": 18473,
    "Description": 2014,
    "LocationAbbr": "AR",
    "LocationDesc": "Arkansas",
    "DataSource": "BRFSS",
    "Topic": "Obesity / Weight Status",
    "Data_Value": 39.3,
    "Sample_Size": "1,073",
    "Stratification1": "55 - 64",
    "StratificationId1": "AGEYR5564",
    "LocationDisplayOrder": 5
  },
  {
    "ID": 14309,
    "Description": 2014,
    "LocationAbbr": "CA",
    "LocationDesc": "California",
    "DataSource": "BRFSS",
    "Topic": "Obesity / Weight Status",
    "Data_Value": 29.8,
    "Sample_Size": "1,572",
    "Stratification1": "55 - 64",
    "StratificationId1": "AGEYR5564",
    "LocationDisplayOrder": 6
  },
  {
    "ID": 14005,
    "Description": 2014,
    "LocationAbbr": "CO",
    "LocationDesc": "Colorado",
    "DataSource": "BRFSS",
    "Topic": "Obesity / Weight Status",
    "Data_Value": 26.1,
    "Sample_Size": "2,927",
    "Stratification1": "55 - 64",
    "StratificationId1": "AGEYR5564",
    "LocationDisplayOrder": 8
  },
  {
    "ID": 2751,
    "Description": 2014,
    "LocationAbbr": "CT",
    "LocationDesc": "Connecticut",
    "DataSource": "BRFSS",
    "Topic": "Obesity / Weight Status",
    "Data_Value": 31.7,
    "Sample_Size": "1,680",
    "Stratification1": "55 - 64",
    "StratificationId1": "AGEYR5564",
    "LocationDisplayOrder": 9
  },
  {
    "ID": 26061,
    "Description": 2014,
    "LocationAbbr": "DE",
    "LocationDesc": "Delaware",
    "DataSource": "BRFSS",
    "Topic": "Obesity / Weight Status",
    "Data_Value": 35.9,
    "Sample_Size": 946,
    "Stratification1": "55 - 64",
    "StratificationId1": "AGEYR5564",
    "LocationDisplayOrder": 10
  },
  {
    "ID": 28706,
    "Description": 2014,
    "LocationAbbr": "DC",
    "LocationDesc": "District of Columbia",
    "DataSource": "BRFSS",
    "Topic": "Obesity / Weight Status",
    "Data_Value": 26.5,
    "Sample_Size": 877,
    "Stratification1": "55 - 64",
    "StratificationId1": "AGEYR5564",
    "LocationDisplayOrder": 11
  },
  {
    "ID": 7429,
    "Description": 2014,
    "LocationAbbr": "FL",
    "LocationDesc": "Florida",
    "DataSource": "BRFSS",
    "Topic": "Obesity / Weight Status",
    "Data_Value": 28.4,
    "Sample_Size": "1,847",
    "Stratification1": "55 - 64",
    "StratificationId1": "AGEYR5564",
    "LocationDisplayOrder": 12
  },
  {
    "ID": 20580,
    "Description": 2014,
    "LocationAbbr": "GA",
    "LocationDesc": "Georgia",
    "DataSource": "BRFSS",
    "Topic": "Obesity / Weight Status",
    "Data_Value": 35.2,
    "Sample_Size": "1,313",
    "Stratification1": "55 - 64",
    "StratificationId1": "AGEYR5564",
    "LocationDisplayOrder": 13
  },
  {
    "ID": 16430,
    "Description": 2014,
    "LocationAbbr": "HI",
    "LocationDesc": "Hawaii",
    "DataSource": "BRFSS",
    "Topic": "Obesity / Weight Status",
    "Data_Value": 23.9,
    "Sample_Size": "1,544",
    "Stratification1": "55 - 64",
    "StratificationId1": "AGEYR5564",
    "LocationDisplayOrder": 15
  },
  {
    "ID": 22619,
    "Description": 2014,
    "LocationAbbr": "ID",
    "LocationDesc": "Idaho",
    "DataSource": "BRFSS",
    "Topic": "Obesity / Weight Status",
    "Data_Value": 31.9,
    "Sample_Size": "1,139",
    "Stratification1": "55 - 64",
    "StratificationId1": "AGEYR5564",
    "LocationDisplayOrder": 16
  },
  {
    "ID": 2555,
    "Description": 2014,
    "LocationAbbr": "IL",
    "LocationDesc": "Illinois",
    "DataSource": "BRFSS",
    "Topic": "Obesity / Weight Status",
    "Data_Value": 35.8,
    "Sample_Size": 994,
    "Stratification1": "55 - 64",
    "StratificationId1": "AGEYR5564",
    "LocationDisplayOrder": 17
  },
  {
    "ID": 32833,
    "Description": 2014,
    "LocationAbbr": "IN",
    "LocationDesc": "Indiana",
    "DataSource": "BRFSS",
    "Topic": "Obesity / Weight Status",
    "Data_Value": 37.8,
    "Sample_Size": "2,506",
    "Stratification1": "55 - 64",
    "StratificationId1": "AGEYR5564",
    "LocationDisplayOrder": 18
  },
  {
    "ID": 13829,
    "Description": 2014,
    "LocationAbbr": "IA",
    "LocationDesc": "Iowa",
    "DataSource": "BRFSS",
    "Topic": "Obesity / Weight Status",
    "Data_Value": 37.9,
    "Sample_Size": "1,703",
    "Stratification1": "55 - 64",
    "StratificationId1": "AGEYR5564",
    "LocationDisplayOrder": 19
  },
  {
    "ID": 22339,
    "Description": 2014,
    "LocationAbbr": "KS",
    "LocationDesc": "Kansas",
    "DataSource": "BRFSS",
    "Topic": "Obesity / Weight Status",
    "Data_Value": 38.4,
    "Sample_Size": "2,906",
    "Stratification1": "55 - 64",
    "StratificationId1": "AGEYR5564",
    "LocationDisplayOrder": 20
  },
  {
    "ID": 12905,
    "Description": 2014,
    "LocationAbbr": "KY",
    "LocationDesc": "Kentucky",
    "DataSource": "BRFSS",
    "Topic": "Obesity / Weight Status",
    "Data_Value": 37,
    "Sample_Size": "2,604",
    "Stratification1": "55 - 64",
    "StratificationId1": "AGEYR5564",
    "LocationDisplayOrder": 21
  },
  {
    "ID": 21171,
    "Description": 2014,
    "LocationAbbr": "LA",
    "LocationDesc": "Louisiana",
    "DataSource": "BRFSS",
    "Topic": "Obesity / Weight Status",
    "Data_Value": 40.1,
    "Sample_Size": "1,421",
    "Stratification1": "55 - 64",
    "StratificationId1": "AGEYR5564",
    "LocationDisplayOrder": 22
  },
  {
    "ID": 7961,
    "Description": 2014,
    "LocationAbbr": "ME",
    "LocationDesc": "Maine",
    "DataSource": "BRFSS",
    "Topic": "Obesity / Weight Status",
    "Data_Value": 31.4,
    "Sample_Size": "2,143",
    "Stratification1": "55 - 64",
    "StratificationId1": "AGEYR5564",
    "LocationDisplayOrder": 23
  },
  {
    "ID": 35000,
    "Description": 2014,
    "LocationAbbr": "MD",
    "LocationDesc": "Maryland",
    "DataSource": "BRFSS",
    "Topic": "Obesity / Weight Status",
    "Data_Value": 33.6,
    "Sample_Size": "2,831",
    "Stratification1": "55 - 64",
    "StratificationId1": "AGEYR5564",
    "LocationDisplayOrder": 24
  },
  {
    "ID": 3998,
    "Description": 2014,
    "LocationAbbr": "MA",
    "LocationDesc": "Massachusetts",
    "DataSource": "BRFSS",
    "Topic": "Obesity / Weight Status",
    "Data_Value": 27.6,
    "Sample_Size": "3,383",
    "Stratification1": "55 - 64",
    "StratificationId1": "AGEYR5564",
    "LocationDisplayOrder": 25
  },
  {
    "ID": 15959,
    "Description": 2014,
    "LocationAbbr": "MI",
    "LocationDesc": "Michigan",
    "DataSource": "BRFSS",
    "Topic": "Obesity / Weight Status",
    "Data_Value": 36,
    "Sample_Size": "1,919",
    "Stratification1": "55 - 64",
    "StratificationId1": "AGEYR5564",
    "LocationDisplayOrder": 26
  },
  {
    "ID": 2968,
    "Description": 2014,
    "LocationAbbr": "MN",
    "LocationDesc": "Minnesota",
    "DataSource": "BRFSS",
    "Topic": "Obesity / Weight Status",
    "Data_Value": 33,
    "Sample_Size": "3,383",
    "Stratification1": "55 - 64",
    "StratificationId1": "AGEYR5564",
    "LocationDisplayOrder": 27
  },
  {
    "ID": 21556,
    "Description": 2014,
    "LocationAbbr": "MS",
    "LocationDesc": "Mississippi",
    "DataSource": "BRFSS",
    "Topic": "Obesity / Weight Status",
    "Data_Value": 36.2,
    "Sample_Size": 904,
    "Stratification1": "55 - 64",
    "StratificationId1": "AGEYR5564",
    "LocationDisplayOrder": 28
  },
  {
    "ID": 10667,
    "Description": 2014,
    "LocationAbbr": "MO",
    "LocationDesc": "Missouri",
    "DataSource": "BRFSS",
    "Topic": "Obesity / Weight Status",
    "Data_Value": 32.9,
    "Sample_Size": "1,545",
    "Stratification1": "55 - 64",
    "StratificationId1": "AGEYR5564",
    "LocationDisplayOrder": 29
  },
  {
    "ID": 5894,
    "Description": 2014,
    "LocationAbbr": "MT",
    "LocationDesc": "Montana",
    "DataSource": "BRFSS",
    "Topic": "Obesity / Weight Status",
    "Data_Value": 27.3,
    "Sample_Size": "1,726",
    "Stratification1": "55 - 64",
    "StratificationId1": "AGEYR5564",
    "LocationDisplayOrder": 30
  },
  {
    "ID": 11135,
    "Description": 2014,
    "LocationAbbr": "NE",
    "LocationDesc": "Nebraska",
    "DataSource": "BRFSS",
    "Topic": "Obesity / Weight Status",
    "Data_Value": 35.9,
    "Sample_Size": "4,603",
    "Stratification1": "55 - 64",
    "StratificationId1": "AGEYR5564",
    "LocationDisplayOrder": 31
  },
  {
    "ID": 23278,
    "Description": 2014,
    "LocationAbbr": "NV",
    "LocationDesc": "Nevada",
    "DataSource": "BRFSS",
    "Topic": "Obesity / Weight Status",
    "Data_Value": 25.6,
    "Sample_Size": 726,
    "Stratification1": "55 - 64",
    "StratificationId1": "AGEYR5564",
    "LocationDisplayOrder": 32
  },
  {
    "ID": 27832,
    "Description": 2014,
    "LocationAbbr": "NH",
    "LocationDesc": "New Hampshire",
    "DataSource": "BRFSS",
    "Topic": "Obesity / Weight Status",
    "Data_Value": 28.9,
    "Sample_Size": "1,364",
    "Stratification1": "55 - 64",
    "StratificationId1": "AGEYR5564",
    "LocationDisplayOrder": 33
  },
  {
    "ID": 38668,
    "Description": 2014,
    "LocationAbbr": "NJ",
    "LocationDesc": "New Jersey",
    "DataSource": "BRFSS",
    "Topic": "Obesity / Weight Status",
    "Data_Value": 32.6,
    "Sample_Size": "2,742",
    "Stratification1": "55 - 64",
    "StratificationId1": "AGEYR5564",
    "LocationDisplayOrder": 34
  },
  {
    "ID": 30140,
    "Description": 2014,
    "LocationAbbr": "NM",
    "LocationDesc": "New Mexico",
    "DataSource": "BRFSS",
    "Topic": "Obesity / Weight Status",
    "Data_Value": 32.1,
    "Sample_Size": "1,967",
    "Stratification1": "55 - 64",
    "StratificationId1": "AGEYR5564",
    "LocationDisplayOrder": 35
  },
  {
    "ID": 27498,
    "Description": 2014,
    "LocationAbbr": "NY",
    "LocationDesc": "New York",
    "DataSource": "BRFSS",
    "Topic": "Obesity / Weight Status",
    "Data_Value": 32.3,
    "Sample_Size": "1,377",
    "Stratification1": "55 - 64",
    "StratificationId1": "AGEYR5564",
    "LocationDisplayOrder": 36
  },
  {
    "ID": 9059,
    "Description": 2014,
    "LocationAbbr": "NC",
    "LocationDesc": "North Carolina",
    "DataSource": "BRFSS",
    "Topic": "Obesity / Weight Status",
    "Data_Value": 33.8,
    "Sample_Size": "1,440",
    "Stratification1": "55 - 64",
    "StratificationId1": "AGEYR5564",
    "LocationDisplayOrder": 37
  },
  {
    "ID": 36696,
    "Description": 2014,
    "LocationAbbr": "ND",
    "LocationDesc": "North Dakota",
    "DataSource": "BRFSS",
    "Topic": "Obesity / Weight Status",
    "Data_Value": 36.8,
    "Sample_Size": "1,779",
    "Stratification1": "55 - 64",
    "StratificationId1": "AGEYR5564",
    "LocationDisplayOrder": 38
  },
  {
    "ID": 21026,
    "Description": 2014,
    "LocationAbbr": "OH",
    "LocationDesc": "Ohio",
    "DataSource": "BRFSS",
    "Topic": "Obesity / Weight Status",
    "Data_Value": 39.2,
    "Sample_Size": "2,536",
    "Stratification1": "55 - 64",
    "StratificationId1": "AGEYR5564",
    "LocationDisplayOrder": 39
  },
  {
    "ID": 14668,
    "Description": 2014,
    "LocationAbbr": "OK",
    "LocationDesc": "Oklahoma",
    "DataSource": "BRFSS",
    "Topic": "Obesity / Weight Status",
    "Data_Value": 40,
    "Sample_Size": "1,755",
    "Stratification1": "55 - 64",
    "StratificationId1": "AGEYR5564",
    "LocationDisplayOrder": 40
  },
  {
    "ID": 32166,
    "Description": 2014,
    "LocationAbbr": "OR",
    "LocationDesc": "Oregon",
    "DataSource": "BRFSS",
    "Topic": "Obesity / Weight Status",
    "Data_Value": 35.2,
    "Sample_Size": "1,084",
    "Stratification1": "55 - 64",
    "StratificationId1": "AGEYR5564",
    "LocationDisplayOrder": 41
  },
  {
    "ID": 24686,
    "Description": 2014,
    "LocationAbbr": "PA",
    "LocationDesc": "Pennsylvania",
    "DataSource": "BRFSS",
    "Topic": "Obesity / Weight Status",
    "Data_Value": 34,
    "Sample_Size": "2,420",
    "Stratification1": "55 - 64",
    "StratificationId1": "AGEYR5564",
    "LocationDisplayOrder": 42
  },
  {
    "ID": 4184,
    "Description": 2014,
    "LocationAbbr": "RI",
    "LocationDesc": "Rhode Island",
    "DataSource": "BRFSS",
    "Topic": "Obesity / Weight Status",
    "Data_Value": 29.8,
    "Sample_Size": "1,546",
    "Stratification1": "55 - 64",
    "StratificationId1": "AGEYR5564",
    "LocationDisplayOrder": 44
  },
  {
    "ID": 7084,
    "Description": 2014,
    "LocationAbbr": "SC",
    "LocationDesc": "South Carolina",
    "DataSource": "BRFSS",
    "Topic": "Obesity / Weight Status",
    "Data_Value": 38.8,
    "Sample_Size": "2,315",
    "Stratification1": "55 - 64",
    "StratificationId1": "AGEYR5564",
    "LocationDisplayOrder": 45
  },
  {
    "ID": 2782,
    "Description": 2014,
    "LocationAbbr": "SD",
    "LocationDesc": "South Dakota",
    "DataSource": "BRFSS",
    "Topic": "Obesity / Weight Status",
    "Data_Value": 37.7,
    "Sample_Size": "1,475",
    "Stratification1": "55 - 64",
    "StratificationId1": "AGEYR5564",
    "LocationDisplayOrder": 46
  },
  {
    "ID": 39293,
    "Description": 2014,
    "LocationAbbr": "TN",
    "LocationDesc": "Tennessee",
    "DataSource": "BRFSS",
    "Topic": "Obesity / Weight Status",
    "Data_Value": 38,
    "Sample_Size": "1,107",
    "Stratification1": "55 - 64",
    "StratificationId1": "AGEYR5564",
    "LocationDisplayOrder": 47
  },
  {
    "ID": 31898,
    "Description": 2014,
    "LocationAbbr": "TX",
    "LocationDesc": "Texas",
    "DataSource": "BRFSS",
    "Topic": "Obesity / Weight Status",
    "Data_Value": 41.8,
    "Sample_Size": "2,826",
    "Stratification1": "55 - 64",
    "StratificationId1": "AGEYR5564",
    "LocationDisplayOrder": 48
  },
  {
    "ID": 5449,
    "Description": 2014,
    "LocationAbbr": "UT",
    "LocationDesc": "Utah",
    "DataSource": "BRFSS",
    "Topic": "Obesity / Weight Status",
    "Data_Value": 32.5,
    "Sample_Size": "2,508",
    "Stratification1": "55 - 64",
    "StratificationId1": "AGEYR5564",
    "LocationDisplayOrder": 49
  },
  {
    "ID": 12345,
    "Description": 2014,
    "LocationAbbr": "VT",
    "LocationDesc": "Vermont",
    "DataSource": "BRFSS",
    "Topic": "Obesity / Weight Status",
    "Data_Value": 29.1,
    "Sample_Size": "1,469",
    "Stratification1": "55 - 64",
    "StratificationId1": "AGEYR5564",
    "LocationDisplayOrder": 50
  },
  {
    "ID": 6068,
    "Description": 2014,
    "LocationAbbr": "VA",
    "LocationDesc": "Virginia",
    "DataSource": "BRFSS",
    "Topic": "Obesity / Weight Status",
    "Data_Value": 35.4,
    "Sample_Size": "2,076",
    "Stratification1": "55 - 64",
    "StratificationId1": "AGEYR5564",
    "LocationDisplayOrder": 51
  },
  {
    "ID": 4844,
    "Description": 2014,
    "LocationAbbr": "WA",
    "LocationDesc": "Washington",
    "DataSource": "BRFSS",
    "Topic": "Obesity / Weight Status",
    "Data_Value": 33.6,
    "Sample_Size": "2,171",
    "Stratification1": "55 - 64",
    "StratificationId1": "AGEYR5564",
    "LocationDisplayOrder": 53
  },
  {
    "ID": 36920,
    "Description": 2014,
    "LocationAbbr": "WV",
    "LocationDesc": "West Virginia",
    "DataSource": "BRFSS",
    "Topic": "Obesity / Weight Status",
    "Data_Value": 40.3,
    "Sample_Size": "1,395",
    "Stratification1": "55 - 64",
    "StratificationId1": "AGEYR5564",
    "LocationDisplayOrder": 54
  },
  {
    "ID": 13547,
    "Description": 2014,
    "LocationAbbr": "WI",
    "LocationDesc": "Wisconsin",
    "DataSource": "BRFSS",
    "Topic": "Obesity / Weight Status",
    "Data_Value": 36,
    "Sample_Size": "1,580",
    "Stratification1": "55 - 64",
    "StratificationId1": "AGEYR5564",
    "LocationDisplayOrder": 55
  },
  {
    "ID": 6602,
    "Description": 2014,
    "LocationAbbr": "WY",
    "LocationDesc": "Wyoming",
    "DataSource": "BRFSS",
    "Topic": "Obesity / Weight Status",
    "Data_Value": 34.2,
    "Sample_Size": "1,549",
    "Stratification1": "55 - 64",
    "StratificationId1": "AGEYR5564",
    "LocationDisplayOrder": 56
  },
  {
    "ID": 1380,
    "Description": 2014,
    "LocationAbbr": "GU",
    "LocationDesc": "Guam",
    "DataSource": "BRFSS",
    "Topic": "Obesity / Weight Status",
    "Data_Value": 26,
    "Sample_Size": 374,
    "Stratification1": "55 - 64",
    "StratificationId1": "AGEYR5564",
    "LocationDisplayOrder": 66
  },
  {
    "ID": 646,
    "Description": 2014,
    "LocationAbbr": "PR",
    "LocationDesc": "Puerto Rico",
    "DataSource": "BRFSS",
    "Topic": "Obesity / Weight Status",
    "Data_Value": 35.2,
    "Sample_Size": "1,083",
    "Stratification1": "55 - 64",
    "StratificationId1": "AGEYR5564",
    "LocationDisplayOrder": 72
  },
  {
    "ID": "",
    "Description": "",
    "LocationAbbr": "",
    "LocationDesc": "",
    "DataSource": "",
    "Topic": "",
    "Data_Value": "",
    "Sample_Size": "",
    "Stratification1": "",
    "StratificationId1": "",
    "LocationDisplayOrder": ""
  },
  {
    "ID": "",
    "Description": "",
    "LocationAbbr": "",
    "LocationDesc": "",
    "DataSource": "",
    "Topic": "",
    "Data_Value": "",
    "Sample_Size": "",
    "Stratification1": "",
    "StratificationId1": "",
    "LocationDisplayOrder": ""
  },
  {
    "ID": "",
    "Description": "",
    "LocationAbbr": "",
    "LocationDesc": "",
    "DataSource": "",
    "Topic": "",
    "Data_Value": "",
    "Sample_Size": "",
    "Stratification1": "",
    "StratificationId1": "",
    "LocationDisplayOrder": ""
  },
  {
    "ID": "",
    "Description": "",
    "LocationAbbr": "",
    "LocationDesc": "",
    "DataSource": "",
    "Topic": "",
    "Data_Value": "",
    "Sample_Size": "",
    "Stratification1": "",
    "StratificationId1": "",
    "LocationDisplayOrder": ""
  },
  {
    "ID": "",
    "Description": "",
    "LocationAbbr": "",
    "LocationDesc": "",
    "DataSource": "",
    "Topic": "",
    "Data_Value": "",
    "Sample_Size": "",
    "Stratification1": "",
    "StratificationId1": "",
    "LocationDisplayOrder": ""
  },
  {
    "ID": "",
    "Description": "",
    "LocationAbbr": "",
    "LocationDesc": "",
    "DataSource": "",
    "Topic": "",
    "Data_Value": "",
    "Sample_Size": "",
    "Stratification1": "",
    "StratificationId1": "",
    "LocationDisplayOrder": ""
  },
  {
    "ID": "",
    "Description": "",
    "LocationAbbr": "",
    "LocationDesc": "",
    "DataSource": "",
    "Topic": "",
    "Data_Value": "",
    "Sample_Size": "",
    "Stratification1": "",
    "StratificationId1": "",
    "LocationDisplayOrder": ""
  },
  {
    "ID": "",
    "Description": "",
    "LocationAbbr": "",
    "LocationDesc": "",
    "DataSource": "",
    "Topic": "",
    "Data_Value": "",
    "Sample_Size": "",
    "Stratification1": "",
    "StratificationId1": "",
    "LocationDisplayOrder": ""
  },
  {
    "ID": "",
    "Description": "",
    "LocationAbbr": "",
    "LocationDesc": "",
    "DataSource": "",
    "Topic": "",
    "Data_Value": "",
    "Sample_Size": "",
    "Stratification1": "",
    "StratificationId1": "",
    "LocationDisplayOrder": ""
  }
]