[
  {
    "ID": 277,
    "Description": 2014,
    "LocationAbbr": "US",
    "LocationDesc": "National",
    "DataSource": "BRFSS",
    "Topic": "Obesity / Weight Status",
    "Data_Value": 21.8,
    "Sample_Size": "155,627",
    "Stratification1": "College graduate",
    "StratificationId1": "EDUCOGRAD",
    "LocationDisplayOrder": 0
  },
  {
    "ID": 35646,
    "Description": 2014,
    "LocationAbbr": "AL",
    "LocationDesc": "Alabama",
    "DataSource": "BRFSS",
    "Topic": "Obesity / Weight Status",
    "Data_Value": 28.1,
    "Sample_Size": "2,231",
    "Stratification1": "College graduate",
    "StratificationId1": "EDUCOGRAD",
    "LocationDisplayOrder": 1
  },
  {
    "ID": 9841,
    "Description": 2014,
    "LocationAbbr": "AK",
    "LocationDesc": "Alaska",
    "DataSource": "BRFSS",
    "Topic": "Obesity / Weight Status",
    "Data_Value": 23.4,
    "Sample_Size": "1,628",
    "Stratification1": "College graduate",
    "StratificationId1": "EDUCOGRAD",
    "LocationDisplayOrder": 2
  },
  {
    "ID": 36461,
    "Description": 2014,
    "LocationAbbr": "AZ",
    "LocationDesc": "Arizona",
    "DataSource": "BRFSS",
    "Topic": "Obesity / Weight Status",
    "Data_Value": 21.6,
    "Sample_Size": "5,423",
    "Stratification1": "College graduate",
    "StratificationId1": "EDUCOGRAD",
    "LocationDisplayOrder": 4
  },
  {
    "ID": 9470,
    "Description": 2014,
    "LocationAbbr": "AR",
    "LocationDesc": "Arkansas",
    "DataSource": "BRFSS",
    "Topic": "Obesity / Weight Status",
    "Data_Value": 28.7,
    "Sample_Size": "1,270",
    "Stratification1": "College graduate",
    "StratificationId1": "EDUCOGRAD",
    "LocationDisplayOrder": 5
  },
  {
    "ID": 36137,
    "Description": 2014,
    "LocationAbbr": "CA",
    "LocationDesc": "California",
    "DataSource": "BRFSS",
    "Topic": "Obesity / Weight Status",
    "Data_Value": 17.2,
    "Sample_Size": "3,509",
    "Stratification1": "College graduate",
    "StratificationId1": "EDUCOGRAD",
    "LocationDisplayOrder": 6
  },
  {
    "ID": 9554,
    "Description": 2014,
    "LocationAbbr": "CO",
    "LocationDesc": "Colorado",
    "DataSource": "BRFSS",
    "Topic": "Obesity / Weight Status",
    "Data_Value": 16.2,
    "Sample_Size": "5,535",
    "Stratification1": "College graduate",
    "StratificationId1": "EDUCOGRAD",
    "LocationDisplayOrder": 8
  },
  {
    "ID": 24699,
    "Description": 2014,
    "LocationAbbr": "CT",
    "LocationDesc": "Connecticut",
    "DataSource": "BRFSS",
    "Topic": "Obesity / Weight Status",
    "Data_Value": 20.1,
    "Sample_Size": "3,495",
    "Stratification1": "College graduate",
    "StratificationId1": "EDUCOGRAD",
    "LocationDisplayOrder": 9
  },
  {
    "ID": 13450,
    "Description": 2014,
    "LocationAbbr": "DE",
    "LocationDesc": "Delaware",
    "DataSource": "BRFSS",
    "Topic": "Obesity / Weight Status",
    "Data_Value": 25.2,
    "Sample_Size": "1,442",
    "Stratification1": "College graduate",
    "StratificationId1": "EDUCOGRAD",
    "LocationDisplayOrder": 10
  },
  {
    "ID": 36939,
    "Description": 2014,
    "LocationAbbr": "DC",
    "LocationDesc": "District of Columbia",
    "DataSource": "BRFSS",
    "Topic": "Obesity / Weight Status",
    "Data_Value": 12.6,
    "Sample_Size": "2,326",
    "Stratification1": "College graduate",
    "StratificationId1": "EDUCOGRAD",
    "LocationDisplayOrder": 11
  },
  {
    "ID": 37686,
    "Description": 2014,
    "LocationAbbr": "FL",
    "LocationDesc": "Florida",
    "DataSource": "BRFSS",
    "Topic": "Obesity / Weight Status",
    "Data_Value": 20.2,
    "Sample_Size": "3,393",
    "Stratification1": "College graduate",
    "StratificationId1": "EDUCOGRAD",
    "LocationDisplayOrder": 12
  },
  {
    "ID": 27525,
    "Description": 2014,
    "LocationAbbr": "GA",
    "LocationDesc": "Georgia",
    "DataSource": "BRFSS",
    "Topic": "Obesity / Weight Status",
    "Data_Value": 25.6,
    "Sample_Size": "2,096",
    "Stratification1": "College graduate",
    "StratificationId1": "EDUCOGRAD",
    "LocationDisplayOrder": 13
  },
  {
    "ID": 27811,
    "Description": 2014,
    "LocationAbbr": "HI",
    "LocationDesc": "Hawaii",
    "DataSource": "BRFSS",
    "Topic": "Obesity / Weight Status",
    "Data_Value": 17.4,
    "Sample_Size": "2,731",
    "Stratification1": "College graduate",
    "StratificationId1": "EDUCOGRAD",
    "LocationDisplayOrder": 15
  },
  {
    "ID": 21821,
    "Description": 2014,
    "LocationAbbr": "ID",
    "LocationDesc": "Idaho",
    "DataSource": "BRFSS",
    "Topic": "Obesity / Weight Status",
    "Data_Value": 24.3,
    "Sample_Size": "1,588",
    "Stratification1": "College graduate",
    "StratificationId1": "EDUCOGRAD",
    "LocationDisplayOrder": 16
  },
  {
    "ID": 3180,
    "Description": 2014,
    "LocationAbbr": "IL",
    "LocationDesc": "Illinois",
    "DataSource": "BRFSS",
    "Topic": "Obesity / Weight Status",
    "Data_Value": 22,
    "Sample_Size": "2,010",
    "Stratification1": "College graduate",
    "StratificationId1": "EDUCOGRAD",
    "LocationDisplayOrder": 17
  },
  {
    "ID": 23702,
    "Description": 2014,
    "LocationAbbr": "IN",
    "LocationDesc": "Indiana",
    "DataSource": "BRFSS",
    "Topic": "Obesity / Weight Status",
    "Data_Value": 27.6,
    "Sample_Size": "3,366",
    "Stratification1": "College graduate",
    "StratificationId1": "EDUCOGRAD",
    "LocationDisplayOrder": 18
  },
  {
    "ID": 9823,
    "Description": 2014,
    "LocationAbbr": "IA",
    "LocationDesc": "Iowa",
    "DataSource": "BRFSS",
    "Topic": "Obesity / Weight Status",
    "Data_Value": 25,
    "Sample_Size": "2,405",
    "Stratification1": "College graduate",
    "StratificationId1": "EDUCOGRAD",
    "LocationDisplayOrder": 19
  },
  {
    "ID": 22861,
    "Description": 2014,
    "LocationAbbr": "KS",
    "LocationDesc": "Kansas",
    "DataSource": "BRFSS",
    "Topic": "Obesity / Weight Status",
    "Data_Value": 27.4,
    "Sample_Size": "4,705",
    "Stratification1": "College graduate",
    "StratificationId1": "EDUCOGRAD",
    "LocationDisplayOrder": 20
  },
  {
    "ID": 17273,
    "Description": 2014,
    "LocationAbbr": "KY",
    "LocationDesc": "Kentucky",
    "DataSource": "BRFSS",
    "Topic": "Obesity / Weight Status",
    "Data_Value": 28.1,
    "Sample_Size": "2,912",
    "Stratification1": "College graduate",
    "StratificationId1": "EDUCOGRAD",
    "LocationDisplayOrder": 21
  },
  {
    "ID": 24084,
    "Description": 2014,
    "LocationAbbr": "LA",
    "LocationDesc": "Louisiana",
    "DataSource": "BRFSS",
    "Topic": "Obesity / Weight Status",
    "Data_Value": 30.7,
    "Sample_Size": "1,873",
    "Stratification1": "College graduate",
    "StratificationId1": "EDUCOGRAD",
    "LocationDisplayOrder": 22
  },
  {
    "ID": 15805,
    "Description": 2014,
    "LocationAbbr": "ME",
    "LocationDesc": "Maine",
    "DataSource": "BRFSS",
    "Topic": "Obesity / Weight Status",
    "Data_Value": 22.5,
    "Sample_Size": "3,377",
    "Stratification1": "College graduate",
    "StratificationId1": "EDUCOGRAD",
    "LocationDisplayOrder": 23
  },
  {
    "ID": 30052,
    "Description": 2014,
    "LocationAbbr": "MD",
    "LocationDesc": "Maryland",
    "DataSource": "BRFSS",
    "Topic": "Obesity / Weight Status",
    "Data_Value": 22.9,
    "Sample_Size": "5,204",
    "Stratification1": "College graduate",
    "StratificationId1": "EDUCOGRAD",
    "LocationDisplayOrder": 24
  },
  {
    "ID": 28577,
    "Description": 2014,
    "LocationAbbr": "MA",
    "LocationDesc": "Massachusetts",
    "DataSource": "BRFSS",
    "Topic": "Obesity / Weight Status",
    "Data_Value": 17,
    "Sample_Size": "6,674",
    "Stratification1": "College graduate",
    "StratificationId1": "EDUCOGRAD",
    "LocationDisplayOrder": 25
  },
  {
    "ID": 15078,
    "Description": 2014,
    "LocationAbbr": "MI",
    "LocationDesc": "Michigan",
    "DataSource": "BRFSS",
    "Topic": "Obesity / Weight Status",
    "Data_Value": 25.2,
    "Sample_Size": "3,035",
    "Stratification1": "College graduate",
    "StratificationId1": "EDUCOGRAD",
    "LocationDisplayOrder": 26
  },
  {
    "ID": 20923,
    "Description": 2014,
    "LocationAbbr": "MN",
    "LocationDesc": "Minnesota",
    "DataSource": "BRFSS",
    "Topic": "Obesity / Weight Status",
    "Data_Value": 21.9,
    "Sample_Size": "6,078",
    "Stratification1": "College graduate",
    "StratificationId1": "EDUCOGRAD",
    "LocationDisplayOrder": 27
  },
  {
    "ID": 13542,
    "Description": 2014,
    "LocationAbbr": "MS",
    "LocationDesc": "Mississippi",
    "DataSource": "BRFSS",
    "Topic": "Obesity / Weight Status",
    "Data_Value": 29.4,
    "Sample_Size": "1,115",
    "Stratification1": "College graduate",
    "StratificationId1": "EDUCOGRAD",
    "LocationDisplayOrder": 28
  },
  {
    "ID": 9233,
    "Description": 2014,
    "LocationAbbr": "MO",
    "LocationDesc": "Missouri",
    "DataSource": "BRFSS",
    "Topic": "Obesity / Weight Status",
    "Data_Value": 25.2,
    "Sample_Size": "1,982",
    "Stratification1": "College graduate",
    "StratificationId1": "EDUCOGRAD",
    "LocationDisplayOrder": 29
  },
  {
    "ID": 17054,
    "Description": 2014,
    "LocationAbbr": "MT",
    "LocationDesc": "Montana",
    "DataSource": "BRFSS",
    "Topic": "Obesity / Weight Status",
    "Data_Value": 20.5,
    "Sample_Size": "2,412",
    "Stratification1": "College graduate",
    "StratificationId1": "EDUCOGRAD",
    "LocationDisplayOrder": 30
  },
  {
    "ID": 18887,
    "Description": 2014,
    "LocationAbbr": "NE",
    "LocationDesc": "Nebraska",
    "DataSource": "BRFSS",
    "Topic": "Obesity / Weight Status",
    "Data_Value": 24.4,
    "Sample_Size": "6,364",
    "Stratification1": "College graduate",
    "StratificationId1": "EDUCOGRAD",
    "LocationDisplayOrder": 31
  },
  {
    "ID": 29808,
    "Description": 2014,
    "LocationAbbr": "NV",
    "LocationDesc": "Nevada",
    "DataSource": "BRFSS",
    "Topic": "Obesity / Weight Status",
    "Data_Value": 22.6,
    "Sample_Size": "1,161",
    "Stratification1": "College graduate",
    "StratificationId1": "EDUCOGRAD",
    "LocationDisplayOrder": 32
  },
  {
    "ID": 5615,
    "Description": 2014,
    "LocationAbbr": "NH",
    "LocationDesc": "New Hampshire",
    "DataSource": "BRFSS",
    "Topic": "Obesity / Weight Status",
    "Data_Value": 21,
    "Sample_Size": "2,339",
    "Stratification1": "College graduate",
    "StratificationId1": "EDUCOGRAD",
    "LocationDisplayOrder": 33
  },
  {
    "ID": 38373,
    "Description": 2014,
    "LocationAbbr": "NJ",
    "LocationDesc": "New Jersey",
    "DataSource": "BRFSS",
    "Topic": "Obesity / Weight Status",
    "Data_Value": 20.7,
    "Sample_Size": "4,884",
    "Stratification1": "College graduate",
    "StratificationId1": "EDUCOGRAD",
    "LocationDisplayOrder": 34
  },
  {
    "ID": 10113,
    "Description": 2014,
    "LocationAbbr": "NM",
    "LocationDesc": "New Mexico",
    "DataSource": "BRFSS",
    "Topic": "Obesity / Weight Status",
    "Data_Value": 22.2,
    "Sample_Size": "2,868",
    "Stratification1": "College graduate",
    "StratificationId1": "EDUCOGRAD",
    "LocationDisplayOrder": 35
  },
  {
    "ID": 36024,
    "Description": 2014,
    "LocationAbbr": "NY",
    "LocationDesc": "New York",
    "DataSource": "BRFSS",
    "Topic": "Obesity / Weight Status",
    "Data_Value": 18.6,
    "Sample_Size": "2,781",
    "Stratification1": "College graduate",
    "StratificationId1": "EDUCOGRAD",
    "LocationDisplayOrder": 36
  },
  {
    "ID": 30092,
    "Description": 2014,
    "LocationAbbr": "NC",
    "LocationDesc": "North Carolina",
    "DataSource": "BRFSS",
    "Topic": "Obesity / Weight Status",
    "Data_Value": 23.6,
    "Sample_Size": "2,217",
    "Stratification1": "College graduate",
    "StratificationId1": "EDUCOGRAD",
    "LocationDisplayOrder": 37
  },
  {
    "ID": 13904,
    "Description": 2014,
    "LocationAbbr": "ND",
    "LocationDesc": "North Dakota",
    "DataSource": "BRFSS",
    "Topic": "Obesity / Weight Status",
    "Data_Value": 26.9,
    "Sample_Size": "2,297",
    "Stratification1": "College graduate",
    "StratificationId1": "EDUCOGRAD",
    "LocationDisplayOrder": 38
  },
  {
    "ID": 7788,
    "Description": 2014,
    "LocationAbbr": "OH",
    "LocationDesc": "Ohio",
    "DataSource": "BRFSS",
    "Topic": "Obesity / Weight Status",
    "Data_Value": 25.8,
    "Sample_Size": "3,252",
    "Stratification1": "College graduate",
    "StratificationId1": "EDUCOGRAD",
    "LocationDisplayOrder": 39
  },
  {
    "ID": 27901,
    "Description": 2014,
    "LocationAbbr": "OK",
    "LocationDesc": "Oklahoma",
    "DataSource": "BRFSS",
    "Topic": "Obesity / Weight Status",
    "Data_Value": 26.4,
    "Sample_Size": "2,442",
    "Stratification1": "College graduate",
    "StratificationId1": "EDUCOGRAD",
    "LocationDisplayOrder": 40
  },
  {
    "ID": 13188,
    "Description": 2014,
    "LocationAbbr": "OR",
    "LocationDesc": "Oregon",
    "DataSource": "BRFSS",
    "Topic": "Obesity / Weight Status",
    "Data_Value": 20.2,
    "Sample_Size": "2,005",
    "Stratification1": "College graduate",
    "StratificationId1": "EDUCOGRAD",
    "LocationDisplayOrder": 41
  },
  {
    "ID": 25104,
    "Description": 2014,
    "LocationAbbr": "PA",
    "LocationDesc": "Pennsylvania",
    "DataSource": "BRFSS",
    "Topic": "Obesity / Weight Status",
    "Data_Value": 21.1,
    "Sample_Size": "3,402",
    "Stratification1": "College graduate",
    "StratificationId1": "EDUCOGRAD",
    "LocationDisplayOrder": 42
  },
  {
    "ID": 27434,
    "Description": 2014,
    "LocationAbbr": "RI",
    "LocationDesc": "Rhode Island",
    "DataSource": "BRFSS",
    "Topic": "Obesity / Weight Status",
    "Data_Value": 20.2,
    "Sample_Size": "2,524",
    "Stratification1": "College graduate",
    "StratificationId1": "EDUCOGRAD",
    "LocationDisplayOrder": 44
  },
  {
    "ID": 6280,
    "Description": 2014,
    "LocationAbbr": "SC",
    "LocationDesc": "South Carolina",
    "DataSource": "BRFSS",
    "Topic": "Obesity / Weight Status",
    "Data_Value": 26,
    "Sample_Size": "3,337",
    "Stratification1": "College graduate",
    "StratificationId1": "EDUCOGRAD",
    "LocationDisplayOrder": 45
  },
  {
    "ID": 34058,
    "Description": 2014,
    "LocationAbbr": "SD",
    "LocationDesc": "South Dakota",
    "DataSource": "BRFSS",
    "Topic": "Obesity / Weight Status",
    "Data_Value": 26.9,
    "Sample_Size": "2,292",
    "Stratification1": "College graduate",
    "StratificationId1": "EDUCOGRAD",
    "LocationDisplayOrder": 46
  },
  {
    "ID": 20710,
    "Description": 2014,
    "LocationAbbr": "TN",
    "LocationDesc": "Tennessee",
    "DataSource": "BRFSS",
    "Topic": "Obesity / Weight Status",
    "Data_Value": 25.5,
    "Sample_Size": "1,344",
    "Stratification1": "College graduate",
    "StratificationId1": "EDUCOGRAD",
    "LocationDisplayOrder": 47
  },
  {
    "ID": 38699,
    "Description": 2014,
    "LocationAbbr": "TX",
    "LocationDesc": "Texas",
    "DataSource": "BRFSS",
    "Topic": "Obesity / Weight Status",
    "Data_Value": 22.1,
    "Sample_Size": "5,263",
    "Stratification1": "College graduate",
    "StratificationId1": "EDUCOGRAD",
    "LocationDisplayOrder": 48
  },
  {
    "ID": 26620,
    "Description": 2014,
    "LocationAbbr": "UT",
    "LocationDesc": "Utah",
    "DataSource": "BRFSS",
    "Topic": "Obesity / Weight Status",
    "Data_Value": 22,
    "Sample_Size": "5,078",
    "Stratification1": "College graduate",
    "StratificationId1": "EDUCOGRAD",
    "LocationDisplayOrder": 49
  },
  {
    "ID": 11399,
    "Description": 2014,
    "LocationAbbr": "VT",
    "LocationDesc": "Vermont",
    "DataSource": "BRFSS",
    "Topic": "Obesity / Weight Status",
    "Data_Value": 16.8,
    "Sample_Size": "2,647",
    "Stratification1": "College graduate",
    "StratificationId1": "EDUCOGRAD",
    "LocationDisplayOrder": 50
  },
  {
    "ID": 36571,
    "Description": 2014,
    "LocationAbbr": "VA",
    "LocationDesc": "Virginia",
    "DataSource": "BRFSS",
    "Topic": "Obesity / Weight Status",
    "Data_Value": 21.5,
    "Sample_Size": "3,578",
    "Stratification1": "College graduate",
    "StratificationId1": "EDUCOGRAD",
    "LocationDisplayOrder": 51
  },
  {
    "ID": 5293,
    "Description": 2014,
    "LocationAbbr": "WA",
    "LocationDesc": "Washington",
    "DataSource": "BRFSS",
    "Topic": "Obesity / Weight Status",
    "Data_Value": 22.6,
    "Sample_Size": "4,152",
    "Stratification1": "College graduate",
    "StratificationId1": "EDUCOGRAD",
    "LocationDisplayOrder": 53
  },
  {
    "ID": 26668,
    "Description": 2014,
    "LocationAbbr": "WV",
    "LocationDesc": "West Virginia",
    "DataSource": "BRFSS",
    "Topic": "Obesity / Weight Status",
    "Data_Value": 30.4,
    "Sample_Size": "1,420",
    "Stratification1": "College graduate",
    "StratificationId1": "EDUCOGRAD",
    "LocationDisplayOrder": 54
  },
  {
    "ID": 35077,
    "Description": 2014,
    "LocationAbbr": "WI",
    "LocationDesc": "Wisconsin",
    "DataSource": "BRFSS",
    "Topic": "Obesity / Weight Status",
    "Data_Value": 24.3,
    "Sample_Size": "2,104",
    "Stratification1": "College graduate",
    "StratificationId1": "EDUCOGRAD",
    "LocationDisplayOrder": 55
  },
  {
    "ID": 39843,
    "Description": 2014,
    "LocationAbbr": "WY",
    "LocationDesc": "Wyoming",
    "DataSource": "BRFSS",
    "Topic": "Obesity / Weight Status",
    "Data_Value": 25.2,
    "Sample_Size": "2,061",
    "Stratification1": "College graduate",
    "StratificationId1": "EDUCOGRAD",
    "LocationDisplayOrder": 56
  },
  {
    "ID": 1949,
    "Description": 2014,
    "LocationAbbr": "GU",
    "LocationDesc": "Guam",
    "DataSource": "BRFSS",
    "Topic": "Obesity / Weight Status",
    "Data_Value": 21.9,
    "Sample_Size": 726,
    "Stratification1": "College graduate",
    "StratificationId1": "EDUCOGRAD",
    "LocationDisplayOrder": 66
  },
  {
    "ID": 616,
    "Description": 2014,
    "LocationAbbr": "PR",
    "LocationDesc": "Puerto Rico",
    "DataSource": "BRFSS",
    "Topic": "Obesity / Weight Status",
    "Data_Value": 26.8,
    "Sample_Size": "1,703",
    "Stratification1": "College graduate",
    "StratificationId1": "EDUCOGRAD",
    "LocationDisplayOrder": 72
  },
  {
    "ID": "",
    "Description": "",
    "LocationAbbr": "",
    "LocationDesc": "",
    "DataSource": "",
    "Topic": "",
    "Data_Value": "",
    "Sample_Size": "",
    "Stratification1": "",
    "StratificationId1": "",
    "LocationDisplayOrder": ""
  },
  {
    "ID": "",
    "Description": "",
    "LocationAbbr": "",
    "LocationDesc": "",
    "DataSource": "",
    "Topic": "",
    "Data_Value": "",
    "Sample_Size": "",
    "Stratification1": "",
    "StratificationId1": "",
    "LocationDisplayOrder": ""
  },
  {
    "ID": "",
    "Description": "",
    "LocationAbbr": "",
    "LocationDesc": "",
    "DataSource": "",
    "Topic": "",
    "Data_Value": "",
    "Sample_Size": "",
    "Stratification1": "",
    "StratificationId1": "",
    "LocationDisplayOrder": ""
  },
  {
    "ID": "",
    "Description": "",
    "LocationAbbr": "",
    "LocationDesc": "",
    "DataSource": "",
    "Topic": "",
    "Data_Value": "",
    "Sample_Size": "",
    "Stratification1": "",
    "StratificationId1": "",
    "LocationDisplayOrder": ""
  },
  {
    "ID": "",
    "Description": "",
    "LocationAbbr": "",
    "LocationDesc": "",
    "DataSource": "",
    "Topic": "",
    "Data_Value": "",
    "Sample_Size": "",
    "Stratification1": "",
    "StratificationId1": "",
    "LocationDisplayOrder": ""
  },
  {
    "ID": "",
    "Description": "",
    "LocationAbbr": "",
    "LocationDesc": "",
    "DataSource": "",
    "Topic": "",
    "Data_Value": "",
    "Sample_Size": "",
    "Stratification1": "",
    "StratificationId1": "",
    "LocationDisplayOrder": ""
  },
  {
    "ID": "",
    "Description": "",
    "LocationAbbr": "",
    "LocationDesc": "",
    "DataSource": "",
    "Topic": "",
    "Data_Value": "",
    "Sample_Size": "",
    "Stratification1": "",
    "StratificationId1": "",
    "LocationDisplayOrder": ""
  },
  {
    "ID": "",
    "Description": "",
    "LocationAbbr": "",
    "LocationDesc": "",
    "DataSource": "",
    "Topic": "",
    "Data_Value": "",
    "Sample_Size": "",
    "Stratification1": "",
    "StratificationId1": "",
    "LocationDisplayOrder": ""
  },
  {
    "ID": "",
    "Description": "",
    "LocationAbbr": "",
    "LocationDesc": "",
    "DataSource": "",
    "Topic": "",
    "Data_Value": "",
    "Sample_Size": "",
    "Stratification1": "",
    "StratificationId1": "",
    "LocationDisplayOrder": ""
  }
]