[
  {
    "ID": 1376,
    "Description": 2014,
    "LocationAbbr": "US",
    "LocationDesc": "National",
    "DataSource": "BRFSS",
    "Topic": "Obesity / Weight Status",
    "Data_Value": 32.2,
    "Sample_Size": "25,996",
    "Stratification1": "Hispanic",
    "StratificationId1": "RACEHIS",
    "LocationDisplayOrder": 0
  },
  {
    "ID": 20103,
    "Description": 2014,
    "LocationAbbr": "AL",
    "LocationDesc": "Alabama",
    "DataSource": "BRFSS",
    "Topic": "Obesity / Weight Status",
    "Data_Value": 22.9,
    "Sample_Size": 70,
    "Stratification1": "Hispanic",
    "StratificationId1": "RACEHIS",
    "LocationDisplayOrder": 1
  },
  {
    "ID": 12826,
    "Description": 2014,
    "LocationAbbr": "AK",
    "LocationDesc": "Alaska",
    "DataSource": "BRFSS",
    "Topic": "Obesity / Weight Status",
    "Data_Value": 29.6,
    "Sample_Size": 120,
    "Stratification1": "Hispanic",
    "StratificationId1": "RACEHIS",
    "LocationDisplayOrder": 2
  },
  {
    "ID": 7920,
    "Description": 2014,
    "LocationAbbr": "AZ",
    "LocationDesc": "Arizona",
    "DataSource": "BRFSS",
    "Topic": "Obesity / Weight Status",
    "Data_Value": 34,
    "Sample_Size": "1,814",
    "Stratification1": "Hispanic",
    "StratificationId1": "RACEHIS",
    "LocationDisplayOrder": 4
  },
  {
    "ID": 34335,
    "Description": 2014,
    "LocationAbbr": "AR",
    "LocationDesc": "Arkansas",
    "DataSource": "BRFSS",
    "Topic": "Obesity / Weight Status",
    "Data_Value": 35.2,
    "Sample_Size": 96,
    "Stratification1": "Hispanic",
    "StratificationId1": "RACEHIS",
    "LocationDisplayOrder": 5
  },
  {
    "ID": 8650,
    "Description": 2014,
    "LocationAbbr": "CA",
    "LocationDesc": "California",
    "DataSource": "BRFSS",
    "Topic": "Obesity / Weight Status",
    "Data_Value": 32.3,
    "Sample_Size": "2,049",
    "Stratification1": "Hispanic",
    "StratificationId1": "RACEHIS",
    "LocationDisplayOrder": 6
  },
  {
    "ID": 21586,
    "Description": 2014,
    "LocationAbbr": "CO",
    "LocationDesc": "Colorado",
    "DataSource": "BRFSS",
    "Topic": "Obesity / Weight Status",
    "Data_Value": 26.8,
    "Sample_Size": "1,406",
    "Stratification1": "Hispanic",
    "StratificationId1": "RACEHIS",
    "LocationDisplayOrder": 8
  },
  {
    "ID": 12313,
    "Description": 2014,
    "LocationAbbr": "CT",
    "LocationDesc": "Connecticut",
    "DataSource": "BRFSS",
    "Topic": "Obesity / Weight Status",
    "Data_Value": 27.5,
    "Sample_Size": 563,
    "Stratification1": "Hispanic",
    "StratificationId1": "RACEHIS",
    "LocationDisplayOrder": 9
  },
  {
    "ID": 33799,
    "Description": 2014,
    "LocationAbbr": "DE",
    "LocationDesc": "Delaware",
    "DataSource": "BRFSS",
    "Topic": "Obesity / Weight Status",
    "Data_Value": 31.3,
    "Sample_Size": 200,
    "Stratification1": "Hispanic",
    "StratificationId1": "RACEHIS",
    "LocationDisplayOrder": 10
  },
  {
    "ID": 15996,
    "Description": 2014,
    "LocationAbbr": "DC",
    "LocationDesc": "District of Columbia",
    "DataSource": "BRFSS",
    "Topic": "Obesity / Weight Status",
    "Data_Value": 19.9,
    "Sample_Size": 133,
    "Stratification1": "Hispanic",
    "StratificationId1": "RACEHIS",
    "LocationDisplayOrder": 11
  },
  {
    "ID": 27081,
    "Description": 2014,
    "LocationAbbr": "FL",
    "LocationDesc": "Florida",
    "DataSource": "BRFSS",
    "Topic": "Obesity / Weight Status",
    "Data_Value": 27.2,
    "Sample_Size": "1,097",
    "Stratification1": "Hispanic",
    "StratificationId1": "RACEHIS",
    "LocationDisplayOrder": 12
  },
  {
    "ID": 15640,
    "Description": 2014,
    "LocationAbbr": "GA",
    "LocationDesc": "Georgia",
    "DataSource": "BRFSS",
    "Topic": "Obesity / Weight Status",
    "Data_Value": 23.3,
    "Sample_Size": 201,
    "Stratification1": "Hispanic",
    "StratificationId1": "RACEHIS",
    "LocationDisplayOrder": 13
  },
  {
    "ID": 19083,
    "Description": 2014,
    "LocationAbbr": "HI",
    "LocationDesc": "Hawaii",
    "DataSource": "BRFSS",
    "Topic": "Obesity / Weight Status",
    "Data_Value": 32.3,
    "Sample_Size": 535,
    "Stratification1": "Hispanic",
    "StratificationId1": "RACEHIS",
    "LocationDisplayOrder": 15
  },
  {
    "ID": 36008,
    "Description": 2014,
    "LocationAbbr": "ID",
    "LocationDesc": "Idaho",
    "DataSource": "BRFSS",
    "Topic": "Obesity / Weight Status",
    "Data_Value": 37.6,
    "Sample_Size": 248,
    "Stratification1": "Hispanic",
    "StratificationId1": "RACEHIS",
    "LocationDisplayOrder": 16
  },
  {
    "ID": 33838,
    "Description": 2014,
    "LocationAbbr": "IL",
    "LocationDesc": "Illinois",
    "DataSource": "BRFSS",
    "Topic": "Obesity / Weight Status",
    "Data_Value": 34.9,
    "Sample_Size": 391,
    "Stratification1": "Hispanic",
    "StratificationId1": "RACEHIS",
    "LocationDisplayOrder": 17
  },
  {
    "ID": 39265,
    "Description": 2014,
    "LocationAbbr": "IN",
    "LocationDesc": "Indiana",
    "DataSource": "BRFSS",
    "Topic": "Obesity / Weight Status",
    "Data_Value": 30.8,
    "Sample_Size": 285,
    "Stratification1": "Hispanic",
    "StratificationId1": "RACEHIS",
    "LocationDisplayOrder": 18
  },
  {
    "ID": 15188,
    "Description": 2014,
    "LocationAbbr": "IA",
    "LocationDesc": "Iowa",
    "DataSource": "BRFSS",
    "Topic": "Obesity / Weight Status",
    "Data_Value": 27.9,
    "Sample_Size": 187,
    "Stratification1": "Hispanic",
    "StratificationId1": "RACEHIS",
    "LocationDisplayOrder": 19
  },
  {
    "ID": 30067,
    "Description": 2014,
    "LocationAbbr": "KS",
    "LocationDesc": "Kansas",
    "DataSource": "BRFSS",
    "Topic": "Obesity / Weight Status",
    "Data_Value": 33,
    "Sample_Size": 649,
    "Stratification1": "Hispanic",
    "StratificationId1": "RACEHIS",
    "LocationDisplayOrder": 20
  },
  {
    "ID": 25440,
    "Description": 2014,
    "LocationAbbr": "KY",
    "LocationDesc": "Kentucky",
    "DataSource": "BRFSS",
    "Topic": "Obesity / Weight Status",
    "Data_Value": 18.5,
    "Sample_Size": 103,
    "Stratification1": "Hispanic",
    "StratificationId1": "RACEHIS",
    "LocationDisplayOrder": 21
  },
  {
    "ID": 3643,
    "Description": 2014,
    "LocationAbbr": "LA",
    "LocationDesc": "Louisiana",
    "DataSource": "BRFSS",
    "Topic": "Obesity / Weight Status",
    "Data_Value": 32.9,
    "Sample_Size": 151,
    "Stratification1": "Hispanic",
    "StratificationId1": "RACEHIS",
    "LocationDisplayOrder": 22
  },
  {
    "ID": 13259,
    "Description": 2014,
    "LocationAbbr": "ME",
    "LocationDesc": "Maine",
    "DataSource": "BRFSS",
    "Topic": "Obesity / Weight Status",
    "Data_Value": 30,
    "Sample_Size": 61,
    "Stratification1": "Hispanic",
    "StratificationId1": "RACEHIS",
    "LocationDisplayOrder": 23
  },
  {
    "ID": 28871,
    "Description": 2014,
    "LocationAbbr": "MD",
    "LocationDesc": "Maryland",
    "DataSource": "BRFSS",
    "Topic": "Obesity / Weight Status",
    "Data_Value": 22.6,
    "Sample_Size": 339,
    "Stratification1": "Hispanic",
    "StratificationId1": "RACEHIS",
    "LocationDisplayOrder": 24
  },
  {
    "ID": 29429,
    "Description": 2014,
    "LocationAbbr": "MA",
    "LocationDesc": "Massachusetts",
    "DataSource": "BRFSS",
    "Topic": "Obesity / Weight Status",
    "Data_Value": 32.2,
    "Sample_Size": 779,
    "Stratification1": "Hispanic",
    "StratificationId1": "RACEHIS",
    "LocationDisplayOrder": 25
  },
  {
    "ID": 17758,
    "Description": 2014,
    "LocationAbbr": "MI",
    "LocationDesc": "Michigan",
    "DataSource": "BRFSS",
    "Topic": "Obesity / Weight Status",
    "Data_Value": 36.8,
    "Sample_Size": 157,
    "Stratification1": "Hispanic",
    "StratificationId1": "RACEHIS",
    "LocationDisplayOrder": 26
  },
  {
    "ID": 18142,
    "Description": 2014,
    "LocationAbbr": "MN",
    "LocationDesc": "Minnesota",
    "DataSource": "BRFSS",
    "Topic": "Obesity / Weight Status",
    "Data_Value": 34.8,
    "Sample_Size": 351,
    "Stratification1": "Hispanic",
    "StratificationId1": "RACEHIS",
    "LocationDisplayOrder": 27
  },
  {
    "ID": 50368,
    "Description": 2014,
    "LocationAbbr": "MS",
    "LocationDesc": "Mississippi",
    "DataSource": "BRFSS",
    "Topic": "Obesity / Weight Status",
    "Data_Value": "~",
    "Sample_Size": "~",
    "Stratification1": "Hispanic",
    "StratificationId1": "RACEHIS",
    "LocationDisplayOrder": 28
  },
  {
    "ID": 9175,
    "Description": 2014,
    "LocationAbbr": "MO",
    "LocationDesc": "Missouri",
    "DataSource": "BRFSS",
    "Topic": "Obesity / Weight Status",
    "Data_Value": 33.3,
    "Sample_Size": 85,
    "Stratification1": "Hispanic",
    "StratificationId1": "RACEHIS",
    "LocationDisplayOrder": 29
  },
  {
    "ID": 9663,
    "Description": 2014,
    "LocationAbbr": "MT",
    "LocationDesc": "Montana",
    "DataSource": "BRFSS",
    "Topic": "Obesity / Weight Status",
    "Data_Value": 24.8,
    "Sample_Size": 121,
    "Stratification1": "Hispanic",
    "StratificationId1": "RACEHIS",
    "LocationDisplayOrder": 30
  },
  {
    "ID": 32492,
    "Description": 2014,
    "LocationAbbr": "NE",
    "LocationDesc": "Nebraska",
    "DataSource": "BRFSS",
    "Topic": "Obesity / Weight Status",
    "Data_Value": 31.7,
    "Sample_Size": 752,
    "Stratification1": "Hispanic",
    "StratificationId1": "RACEHIS",
    "LocationDisplayOrder": 31
  },
  {
    "ID": 29372,
    "Description": 2014,
    "LocationAbbr": "NV",
    "LocationDesc": "Nevada",
    "DataSource": "BRFSS",
    "Topic": "Obesity / Weight Status",
    "Data_Value": 30.3,
    "Sample_Size": 408,
    "Stratification1": "Hispanic",
    "StratificationId1": "RACEHIS",
    "LocationDisplayOrder": 32
  },
  {
    "ID": 10258,
    "Description": 2014,
    "LocationAbbr": "NH",
    "LocationDesc": "New Hampshire",
    "DataSource": "BRFSS",
    "Topic": "Obesity / Weight Status",
    "Data_Value": 34.2,
    "Sample_Size": 74,
    "Stratification1": "Hispanic",
    "StratificationId1": "RACEHIS",
    "LocationDisplayOrder": 33
  },
  {
    "ID": 31639,
    "Description": 2014,
    "LocationAbbr": "NJ",
    "LocationDesc": "New Jersey",
    "DataSource": "BRFSS",
    "Topic": "Obesity / Weight Status",
    "Data_Value": 31,
    "Sample_Size": "1,412",
    "Stratification1": "Hispanic",
    "StratificationId1": "RACEHIS",
    "LocationDisplayOrder": 34
  },
  {
    "ID": 38414,
    "Description": 2014,
    "LocationAbbr": "NM",
    "LocationDesc": "New Mexico",
    "DataSource": "BRFSS",
    "Topic": "Obesity / Weight Status",
    "Data_Value": 31,
    "Sample_Size": "2,557",
    "Stratification1": "Hispanic",
    "StratificationId1": "RACEHIS",
    "LocationDisplayOrder": 35
  },
  {
    "ID": 5592,
    "Description": 2014,
    "LocationAbbr": "NY",
    "LocationDesc": "New York",
    "DataSource": "BRFSS",
    "Topic": "Obesity / Weight Status",
    "Data_Value": 32.6,
    "Sample_Size": 769,
    "Stratification1": "Hispanic",
    "StratificationId1": "RACEHIS",
    "LocationDisplayOrder": 36
  },
  {
    "ID": 23791,
    "Description": 2014,
    "LocationAbbr": "NC",
    "LocationDesc": "North Carolina",
    "DataSource": "BRFSS",
    "Topic": "Obesity / Weight Status",
    "Data_Value": 37.5,
    "Sample_Size": 376,
    "Stratification1": "Hispanic",
    "StratificationId1": "RACEHIS",
    "LocationDisplayOrder": 37
  },
  {
    "ID": 31899,
    "Description": 2014,
    "LocationAbbr": "ND",
    "LocationDesc": "North Dakota",
    "DataSource": "BRFSS",
    "Topic": "Obesity / Weight Status",
    "Data_Value": 40.9,
    "Sample_Size": 75,
    "Stratification1": "Hispanic",
    "StratificationId1": "RACEHIS",
    "LocationDisplayOrder": 38
  },
  {
    "ID": 18986,
    "Description": 2014,
    "LocationAbbr": "OH",
    "LocationDesc": "Ohio",
    "DataSource": "BRFSS",
    "Topic": "Obesity / Weight Status",
    "Data_Value": 26.5,
    "Sample_Size": 155,
    "Stratification1": "Hispanic",
    "StratificationId1": "RACEHIS",
    "LocationDisplayOrder": 39
  },
  {
    "ID": 24866,
    "Description": 2014,
    "LocationAbbr": "OK",
    "LocationDesc": "Oklahoma",
    "DataSource": "BRFSS",
    "Topic": "Obesity / Weight Status",
    "Data_Value": 35.5,
    "Sample_Size": 331,
    "Stratification1": "Hispanic",
    "StratificationId1": "RACEHIS",
    "LocationDisplayOrder": 40
  },
  {
    "ID": 9485,
    "Description": 2014,
    "LocationAbbr": "OR",
    "LocationDesc": "Oregon",
    "DataSource": "BRFSS",
    "Topic": "Obesity / Weight Status",
    "Data_Value": 25.6,
    "Sample_Size": 204,
    "Stratification1": "Hispanic",
    "StratificationId1": "RACEHIS",
    "LocationDisplayOrder": 41
  },
  {
    "ID": 18292,
    "Description": 2014,
    "LocationAbbr": "PA",
    "LocationDesc": "Pennsylvania",
    "DataSource": "BRFSS",
    "Topic": "Obesity / Weight Status",
    "Data_Value": 38.6,
    "Sample_Size": 206,
    "Stratification1": "Hispanic",
    "StratificationId1": "RACEHIS",
    "LocationDisplayOrder": 42
  },
  {
    "ID": 39242,
    "Description": 2014,
    "LocationAbbr": "RI",
    "LocationDesc": "Rhode Island",
    "DataSource": "BRFSS",
    "Topic": "Obesity / Weight Status",
    "Data_Value": 27.9,
    "Sample_Size": 406,
    "Stratification1": "Hispanic",
    "StratificationId1": "RACEHIS",
    "LocationDisplayOrder": 44
  },
  {
    "ID": 8393,
    "Description": 2014,
    "LocationAbbr": "SC",
    "LocationDesc": "South Carolina",
    "DataSource": "BRFSS",
    "Topic": "Obesity / Weight Status",
    "Data_Value": 32.5,
    "Sample_Size": 217,
    "Stratification1": "Hispanic",
    "StratificationId1": "RACEHIS",
    "LocationDisplayOrder": 45
  },
  {
    "ID": 4607,
    "Description": 2014,
    "LocationAbbr": "SD",
    "LocationDesc": "South Dakota",
    "DataSource": "BRFSS",
    "Topic": "Obesity / Weight Status",
    "Data_Value": 25.6,
    "Sample_Size": 72,
    "Stratification1": "Hispanic",
    "StratificationId1": "RACEHIS",
    "LocationDisplayOrder": 46
  },
  {
    "ID": 25364,
    "Description": 2014,
    "LocationAbbr": "TN",
    "LocationDesc": "Tennessee",
    "DataSource": "BRFSS",
    "Topic": "Obesity / Weight Status",
    "Data_Value": 38.9,
    "Sample_Size": 54,
    "Stratification1": "Hispanic",
    "StratificationId1": "RACEHIS",
    "LocationDisplayOrder": 47
  },
  {
    "ID": 32161,
    "Description": 2014,
    "LocationAbbr": "TX",
    "LocationDesc": "Texas",
    "DataSource": "BRFSS",
    "Topic": "Obesity / Weight Status",
    "Data_Value": 35.6,
    "Sample_Size": "3,558",
    "Stratification1": "Hispanic",
    "StratificationId1": "RACEHIS",
    "LocationDisplayOrder": 48
  },
  {
    "ID": 27261,
    "Description": 2014,
    "LocationAbbr": "UT",
    "LocationDesc": "Utah",
    "DataSource": "BRFSS",
    "Topic": "Obesity / Weight Status",
    "Data_Value": 28.5,
    "Sample_Size": 978,
    "Stratification1": "Hispanic",
    "StratificationId1": "RACEHIS",
    "LocationDisplayOrder": 49
  },
  {
    "ID": 51210,
    "Description": 2014,
    "LocationAbbr": "VT",
    "LocationDesc": "Vermont",
    "DataSource": "BRFSS",
    "Topic": "Obesity / Weight Status",
    "Data_Value": "~",
    "Sample_Size": "~",
    "Stratification1": "Hispanic",
    "StratificationId1": "RACEHIS",
    "LocationDisplayOrder": 50
  },
  {
    "ID": 32252,
    "Description": 2014,
    "LocationAbbr": "VA",
    "LocationDesc": "Virginia",
    "DataSource": "BRFSS",
    "Topic": "Obesity / Weight Status",
    "Data_Value": 31.1,
    "Sample_Size": 294,
    "Stratification1": "Hispanic",
    "StratificationId1": "RACEHIS",
    "LocationDisplayOrder": 51
  },
  {
    "ID": 5852,
    "Description": 2014,
    "LocationAbbr": "WA",
    "LocationDesc": "Washington",
    "DataSource": "BRFSS",
    "Topic": "Obesity / Weight Status",
    "Data_Value": 34.6,
    "Sample_Size": 451,
    "Stratification1": "Hispanic",
    "StratificationId1": "RACEHIS",
    "LocationDisplayOrder": 53
  },
  {
    "ID": 54680,
    "Description": 2014,
    "LocationAbbr": "WV",
    "LocationDesc": "West Virginia",
    "DataSource": "BRFSS",
    "Topic": "Obesity / Weight Status",
    "Data_Value": "~",
    "Sample_Size": "~",
    "Stratification1": "Hispanic",
    "StratificationId1": "RACEHIS",
    "LocationDisplayOrder": 54
  },
  {
    "ID": 30073,
    "Description": 2014,
    "LocationAbbr": "WI",
    "LocationDesc": "Wisconsin",
    "DataSource": "BRFSS",
    "Topic": "Obesity / Weight Status",
    "Data_Value": 38.8,
    "Sample_Size": 132,
    "Stratification1": "Hispanic",
    "StratificationId1": "RACEHIS",
    "LocationDisplayOrder": 55
  },
  {
    "ID": 13629,
    "Description": 2014,
    "LocationAbbr": "WY",
    "LocationDesc": "Wyoming",
    "DataSource": "BRFSS",
    "Topic": "Obesity / Weight Status",
    "Data_Value": 36.5,
    "Sample_Size": 197,
    "Stratification1": "Hispanic",
    "StratificationId1": "RACEHIS",
    "LocationDisplayOrder": 56
  },
  {
    "ID": 1104,
    "Description": 2014,
    "LocationAbbr": "GU",
    "LocationDesc": "Guam",
    "DataSource": "BRFSS",
    "Topic": "Obesity / Weight Status",
    "Data_Value": 32.4,
    "Sample_Size": 200,
    "Stratification1": "Hispanic",
    "StratificationId1": "RACEHIS",
    "LocationDisplayOrder": 66
  },
  {
    "ID": 1181,
    "Description": 2014,
    "LocationAbbr": "PR",
    "LocationDesc": "Puerto Rico",
    "DataSource": "BRFSS",
    "Topic": "Obesity / Weight Status",
    "Data_Value": 28.2,
    "Sample_Size": "5,681",
    "Stratification1": "Hispanic",
    "StratificationId1": "RACEHIS",
    "LocationDisplayOrder": 72
  },
  {
    "ID": "",
    "Description": "",
    "LocationAbbr": "",
    "LocationDesc": "",
    "DataSource": "",
    "Topic": "",
    "Data_Value": "",
    "Sample_Size": "",
    "Stratification1": "",
    "StratificationId1": "",
    "LocationDisplayOrder": ""
  },
  {
    "ID": "",
    "Description": "",
    "LocationAbbr": "",
    "LocationDesc": "",
    "DataSource": "",
    "Topic": "",
    "Data_Value": "",
    "Sample_Size": "",
    "Stratification1": "",
    "StratificationId1": "",
    "LocationDisplayOrder": ""
  },
  {
    "ID": "",
    "Description": "",
    "LocationAbbr": "",
    "LocationDesc": "",
    "DataSource": "",
    "Topic": "",
    "Data_Value": "",
    "Sample_Size": "",
    "Stratification1": "",
    "StratificationId1": "",
    "LocationDisplayOrder": ""
  },
  {
    "ID": "",
    "Description": "",
    "LocationAbbr": "",
    "LocationDesc": "",
    "DataSource": "",
    "Topic": "",
    "Data_Value": "",
    "Sample_Size": "",
    "Stratification1": "",
    "StratificationId1": "",
    "LocationDisplayOrder": ""
  },
  {
    "ID": "",
    "Description": "",
    "LocationAbbr": "",
    "LocationDesc": "",
    "DataSource": "",
    "Topic": "",
    "Data_Value": "",
    "Sample_Size": "",
    "Stratification1": "",
    "StratificationId1": "",
    "LocationDisplayOrder": ""
  },
  {
    "ID": "",
    "Description": "",
    "LocationAbbr": "",
    "LocationDesc": "",
    "DataSource": "",
    "Topic": "",
    "Data_Value": "",
    "Sample_Size": "",
    "Stratification1": "",
    "StratificationId1": "",
    "LocationDisplayOrder": ""
  },
  {
    "ID": "",
    "Description": "",
    "LocationAbbr": "",
    "LocationDesc": "",
    "DataSource": "",
    "Topic": "",
    "Data_Value": "",
    "Sample_Size": "",
    "Stratification1": "",
    "StratificationId1": "",
    "LocationDisplayOrder": ""
  },
  {
    "ID": "",
    "Description": "",
    "LocationAbbr": "",
    "LocationDesc": "",
    "DataSource": "",
    "Topic": "",
    "Data_Value": "",
    "Sample_Size": "",
    "Stratification1": "",
    "StratificationId1": "",
    "LocationDisplayOrder": ""
  },
  {
    "ID": "",
    "Description": "",
    "LocationAbbr": "",
    "LocationDesc": "",
    "DataSource": "",
    "Topic": "",
    "Data_Value": "",
    "Sample_Size": "",
    "Stratification1": "",
    "StratificationId1": "",
    "LocationDisplayOrder": ""
  },
  {
    "ID": "",
    "Description": "",
    "LocationAbbr": "",
    "LocationDesc": "",
    "DataSource": "",
    "Topic": "",
    "Data_Value": "",
    "Sample_Size": "",
    "Stratification1": "",
    "StratificationId1": "",
    "LocationDisplayOrder": ""
  }
]