[
  {
    "ID": 902,
    "Description": 2014,
    "LocationAbbr": "US",
    "LocationDesc": "National",
    "DataSource": "BRFSS",
    "Topic": "Obesity / Weight Status",
    "Data_Value": 33.4,
    "Sample_Size": "6,618",
    "Stratification1": "American Indian / Alaska Native",
    "StratificationId1": "RACENAA",
    "LocationDisplayOrder": 0
  },
  {
    "ID": 4504,
    "Description": 2014,
    "LocationAbbr": "AL",
    "LocationDesc": "Alabama",
    "DataSource": "BRFSS",
    "Topic": "Obesity / Weight Status",
    "Data_Value": 35.2,
    "Sample_Size": 90,
    "Stratification1": "American Indian / Alaska Native",
    "StratificationId1": "RACENAA",
    "LocationDisplayOrder": 1
  },
  {
    "ID": 23348,
    "Description": 2014,
    "LocationAbbr": "AK",
    "LocationDesc": "Alaska",
    "DataSource": "BRFSS",
    "Topic": "Obesity / Weight Status",
    "Data_Value": 33.8,
    "Sample_Size": 492,
    "Stratification1": "American Indian / Alaska Native",
    "StratificationId1": "RACENAA",
    "LocationDisplayOrder": 2
  },
  {
    "ID": 25643,
    "Description": 2014,
    "LocationAbbr": "AZ",
    "LocationDesc": "Arizona",
    "DataSource": "BRFSS",
    "Topic": "Obesity / Weight Status",
    "Data_Value": 44.6,
    "Sample_Size": 319,
    "Stratification1": "American Indian / Alaska Native",
    "StratificationId1": "RACENAA",
    "LocationDisplayOrder": 4
  },
  {
    "ID": 32531,
    "Description": 2014,
    "LocationAbbr": "AR",
    "LocationDesc": "Arkansas",
    "DataSource": "BRFSS",
    "Topic": "Obesity / Weight Status",
    "Data_Value": 45.7,
    "Sample_Size": 64,
    "Stratification1": "American Indian / Alaska Native",
    "StratificationId1": "RACENAA",
    "LocationDisplayOrder": 5
  },
  {
    "ID": 7014,
    "Description": 2014,
    "LocationAbbr": "CA",
    "LocationDesc": "California",
    "DataSource": "BRFSS",
    "Topic": "Obesity / Weight Status",
    "Data_Value": 32.1,
    "Sample_Size": 64,
    "Stratification1": "American Indian / Alaska Native",
    "StratificationId1": "RACENAA",
    "LocationDisplayOrder": 6
  },
  {
    "ID": 8090,
    "Description": 2014,
    "LocationAbbr": "CO",
    "LocationDesc": "Colorado",
    "DataSource": "BRFSS",
    "Topic": "Obesity / Weight Status",
    "Data_Value": 37.6,
    "Sample_Size": 106,
    "Stratification1": "American Indian / Alaska Native",
    "StratificationId1": "RACENAA",
    "LocationDisplayOrder": 8
  },
  {
    "ID": 46954,
    "Description": 2014,
    "LocationAbbr": "CT",
    "LocationDesc": "Connecticut",
    "DataSource": "BRFSS",
    "Topic": "Obesity / Weight Status",
    "Data_Value": "~",
    "Sample_Size": "~",
    "Stratification1": "American Indian / Alaska Native",
    "StratificationId1": "RACENAA",
    "LocationDisplayOrder": 9
  },
  {
    "ID": 51398,
    "Description": 2014,
    "LocationAbbr": "DE",
    "LocationDesc": "Delaware",
    "DataSource": "BRFSS",
    "Topic": "Obesity / Weight Status",
    "Data_Value": "~",
    "Sample_Size": "~",
    "Stratification1": "American Indian / Alaska Native",
    "StratificationId1": "RACENAA",
    "LocationDisplayOrder": 10
  },
  {
    "ID": 52700,
    "Description": 2014,
    "LocationAbbr": "DC",
    "LocationDesc": "District of Columbia",
    "DataSource": "BRFSS",
    "Topic": "Obesity / Weight Status",
    "Data_Value": "~",
    "Sample_Size": "~",
    "Stratification1": "American Indian / Alaska Native",
    "StratificationId1": "RACENAA",
    "LocationDisplayOrder": 11
  },
  {
    "ID": 48760,
    "Description": 2014,
    "LocationAbbr": "FL",
    "LocationDesc": "Florida",
    "DataSource": "BRFSS",
    "Topic": "Obesity / Weight Status",
    "Data_Value": "~",
    "Sample_Size": "~",
    "Stratification1": "American Indian / Alaska Native",
    "StratificationId1": "RACENAA",
    "LocationDisplayOrder": 12
  },
  {
    "ID": 46162,
    "Description": 2014,
    "LocationAbbr": "GA",
    "LocationDesc": "Georgia",
    "DataSource": "BRFSS",
    "Topic": "Obesity / Weight Status",
    "Data_Value": "~",
    "Sample_Size": "~",
    "Stratification1": "American Indian / Alaska Native",
    "StratificationId1": "RACENAA",
    "LocationDisplayOrder": 13
  },
  {
    "ID": 52107,
    "Description": 2014,
    "LocationAbbr": "HI",
    "LocationDesc": "Hawaii",
    "DataSource": "BRFSS",
    "Topic": "Obesity / Weight Status",
    "Data_Value": "~",
    "Sample_Size": "~",
    "Stratification1": "American Indian / Alaska Native",
    "StratificationId1": "RACENAA",
    "LocationDisplayOrder": 15
  },
  {
    "ID": 36255,
    "Description": 2014,
    "LocationAbbr": "ID",
    "LocationDesc": "Idaho",
    "DataSource": "BRFSS",
    "Topic": "Obesity / Weight Status",
    "Data_Value": 37.7,
    "Sample_Size": 56,
    "Stratification1": "American Indian / Alaska Native",
    "StratificationId1": "RACENAA",
    "LocationDisplayOrder": 16
  },
  {
    "ID": 47094,
    "Description": 2014,
    "LocationAbbr": "IL",
    "LocationDesc": "Illinois",
    "DataSource": "BRFSS",
    "Topic": "Obesity / Weight Status",
    "Data_Value": "~",
    "Sample_Size": "~",
    "Stratification1": "American Indian / Alaska Native",
    "StratificationId1": "RACENAA",
    "LocationDisplayOrder": 17
  },
  {
    "ID": 37579,
    "Description": 2014,
    "LocationAbbr": "IN",
    "LocationDesc": "Indiana",
    "DataSource": "BRFSS",
    "Topic": "Obesity / Weight Status",
    "Data_Value": 39.2,
    "Sample_Size": 95,
    "Stratification1": "American Indian / Alaska Native",
    "StratificationId1": "RACENAA",
    "LocationDisplayOrder": 18
  },
  {
    "ID": 49475,
    "Description": 2014,
    "LocationAbbr": "IA",
    "LocationDesc": "Iowa",
    "DataSource": "BRFSS",
    "Topic": "Obesity / Weight Status",
    "Data_Value": "~",
    "Sample_Size": "~",
    "Stratification1": "American Indian / Alaska Native",
    "StratificationId1": "RACENAA",
    "LocationDisplayOrder": 19
  },
  {
    "ID": 28010,
    "Description": 2014,
    "LocationAbbr": "KS",
    "LocationDesc": "Kansas",
    "DataSource": "BRFSS",
    "Topic": "Obesity / Weight Status",
    "Data_Value": 35.2,
    "Sample_Size": 133,
    "Stratification1": "American Indian / Alaska Native",
    "StratificationId1": "RACENAA",
    "LocationDisplayOrder": 20
  },
  {
    "ID": 35586,
    "Description": 2014,
    "LocationAbbr": "KY",
    "LocationDesc": "Kentucky",
    "DataSource": "BRFSS",
    "Topic": "Obesity / Weight Status",
    "Data_Value": 24,
    "Sample_Size": 89,
    "Stratification1": "American Indian / Alaska Native",
    "StratificationId1": "RACENAA",
    "LocationDisplayOrder": 21
  },
  {
    "ID": 8824,
    "Description": 2014,
    "LocationAbbr": "LA",
    "LocationDesc": "Louisiana",
    "DataSource": "BRFSS",
    "Topic": "Obesity / Weight Status",
    "Data_Value": 26.9,
    "Sample_Size": 62,
    "Stratification1": "American Indian / Alaska Native",
    "StratificationId1": "RACENAA",
    "LocationDisplayOrder": 22
  },
  {
    "ID": 18697,
    "Description": 2014,
    "LocationAbbr": "ME",
    "LocationDesc": "Maine",
    "DataSource": "BRFSS",
    "Topic": "Obesity / Weight Status",
    "Data_Value": 35.4,
    "Sample_Size": 109,
    "Stratification1": "American Indian / Alaska Native",
    "StratificationId1": "RACENAA",
    "LocationDisplayOrder": 23
  },
  {
    "ID": 21546,
    "Description": 2014,
    "LocationAbbr": "MD",
    "LocationDesc": "Maryland",
    "DataSource": "BRFSS",
    "Topic": "Obesity / Weight Status",
    "Data_Value": 39,
    "Sample_Size": 69,
    "Stratification1": "American Indian / Alaska Native",
    "StratificationId1": "RACENAA",
    "LocationDisplayOrder": 24
  },
  {
    "ID": 18885,
    "Description": 2014,
    "LocationAbbr": "MA",
    "LocationDesc": "Massachusetts",
    "DataSource": "BRFSS",
    "Topic": "Obesity / Weight Status",
    "Data_Value": 25,
    "Sample_Size": 64,
    "Stratification1": "American Indian / Alaska Native",
    "StratificationId1": "RACENAA",
    "LocationDisplayOrder": 25
  },
  {
    "ID": 17239,
    "Description": 2014,
    "LocationAbbr": "MI",
    "LocationDesc": "Michigan",
    "DataSource": "BRFSS",
    "Topic": "Obesity / Weight Status",
    "Data_Value": 28.4,
    "Sample_Size": 54,
    "Stratification1": "American Indian / Alaska Native",
    "StratificationId1": "RACENAA",
    "LocationDisplayOrder": 26
  },
  {
    "ID": 28139,
    "Description": 2014,
    "LocationAbbr": "MN",
    "LocationDesc": "Minnesota",
    "DataSource": "BRFSS",
    "Topic": "Obesity / Weight Status",
    "Data_Value": 35,
    "Sample_Size": 184,
    "Stratification1": "American Indian / Alaska Native",
    "StratificationId1": "RACENAA",
    "LocationDisplayOrder": 27
  },
  {
    "ID": 58588,
    "Description": 2014,
    "LocationAbbr": "MS",
    "LocationDesc": "Mississippi",
    "DataSource": "BRFSS",
    "Topic": "Obesity / Weight Status",
    "Data_Value": "~",
    "Sample_Size": "~",
    "Stratification1": "American Indian / Alaska Native",
    "StratificationId1": "RACENAA",
    "LocationDisplayOrder": 28
  },
  {
    "ID": 4545,
    "Description": 2014,
    "LocationAbbr": "MO",
    "LocationDesc": "Missouri",
    "DataSource": "BRFSS",
    "Topic": "Obesity / Weight Status",
    "Data_Value": 52.4,
    "Sample_Size": 71,
    "Stratification1": "American Indian / Alaska Native",
    "StratificationId1": "RACENAA",
    "LocationDisplayOrder": 29
  },
  {
    "ID": 12786,
    "Description": 2014,
    "LocationAbbr": "MT",
    "LocationDesc": "Montana",
    "DataSource": "BRFSS",
    "Topic": "Obesity / Weight Status",
    "Data_Value": 41.5,
    "Sample_Size": 589,
    "Stratification1": "American Indian / Alaska Native",
    "StratificationId1": "RACENAA",
    "LocationDisplayOrder": 30
  },
  {
    "ID": 24777,
    "Description": 2014,
    "LocationAbbr": "NE",
    "LocationDesc": "Nebraska",
    "DataSource": "BRFSS",
    "Topic": "Obesity / Weight Status",
    "Data_Value": 52.9,
    "Sample_Size": 183,
    "Stratification1": "American Indian / Alaska Native",
    "StratificationId1": "RACENAA",
    "LocationDisplayOrder": 31
  },
  {
    "ID": 9105,
    "Description": 2014,
    "LocationAbbr": "NV",
    "LocationDesc": "Nevada",
    "DataSource": "BRFSS",
    "Topic": "Obesity / Weight Status",
    "Data_Value": 35.5,
    "Sample_Size": 61,
    "Stratification1": "American Indian / Alaska Native",
    "StratificationId1": "RACENAA",
    "LocationDisplayOrder": 32
  },
  {
    "ID": 53070,
    "Description": 2014,
    "LocationAbbr": "NH",
    "LocationDesc": "New Hampshire",
    "DataSource": "BRFSS",
    "Topic": "Obesity / Weight Status",
    "Data_Value": "~",
    "Sample_Size": "~",
    "Stratification1": "American Indian / Alaska Native",
    "StratificationId1": "RACENAA",
    "LocationDisplayOrder": 33
  },
  {
    "ID": 37881,
    "Description": 2014,
    "LocationAbbr": "NJ",
    "LocationDesc": "New Jersey",
    "DataSource": "BRFSS",
    "Topic": "Obesity / Weight Status",
    "Data_Value": 23.6,
    "Sample_Size": 58,
    "Stratification1": "American Indian / Alaska Native",
    "StratificationId1": "RACENAA",
    "LocationDisplayOrder": 34
  },
  {
    "ID": 17845,
    "Description": 2014,
    "LocationAbbr": "NM",
    "LocationDesc": "New Mexico",
    "DataSource": "BRFSS",
    "Topic": "Obesity / Weight Status",
    "Data_Value": 40.3,
    "Sample_Size": 747,
    "Stratification1": "American Indian / Alaska Native",
    "StratificationId1": "RACENAA",
    "LocationDisplayOrder": 35
  },
  {
    "ID": 45399,
    "Description": 2014,
    "LocationAbbr": "NY",
    "LocationDesc": "New York",
    "DataSource": "BRFSS",
    "Topic": "Obesity / Weight Status",
    "Data_Value": "~",
    "Sample_Size": "~",
    "Stratification1": "American Indian / Alaska Native",
    "StratificationId1": "RACENAA",
    "LocationDisplayOrder": 36
  },
  {
    "ID": 23540,
    "Description": 2014,
    "LocationAbbr": "NC",
    "LocationDesc": "North Carolina",
    "DataSource": "BRFSS",
    "Topic": "Obesity / Weight Status",
    "Data_Value": 28.9,
    "Sample_Size": 110,
    "Stratification1": "American Indian / Alaska Native",
    "StratificationId1": "RACENAA",
    "LocationDisplayOrder": 37
  },
  {
    "ID": 12744,
    "Description": 2014,
    "LocationAbbr": "ND",
    "LocationDesc": "North Dakota",
    "DataSource": "BRFSS",
    "Topic": "Obesity / Weight Status",
    "Data_Value": 40.9,
    "Sample_Size": 225,
    "Stratification1": "American Indian / Alaska Native",
    "StratificationId1": "RACENAA",
    "LocationDisplayOrder": 38
  },
  {
    "ID": 5136,
    "Description": 2014,
    "LocationAbbr": "OH",
    "LocationDesc": "Ohio",
    "DataSource": "BRFSS",
    "Topic": "Obesity / Weight Status",
    "Data_Value": 40.7,
    "Sample_Size": 89,
    "Stratification1": "American Indian / Alaska Native",
    "StratificationId1": "RACENAA",
    "LocationDisplayOrder": 39
  },
  {
    "ID": 33194,
    "Description": 2014,
    "LocationAbbr": "OK",
    "LocationDesc": "Oklahoma",
    "DataSource": "BRFSS",
    "Topic": "Obesity / Weight Status",
    "Data_Value": 36.4,
    "Sample_Size": 551,
    "Stratification1": "American Indian / Alaska Native",
    "StratificationId1": "RACENAA",
    "LocationDisplayOrder": 40
  },
  {
    "ID": 58189,
    "Description": 2014,
    "LocationAbbr": "OR",
    "LocationDesc": "Oregon",
    "DataSource": "BRFSS",
    "Topic": "Obesity / Weight Status",
    "Data_Value": "~",
    "Sample_Size": "~",
    "Stratification1": "American Indian / Alaska Native",
    "StratificationId1": "RACENAA",
    "LocationDisplayOrder": 41
  },
  {
    "ID": 53568,
    "Description": 2014,
    "LocationAbbr": "PA",
    "LocationDesc": "Pennsylvania",
    "DataSource": "BRFSS",
    "Topic": "Obesity / Weight Status",
    "Data_Value": "~",
    "Sample_Size": "~",
    "Stratification1": "American Indian / Alaska Native",
    "StratificationId1": "RACENAA",
    "LocationDisplayOrder": 42
  },
  {
    "ID": 56941,
    "Description": 2014,
    "LocationAbbr": "RI",
    "LocationDesc": "Rhode Island",
    "DataSource": "BRFSS",
    "Topic": "Obesity / Weight Status",
    "Data_Value": "~",
    "Sample_Size": "~",
    "Stratification1": "American Indian / Alaska Native",
    "StratificationId1": "RACENAA",
    "LocationDisplayOrder": 44
  },
  {
    "ID": 15699,
    "Description": 2014,
    "LocationAbbr": "SC",
    "LocationDesc": "South Carolina",
    "DataSource": "BRFSS",
    "Topic": "Obesity / Weight Status",
    "Data_Value": 27.8,
    "Sample_Size": 84,
    "Stratification1": "American Indian / Alaska Native",
    "StratificationId1": "RACENAA",
    "LocationDisplayOrder": 45
  },
  {
    "ID": 16400,
    "Description": 2014,
    "LocationAbbr": "SD",
    "LocationDesc": "South Dakota",
    "DataSource": "BRFSS",
    "Topic": "Obesity / Weight Status",
    "Data_Value": 40.7,
    "Sample_Size": 685,
    "Stratification1": "American Indian / Alaska Native",
    "StratificationId1": "RACENAA",
    "LocationDisplayOrder": 46
  },
  {
    "ID": 49718,
    "Description": 2014,
    "LocationAbbr": "TN",
    "LocationDesc": "Tennessee",
    "DataSource": "BRFSS",
    "Topic": "Obesity / Weight Status",
    "Data_Value": "~",
    "Sample_Size": "~",
    "Stratification1": "American Indian / Alaska Native",
    "StratificationId1": "RACENAA",
    "LocationDisplayOrder": 47
  },
  {
    "ID": 6362,
    "Description": 2014,
    "LocationAbbr": "TX",
    "LocationDesc": "Texas",
    "DataSource": "BRFSS",
    "Topic": "Obesity / Weight Status",
    "Data_Value": 32.5,
    "Sample_Size": 94,
    "Stratification1": "American Indian / Alaska Native",
    "StratificationId1": "RACENAA",
    "LocationDisplayOrder": 48
  },
  {
    "ID": 37545,
    "Description": 2014,
    "LocationAbbr": "UT",
    "LocationDesc": "Utah",
    "DataSource": "BRFSS",
    "Topic": "Obesity / Weight Status",
    "Data_Value": 34.8,
    "Sample_Size": 124,
    "Stratification1": "American Indian / Alaska Native",
    "StratificationId1": "RACENAA",
    "LocationDisplayOrder": 49
  },
  {
    "ID": 46805,
    "Description": 2014,
    "LocationAbbr": "VT",
    "LocationDesc": "Vermont",
    "DataSource": "BRFSS",
    "Topic": "Obesity / Weight Status",
    "Data_Value": "~",
    "Sample_Size": "~",
    "Stratification1": "American Indian / Alaska Native",
    "StratificationId1": "RACENAA",
    "LocationDisplayOrder": 50
  },
  {
    "ID": 19225,
    "Description": 2014,
    "LocationAbbr": "VA",
    "LocationDesc": "Virginia",
    "DataSource": "BRFSS",
    "Topic": "Obesity / Weight Status",
    "Data_Value": 30.5,
    "Sample_Size": 68,
    "Stratification1": "American Indian / Alaska Native",
    "StratificationId1": "RACENAA",
    "LocationDisplayOrder": 51
  },
  {
    "ID": 21397,
    "Description": 2014,
    "LocationAbbr": "WA",
    "LocationDesc": "Washington",
    "DataSource": "BRFSS",
    "Topic": "Obesity / Weight Status",
    "Data_Value": 28.4,
    "Sample_Size": 108,
    "Stratification1": "American Indian / Alaska Native",
    "StratificationId1": "RACENAA",
    "LocationDisplayOrder": 53
  },
  {
    "ID": 55163,
    "Description": 2014,
    "LocationAbbr": "WV",
    "LocationDesc": "West Virginia",
    "DataSource": "BRFSS",
    "Topic": "Obesity / Weight Status",
    "Data_Value": "~",
    "Sample_Size": "~",
    "Stratification1": "American Indian / Alaska Native",
    "StratificationId1": "RACENAA",
    "LocationDisplayOrder": 54
  },
  {
    "ID": 4610,
    "Description": 2014,
    "LocationAbbr": "WI",
    "LocationDesc": "Wisconsin",
    "DataSource": "BRFSS",
    "Topic": "Obesity / Weight Status",
    "Data_Value": 56.9,
    "Sample_Size": 96,
    "Stratification1": "American Indian / Alaska Native",
    "StratificationId1": "RACENAA",
    "LocationDisplayOrder": 55
  },
  {
    "ID": 1213,
    "Description": 2014,
    "LocationAbbr": "WY",
    "LocationDesc": "Wyoming",
    "DataSource": "BRFSS",
    "Topic": "Obesity / Weight Status",
    "Data_Value": 44,
    "Sample_Size": 72,
    "Stratification1": "American Indian / Alaska Native",
    "StratificationId1": "RACENAA",
    "LocationDisplayOrder": 56
  },
  {
    "ID": 54116,
    "Description": 2014,
    "LocationAbbr": "GU",
    "LocationDesc": "Guam",
    "DataSource": "BRFSS",
    "Topic": "Obesity / Weight Status",
    "Data_Value": "~",
    "Sample_Size": "~",
    "Stratification1": "American Indian / Alaska Native",
    "StratificationId1": "RACENAA",
    "LocationDisplayOrder": 66
  },
  {
    "ID": 46995,
    "Description": 2014,
    "LocationAbbr": "PR",
    "LocationDesc": "Puerto Rico",
    "DataSource": "BRFSS",
    "Topic": "Obesity / Weight Status",
    "Data_Value": "~",
    "Sample_Size": "~",
    "Stratification1": "American Indian / Alaska Native",
    "StratificationId1": "RACENAA",
    "LocationDisplayOrder": 72
  },
  {
    "ID": "",
    "Description": "",
    "LocationAbbr": "",
    "LocationDesc": "",
    "DataSource": "",
    "Topic": "",
    "Data_Value": "",
    "Sample_Size": "",
    "Stratification1": "",
    "StratificationId1": "",
    "LocationDisplayOrder": ""
  },
  {
    "ID": "",
    "Description": "",
    "LocationAbbr": "",
    "LocationDesc": "",
    "DataSource": "",
    "Topic": "",
    "Data_Value": "",
    "Sample_Size": "",
    "Stratification1": "",
    "StratificationId1": "",
    "LocationDisplayOrder": ""
  },
  {
    "ID": "",
    "Description": "",
    "LocationAbbr": "",
    "LocationDesc": "",
    "DataSource": "",
    "Topic": "",
    "Data_Value": "",
    "Sample_Size": "",
    "Stratification1": "",
    "StratificationId1": "",
    "LocationDisplayOrder": ""
  },
  {
    "ID": "",
    "Description": "",
    "LocationAbbr": "",
    "LocationDesc": "",
    "DataSource": "",
    "Topic": "",
    "Data_Value": "",
    "Sample_Size": "",
    "Stratification1": "",
    "StratificationId1": "",
    "LocationDisplayOrder": ""
  },
  {
    "ID": "",
    "Description": "",
    "LocationAbbr": "",
    "LocationDesc": "",
    "DataSource": "",
    "Topic": "",
    "Data_Value": "",
    "Sample_Size": "",
    "Stratification1": "",
    "StratificationId1": "",
    "LocationDisplayOrder": ""
  },
  {
    "ID": "",
    "Description": "",
    "LocationAbbr": "",
    "LocationDesc": "",
    "DataSource": "",
    "Topic": "",
    "Data_Value": "",
    "Sample_Size": "",
    "Stratification1": "",
    "StratificationId1": "",
    "LocationDisplayOrder": ""
  },
  {
    "ID": "",
    "Description": "",
    "LocationAbbr": "",
    "LocationDesc": "",
    "DataSource": "",
    "Topic": "",
    "Data_Value": "",
    "Sample_Size": "",
    "Stratification1": "",
    "StratificationId1": "",
    "LocationDisplayOrder": ""
  },
  {
    "ID": "",
    "Description": "",
    "LocationAbbr": "",
    "LocationDesc": "",
    "DataSource": "",
    "Topic": "",
    "Data_Value": "",
    "Sample_Size": "",
    "Stratification1": "",
    "StratificationId1": "",
    "LocationDisplayOrder": ""
  },
  {
    "ID": "",
    "Description": "",
    "LocationAbbr": "",
    "LocationDesc": "",
    "DataSource": "",
    "Topic": "",
    "Data_Value": "",
    "Sample_Size": "",
    "Stratification1": "",
    "StratificationId1": "",
    "LocationDisplayOrder": ""
  },
  {
    "ID": "",
    "Description": "",
    "LocationAbbr": "",
    "LocationDesc": "",
    "DataSource": "",
    "Topic": "",
    "Data_Value": "",
    "Sample_Size": "",
    "Stratification1": "",
    "StratificationId1": "",
    "LocationDisplayOrder": ""
  }
]