[
  {
    "ID": 454,
    "Description": 2014,
    "LocationAbbr": "US",
    "LocationDesc": "National",
    "DataSource": "BRFSS",
    "Topic": "Obesity / Weight Status",
    "Data_Value": 38.9,
    "Sample_Size": "32,434",
    "Stratification1": "Non-Hispanic Black",
    "StratificationId1": "RACEBLK",
    "LocationDisplayOrder": 0
  },
  {
    "ID": 12193,
    "Description": 2014,
    "LocationAbbr": "AL",
    "LocationDesc": "Alabama",
    "DataSource": "BRFSS",
    "Topic": "Obesity / Weight Status",
    "Data_Value": 41.9,
    "Sample_Size": "2,029",
    "Stratification1": "Non-Hispanic Black",
    "StratificationId1": "RACEBLK",
    "LocationDisplayOrder": 1
  },
  {
    "ID": 8151,
    "Description": 2014,
    "LocationAbbr": "AK",
    "LocationDesc": "Alaska",
    "DataSource": "BRFSS",
    "Topic": "Obesity / Weight Status",
    "Data_Value": 42.3,
    "Sample_Size": 54,
    "Stratification1": "Non-Hispanic Black",
    "StratificationId1": "RACEBLK",
    "LocationDisplayOrder": 2
  },
  {
    "ID": 9976,
    "Description": 2014,
    "LocationAbbr": "AZ",
    "LocationDesc": "Arizona",
    "DataSource": "BRFSS",
    "Topic": "Obesity / Weight Status",
    "Data_Value": 36.7,
    "Sample_Size": 381,
    "Stratification1": "Non-Hispanic Black",
    "StratificationId1": "RACEBLK",
    "LocationDisplayOrder": 4
  },
  {
    "ID": 25527,
    "Description": 2014,
    "LocationAbbr": "AR",
    "LocationDesc": "Arkansas",
    "DataSource": "BRFSS",
    "Topic": "Obesity / Weight Status",
    "Data_Value": 45.1,
    "Sample_Size": 723,
    "Stratification1": "Non-Hispanic Black",
    "StratificationId1": "RACEBLK",
    "LocationDisplayOrder": 5
  },
  {
    "ID": 20105,
    "Description": 2014,
    "LocationAbbr": "CA",
    "LocationDesc": "California",
    "DataSource": "BRFSS",
    "Topic": "Obesity / Weight Status",
    "Data_Value": 32.7,
    "Sample_Size": 417,
    "Stratification1": "Non-Hispanic Black",
    "StratificationId1": "RACEBLK",
    "LocationDisplayOrder": 6
  },
  {
    "ID": 14225,
    "Description": 2014,
    "LocationAbbr": "CO",
    "LocationDesc": "Colorado",
    "DataSource": "BRFSS",
    "Topic": "Obesity / Weight Status",
    "Data_Value": 30.5,
    "Sample_Size": 282,
    "Stratification1": "Non-Hispanic Black",
    "StratificationId1": "RACEBLK",
    "LocationDisplayOrder": 8
  },
  {
    "ID": 28594,
    "Description": 2014,
    "LocationAbbr": "CT",
    "LocationDesc": "Connecticut",
    "DataSource": "BRFSS",
    "Topic": "Obesity / Weight Status",
    "Data_Value": 37.3,
    "Sample_Size": 521,
    "Stratification1": "Non-Hispanic Black",
    "StratificationId1": "RACEBLK",
    "LocationDisplayOrder": 9
  },
  {
    "ID": 9303,
    "Description": 2014,
    "LocationAbbr": "DE",
    "LocationDesc": "Delaware",
    "DataSource": "BRFSS",
    "Topic": "Obesity / Weight Status",
    "Data_Value": 37.7,
    "Sample_Size": 565,
    "Stratification1": "Non-Hispanic Black",
    "StratificationId1": "RACEBLK",
    "LocationDisplayOrder": 10
  },
  {
    "ID": 4812,
    "Description": 2014,
    "LocationAbbr": "DC",
    "LocationDesc": "District of Columbia",
    "DataSource": "BRFSS",
    "Topic": "Obesity / Weight Status",
    "Data_Value": 33.9,
    "Sample_Size": "1,734",
    "Stratification1": "Non-Hispanic Black",
    "StratificationId1": "RACEBLK",
    "LocationDisplayOrder": 11
  },
  {
    "ID": 34974,
    "Description": 2014,
    "LocationAbbr": "FL",
    "LocationDesc": "Florida",
    "DataSource": "BRFSS",
    "Topic": "Obesity / Weight Status",
    "Data_Value": 36.3,
    "Sample_Size": 804,
    "Stratification1": "Non-Hispanic Black",
    "StratificationId1": "RACEBLK",
    "LocationDisplayOrder": 12
  },
  {
    "ID": 19196,
    "Description": 2014,
    "LocationAbbr": "GA",
    "LocationDesc": "Georgia",
    "DataSource": "BRFSS",
    "Topic": "Obesity / Weight Status",
    "Data_Value": 37.8,
    "Sample_Size": "1,421",
    "Stratification1": "Non-Hispanic Black",
    "StratificationId1": "RACEBLK",
    "LocationDisplayOrder": 13
  },
  {
    "ID": 29110,
    "Description": 2014,
    "LocationAbbr": "HI",
    "LocationDesc": "Hawaii",
    "DataSource": "BRFSS",
    "Topic": "Obesity / Weight Status",
    "Data_Value": 34.3,
    "Sample_Size": 61,
    "Stratification1": "Non-Hispanic Black",
    "StratificationId1": "RACEBLK",
    "LocationDisplayOrder": 15
  },
  {
    "ID": 46389,
    "Description": 2014,
    "LocationAbbr": "ID",
    "LocationDesc": "Idaho",
    "DataSource": "BRFSS",
    "Topic": "Obesity / Weight Status",
    "Data_Value": "~",
    "Sample_Size": "~",
    "Stratification1": "Non-Hispanic Black",
    "StratificationId1": "RACEBLK",
    "LocationDisplayOrder": 16
  },
  {
    "ID": 22016,
    "Description": 2014,
    "LocationAbbr": "IL",
    "LocationDesc": "Illinois",
    "DataSource": "BRFSS",
    "Topic": "Obesity / Weight Status",
    "Data_Value": 43.8,
    "Sample_Size": 491,
    "Stratification1": "Non-Hispanic Black",
    "StratificationId1": "RACEBLK",
    "LocationDisplayOrder": 17
  },
  {
    "ID": 17565,
    "Description": 2014,
    "LocationAbbr": "IN",
    "LocationDesc": "Indiana",
    "DataSource": "BRFSS",
    "Topic": "Obesity / Weight Status",
    "Data_Value": 42.1,
    "Sample_Size": 581,
    "Stratification1": "Non-Hispanic Black",
    "StratificationId1": "RACEBLK",
    "LocationDisplayOrder": 18
  },
  {
    "ID": 36041,
    "Description": 2014,
    "LocationAbbr": "IA",
    "LocationDesc": "Iowa",
    "DataSource": "BRFSS",
    "Topic": "Obesity / Weight Status",
    "Data_Value": 31.4,
    "Sample_Size": 110,
    "Stratification1": "Non-Hispanic Black",
    "StratificationId1": "RACEBLK",
    "LocationDisplayOrder": 19
  },
  {
    "ID": 10977,
    "Description": 2014,
    "LocationAbbr": "KS",
    "LocationDesc": "Kansas",
    "DataSource": "BRFSS",
    "Topic": "Obesity / Weight Status",
    "Data_Value": 42.1,
    "Sample_Size": 481,
    "Stratification1": "Non-Hispanic Black",
    "StratificationId1": "RACEBLK",
    "LocationDisplayOrder": 20
  },
  {
    "ID": 29945,
    "Description": 2014,
    "LocationAbbr": "KY",
    "LocationDesc": "Kentucky",
    "DataSource": "BRFSS",
    "Topic": "Obesity / Weight Status",
    "Data_Value": 42.9,
    "Sample_Size": 950,
    "Stratification1": "Non-Hispanic Black",
    "StratificationId1": "RACEBLK",
    "LocationDisplayOrder": 21
  },
  {
    "ID": 5914,
    "Description": 2014,
    "LocationAbbr": "LA",
    "LocationDesc": "Louisiana",
    "DataSource": "BRFSS",
    "Topic": "Obesity / Weight Status",
    "Data_Value": 43.4,
    "Sample_Size": "1,714",
    "Stratification1": "Non-Hispanic Black",
    "StratificationId1": "RACEBLK",
    "LocationDisplayOrder": 22
  },
  {
    "ID": 49042,
    "Description": 2014,
    "LocationAbbr": "ME",
    "LocationDesc": "Maine",
    "DataSource": "BRFSS",
    "Topic": "Obesity / Weight Status",
    "Data_Value": "~",
    "Sample_Size": "~",
    "Stratification1": "Non-Hispanic Black",
    "StratificationId1": "RACEBLK",
    "LocationDisplayOrder": 23
  },
  {
    "ID": 15860,
    "Description": 2014,
    "LocationAbbr": "MD",
    "LocationDesc": "Maryland",
    "DataSource": "BRFSS",
    "Topic": "Obesity / Weight Status",
    "Data_Value": 39.1,
    "Sample_Size": "2,327",
    "Stratification1": "Non-Hispanic Black",
    "StratificationId1": "RACEBLK",
    "LocationDisplayOrder": 24
  },
  {
    "ID": 12816,
    "Description": 2014,
    "LocationAbbr": "MA",
    "LocationDesc": "Massachusetts",
    "DataSource": "BRFSS",
    "Topic": "Obesity / Weight Status",
    "Data_Value": 34.8,
    "Sample_Size": 695,
    "Stratification1": "Non-Hispanic Black",
    "StratificationId1": "RACEBLK",
    "LocationDisplayOrder": 25
  },
  {
    "ID": 15346,
    "Description": 2014,
    "LocationAbbr": "MI",
    "LocationDesc": "Michigan",
    "DataSource": "BRFSS",
    "Topic": "Obesity / Weight Status",
    "Data_Value": 33.6,
    "Sample_Size": 787,
    "Stratification1": "Non-Hispanic Black",
    "StratificationId1": "RACEBLK",
    "LocationDisplayOrder": 26
  },
  {
    "ID": 16242,
    "Description": 2014,
    "LocationAbbr": "MN",
    "LocationDesc": "Minnesota",
    "DataSource": "BRFSS",
    "Topic": "Obesity / Weight Status",
    "Data_Value": 32.7,
    "Sample_Size": 398,
    "Stratification1": "Non-Hispanic Black",
    "StratificationId1": "RACEBLK",
    "LocationDisplayOrder": 27
  },
  {
    "ID": 36167,
    "Description": 2014,
    "LocationAbbr": "MS",
    "LocationDesc": "Mississippi",
    "DataSource": "BRFSS",
    "Topic": "Obesity / Weight Status",
    "Data_Value": 43.4,
    "Sample_Size": "1,407",
    "Stratification1": "Non-Hispanic Black",
    "StratificationId1": "RACEBLK",
    "LocationDisplayOrder": 28
  },
  {
    "ID": 14564,
    "Description": 2014,
    "LocationAbbr": "MO",
    "LocationDesc": "Missouri",
    "DataSource": "BRFSS",
    "Topic": "Obesity / Weight Status",
    "Data_Value": 39.5,
    "Sample_Size": 857,
    "Stratification1": "Non-Hispanic Black",
    "StratificationId1": "RACEBLK",
    "LocationDisplayOrder": 29
  },
  {
    "ID": 54773,
    "Description": 2014,
    "LocationAbbr": "MT",
    "LocationDesc": "Montana",
    "DataSource": "BRFSS",
    "Topic": "Obesity / Weight Status",
    "Data_Value": "~",
    "Sample_Size": "~",
    "Stratification1": "Non-Hispanic Black",
    "StratificationId1": "RACEBLK",
    "LocationDisplayOrder": 30
  },
  {
    "ID": 17198,
    "Description": 2014,
    "LocationAbbr": "NE",
    "LocationDesc": "Nebraska",
    "DataSource": "BRFSS",
    "Topic": "Obesity / Weight Status",
    "Data_Value": 37.3,
    "Sample_Size": 367,
    "Stratification1": "Non-Hispanic Black",
    "StratificationId1": "RACEBLK",
    "LocationDisplayOrder": 31
  },
  {
    "ID": 30833,
    "Description": 2014,
    "LocationAbbr": "NV",
    "LocationDesc": "Nevada",
    "DataSource": "BRFSS",
    "Topic": "Obesity / Weight Status",
    "Data_Value": 38.1,
    "Sample_Size": 155,
    "Stratification1": "Non-Hispanic Black",
    "StratificationId1": "RACEBLK",
    "LocationDisplayOrder": 32
  },
  {
    "ID": 53517,
    "Description": 2014,
    "LocationAbbr": "NH",
    "LocationDesc": "New Hampshire",
    "DataSource": "BRFSS",
    "Topic": "Obesity / Weight Status",
    "Data_Value": "~",
    "Sample_Size": "~",
    "Stratification1": "Non-Hispanic Black",
    "StratificationId1": "RACEBLK",
    "LocationDisplayOrder": 33
  },
  {
    "ID": 4627,
    "Description": 2014,
    "LocationAbbr": "NJ",
    "LocationDesc": "New Jersey",
    "DataSource": "BRFSS",
    "Topic": "Obesity / Weight Status",
    "Data_Value": 38.4,
    "Sample_Size": "1,414",
    "Stratification1": "Non-Hispanic Black",
    "StratificationId1": "RACEBLK",
    "LocationDisplayOrder": 34
  },
  {
    "ID": 34836,
    "Description": 2014,
    "LocationAbbr": "NM",
    "LocationDesc": "New Mexico",
    "DataSource": "BRFSS",
    "Topic": "Obesity / Weight Status",
    "Data_Value": 37.7,
    "Sample_Size": 101,
    "Stratification1": "Non-Hispanic Black",
    "StratificationId1": "RACEBLK",
    "LocationDisplayOrder": 35
  },
  {
    "ID": 31498,
    "Description": 2014,
    "LocationAbbr": "NY",
    "LocationDesc": "New York",
    "DataSource": "BRFSS",
    "Topic": "Obesity / Weight Status",
    "Data_Value": 31.7,
    "Sample_Size": 804,
    "Stratification1": "Non-Hispanic Black",
    "StratificationId1": "RACEBLK",
    "LocationDisplayOrder": 36
  },
  {
    "ID": 7646,
    "Description": 2014,
    "LocationAbbr": "NC",
    "LocationDesc": "North Carolina",
    "DataSource": "BRFSS",
    "Topic": "Obesity / Weight Status",
    "Data_Value": 39.1,
    "Sample_Size": "1,247",
    "Stratification1": "Non-Hispanic Black",
    "StratificationId1": "RACEBLK",
    "LocationDisplayOrder": 37
  },
  {
    "ID": 46886,
    "Description": 2014,
    "LocationAbbr": "ND",
    "LocationDesc": "North Dakota",
    "DataSource": "BRFSS",
    "Topic": "Obesity / Weight Status",
    "Data_Value": "~",
    "Sample_Size": "~",
    "Stratification1": "Non-Hispanic Black",
    "StratificationId1": "RACEBLK",
    "LocationDisplayOrder": 38
  },
  {
    "ID": 18271,
    "Description": 2014,
    "LocationAbbr": "OH",
    "LocationDesc": "Ohio",
    "DataSource": "BRFSS",
    "Topic": "Obesity / Weight Status",
    "Data_Value": 41.9,
    "Sample_Size": 640,
    "Stratification1": "Non-Hispanic Black",
    "StratificationId1": "RACEBLK",
    "LocationDisplayOrder": 39
  },
  {
    "ID": 32087,
    "Description": 2014,
    "LocationAbbr": "OK",
    "LocationDesc": "Oklahoma",
    "DataSource": "BRFSS",
    "Topic": "Obesity / Weight Status",
    "Data_Value": 33.4,
    "Sample_Size": 448,
    "Stratification1": "Non-Hispanic Black",
    "StratificationId1": "RACEBLK",
    "LocationDisplayOrder": 40
  },
  {
    "ID": 46892,
    "Description": 2014,
    "LocationAbbr": "OR",
    "LocationDesc": "Oregon",
    "DataSource": "BRFSS",
    "Topic": "Obesity / Weight Status",
    "Data_Value": "~",
    "Sample_Size": "~",
    "Stratification1": "Non-Hispanic Black",
    "StratificationId1": "RACEBLK",
    "LocationDisplayOrder": 41
  },
  {
    "ID": 36866,
    "Description": 2014,
    "LocationAbbr": "PA",
    "LocationDesc": "Pennsylvania",
    "DataSource": "BRFSS",
    "Topic": "Obesity / Weight Status",
    "Data_Value": 37.1,
    "Sample_Size": 806,
    "Stratification1": "Non-Hispanic Black",
    "StratificationId1": "RACEBLK",
    "LocationDisplayOrder": 42
  },
  {
    "ID": 36470,
    "Description": 2014,
    "LocationAbbr": "RI",
    "LocationDesc": "Rhode Island",
    "DataSource": "BRFSS",
    "Topic": "Obesity / Weight Status",
    "Data_Value": 34.7,
    "Sample_Size": 214,
    "Stratification1": "Non-Hispanic Black",
    "StratificationId1": "RACEBLK",
    "LocationDisplayOrder": 44
  },
  {
    "ID": 12042,
    "Description": 2014,
    "LocationAbbr": "SC",
    "LocationDesc": "South Carolina",
    "DataSource": "BRFSS",
    "Topic": "Obesity / Weight Status",
    "Data_Value": 42.7,
    "Sample_Size": "2,575",
    "Stratification1": "Non-Hispanic Black",
    "StratificationId1": "RACEBLK",
    "LocationDisplayOrder": 45
  },
  {
    "ID": 45426,
    "Description": 2014,
    "LocationAbbr": "SD",
    "LocationDesc": "South Dakota",
    "DataSource": "BRFSS",
    "Topic": "Obesity / Weight Status",
    "Data_Value": "~",
    "Sample_Size": "~",
    "Stratification1": "Non-Hispanic Black",
    "StratificationId1": "RACEBLK",
    "LocationDisplayOrder": 46
  },
  {
    "ID": 8860,
    "Description": 2014,
    "LocationAbbr": "TN",
    "LocationDesc": "Tennessee",
    "DataSource": "BRFSS",
    "Topic": "Obesity / Weight Status",
    "Data_Value": 40.7,
    "Sample_Size": 584,
    "Stratification1": "Non-Hispanic Black",
    "StratificationId1": "RACEBLK",
    "LocationDisplayOrder": 47
  },
  {
    "ID": 29002,
    "Description": 2014,
    "LocationAbbr": "TX",
    "LocationDesc": "Texas",
    "DataSource": "BRFSS",
    "Topic": "Obesity / Weight Status",
    "Data_Value": 46.5,
    "Sample_Size": "1,026",
    "Stratification1": "Non-Hispanic Black",
    "StratificationId1": "RACEBLK",
    "LocationDisplayOrder": 48
  },
  {
    "ID": 6401,
    "Description": 2014,
    "LocationAbbr": "UT",
    "LocationDesc": "Utah",
    "DataSource": "BRFSS",
    "Topic": "Obesity / Weight Status",
    "Data_Value": 29.4,
    "Sample_Size": 61,
    "Stratification1": "Non-Hispanic Black",
    "StratificationId1": "RACEBLK",
    "LocationDisplayOrder": 49
  },
  {
    "ID": 53875,
    "Description": 2014,
    "LocationAbbr": "VT",
    "LocationDesc": "Vermont",
    "DataSource": "BRFSS",
    "Topic": "Obesity / Weight Status",
    "Data_Value": "~",
    "Sample_Size": "~",
    "Stratification1": "Non-Hispanic Black",
    "StratificationId1": "RACEBLK",
    "LocationDisplayOrder": 50
  },
  {
    "ID": 10491,
    "Description": 2014,
    "LocationAbbr": "VA",
    "LocationDesc": "Virginia",
    "DataSource": "BRFSS",
    "Topic": "Obesity / Weight Status",
    "Data_Value": 38.9,
    "Sample_Size": "1,395",
    "Stratification1": "Non-Hispanic Black",
    "StratificationId1": "RACEBLK",
    "LocationDisplayOrder": 51
  },
  {
    "ID": 19399,
    "Description": 2014,
    "LocationAbbr": "WA",
    "LocationDesc": "Washington",
    "DataSource": "BRFSS",
    "Topic": "Obesity / Weight Status",
    "Data_Value": 33.5,
    "Sample_Size": 163,
    "Stratification1": "Non-Hispanic Black",
    "StratificationId1": "RACEBLK",
    "LocationDisplayOrder": 53
  },
  {
    "ID": 16940,
    "Description": 2014,
    "LocationAbbr": "WV",
    "LocationDesc": "West Virginia",
    "DataSource": "BRFSS",
    "Topic": "Obesity / Weight Status",
    "Data_Value": 46,
    "Sample_Size": 128,
    "Stratification1": "Non-Hispanic Black",
    "StratificationId1": "RACEBLK",
    "LocationDisplayOrder": 54
  },
  {
    "ID": 8212,
    "Description": 2014,
    "LocationAbbr": "WI",
    "LocationDesc": "Wisconsin",
    "DataSource": "BRFSS",
    "Topic": "Obesity / Weight Status",
    "Data_Value": 44.5,
    "Sample_Size": 262,
    "Stratification1": "Non-Hispanic Black",
    "StratificationId1": "RACEBLK",
    "LocationDisplayOrder": 55
  },
  {
    "ID": 51713,
    "Description": 2014,
    "LocationAbbr": "WY",
    "LocationDesc": "Wyoming",
    "DataSource": "BRFSS",
    "Topic": "Obesity / Weight Status",
    "Data_Value": "~",
    "Sample_Size": "~",
    "Stratification1": "Non-Hispanic Black",
    "StratificationId1": "RACEBLK",
    "LocationDisplayOrder": 56
  },
  {
    "ID": 50776,
    "Description": 2014,
    "LocationAbbr": "GU",
    "LocationDesc": "Guam",
    "DataSource": "BRFSS",
    "Topic": "Obesity / Weight Status",
    "Data_Value": "~",
    "Sample_Size": "~",
    "Stratification1": "Non-Hispanic Black",
    "StratificationId1": "RACEBLK",
    "LocationDisplayOrder": 66
  },
  {
    "ID": 44667,
    "Description": 2014,
    "LocationAbbr": "PR",
    "LocationDesc": "Puerto Rico",
    "DataSource": "BRFSS",
    "Topic": "Obesity / Weight Status",
    "Data_Value": "~",
    "Sample_Size": "~",
    "Stratification1": "Non-Hispanic Black",
    "StratificationId1": "RACEBLK",
    "LocationDisplayOrder": 72
  },
  {
    "ID": "",
    "Description": "",
    "LocationAbbr": "",
    "LocationDesc": "",
    "DataSource": "",
    "Topic": "",
    "Data_Value": "",
    "Sample_Size": "",
    "Stratification1": "",
    "StratificationId1": "",
    "LocationDisplayOrder": ""
  },
  {
    "ID": "",
    "Description": "",
    "LocationAbbr": "",
    "LocationDesc": "",
    "DataSource": "",
    "Topic": "",
    "Data_Value": "",
    "Sample_Size": "",
    "Stratification1": "",
    "StratificationId1": "",
    "LocationDisplayOrder": ""
  },
  {
    "ID": "",
    "Description": "",
    "LocationAbbr": "",
    "LocationDesc": "",
    "DataSource": "",
    "Topic": "",
    "Data_Value": "",
    "Sample_Size": "",
    "Stratification1": "",
    "StratificationId1": "",
    "LocationDisplayOrder": ""
  },
  {
    "ID": "",
    "Description": "",
    "LocationAbbr": "",
    "LocationDesc": "",
    "DataSource": "",
    "Topic": "",
    "Data_Value": "",
    "Sample_Size": "",
    "Stratification1": "",
    "StratificationId1": "",
    "LocationDisplayOrder": ""
  },
  {
    "ID": "",
    "Description": "",
    "LocationAbbr": "",
    "LocationDesc": "",
    "DataSource": "",
    "Topic": "",
    "Data_Value": "",
    "Sample_Size": "",
    "Stratification1": "",
    "StratificationId1": "",
    "LocationDisplayOrder": ""
  },
  {
    "ID": "",
    "Description": "",
    "LocationAbbr": "",
    "LocationDesc": "",
    "DataSource": "",
    "Topic": "",
    "Data_Value": "",
    "Sample_Size": "",
    "Stratification1": "",
    "StratificationId1": "",
    "LocationDisplayOrder": ""
  },
  {
    "ID": "",
    "Description": "",
    "LocationAbbr": "",
    "LocationDesc": "",
    "DataSource": "",
    "Topic": "",
    "Data_Value": "",
    "Sample_Size": "",
    "Stratification1": "",
    "StratificationId1": "",
    "LocationDisplayOrder": ""
  },
  {
    "ID": "",
    "Description": "",
    "LocationAbbr": "",
    "LocationDesc": "",
    "DataSource": "",
    "Topic": "",
    "Data_Value": "",
    "Sample_Size": "",
    "Stratification1": "",
    "StratificationId1": "",
    "LocationDisplayOrder": ""
  },
  {
    "ID": "",
    "Description": "",
    "LocationAbbr": "",
    "LocationDesc": "",
    "DataSource": "",
    "Topic": "",
    "Data_Value": "",
    "Sample_Size": "",
    "Stratification1": "",
    "StratificationId1": "",
    "LocationDisplayOrder": ""
  },
  {
    "ID": "",
    "Description": "",
    "LocationAbbr": "",
    "LocationDesc": "",
    "DataSource": "",
    "Topic": "",
    "Data_Value": "",
    "Sample_Size": "",
    "Stratification1": "",
    "StratificationId1": "",
    "LocationDisplayOrder": ""
  }
]