[
  {
    "ID": 992,
    "Description": 2014,
    "LocationAbbr": "US",
    "LocationDesc": "National",
    "DataSource": "BRFSS",
    "Topic": "Obesity / Weight Status",
    "Data_Value": 28.8,
    "Sample_Size": "242,169",
    "Stratification1": "Female",
    "StratificationId1": "FEMALE",
    "LocationDisplayOrder": 0
  },
  {
    "ID": 18502,
    "Description": 2014,
    "LocationAbbr": "AL",
    "LocationDesc": "Alabama",
    "DataSource": "BRFSS",
    "Topic": "Obesity / Weight Status",
    "Data_Value": 32.9,
    "Sample_Size": "5,156",
    "Stratification1": "Female",
    "StratificationId1": "FEMALE",
    "LocationDisplayOrder": 1
  },
  {
    "ID": 25963,
    "Description": 2014,
    "LocationAbbr": "AK",
    "LocationDesc": "Alaska",
    "DataSource": "BRFSS",
    "Topic": "Obesity / Weight Status",
    "Data_Value": 30.2,
    "Sample_Size": "2,221",
    "Stratification1": "Female",
    "StratificationId1": "FEMALE",
    "LocationDisplayOrder": 2
  },
  {
    "ID": 1448,
    "Description": 2014,
    "LocationAbbr": "AZ",
    "LocationDesc": "Arizona",
    "DataSource": "BRFSS",
    "Topic": "Obesity / Weight Status",
    "Data_Value": 28.8,
    "Sample_Size": "8,075",
    "Stratification1": "Female",
    "StratificationId1": "FEMALE",
    "LocationDisplayOrder": 4
  },
  {
    "ID": 10504,
    "Description": 2014,
    "LocationAbbr": "AR",
    "LocationDesc": "Arkansas",
    "DataSource": "BRFSS",
    "Topic": "Obesity / Weight Status",
    "Data_Value": 36,
    "Sample_Size": "3,045",
    "Stratification1": "Female",
    "StratificationId1": "FEMALE",
    "LocationDisplayOrder": 5
  },
  {
    "ID": 11817,
    "Description": 2014,
    "LocationAbbr": "CA",
    "LocationDesc": "California",
    "DataSource": "BRFSS",
    "Topic": "Obesity / Weight Status",
    "Data_Value": 25.4,
    "Sample_Size": "4,093",
    "Stratification1": "Female",
    "StratificationId1": "FEMALE",
    "LocationDisplayOrder": 6
  },
  {
    "ID": 39439,
    "Description": 2014,
    "LocationAbbr": "CO",
    "LocationDesc": "Colorado",
    "DataSource": "BRFSS",
    "Topic": "Obesity / Weight Status",
    "Data_Value": 20.7,
    "Sample_Size": "6,867",
    "Stratification1": "Female",
    "StratificationId1": "FEMALE",
    "LocationDisplayOrder": 8
  },
  {
    "ID": 10886,
    "Description": 2014,
    "LocationAbbr": "CT",
    "LocationDesc": "Connecticut",
    "DataSource": "BRFSS",
    "Topic": "Obesity / Weight Status",
    "Data_Value": 26,
    "Sample_Size": "3,971",
    "Stratification1": "Female",
    "StratificationId1": "FEMALE",
    "LocationDisplayOrder": 9
  },
  {
    "ID": 27961,
    "Description": 2014,
    "LocationAbbr": "DE",
    "LocationDesc": "Delaware",
    "DataSource": "BRFSS",
    "Topic": "Obesity / Weight Status",
    "Data_Value": 31.9,
    "Sample_Size": "2,299",
    "Stratification1": "Female",
    "StratificationId1": "FEMALE",
    "LocationDisplayOrder": 10
  },
  {
    "ID": 34343,
    "Description": 2014,
    "LocationAbbr": "DC",
    "LocationDesc": "District of Columbia",
    "DataSource": "BRFSS",
    "Topic": "Obesity / Weight Status",
    "Data_Value": 23.7,
    "Sample_Size": "2,235",
    "Stratification1": "Female",
    "StratificationId1": "FEMALE",
    "LocationDisplayOrder": 11
  },
  {
    "ID": 17256,
    "Description": 2014,
    "LocationAbbr": "FL",
    "LocationDesc": "Florida",
    "DataSource": "BRFSS",
    "Topic": "Obesity / Weight Status",
    "Data_Value": 26.6,
    "Sample_Size": "5,387",
    "Stratification1": "Female",
    "StratificationId1": "FEMALE",
    "LocationDisplayOrder": 12
  },
  {
    "ID": 37395,
    "Description": 2014,
    "LocationAbbr": "GA",
    "LocationDesc": "Georgia",
    "DataSource": "BRFSS",
    "Topic": "Obesity / Weight Status",
    "Data_Value": 32.4,
    "Sample_Size": "3,507",
    "Stratification1": "Female",
    "StratificationId1": "FEMALE",
    "LocationDisplayOrder": 13
  },
  {
    "ID": 9168,
    "Description": 2014,
    "LocationAbbr": "HI",
    "LocationDesc": "Hawaii",
    "DataSource": "BRFSS",
    "Topic": "Obesity / Weight Status",
    "Data_Value": 21,
    "Sample_Size": "3,536",
    "Stratification1": "Female",
    "StratificationId1": "FEMALE",
    "LocationDisplayOrder": 15
  },
  {
    "ID": 38323,
    "Description": 2014,
    "LocationAbbr": "ID",
    "LocationDesc": "Idaho",
    "DataSource": "BRFSS",
    "Topic": "Obesity / Weight Status",
    "Data_Value": 29.2,
    "Sample_Size": "2,927",
    "Stratification1": "Female",
    "StratificationId1": "FEMALE",
    "LocationDisplayOrder": 16
  },
  {
    "ID": 22865,
    "Description": 2014,
    "LocationAbbr": "IL",
    "LocationDesc": "Illinois",
    "DataSource": "BRFSS",
    "Topic": "Obesity / Weight Status",
    "Data_Value": 30.7,
    "Sample_Size": "2,705",
    "Stratification1": "Female",
    "StratificationId1": "FEMALE",
    "LocationDisplayOrder": 17
  },
  {
    "ID": 12265,
    "Description": 2014,
    "LocationAbbr": "IN",
    "LocationDesc": "Indiana",
    "DataSource": "BRFSS",
    "Topic": "Obesity / Weight Status",
    "Data_Value": 33,
    "Sample_Size": "6,239",
    "Stratification1": "Female",
    "StratificationId1": "FEMALE",
    "LocationDisplayOrder": 18
  },
  {
    "ID": 13958,
    "Description": 2014,
    "LocationAbbr": "IA",
    "LocationDesc": "Iowa",
    "DataSource": "BRFSS",
    "Topic": "Obesity / Weight Status",
    "Data_Value": 29.8,
    "Sample_Size": "4,262",
    "Stratification1": "Female",
    "StratificationId1": "FEMALE",
    "LocationDisplayOrder": 19
  },
  {
    "ID": 4528,
    "Description": 2014,
    "LocationAbbr": "KS",
    "LocationDesc": "Kansas",
    "DataSource": "BRFSS",
    "Topic": "Obesity / Weight Status",
    "Data_Value": 31.5,
    "Sample_Size": "7,130",
    "Stratification1": "Female",
    "StratificationId1": "FEMALE",
    "LocationDisplayOrder": 20
  },
  {
    "ID": 29235,
    "Description": 2014,
    "LocationAbbr": "KY",
    "LocationDesc": "Kentucky",
    "DataSource": "BRFSS",
    "Topic": "Obesity / Weight Status",
    "Data_Value": 29.9,
    "Sample_Size": "6,644",
    "Stratification1": "Female",
    "StratificationId1": "FEMALE",
    "LocationDisplayOrder": 21
  },
  {
    "ID": 33683,
    "Description": 2014,
    "LocationAbbr": "LA",
    "LocationDesc": "Louisiana",
    "DataSource": "BRFSS",
    "Topic": "Obesity / Weight Status",
    "Data_Value": 35.7,
    "Sample_Size": "3,856",
    "Stratification1": "Female",
    "StratificationId1": "FEMALE",
    "LocationDisplayOrder": 22
  },
  {
    "ID": 33575,
    "Description": 2014,
    "LocationAbbr": "ME",
    "LocationDesc": "Maine",
    "DataSource": "BRFSS",
    "Topic": "Obesity / Weight Status",
    "Data_Value": 28.5,
    "Sample_Size": "4,988",
    "Stratification1": "Female",
    "StratificationId1": "FEMALE",
    "LocationDisplayOrder": 23
  },
  {
    "ID": 20312,
    "Description": 2014,
    "LocationAbbr": "MD",
    "LocationDesc": "Maryland",
    "DataSource": "BRFSS",
    "Topic": "Obesity / Weight Status",
    "Data_Value": 31.3,
    "Sample_Size": "7,089",
    "Stratification1": "Female",
    "StratificationId1": "FEMALE",
    "LocationDisplayOrder": 24
  },
  {
    "ID": 28421,
    "Description": 2014,
    "LocationAbbr": "MA",
    "LocationDesc": "Massachusetts",
    "DataSource": "BRFSS",
    "Topic": "Obesity / Weight Status",
    "Data_Value": 23,
    "Sample_Size": "8,368",
    "Stratification1": "Female",
    "StratificationId1": "FEMALE",
    "LocationDisplayOrder": 25
  },
  {
    "ID": 27004,
    "Description": 2014,
    "LocationAbbr": "MI",
    "LocationDesc": "Michigan",
    "DataSource": "BRFSS",
    "Topic": "Obesity / Weight Status",
    "Data_Value": 30.6,
    "Sample_Size": "4,480",
    "Stratification1": "Female",
    "StratificationId1": "FEMALE",
    "LocationDisplayOrder": 26
  },
  {
    "ID": 30517,
    "Description": 2014,
    "LocationAbbr": "MN",
    "LocationDesc": "Minnesota",
    "DataSource": "BRFSS",
    "Topic": "Obesity / Weight Status",
    "Data_Value": 25.4,
    "Sample_Size": "8,008",
    "Stratification1": "Female",
    "StratificationId1": "FEMALE",
    "LocationDisplayOrder": 27
  },
  {
    "ID": 13463,
    "Description": 2014,
    "LocationAbbr": "MS",
    "LocationDesc": "Mississippi",
    "DataSource": "BRFSS",
    "Topic": "Obesity / Weight Status",
    "Data_Value": 37.9,
    "Sample_Size": "2,500",
    "Stratification1": "Female",
    "StratificationId1": "FEMALE",
    "LocationDisplayOrder": 28
  },
  {
    "ID": 15017,
    "Description": 2014,
    "LocationAbbr": "MO",
    "LocationDesc": "Missouri",
    "DataSource": "BRFSS",
    "Topic": "Obesity / Weight Status",
    "Data_Value": 30.2,
    "Sample_Size": "3,923",
    "Stratification1": "Female",
    "StratificationId1": "FEMALE",
    "LocationDisplayOrder": 29
  },
  {
    "ID": 20869,
    "Description": 2014,
    "LocationAbbr": "MT",
    "LocationDesc": "Montana",
    "DataSource": "BRFSS",
    "Topic": "Obesity / Weight Status",
    "Data_Value": 24.9,
    "Sample_Size": "3,831",
    "Stratification1": "Female",
    "StratificationId1": "FEMALE",
    "LocationDisplayOrder": 30
  },
  {
    "ID": 25046,
    "Description": 2014,
    "LocationAbbr": "NE",
    "LocationDesc": "Nebraska",
    "DataSource": "BRFSS",
    "Topic": "Obesity / Weight Status",
    "Data_Value": 28.7,
    "Sample_Size": "11,731",
    "Stratification1": "Female",
    "StratificationId1": "FEMALE",
    "LocationDisplayOrder": 31
  },
  {
    "ID": 33548,
    "Description": 2014,
    "LocationAbbr": "NV",
    "LocationDesc": "Nevada",
    "DataSource": "BRFSS",
    "Topic": "Obesity / Weight Status",
    "Data_Value": 25.4,
    "Sample_Size": "1,982",
    "Stratification1": "Female",
    "StratificationId1": "FEMALE",
    "LocationDisplayOrder": 32
  },
  {
    "ID": 32702,
    "Description": 2014,
    "LocationAbbr": "NH",
    "LocationDesc": "New Hampshire",
    "DataSource": "BRFSS",
    "Topic": "Obesity / Weight Status",
    "Data_Value": 25.3,
    "Sample_Size": "3,221",
    "Stratification1": "Female",
    "StratificationId1": "FEMALE",
    "LocationDisplayOrder": 33
  },
  {
    "ID": 36121,
    "Description": 2014,
    "LocationAbbr": "NJ",
    "LocationDesc": "New Jersey",
    "DataSource": "BRFSS",
    "Topic": "Obesity / Weight Status",
    "Data_Value": 25.3,
    "Sample_Size": "6,808",
    "Stratification1": "Female",
    "StratificationId1": "FEMALE",
    "LocationDisplayOrder": 34
  },
  {
    "ID": 21285,
    "Description": 2014,
    "LocationAbbr": "NM",
    "LocationDesc": "New Mexico",
    "DataSource": "BRFSS",
    "Topic": "Obesity / Weight Status",
    "Data_Value": 29.4,
    "Sample_Size": "4,698",
    "Stratification1": "Female",
    "StratificationId1": "FEMALE",
    "LocationDisplayOrder": 35
  },
  {
    "ID": 8472,
    "Description": 2014,
    "LocationAbbr": "NY",
    "LocationDesc": "New York",
    "DataSource": "BRFSS",
    "Topic": "Obesity / Weight Status",
    "Data_Value": 26.2,
    "Sample_Size": "3,569",
    "Stratification1": "Female",
    "StratificationId1": "FEMALE",
    "LocationDisplayOrder": 36
  },
  {
    "ID": 22730,
    "Description": 2014,
    "LocationAbbr": "NC",
    "LocationDesc": "North Carolina",
    "DataSource": "BRFSS",
    "Topic": "Obesity / Weight Status",
    "Data_Value": 31.1,
    "Sample_Size": "3,679",
    "Stratification1": "Female",
    "StratificationId1": "FEMALE",
    "LocationDisplayOrder": 37
  },
  {
    "ID": 19605,
    "Description": 2014,
    "LocationAbbr": "ND",
    "LocationDesc": "North Dakota",
    "DataSource": "BRFSS",
    "Topic": "Obesity / Weight Status",
    "Data_Value": 29.5,
    "Sample_Size": "4,103",
    "Stratification1": "Female",
    "StratificationId1": "FEMALE",
    "LocationDisplayOrder": 38
  },
  {
    "ID": 7857,
    "Description": 2014,
    "LocationAbbr": "OH",
    "LocationDesc": "Ohio",
    "DataSource": "BRFSS",
    "Topic": "Obesity / Weight Status",
    "Data_Value": 32.5,
    "Sample_Size": "6,102",
    "Stratification1": "Female",
    "StratificationId1": "FEMALE",
    "LocationDisplayOrder": 39
  },
  {
    "ID": 16191,
    "Description": 2014,
    "LocationAbbr": "OK",
    "LocationDesc": "Oklahoma",
    "DataSource": "BRFSS",
    "Topic": "Obesity / Weight Status",
    "Data_Value": 32.5,
    "Sample_Size": "4,653",
    "Stratification1": "Female",
    "StratificationId1": "FEMALE",
    "LocationDisplayOrder": 40
  },
  {
    "ID": 22497,
    "Description": 2014,
    "LocationAbbr": "OR",
    "LocationDesc": "Oregon",
    "DataSource": "BRFSS",
    "Topic": "Obesity / Weight Status",
    "Data_Value": 28.7,
    "Sample_Size": "2,772",
    "Stratification1": "Female",
    "StratificationId1": "FEMALE",
    "LocationDisplayOrder": 41
  },
  {
    "ID": 13959,
    "Description": 2014,
    "LocationAbbr": "PA",
    "LocationDesc": "Pennsylvania",
    "DataSource": "BRFSS",
    "Topic": "Obesity / Weight Status",
    "Data_Value": 29.1,
    "Sample_Size": "5,987",
    "Stratification1": "Female",
    "StratificationId1": "FEMALE",
    "LocationDisplayOrder": 42
  },
  {
    "ID": 23800,
    "Description": 2014,
    "LocationAbbr": "RI",
    "LocationDesc": "Rhode Island",
    "DataSource": "BRFSS",
    "Topic": "Obesity / Weight Status",
    "Data_Value": 25.8,
    "Sample_Size": "3,514",
    "Stratification1": "Female",
    "StratificationId1": "FEMALE",
    "LocationDisplayOrder": 44
  },
  {
    "ID": 27467,
    "Description": 2014,
    "LocationAbbr": "SC",
    "LocationDesc": "South Carolina",
    "DataSource": "BRFSS",
    "Topic": "Obesity / Weight Status",
    "Data_Value": 32.4,
    "Sample_Size": "5,911",
    "Stratification1": "Female",
    "StratificationId1": "FEMALE",
    "LocationDisplayOrder": 45
  },
  {
    "ID": 28018,
    "Description": 2014,
    "LocationAbbr": "SD",
    "LocationDesc": "South Dakota",
    "DataSource": "BRFSS",
    "Topic": "Obesity / Weight Status",
    "Data_Value": 28.1,
    "Sample_Size": "3,813",
    "Stratification1": "Female",
    "StratificationId1": "FEMALE",
    "LocationDisplayOrder": 46
  },
  {
    "ID": 6550,
    "Description": 2014,
    "LocationAbbr": "TN",
    "LocationDesc": "Tennessee",
    "DataSource": "BRFSS",
    "Topic": "Obesity / Weight Status",
    "Data_Value": 30.5,
    "Sample_Size": "2,974",
    "Stratification1": "Female",
    "StratificationId1": "FEMALE",
    "LocationDisplayOrder": 47
  },
  {
    "ID": 10516,
    "Description": 2014,
    "LocationAbbr": "TX",
    "LocationDesc": "Texas",
    "DataSource": "BRFSS",
    "Topic": "Obesity / Weight Status",
    "Data_Value": 30.7,
    "Sample_Size": "8,119",
    "Stratification1": "Female",
    "StratificationId1": "FEMALE",
    "LocationDisplayOrder": 48
  },
  {
    "ID": 18103,
    "Description": 2014,
    "LocationAbbr": "UT",
    "LocationDesc": "Utah",
    "DataSource": "BRFSS",
    "Topic": "Obesity / Weight Status",
    "Data_Value": 25.8,
    "Sample_Size": "7,263",
    "Stratification1": "Female",
    "StratificationId1": "FEMALE",
    "LocationDisplayOrder": 49
  },
  {
    "ID": 5718,
    "Description": 2014,
    "LocationAbbr": "VT",
    "LocationDesc": "Vermont",
    "DataSource": "BRFSS",
    "Topic": "Obesity / Weight Status",
    "Data_Value": 24.2,
    "Sample_Size": "3,280",
    "Stratification1": "Female",
    "StratificationId1": "FEMALE",
    "LocationDisplayOrder": 50
  },
  {
    "ID": 26616,
    "Description": 2014,
    "LocationAbbr": "VA",
    "LocationDesc": "Virginia",
    "DataSource": "BRFSS",
    "Topic": "Obesity / Weight Status",
    "Data_Value": 29.3,
    "Sample_Size": "4,999",
    "Stratification1": "Female",
    "StratificationId1": "FEMALE",
    "LocationDisplayOrder": 51
  },
  {
    "ID": 34837,
    "Description": 2014,
    "LocationAbbr": "WA",
    "LocationDesc": "Washington",
    "DataSource": "BRFSS",
    "Topic": "Obesity / Weight Status",
    "Data_Value": 26,
    "Sample_Size": "5,302",
    "Stratification1": "Female",
    "StratificationId1": "FEMALE",
    "LocationDisplayOrder": 53
  },
  {
    "ID": 24345,
    "Description": 2014,
    "LocationAbbr": "WV",
    "LocationDesc": "West Virginia",
    "DataSource": "BRFSS",
    "Topic": "Obesity / Weight Status",
    "Data_Value": 36,
    "Sample_Size": "3,291",
    "Stratification1": "Female",
    "StratificationId1": "FEMALE",
    "LocationDisplayOrder": 54
  },
  {
    "ID": 15962,
    "Description": 2014,
    "LocationAbbr": "WI",
    "LocationDesc": "Wisconsin",
    "DataSource": "BRFSS",
    "Topic": "Obesity / Weight Status",
    "Data_Value": 30.5,
    "Sample_Size": "3,573",
    "Stratification1": "Female",
    "StratificationId1": "FEMALE",
    "LocationDisplayOrder": 55
  },
  {
    "ID": 15540,
    "Description": 2014,
    "LocationAbbr": "WY",
    "LocationDesc": "Wyoming",
    "DataSource": "BRFSS",
    "Topic": "Obesity / Weight Status",
    "Data_Value": 29.2,
    "Sample_Size": "3,483",
    "Stratification1": "Female",
    "StratificationId1": "FEMALE",
    "LocationDisplayOrder": 56
  },
  {
    "ID": 1429,
    "Description": 2014,
    "LocationAbbr": "GU",
    "LocationDesc": "Guam",
    "DataSource": "BRFSS",
    "Topic": "Obesity / Weight Status",
    "Data_Value": 29,
    "Sample_Size": "1,290",
    "Stratification1": "Female",
    "StratificationId1": "FEMALE",
    "LocationDisplayOrder": 66
  },
  {
    "ID": 701,
    "Description": 2014,
    "LocationAbbr": "PR",
    "LocationDesc": "Puerto Rico",
    "DataSource": "BRFSS",
    "Topic": "Obesity / Weight Status",
    "Data_Value": 29.6,
    "Sample_Size": "3,628",
    "Stratification1": "Female",
    "StratificationId1": "FEMALE",
    "LocationDisplayOrder": 72
  },
  {
    "ID": "",
    "Description": "",
    "LocationAbbr": "",
    "LocationDesc": "",
    "DataSource": "",
    "Topic": "",
    "Data_Value": "",
    "Sample_Size": "",
    "Stratification1": "",
    "StratificationId1": "",
    "LocationDisplayOrder": ""
  },
  {
    "ID": "",
    "Description": "",
    "LocationAbbr": "",
    "LocationDesc": "",
    "DataSource": "",
    "Topic": "",
    "Data_Value": "",
    "Sample_Size": "",
    "Stratification1": "",
    "StratificationId1": "",
    "LocationDisplayOrder": ""
  },
  {
    "ID": "",
    "Description": "",
    "LocationAbbr": "",
    "LocationDesc": "",
    "DataSource": "",
    "Topic": "",
    "Data_Value": "",
    "Sample_Size": "",
    "Stratification1": "",
    "StratificationId1": "",
    "LocationDisplayOrder": ""
  },
  {
    "ID": "",
    "Description": "",
    "LocationAbbr": "",
    "LocationDesc": "",
    "DataSource": "",
    "Topic": "",
    "Data_Value": "",
    "Sample_Size": "",
    "Stratification1": "",
    "StratificationId1": "",
    "LocationDisplayOrder": ""
  },
  {
    "ID": "",
    "Description": "",
    "LocationAbbr": "",
    "LocationDesc": "",
    "DataSource": "",
    "Topic": "",
    "Data_Value": "",
    "Sample_Size": "",
    "Stratification1": "",
    "StratificationId1": "",
    "LocationDisplayOrder": ""
  },
  {
    "ID": "",
    "Description": "",
    "LocationAbbr": "",
    "LocationDesc": "",
    "DataSource": "",
    "Topic": "",
    "Data_Value": "",
    "Sample_Size": "",
    "Stratification1": "",
    "StratificationId1": "",
    "LocationDisplayOrder": ""
  },
  {
    "ID": "",
    "Description": "",
    "LocationAbbr": "",
    "LocationDesc": "",
    "DataSource": "",
    "Topic": "",
    "Data_Value": "",
    "Sample_Size": "",
    "Stratification1": "",
    "StratificationId1": "",
    "LocationDisplayOrder": ""
  },
  {
    "ID": "",
    "Description": "",
    "LocationAbbr": "",
    "LocationDesc": "",
    "DataSource": "",
    "Topic": "",
    "Data_Value": "",
    "Sample_Size": "",
    "Stratification1": "",
    "StratificationId1": "",
    "LocationDisplayOrder": ""
  },
  {
    "ID": "",
    "Description": "",
    "LocationAbbr": "",
    "LocationDesc": "",
    "DataSource": "",
    "Topic": "",
    "Data_Value": "",
    "Sample_Size": "",
    "Stratification1": "",
    "StratificationId1": "",
    "LocationDisplayOrder": ""
  }
]