[
  {
    "ID": 195,
    "Description": 2014,
    "LocationAbbr": "US",
    "LocationDesc": "National",
    "DataSource": "BRFSS",
    "Topic": "Obesity / Weight Status",
    "Data_Value": 33.7,
    "Sample_Size": "70,884",
    "Stratification1": "45 - 54",
    "StratificationId1": "AGEYR4554",
    "LocationDisplayOrder": 0
  },
  {
    "ID": 17665,
    "Description": 2014,
    "LocationAbbr": "AL",
    "LocationDesc": "Alabama",
    "DataSource": "BRFSS",
    "Topic": "Obesity / Weight Status",
    "Data_Value": 39.9,
    "Sample_Size": "1,364",
    "Stratification1": "45 - 54",
    "StratificationId1": "AGEYR4554",
    "LocationDisplayOrder": 1
  },
  {
    "ID": 6298,
    "Description": 2014,
    "LocationAbbr": "AK",
    "LocationDesc": "Alaska",
    "DataSource": "BRFSS",
    "Topic": "Obesity / Weight Status",
    "Data_Value": 35.2,
    "Sample_Size": 848,
    "Stratification1": "45 - 54",
    "StratificationId1": "AGEYR4554",
    "LocationDisplayOrder": 2
  },
  {
    "ID": 20499,
    "Description": 2014,
    "LocationAbbr": "AZ",
    "LocationDesc": "Arizona",
    "DataSource": "BRFSS",
    "Topic": "Obesity / Weight Status",
    "Data_Value": 34.9,
    "Sample_Size": "2,001",
    "Stratification1": "45 - 54",
    "StratificationId1": "AGEYR4554",
    "LocationDisplayOrder": 4
  },
  {
    "ID": 29777,
    "Description": 2014,
    "LocationAbbr": "AR",
    "LocationDesc": "Arkansas",
    "DataSource": "BRFSS",
    "Topic": "Obesity / Weight Status",
    "Data_Value": 43.9,
    "Sample_Size": 661,
    "Stratification1": "45 - 54",
    "StratificationId1": "AGEYR4554",
    "LocationDisplayOrder": 5
  },
  {
    "ID": 31413,
    "Description": 2014,
    "LocationAbbr": "CA",
    "LocationDesc": "California",
    "DataSource": "BRFSS",
    "Topic": "Obesity / Weight Status",
    "Data_Value": 26.9,
    "Sample_Size": "1,405",
    "Stratification1": "45 - 54",
    "StratificationId1": "AGEYR4554",
    "LocationDisplayOrder": 6
  },
  {
    "ID": 20843,
    "Description": 2014,
    "LocationAbbr": "CO",
    "LocationDesc": "Colorado",
    "DataSource": "BRFSS",
    "Topic": "Obesity / Weight Status",
    "Data_Value": 24.7,
    "Sample_Size": "2,134",
    "Stratification1": "45 - 54",
    "StratificationId1": "AGEYR4554",
    "LocationDisplayOrder": 8
  },
  {
    "ID": 24035,
    "Description": 2014,
    "LocationAbbr": "CT",
    "LocationDesc": "Connecticut",
    "DataSource": "BRFSS",
    "Topic": "Obesity / Weight Status",
    "Data_Value": 30.8,
    "Sample_Size": "1,382",
    "Stratification1": "45 - 54",
    "StratificationId1": "AGEYR4554",
    "LocationDisplayOrder": 9
  },
  {
    "ID": 33403,
    "Description": 2014,
    "LocationAbbr": "DE",
    "LocationDesc": "Delaware",
    "DataSource": "BRFSS",
    "Topic": "Obesity / Weight Status",
    "Data_Value": 36.4,
    "Sample_Size": 685,
    "Stratification1": "45 - 54",
    "StratificationId1": "AGEYR4554",
    "LocationDisplayOrder": 10
  },
  {
    "ID": 15649,
    "Description": 2014,
    "LocationAbbr": "DC",
    "LocationDesc": "District of Columbia",
    "DataSource": "BRFSS",
    "Topic": "Obesity / Weight Status",
    "Data_Value": 32.8,
    "Sample_Size": 607,
    "Stratification1": "45 - 54",
    "StratificationId1": "AGEYR4554",
    "LocationDisplayOrder": 11
  },
  {
    "ID": 3584,
    "Description": 2014,
    "LocationAbbr": "FL",
    "LocationDesc": "Florida",
    "DataSource": "BRFSS",
    "Topic": "Obesity / Weight Status",
    "Data_Value": 33.1,
    "Sample_Size": "1,310",
    "Stratification1": "45 - 54",
    "StratificationId1": "AGEYR4554",
    "LocationDisplayOrder": 12
  },
  {
    "ID": 29645,
    "Description": 2014,
    "LocationAbbr": "GA",
    "LocationDesc": "Georgia",
    "DataSource": "BRFSS",
    "Topic": "Obesity / Weight Status",
    "Data_Value": 36.2,
    "Sample_Size": "1,007",
    "Stratification1": "45 - 54",
    "StratificationId1": "AGEYR4554",
    "LocationDisplayOrder": 13
  },
  {
    "ID": 22872,
    "Description": 2014,
    "LocationAbbr": "HI",
    "LocationDesc": "Hawaii",
    "DataSource": "BRFSS",
    "Topic": "Obesity / Weight Status",
    "Data_Value": 26.4,
    "Sample_Size": "1,094",
    "Stratification1": "45 - 54",
    "StratificationId1": "AGEYR4554",
    "LocationDisplayOrder": 15
  },
  {
    "ID": 11541,
    "Description": 2014,
    "LocationAbbr": "ID",
    "LocationDesc": "Idaho",
    "DataSource": "BRFSS",
    "Topic": "Obesity / Weight Status",
    "Data_Value": 33.1,
    "Sample_Size": 766,
    "Stratification1": "45 - 54",
    "StratificationId1": "AGEYR4554",
    "LocationDisplayOrder": 16
  },
  {
    "ID": 27643,
    "Description": 2014,
    "LocationAbbr": "IL",
    "LocationDesc": "Illinois",
    "DataSource": "BRFSS",
    "Topic": "Obesity / Weight Status",
    "Data_Value": 34.3,
    "Sample_Size": 865,
    "Stratification1": "45 - 54",
    "StratificationId1": "AGEYR4554",
    "LocationDisplayOrder": 17
  },
  {
    "ID": 2323,
    "Description": 2014,
    "LocationAbbr": "IN",
    "LocationDesc": "Indiana",
    "DataSource": "BRFSS",
    "Topic": "Obesity / Weight Status",
    "Data_Value": 38.8,
    "Sample_Size": "1,805",
    "Stratification1": "45 - 54",
    "StratificationId1": "AGEYR4554",
    "LocationDisplayOrder": 18
  },
  {
    "ID": 26298,
    "Description": 2014,
    "LocationAbbr": "IA",
    "LocationDesc": "Iowa",
    "DataSource": "BRFSS",
    "Topic": "Obesity / Weight Status",
    "Data_Value": 36.1,
    "Sample_Size": "1,244",
    "Stratification1": "45 - 54",
    "StratificationId1": "AGEYR4554",
    "LocationDisplayOrder": 19
  },
  {
    "ID": 33005,
    "Description": 2014,
    "LocationAbbr": "KS",
    "LocationDesc": "Kansas",
    "DataSource": "BRFSS",
    "Topic": "Obesity / Weight Status",
    "Data_Value": 36.6,
    "Sample_Size": "2,101",
    "Stratification1": "45 - 54",
    "StratificationId1": "AGEYR4554",
    "LocationDisplayOrder": 20
  },
  {
    "ID": 16251,
    "Description": 2014,
    "LocationAbbr": "KY",
    "LocationDesc": "Kentucky",
    "DataSource": "BRFSS",
    "Topic": "Obesity / Weight Status",
    "Data_Value": 37.1,
    "Sample_Size": "1,833",
    "Stratification1": "45 - 54",
    "StratificationId1": "AGEYR4554",
    "LocationDisplayOrder": 21
  },
  {
    "ID": 2935,
    "Description": 2014,
    "LocationAbbr": "LA",
    "LocationDesc": "Louisiana",
    "DataSource": "BRFSS",
    "Topic": "Obesity / Weight Status",
    "Data_Value": 38.5,
    "Sample_Size": "1,141",
    "Stratification1": "45 - 54",
    "StratificationId1": "AGEYR4554",
    "LocationDisplayOrder": 22
  },
  {
    "ID": 13431,
    "Description": 2014,
    "LocationAbbr": "ME",
    "LocationDesc": "Maine",
    "DataSource": "BRFSS",
    "Topic": "Obesity / Weight Status",
    "Data_Value": 34.4,
    "Sample_Size": "1,498",
    "Stratification1": "45 - 54",
    "StratificationId1": "AGEYR4554",
    "LocationDisplayOrder": 23
  },
  {
    "ID": 24337,
    "Description": 2014,
    "LocationAbbr": "MD",
    "LocationDesc": "Maryland",
    "DataSource": "BRFSS",
    "Topic": "Obesity / Weight Status",
    "Data_Value": 35.6,
    "Sample_Size": "2,090",
    "Stratification1": "45 - 54",
    "StratificationId1": "AGEYR4554",
    "LocationDisplayOrder": 24
  },
  {
    "ID": 26700,
    "Description": 2014,
    "LocationAbbr": "MA",
    "LocationDesc": "Massachusetts",
    "DataSource": "BRFSS",
    "Topic": "Obesity / Weight Status",
    "Data_Value": 29.8,
    "Sample_Size": "2,436",
    "Stratification1": "45 - 54",
    "StratificationId1": "AGEYR4554",
    "LocationDisplayOrder": 25
  },
  {
    "ID": 3014,
    "Description": 2014,
    "LocationAbbr": "MI",
    "LocationDesc": "Michigan",
    "DataSource": "BRFSS",
    "Topic": "Obesity / Weight Status",
    "Data_Value": 36.5,
    "Sample_Size": "1,353",
    "Stratification1": "45 - 54",
    "StratificationId1": "AGEYR4554",
    "LocationDisplayOrder": 26
  },
  {
    "ID": 6857,
    "Description": 2014,
    "LocationAbbr": "MN",
    "LocationDesc": "Minnesota",
    "DataSource": "BRFSS",
    "Topic": "Obesity / Weight Status",
    "Data_Value": 31.5,
    "Sample_Size": "2,832",
    "Stratification1": "45 - 54",
    "StratificationId1": "AGEYR4554",
    "LocationDisplayOrder": 27
  },
  {
    "ID": 25710,
    "Description": 2014,
    "LocationAbbr": "MS",
    "LocationDesc": "Mississippi",
    "DataSource": "BRFSS",
    "Topic": "Obesity / Weight Status",
    "Data_Value": 41.2,
    "Sample_Size": 627,
    "Stratification1": "45 - 54",
    "StratificationId1": "AGEYR4554",
    "LocationDisplayOrder": 28
  },
  {
    "ID": 19884,
    "Description": 2014,
    "LocationAbbr": "MO",
    "LocationDesc": "Missouri",
    "DataSource": "BRFSS",
    "Topic": "Obesity / Weight Status",
    "Data_Value": 34.2,
    "Sample_Size": 989,
    "Stratification1": "45 - 54",
    "StratificationId1": "AGEYR4554",
    "LocationDisplayOrder": 29
  },
  {
    "ID": 30110,
    "Description": 2014,
    "LocationAbbr": "MT",
    "LocationDesc": "Montana",
    "DataSource": "BRFSS",
    "Topic": "Obesity / Weight Status",
    "Data_Value": 29.9,
    "Sample_Size": "1,061",
    "Stratification1": "45 - 54",
    "StratificationId1": "AGEYR4554",
    "LocationDisplayOrder": 30
  },
  {
    "ID": 18661,
    "Description": 2014,
    "LocationAbbr": "NE",
    "LocationDesc": "Nebraska",
    "DataSource": "BRFSS",
    "Topic": "Obesity / Weight Status",
    "Data_Value": 35.5,
    "Sample_Size": "3,303",
    "Stratification1": "45 - 54",
    "StratificationId1": "AGEYR4554",
    "LocationDisplayOrder": 31
  },
  {
    "ID": 29360,
    "Description": 2014,
    "LocationAbbr": "NV",
    "LocationDesc": "Nevada",
    "DataSource": "BRFSS",
    "Topic": "Obesity / Weight Status",
    "Data_Value": 28.9,
    "Sample_Size": 604,
    "Stratification1": "45 - 54",
    "StratificationId1": "AGEYR4554",
    "LocationDisplayOrder": 32
  },
  {
    "ID": 37005,
    "Description": 2014,
    "LocationAbbr": "NH",
    "LocationDesc": "New Hampshire",
    "DataSource": "BRFSS",
    "Topic": "Obesity / Weight Status",
    "Data_Value": 31.6,
    "Sample_Size": "1,018",
    "Stratification1": "45 - 54",
    "StratificationId1": "AGEYR4554",
    "LocationDisplayOrder": 33
  },
  {
    "ID": 28858,
    "Description": 2014,
    "LocationAbbr": "NJ",
    "LocationDesc": "New Jersey",
    "DataSource": "BRFSS",
    "Topic": "Obesity / Weight Status",
    "Data_Value": 29.6,
    "Sample_Size": "2,345",
    "Stratification1": "45 - 54",
    "StratificationId1": "AGEYR4554",
    "LocationDisplayOrder": 34
  },
  {
    "ID": 36493,
    "Description": 2014,
    "LocationAbbr": "NM",
    "LocationDesc": "New Mexico",
    "DataSource": "BRFSS",
    "Topic": "Obesity / Weight Status",
    "Data_Value": 31.2,
    "Sample_Size": "1,394",
    "Stratification1": "45 - 54",
    "StratificationId1": "AGEYR4554",
    "LocationDisplayOrder": 35
  },
  {
    "ID": 9276,
    "Description": 2014,
    "LocationAbbr": "NY",
    "LocationDesc": "New York",
    "DataSource": "BRFSS",
    "Topic": "Obesity / Weight Status",
    "Data_Value": 34.1,
    "Sample_Size": "1,110",
    "Stratification1": "45 - 54",
    "StratificationId1": "AGEYR4554",
    "LocationDisplayOrder": 36
  },
  {
    "ID": 10477,
    "Description": 2014,
    "LocationAbbr": "NC",
    "LocationDesc": "North Carolina",
    "DataSource": "BRFSS",
    "Topic": "Obesity / Weight Status",
    "Data_Value": 34.2,
    "Sample_Size": "1,024",
    "Stratification1": "45 - 54",
    "StratificationId1": "AGEYR4554",
    "LocationDisplayOrder": 37
  },
  {
    "ID": 12958,
    "Description": 2014,
    "LocationAbbr": "ND",
    "LocationDesc": "North Dakota",
    "DataSource": "BRFSS",
    "Topic": "Obesity / Weight Status",
    "Data_Value": 36.8,
    "Sample_Size": "1,122",
    "Stratification1": "45 - 54",
    "StratificationId1": "AGEYR4554",
    "LocationDisplayOrder": 38
  },
  {
    "ID": 28326,
    "Description": 2014,
    "LocationAbbr": "OH",
    "LocationDesc": "Ohio",
    "DataSource": "BRFSS",
    "Topic": "Obesity / Weight Status",
    "Data_Value": 39.9,
    "Sample_Size": "1,715",
    "Stratification1": "45 - 54",
    "StratificationId1": "AGEYR4554",
    "LocationDisplayOrder": 39
  },
  {
    "ID": 25575,
    "Description": 2014,
    "LocationAbbr": "OK",
    "LocationDesc": "Oklahoma",
    "DataSource": "BRFSS",
    "Topic": "Obesity / Weight Status",
    "Data_Value": 40,
    "Sample_Size": "1,224",
    "Stratification1": "45 - 54",
    "StratificationId1": "AGEYR4554",
    "LocationDisplayOrder": 40
  },
  {
    "ID": 38496,
    "Description": 2014,
    "LocationAbbr": "OR",
    "LocationDesc": "Oregon",
    "DataSource": "BRFSS",
    "Topic": "Obesity / Weight Status",
    "Data_Value": 29.1,
    "Sample_Size": 726,
    "Stratification1": "45 - 54",
    "StratificationId1": "AGEYR4554",
    "LocationDisplayOrder": 41
  },
  {
    "ID": 16166,
    "Description": 2014,
    "LocationAbbr": "PA",
    "LocationDesc": "Pennsylvania",
    "DataSource": "BRFSS",
    "Topic": "Obesity / Weight Status",
    "Data_Value": 33.2,
    "Sample_Size": "1,717",
    "Stratification1": "45 - 54",
    "StratificationId1": "AGEYR4554",
    "LocationDisplayOrder": 42
  },
  {
    "ID": 13138,
    "Description": 2014,
    "LocationAbbr": "RI",
    "LocationDesc": "Rhode Island",
    "DataSource": "BRFSS",
    "Topic": "Obesity / Weight Status",
    "Data_Value": 29.2,
    "Sample_Size": "1,088",
    "Stratification1": "45 - 54",
    "StratificationId1": "AGEYR4554",
    "LocationDisplayOrder": 44
  },
  {
    "ID": 9363,
    "Description": 2014,
    "LocationAbbr": "SC",
    "LocationDesc": "South Carolina",
    "DataSource": "BRFSS",
    "Topic": "Obesity / Weight Status",
    "Data_Value": 38,
    "Sample_Size": "1,671",
    "Stratification1": "45 - 54",
    "StratificationId1": "AGEYR4554",
    "LocationDisplayOrder": 45
  },
  {
    "ID": 26086,
    "Description": 2014,
    "LocationAbbr": "SD",
    "LocationDesc": "South Dakota",
    "DataSource": "BRFSS",
    "Topic": "Obesity / Weight Status",
    "Data_Value": 33.4,
    "Sample_Size": "1,123",
    "Stratification1": "45 - 54",
    "StratificationId1": "AGEYR4554",
    "LocationDisplayOrder": 46
  },
  {
    "ID": 39879,
    "Description": 2014,
    "LocationAbbr": "TN",
    "LocationDesc": "Tennessee",
    "DataSource": "BRFSS",
    "Topic": "Obesity / Weight Status",
    "Data_Value": 39.3,
    "Sample_Size": 769,
    "Stratification1": "45 - 54",
    "StratificationId1": "AGEYR4554",
    "LocationDisplayOrder": 47
  },
  {
    "ID": 23406,
    "Description": 2014,
    "LocationAbbr": "TX",
    "LocationDesc": "Texas",
    "DataSource": "BRFSS",
    "Topic": "Obesity / Weight Status",
    "Data_Value": 36.5,
    "Sample_Size": "2,232",
    "Stratification1": "45 - 54",
    "StratificationId1": "AGEYR4554",
    "LocationDisplayOrder": 48
  },
  {
    "ID": 15116,
    "Description": 2014,
    "LocationAbbr": "UT",
    "LocationDesc": "Utah",
    "DataSource": "BRFSS",
    "Topic": "Obesity / Weight Status",
    "Data_Value": 30,
    "Sample_Size": "2,246",
    "Stratification1": "45 - 54",
    "StratificationId1": "AGEYR4554",
    "LocationDisplayOrder": 49
  },
  {
    "ID": 13281,
    "Description": 2014,
    "LocationAbbr": "VT",
    "LocationDesc": "Vermont",
    "DataSource": "BRFSS",
    "Topic": "Obesity / Weight Status",
    "Data_Value": 26.8,
    "Sample_Size": "1,198",
    "Stratification1": "45 - 54",
    "StratificationId1": "AGEYR4554",
    "LocationDisplayOrder": 50
  },
  {
    "ID": 23811,
    "Description": 2014,
    "LocationAbbr": "VA",
    "LocationDesc": "Virginia",
    "DataSource": "BRFSS",
    "Topic": "Obesity / Weight Status",
    "Data_Value": 33.4,
    "Sample_Size": "1,668",
    "Stratification1": "45 - 54",
    "StratificationId1": "AGEYR4554",
    "LocationDisplayOrder": 51
  },
  {
    "ID": 20363,
    "Description": 2014,
    "LocationAbbr": "WA",
    "LocationDesc": "Washington",
    "DataSource": "BRFSS",
    "Topic": "Obesity / Weight Status",
    "Data_Value": 31,
    "Sample_Size": "1,520",
    "Stratification1": "45 - 54",
    "StratificationId1": "AGEYR4554",
    "LocationDisplayOrder": 53
  },
  {
    "ID": 33608,
    "Description": 2014,
    "LocationAbbr": "WV",
    "LocationDesc": "West Virginia",
    "DataSource": "BRFSS",
    "Topic": "Obesity / Weight Status",
    "Data_Value": 40,
    "Sample_Size": "1,009",
    "Stratification1": "45 - 54",
    "StratificationId1": "AGEYR4554",
    "LocationDisplayOrder": 54
  },
  {
    "ID": 12404,
    "Description": 2014,
    "LocationAbbr": "WI",
    "LocationDesc": "Wisconsin",
    "DataSource": "BRFSS",
    "Topic": "Obesity / Weight Status",
    "Data_Value": 32.5,
    "Sample_Size": "1,146",
    "Stratification1": "45 - 54",
    "StratificationId1": "AGEYR4554",
    "LocationDisplayOrder": 55
  },
  {
    "ID": 17799,
    "Description": 2014,
    "LocationAbbr": "WY",
    "LocationDesc": "Wyoming",
    "DataSource": "BRFSS",
    "Topic": "Obesity / Weight Status",
    "Data_Value": 31.9,
    "Sample_Size": 773,
    "Stratification1": "45 - 54",
    "StratificationId1": "AGEYR4554",
    "LocationDisplayOrder": 56
  },
  {
    "ID": 575,
    "Description": 2014,
    "LocationAbbr": "GU",
    "LocationDesc": "Guam",
    "DataSource": "BRFSS",
    "Topic": "Obesity / Weight Status",
    "Data_Value": 29.4,
    "Sample_Size": 488,
    "Stratification1": "45 - 54",
    "StratificationId1": "AGEYR4554",
    "LocationDisplayOrder": 66
  },
  {
    "ID": 683,
    "Description": 2014,
    "LocationAbbr": "PR",
    "LocationDesc": "Puerto Rico",
    "DataSource": "BRFSS",
    "Topic": "Obesity / Weight Status",
    "Data_Value": 33.8,
    "Sample_Size": 960,
    "Stratification1": "45 - 54",
    "StratificationId1": "AGEYR4554",
    "LocationDisplayOrder": 72
  },
  {
    "ID": "",
    "Description": "",
    "LocationAbbr": "",
    "LocationDesc": "",
    "DataSource": "",
    "Topic": "",
    "Data_Value": "",
    "Sample_Size": "",
    "Stratification1": "",
    "StratificationId1": "",
    "LocationDisplayOrder": ""
  },
  {
    "ID": "",
    "Description": "",
    "LocationAbbr": "",
    "LocationDesc": "",
    "DataSource": "",
    "Topic": "",
    "Data_Value": "",
    "Sample_Size": "",
    "Stratification1": "",
    "StratificationId1": "",
    "LocationDisplayOrder": ""
  },
  {
    "ID": "",
    "Description": "",
    "LocationAbbr": "",
    "LocationDesc": "",
    "DataSource": "",
    "Topic": "",
    "Data_Value": "",
    "Sample_Size": "",
    "Stratification1": "",
    "StratificationId1": "",
    "LocationDisplayOrder": ""
  },
  {
    "ID": "",
    "Description": "",
    "LocationAbbr": "",
    "LocationDesc": "",
    "DataSource": "",
    "Topic": "",
    "Data_Value": "",
    "Sample_Size": "",
    "Stratification1": "",
    "StratificationId1": "",
    "LocationDisplayOrder": ""
  },
  {
    "ID": "",
    "Description": "",
    "LocationAbbr": "",
    "LocationDesc": "",
    "DataSource": "",
    "Topic": "",
    "Data_Value": "",
    "Sample_Size": "",
    "Stratification1": "",
    "StratificationId1": "",
    "LocationDisplayOrder": ""
  },
  {
    "ID": "",
    "Description": "",
    "LocationAbbr": "",
    "LocationDesc": "",
    "DataSource": "",
    "Topic": "",
    "Data_Value": "",
    "Sample_Size": "",
    "Stratification1": "",
    "StratificationId1": "",
    "LocationDisplayOrder": ""
  },
  {
    "ID": "",
    "Description": "",
    "LocationAbbr": "",
    "LocationDesc": "",
    "DataSource": "",
    "Topic": "",
    "Data_Value": "",
    "Sample_Size": "",
    "Stratification1": "",
    "StratificationId1": "",
    "LocationDisplayOrder": ""
  },
  {
    "ID": "",
    "Description": "",
    "LocationAbbr": "",
    "LocationDesc": "",
    "DataSource": "",
    "Topic": "",
    "Data_Value": "",
    "Sample_Size": "",
    "Stratification1": "",
    "StratificationId1": "",
    "LocationDisplayOrder": ""
  },
  {
    "ID": "",
    "Description": "",
    "LocationAbbr": "",
    "LocationDesc": "",
    "DataSource": "",
    "Topic": "",
    "Data_Value": "",
    "Sample_Size": "",
    "Stratification1": "",
    "StratificationId1": "",
    "LocationDisplayOrder": ""
  }
]