[
  {
    "ID": 1534,
    "Description": 2014,
    "LocationAbbr": "US",
    "LocationDesc": "National",
    "DataSource": "BRFSS",
    "Topic": "Obesity / Weight Status",
    "Data_Value": 34.4,
    "Sample_Size": "32,260",
    "Stratification1": "Less than high school",
    "StratificationId1": "EDUHS",
    "LocationDisplayOrder": 0
  },
  {
    "ID": 39233,
    "Description": 2014,
    "LocationAbbr": "AL",
    "LocationDesc": "Alabama",
    "DataSource": "BRFSS",
    "Topic": "Obesity / Weight Status",
    "Data_Value": 34.8,
    "Sample_Size": 995,
    "Stratification1": "Less than high school",
    "StratificationId1": "EDUHS",
    "LocationDisplayOrder": 1
  },
  {
    "ID": 16840,
    "Description": 2014,
    "LocationAbbr": "AK",
    "LocationDesc": "Alaska",
    "DataSource": "BRFSS",
    "Topic": "Obesity / Weight Status",
    "Data_Value": 32.8,
    "Sample_Size": 218,
    "Stratification1": "Less than high school",
    "StratificationId1": "EDUHS",
    "LocationDisplayOrder": 2
  },
  {
    "ID": 13420,
    "Description": 2014,
    "LocationAbbr": "AZ",
    "LocationDesc": "Arizona",
    "DataSource": "BRFSS",
    "Topic": "Obesity / Weight Status",
    "Data_Value": 32.1,
    "Sample_Size": "1,004",
    "Stratification1": "Less than high school",
    "StratificationId1": "EDUHS",
    "LocationDisplayOrder": 4
  },
  {
    "ID": 9263,
    "Description": 2014,
    "LocationAbbr": "AR",
    "LocationDesc": "Arkansas",
    "DataSource": "BRFSS",
    "Topic": "Obesity / Weight Status",
    "Data_Value": 37,
    "Sample_Size": 551,
    "Stratification1": "Less than high school",
    "StratificationId1": "EDUHS",
    "LocationDisplayOrder": 5
  },
  {
    "ID": 23861,
    "Description": 2014,
    "LocationAbbr": "CA",
    "LocationDesc": "California",
    "DataSource": "BRFSS",
    "Topic": "Obesity / Weight Status",
    "Data_Value": 34.2,
    "Sample_Size": 902,
    "Stratification1": "Less than high school",
    "StratificationId1": "EDUHS",
    "LocationDisplayOrder": 6
  },
  {
    "ID": 38439,
    "Description": 2014,
    "LocationAbbr": "CO",
    "LocationDesc": "Colorado",
    "DataSource": "BRFSS",
    "Topic": "Obesity / Weight Status",
    "Data_Value": 26.3,
    "Sample_Size": 674,
    "Stratification1": "Less than high school",
    "StratificationId1": "EDUHS",
    "LocationDisplayOrder": 8
  },
  {
    "ID": 24433,
    "Description": 2014,
    "LocationAbbr": "CT",
    "LocationDesc": "Connecticut",
    "DataSource": "BRFSS",
    "Topic": "Obesity / Weight Status",
    "Data_Value": 30.7,
    "Sample_Size": 463,
    "Stratification1": "Less than high school",
    "StratificationId1": "EDUHS",
    "LocationDisplayOrder": 9
  },
  {
    "ID": 2315,
    "Description": 2014,
    "LocationAbbr": "DE",
    "LocationDesc": "Delaware",
    "DataSource": "BRFSS",
    "Topic": "Obesity / Weight Status",
    "Data_Value": 30.8,
    "Sample_Size": 354,
    "Stratification1": "Less than high school",
    "StratificationId1": "EDUHS",
    "LocationDisplayOrder": 10
  },
  {
    "ID": 37339,
    "Description": 2014,
    "LocationAbbr": "DC",
    "LocationDesc": "District of Columbia",
    "DataSource": "BRFSS",
    "Topic": "Obesity / Weight Status",
    "Data_Value": 37.5,
    "Sample_Size": 238,
    "Stratification1": "Less than high school",
    "StratificationId1": "EDUHS",
    "LocationDisplayOrder": 11
  },
  {
    "ID": 25531,
    "Description": 2014,
    "LocationAbbr": "FL",
    "LocationDesc": "Florida",
    "DataSource": "BRFSS",
    "Topic": "Obesity / Weight Status",
    "Data_Value": 29.5,
    "Sample_Size": 669,
    "Stratification1": "Less than high school",
    "StratificationId1": "EDUHS",
    "LocationDisplayOrder": 12
  },
  {
    "ID": 2371,
    "Description": 2014,
    "LocationAbbr": "GA",
    "LocationDesc": "Georgia",
    "DataSource": "BRFSS",
    "Topic": "Obesity / Weight Status",
    "Data_Value": 37.7,
    "Sample_Size": 639,
    "Stratification1": "Less than high school",
    "StratificationId1": "EDUHS",
    "LocationDisplayOrder": 13
  },
  {
    "ID": 38062,
    "Description": 2014,
    "LocationAbbr": "HI",
    "LocationDesc": "Hawaii",
    "DataSource": "BRFSS",
    "Topic": "Obesity / Weight Status",
    "Data_Value": 21.3,
    "Sample_Size": 327,
    "Stratification1": "Less than high school",
    "StratificationId1": "EDUHS",
    "LocationDisplayOrder": 15
  },
  {
    "ID": 12918,
    "Description": 2014,
    "LocationAbbr": "ID",
    "LocationDesc": "Idaho",
    "DataSource": "BRFSS",
    "Topic": "Obesity / Weight Status",
    "Data_Value": 34.4,
    "Sample_Size": 344,
    "Stratification1": "Less than high school",
    "StratificationId1": "EDUHS",
    "LocationDisplayOrder": 16
  },
  {
    "ID": 33150,
    "Description": 2014,
    "LocationAbbr": "IL",
    "LocationDesc": "Illinois",
    "DataSource": "BRFSS",
    "Topic": "Obesity / Weight Status",
    "Data_Value": 32.3,
    "Sample_Size": 306,
    "Stratification1": "Less than high school",
    "StratificationId1": "EDUHS",
    "LocationDisplayOrder": 17
  },
  {
    "ID": 11329,
    "Description": 2014,
    "LocationAbbr": "IN",
    "LocationDesc": "Indiana",
    "DataSource": "BRFSS",
    "Topic": "Obesity / Weight Status",
    "Data_Value": 34.9,
    "Sample_Size": 936,
    "Stratification1": "Less than high school",
    "StratificationId1": "EDUHS",
    "LocationDisplayOrder": 18
  },
  {
    "ID": 34479,
    "Description": 2014,
    "LocationAbbr": "IA",
    "LocationDesc": "Iowa",
    "DataSource": "BRFSS",
    "Topic": "Obesity / Weight Status",
    "Data_Value": 37.4,
    "Sample_Size": 447,
    "Stratification1": "Less than high school",
    "StratificationId1": "EDUHS",
    "LocationDisplayOrder": 19
  },
  {
    "ID": 14684,
    "Description": 2014,
    "LocationAbbr": "KS",
    "LocationDesc": "Kansas",
    "DataSource": "BRFSS",
    "Topic": "Obesity / Weight Status",
    "Data_Value": 31.2,
    "Sample_Size": 736,
    "Stratification1": "Less than high school",
    "StratificationId1": "EDUHS",
    "LocationDisplayOrder": 20
  },
  {
    "ID": 24360,
    "Description": 2014,
    "LocationAbbr": "KY",
    "LocationDesc": "Kentucky",
    "DataSource": "BRFSS",
    "Topic": "Obesity / Weight Status",
    "Data_Value": 33.2,
    "Sample_Size": "1,137",
    "Stratification1": "Less than high school",
    "StratificationId1": "EDUHS",
    "LocationDisplayOrder": 21
  },
  {
    "ID": 27427,
    "Description": 2014,
    "LocationAbbr": "LA",
    "LocationDesc": "Louisiana",
    "DataSource": "BRFSS",
    "Topic": "Obesity / Weight Status",
    "Data_Value": 36.1,
    "Sample_Size": 759,
    "Stratification1": "Less than high school",
    "StratificationId1": "EDUHS",
    "LocationDisplayOrder": 22
  },
  {
    "ID": 22953,
    "Description": 2014,
    "LocationAbbr": "ME",
    "LocationDesc": "Maine",
    "DataSource": "BRFSS",
    "Topic": "Obesity / Weight Status",
    "Data_Value": 30.9,
    "Sample_Size": 448,
    "Stratification1": "Less than high school",
    "StratificationId1": "EDUHS",
    "LocationDisplayOrder": 23
  },
  {
    "ID": 27807,
    "Description": 2014,
    "LocationAbbr": "MD",
    "LocationDesc": "Maryland",
    "DataSource": "BRFSS",
    "Topic": "Obesity / Weight Status",
    "Data_Value": 36.6,
    "Sample_Size": 638,
    "Stratification1": "Less than high school",
    "StratificationId1": "EDUHS",
    "LocationDisplayOrder": 24
  },
  {
    "ID": 20046,
    "Description": 2014,
    "LocationAbbr": "MA",
    "LocationDesc": "Massachusetts",
    "DataSource": "BRFSS",
    "Topic": "Obesity / Weight Status",
    "Data_Value": 30.2,
    "Sample_Size": 891,
    "Stratification1": "Less than high school",
    "StratificationId1": "EDUHS",
    "LocationDisplayOrder": 25
  },
  {
    "ID": 29053,
    "Description": 2014,
    "LocationAbbr": "MI",
    "LocationDesc": "Michigan",
    "DataSource": "BRFSS",
    "Topic": "Obesity / Weight Status",
    "Data_Value": 29.4,
    "Sample_Size": 430,
    "Stratification1": "Less than high school",
    "StratificationId1": "EDUHS",
    "LocationDisplayOrder": 26
  },
  {
    "ID": 34887,
    "Description": 2014,
    "LocationAbbr": "MN",
    "LocationDesc": "Minnesota",
    "DataSource": "BRFSS",
    "Topic": "Obesity / Weight Status",
    "Data_Value": 31.6,
    "Sample_Size": 618,
    "Stratification1": "Less than high school",
    "StratificationId1": "EDUHS",
    "LocationDisplayOrder": 27
  },
  {
    "ID": 4904,
    "Description": 2014,
    "LocationAbbr": "MS",
    "LocationDesc": "Mississippi",
    "DataSource": "BRFSS",
    "Topic": "Obesity / Weight Status",
    "Data_Value": 36.9,
    "Sample_Size": 547,
    "Stratification1": "Less than high school",
    "StratificationId1": "EDUHS",
    "LocationDisplayOrder": 28
  },
  {
    "ID": 15266,
    "Description": 2014,
    "LocationAbbr": "MO",
    "LocationDesc": "Missouri",
    "DataSource": "BRFSS",
    "Topic": "Obesity / Weight Status",
    "Data_Value": 33.7,
    "Sample_Size": 671,
    "Stratification1": "Less than high school",
    "StratificationId1": "EDUHS",
    "LocationDisplayOrder": 29
  },
  {
    "ID": 26653,
    "Description": 2014,
    "LocationAbbr": "MT",
    "LocationDesc": "Montana",
    "DataSource": "BRFSS",
    "Topic": "Obesity / Weight Status",
    "Data_Value": 34.4,
    "Sample_Size": 456,
    "Stratification1": "Less than high school",
    "StratificationId1": "EDUHS",
    "LocationDisplayOrder": 30
  },
  {
    "ID": 35040,
    "Description": 2014,
    "LocationAbbr": "NE",
    "LocationDesc": "Nebraska",
    "DataSource": "BRFSS",
    "Topic": "Obesity / Weight Status",
    "Data_Value": 34.9,
    "Sample_Size": "1,209",
    "Stratification1": "Less than high school",
    "StratificationId1": "EDUHS",
    "LocationDisplayOrder": 31
  },
  {
    "ID": 31246,
    "Description": 2014,
    "LocationAbbr": "NV",
    "LocationDesc": "Nevada",
    "DataSource": "BRFSS",
    "Topic": "Obesity / Weight Status",
    "Data_Value": 37.8,
    "Sample_Size": 279,
    "Stratification1": "Less than high school",
    "StratificationId1": "EDUHS",
    "LocationDisplayOrder": 32
  },
  {
    "ID": 36736,
    "Description": 2014,
    "LocationAbbr": "NH",
    "LocationDesc": "New Hampshire",
    "DataSource": "BRFSS",
    "Topic": "Obesity / Weight Status",
    "Data_Value": 26.3,
    "Sample_Size": 273,
    "Stratification1": "Less than high school",
    "StratificationId1": "EDUHS",
    "LocationDisplayOrder": 33
  },
  {
    "ID": 34365,
    "Description": 2014,
    "LocationAbbr": "NJ",
    "LocationDesc": "New Jersey",
    "DataSource": "BRFSS",
    "Topic": "Obesity / Weight Status",
    "Data_Value": 31.8,
    "Sample_Size": 840,
    "Stratification1": "Less than high school",
    "StratificationId1": "EDUHS",
    "LocationDisplayOrder": 34
  },
  {
    "ID": 13907,
    "Description": 2014,
    "LocationAbbr": "NM",
    "LocationDesc": "New Mexico",
    "DataSource": "BRFSS",
    "Topic": "Obesity / Weight Status",
    "Data_Value": 35.8,
    "Sample_Size": 941,
    "Stratification1": "Less than high school",
    "StratificationId1": "EDUHS",
    "LocationDisplayOrder": 35
  },
  {
    "ID": 29725,
    "Description": 2014,
    "LocationAbbr": "NY",
    "LocationDesc": "New York",
    "DataSource": "BRFSS",
    "Topic": "Obesity / Weight Status",
    "Data_Value": 37.4,
    "Sample_Size": 537,
    "Stratification1": "Less than high school",
    "StratificationId1": "EDUHS",
    "LocationDisplayOrder": 36
  },
  {
    "ID": 36378,
    "Description": 2014,
    "LocationAbbr": "NC",
    "LocationDesc": "North Carolina",
    "DataSource": "BRFSS",
    "Topic": "Obesity / Weight Status",
    "Data_Value": 34.5,
    "Sample_Size": 770,
    "Stratification1": "Less than high school",
    "StratificationId1": "EDUHS",
    "LocationDisplayOrder": 37
  },
  {
    "ID": 10276,
    "Description": 2014,
    "LocationAbbr": "ND",
    "LocationDesc": "North Dakota",
    "DataSource": "BRFSS",
    "Topic": "Obesity / Weight Status",
    "Data_Value": 33.3,
    "Sample_Size": 446,
    "Stratification1": "Less than high school",
    "StratificationId1": "EDUHS",
    "LocationDisplayOrder": 38
  },
  {
    "ID": 32084,
    "Description": 2014,
    "LocationAbbr": "OH",
    "LocationDesc": "Ohio",
    "DataSource": "BRFSS",
    "Topic": "Obesity / Weight Status",
    "Data_Value": 36.5,
    "Sample_Size": 800,
    "Stratification1": "Less than high school",
    "StratificationId1": "EDUHS",
    "LocationDisplayOrder": 39
  },
  {
    "ID": 26014,
    "Description": 2014,
    "LocationAbbr": "OK",
    "LocationDesc": "Oklahoma",
    "DataSource": "BRFSS",
    "Topic": "Obesity / Weight Status",
    "Data_Value": 36.3,
    "Sample_Size": 743,
    "Stratification1": "Less than high school",
    "StratificationId1": "EDUHS",
    "LocationDisplayOrder": 40
  },
  {
    "ID": 23823,
    "Description": 2014,
    "LocationAbbr": "OR",
    "LocationDesc": "Oregon",
    "DataSource": "BRFSS",
    "Topic": "Obesity / Weight Status",
    "Data_Value": 28.8,
    "Sample_Size": 256,
    "Stratification1": "Less than high school",
    "StratificationId1": "EDUHS",
    "LocationDisplayOrder": 41
  },
  {
    "ID": 2203,
    "Description": 2014,
    "LocationAbbr": "PA",
    "LocationDesc": "Pennsylvania",
    "DataSource": "BRFSS",
    "Topic": "Obesity / Weight Status",
    "Data_Value": 35.4,
    "Sample_Size": 729,
    "Stratification1": "Less than high school",
    "StratificationId1": "EDUHS",
    "LocationDisplayOrder": 42
  },
  {
    "ID": 23994,
    "Description": 2014,
    "LocationAbbr": "RI",
    "LocationDesc": "Rhode Island",
    "DataSource": "BRFSS",
    "Topic": "Obesity / Weight Status",
    "Data_Value": 32.7,
    "Sample_Size": 450,
    "Stratification1": "Less than high school",
    "StratificationId1": "EDUHS",
    "LocationDisplayOrder": 44
  },
  {
    "ID": 38806,
    "Description": 2014,
    "LocationAbbr": "SC",
    "LocationDesc": "South Carolina",
    "DataSource": "BRFSS",
    "Topic": "Obesity / Weight Status",
    "Data_Value": 35.5,
    "Sample_Size": "1,196",
    "Stratification1": "Less than high school",
    "StratificationId1": "EDUHS",
    "LocationDisplayOrder": 45
  },
  {
    "ID": 16269,
    "Description": 2014,
    "LocationAbbr": "SD",
    "LocationDesc": "South Dakota",
    "DataSource": "BRFSS",
    "Topic": "Obesity / Weight Status",
    "Data_Value": 30.5,
    "Sample_Size": 467,
    "Stratification1": "Less than high school",
    "StratificationId1": "EDUHS",
    "LocationDisplayOrder": 46
  },
  {
    "ID": 13368,
    "Description": 2014,
    "LocationAbbr": "TN",
    "LocationDesc": "Tennessee",
    "DataSource": "BRFSS",
    "Topic": "Obesity / Weight Status",
    "Data_Value": 38.2,
    "Sample_Size": 623,
    "Stratification1": "Less than high school",
    "StratificationId1": "EDUHS",
    "LocationDisplayOrder": 47
  },
  {
    "ID": 23925,
    "Description": 2014,
    "LocationAbbr": "TX",
    "LocationDesc": "Texas",
    "DataSource": "BRFSS",
    "Topic": "Obesity / Weight Status",
    "Data_Value": 38.9,
    "Sample_Size": "1,765",
    "Stratification1": "Less than high school",
    "StratificationId1": "EDUHS",
    "LocationDisplayOrder": 48
  },
  {
    "ID": 4501,
    "Description": 2014,
    "LocationAbbr": "UT",
    "LocationDesc": "Utah",
    "DataSource": "BRFSS",
    "Topic": "Obesity / Weight Status",
    "Data_Value": 29.3,
    "Sample_Size": 684,
    "Stratification1": "Less than high school",
    "StratificationId1": "EDUHS",
    "LocationDisplayOrder": 49
  },
  {
    "ID": 33383,
    "Description": 2014,
    "LocationAbbr": "VT",
    "LocationDesc": "Vermont",
    "DataSource": "BRFSS",
    "Topic": "Obesity / Weight Status",
    "Data_Value": 31.9,
    "Sample_Size": 292,
    "Stratification1": "Less than high school",
    "StratificationId1": "EDUHS",
    "LocationDisplayOrder": 50
  },
  {
    "ID": 25897,
    "Description": 2014,
    "LocationAbbr": "VA",
    "LocationDesc": "Virginia",
    "DataSource": "BRFSS",
    "Topic": "Obesity / Weight Status",
    "Data_Value": 31.5,
    "Sample_Size": 721,
    "Stratification1": "Less than high school",
    "StratificationId1": "EDUHS",
    "LocationDisplayOrder": 51
  },
  {
    "ID": 32211,
    "Description": 2014,
    "LocationAbbr": "WA",
    "LocationDesc": "Washington",
    "DataSource": "BRFSS",
    "Topic": "Obesity / Weight Status",
    "Data_Value": 32.3,
    "Sample_Size": 434,
    "Stratification1": "Less than high school",
    "StratificationId1": "EDUHS",
    "LocationDisplayOrder": 53
  },
  {
    "ID": 38028,
    "Description": 2014,
    "LocationAbbr": "WV",
    "LocationDesc": "West Virginia",
    "DataSource": "BRFSS",
    "Topic": "Obesity / Weight Status",
    "Data_Value": 37.2,
    "Sample_Size": 723,
    "Stratification1": "Less than high school",
    "StratificationId1": "EDUHS",
    "LocationDisplayOrder": 54
  },
  {
    "ID": 4131,
    "Description": 2014,
    "LocationAbbr": "WI",
    "LocationDesc": "Wisconsin",
    "DataSource": "BRFSS",
    "Topic": "Obesity / Weight Status",
    "Data_Value": 33.6,
    "Sample_Size": 365,
    "Stratification1": "Less than high school",
    "StratificationId1": "EDUHS",
    "LocationDisplayOrder": 55
  },
  {
    "ID": 29356,
    "Description": 2014,
    "LocationAbbr": "WY",
    "LocationDesc": "Wyoming",
    "DataSource": "BRFSS",
    "Topic": "Obesity / Weight Status",
    "Data_Value": 43.3,
    "Sample_Size": 319,
    "Stratification1": "Less than high school",
    "StratificationId1": "EDUHS",
    "LocationDisplayOrder": 56
  },
  {
    "ID": 1398,
    "Description": 2014,
    "LocationAbbr": "GU",
    "LocationDesc": "Guam",
    "DataSource": "BRFSS",
    "Topic": "Obesity / Weight Status",
    "Data_Value": 33.2,
    "Sample_Size": 218,
    "Stratification1": "Less than high school",
    "StratificationId1": "EDUHS",
    "LocationDisplayOrder": 66
  },
  {
    "ID": 702,
    "Description": 2014,
    "LocationAbbr": "PR",
    "LocationDesc": "Puerto Rico",
    "DataSource": "BRFSS",
    "Topic": "Obesity / Weight Status",
    "Data_Value": 31.4,
    "Sample_Size": "1,159",
    "Stratification1": "Less than high school",
    "StratificationId1": "EDUHS",
    "LocationDisplayOrder": 72
  },
  {
    "ID": "",
    "Description": "",
    "LocationAbbr": "",
    "LocationDesc": "",
    "DataSource": "",
    "Topic": "",
    "Data_Value": "",
    "Sample_Size": "",
    "Stratification1": "",
    "StratificationId1": "",
    "LocationDisplayOrder": ""
  },
  {
    "ID": "",
    "Description": "",
    "LocationAbbr": "",
    "LocationDesc": "",
    "DataSource": "",
    "Topic": "",
    "Data_Value": "",
    "Sample_Size": "",
    "Stratification1": "",
    "StratificationId1": "",
    "LocationDisplayOrder": ""
  },
  {
    "ID": "",
    "Description": "",
    "LocationAbbr": "",
    "LocationDesc": "",
    "DataSource": "",
    "Topic": "",
    "Data_Value": "",
    "Sample_Size": "",
    "Stratification1": "",
    "StratificationId1": "",
    "LocationDisplayOrder": ""
  },
  {
    "ID": "",
    "Description": "",
    "LocationAbbr": "",
    "LocationDesc": "",
    "DataSource": "",
    "Topic": "",
    "Data_Value": "",
    "Sample_Size": "",
    "Stratification1": "",
    "StratificationId1": "",
    "LocationDisplayOrder": ""
  },
  {
    "ID": "",
    "Description": "",
    "LocationAbbr": "",
    "LocationDesc": "",
    "DataSource": "",
    "Topic": "",
    "Data_Value": "",
    "Sample_Size": "",
    "Stratification1": "",
    "StratificationId1": "",
    "LocationDisplayOrder": ""
  },
  {
    "ID": "",
    "Description": "",
    "LocationAbbr": "",
    "LocationDesc": "",
    "DataSource": "",
    "Topic": "",
    "Data_Value": "",
    "Sample_Size": "",
    "Stratification1": "",
    "StratificationId1": "",
    "LocationDisplayOrder": ""
  },
  {
    "ID": "",
    "Description": "",
    "LocationAbbr": "",
    "LocationDesc": "",
    "DataSource": "",
    "Topic": "",
    "Data_Value": "",
    "Sample_Size": "",
    "Stratification1": "",
    "StratificationId1": "",
    "LocationDisplayOrder": ""
  },
  {
    "ID": "",
    "Description": "",
    "LocationAbbr": "",
    "LocationDesc": "",
    "DataSource": "",
    "Topic": "",
    "Data_Value": "",
    "Sample_Size": "",
    "Stratification1": "",
    "StratificationId1": "",
    "LocationDisplayOrder": ""
  },
  {
    "ID": "",
    "Description": "",
    "LocationAbbr": "",
    "LocationDesc": "",
    "DataSource": "",
    "Topic": "",
    "Data_Value": "",
    "Sample_Size": "",
    "Stratification1": "",
    "StratificationId1": "",
    "LocationDisplayOrder": ""
  }
]