[
  {
    "ID": 532,
    "Description": 2014,
    "LocationAbbr": "US",
    "LocationDesc": "National",
    "DataSource": "BRFSS",
    "Topic": "Obesity / Weight Status",
    "Data_Value": 32.1,
    "Sample_Size": "49,240",
    "Stratification1": "35 - 44",
    "StratificationId1": "AGEYR3544",
    "LocationDisplayOrder": 0
  },
  {
    "ID": 20503,
    "Description": 2014,
    "LocationAbbr": "AL",
    "LocationDesc": "Alabama",
    "DataSource": "BRFSS",
    "Topic": "Obesity / Weight Status",
    "Data_Value": 40.9,
    "Sample_Size": 839,
    "Stratification1": "35 - 44",
    "StratificationId1": "AGEYR3544",
    "LocationDisplayOrder": 1
  },
  {
    "ID": 25967,
    "Description": 2014,
    "LocationAbbr": "AK",
    "LocationDesc": "Alaska",
    "DataSource": "BRFSS",
    "Topic": "Obesity / Weight Status",
    "Data_Value": 33.6,
    "Sample_Size": 612,
    "Stratification1": "35 - 44",
    "StratificationId1": "AGEYR3544",
    "LocationDisplayOrder": 2
  },
  {
    "ID": 36271,
    "Description": 2014,
    "LocationAbbr": "AZ",
    "LocationDesc": "Arizona",
    "DataSource": "BRFSS",
    "Topic": "Obesity / Weight Status",
    "Data_Value": 33.3,
    "Sample_Size": "1,347",
    "Stratification1": "35 - 44",
    "StratificationId1": "AGEYR3544",
    "LocationDisplayOrder": 4
  },
  {
    "ID": 24930,
    "Description": 2014,
    "LocationAbbr": "AR",
    "LocationDesc": "Arkansas",
    "DataSource": "BRFSS",
    "Topic": "Obesity / Weight Status",
    "Data_Value": 38,
    "Sample_Size": 403,
    "Stratification1": "35 - 44",
    "StratificationId1": "AGEYR3544",
    "LocationDisplayOrder": 5
  },
  {
    "ID": 26103,
    "Description": 2014,
    "LocationAbbr": "CA",
    "LocationDesc": "California",
    "DataSource": "BRFSS",
    "Topic": "Obesity / Weight Status",
    "Data_Value": 28.1,
    "Sample_Size": "1,108",
    "Stratification1": "35 - 44",
    "StratificationId1": "AGEYR3544",
    "LocationDisplayOrder": 6
  },
  {
    "ID": 6687,
    "Description": 2014,
    "LocationAbbr": "CO",
    "LocationDesc": "Colorado",
    "DataSource": "BRFSS",
    "Topic": "Obesity / Weight Status",
    "Data_Value": 24.1,
    "Sample_Size": "1,661",
    "Stratification1": "35 - 44",
    "StratificationId1": "AGEYR3544",
    "LocationDisplayOrder": 8
  },
  {
    "ID": 38539,
    "Description": 2014,
    "LocationAbbr": "CT",
    "LocationDesc": "Connecticut",
    "DataSource": "BRFSS",
    "Topic": "Obesity / Weight Status",
    "Data_Value": 26.8,
    "Sample_Size": 815,
    "Stratification1": "35 - 44",
    "StratificationId1": "AGEYR3544",
    "LocationDisplayOrder": 9
  },
  {
    "ID": 12141,
    "Description": 2014,
    "LocationAbbr": "DE",
    "LocationDesc": "Delaware",
    "DataSource": "BRFSS",
    "Topic": "Obesity / Weight Status",
    "Data_Value": 34.5,
    "Sample_Size": 391,
    "Stratification1": "35 - 44",
    "StratificationId1": "AGEYR3544",
    "LocationDisplayOrder": 10
  },
  {
    "ID": 29052,
    "Description": 2014,
    "LocationAbbr": "DC",
    "LocationDesc": "District of Columbia",
    "DataSource": "BRFSS",
    "Topic": "Obesity / Weight Status",
    "Data_Value": 20.6,
    "Sample_Size": 408,
    "Stratification1": "35 - 44",
    "StratificationId1": "AGEYR3544",
    "LocationDisplayOrder": 11
  },
  {
    "ID": 7385,
    "Description": 2014,
    "LocationAbbr": "FL",
    "LocationDesc": "Florida",
    "DataSource": "BRFSS",
    "Topic": "Obesity / Weight Status",
    "Data_Value": 31.2,
    "Sample_Size": 810,
    "Stratification1": "35 - 44",
    "StratificationId1": "AGEYR3544",
    "LocationDisplayOrder": 12
  },
  {
    "ID": 34507,
    "Description": 2014,
    "LocationAbbr": "GA",
    "LocationDesc": "Georgia",
    "DataSource": "BRFSS",
    "Topic": "Obesity / Weight Status",
    "Data_Value": 33.3,
    "Sample_Size": 661,
    "Stratification1": "35 - 44",
    "StratificationId1": "AGEYR3544",
    "LocationDisplayOrder": 13
  },
  {
    "ID": 39258,
    "Description": 2014,
    "LocationAbbr": "HI",
    "LocationDesc": "Hawaii",
    "DataSource": "BRFSS",
    "Topic": "Obesity / Weight Status",
    "Data_Value": 28,
    "Sample_Size": 843,
    "Stratification1": "35 - 44",
    "StratificationId1": "AGEYR3544",
    "LocationDisplayOrder": 15
  },
  {
    "ID": 30252,
    "Description": 2014,
    "LocationAbbr": "ID",
    "LocationDesc": "Idaho",
    "DataSource": "BRFSS",
    "Topic": "Obesity / Weight Status",
    "Data_Value": 32.4,
    "Sample_Size": 593,
    "Stratification1": "35 - 44",
    "StratificationId1": "AGEYR3544",
    "LocationDisplayOrder": 16
  },
  {
    "ID": 24017,
    "Description": 2014,
    "LocationAbbr": "IL",
    "LocationDesc": "Illinois",
    "DataSource": "BRFSS",
    "Topic": "Obesity / Weight Status",
    "Data_Value": 35,
    "Sample_Size": 584,
    "Stratification1": "35 - 44",
    "StratificationId1": "AGEYR3544",
    "LocationDisplayOrder": 17
  },
  {
    "ID": 5509,
    "Description": 2014,
    "LocationAbbr": "IN",
    "LocationDesc": "Indiana",
    "DataSource": "BRFSS",
    "Topic": "Obesity / Weight Status",
    "Data_Value": 35.5,
    "Sample_Size": "1,194",
    "Stratification1": "35 - 44",
    "StratificationId1": "AGEYR3544",
    "LocationDisplayOrder": 18
  },
  {
    "ID": 31390,
    "Description": 2014,
    "LocationAbbr": "IA",
    "LocationDesc": "Iowa",
    "DataSource": "BRFSS",
    "Topic": "Obesity / Weight Status",
    "Data_Value": 35.4,
    "Sample_Size": 842,
    "Stratification1": "35 - 44",
    "StratificationId1": "AGEYR3544",
    "LocationDisplayOrder": 19
  },
  {
    "ID": 10011,
    "Description": 2014,
    "LocationAbbr": "KS",
    "LocationDesc": "Kansas",
    "DataSource": "BRFSS",
    "Topic": "Obesity / Weight Status",
    "Data_Value": 36.5,
    "Sample_Size": "1,502",
    "Stratification1": "35 - 44",
    "StratificationId1": "AGEYR3544",
    "LocationDisplayOrder": 20
  },
  {
    "ID": 4205,
    "Description": 2014,
    "LocationAbbr": "KY",
    "LocationDesc": "Kentucky",
    "DataSource": "BRFSS",
    "Topic": "Obesity / Weight Status",
    "Data_Value": 39.5,
    "Sample_Size": "1,140",
    "Stratification1": "35 - 44",
    "StratificationId1": "AGEYR3544",
    "LocationDisplayOrder": 21
  },
  {
    "ID": 21637,
    "Description": 2014,
    "LocationAbbr": "LA",
    "LocationDesc": "Louisiana",
    "DataSource": "BRFSS",
    "Topic": "Obesity / Weight Status",
    "Data_Value": 40.7,
    "Sample_Size": 727,
    "Stratification1": "35 - 44",
    "StratificationId1": "AGEYR3544",
    "LocationDisplayOrder": 22
  },
  {
    "ID": 12695,
    "Description": 2014,
    "LocationAbbr": "ME",
    "LocationDesc": "Maine",
    "DataSource": "BRFSS",
    "Topic": "Obesity / Weight Status",
    "Data_Value": 29.5,
    "Sample_Size": 859,
    "Stratification1": "35 - 44",
    "StratificationId1": "AGEYR3544",
    "LocationDisplayOrder": 23
  },
  {
    "ID": 5491,
    "Description": 2014,
    "LocationAbbr": "MD",
    "LocationDesc": "Maryland",
    "DataSource": "BRFSS",
    "Topic": "Obesity / Weight Status",
    "Data_Value": 31.1,
    "Sample_Size": "1,348",
    "Stratification1": "35 - 44",
    "StratificationId1": "AGEYR3544",
    "LocationDisplayOrder": 24
  },
  {
    "ID": 20579,
    "Description": 2014,
    "LocationAbbr": "MA",
    "LocationDesc": "Massachusetts",
    "DataSource": "BRFSS",
    "Topic": "Obesity / Weight Status",
    "Data_Value": 24.5,
    "Sample_Size": "1,509",
    "Stratification1": "35 - 44",
    "StratificationId1": "AGEYR3544",
    "LocationDisplayOrder": 25
  },
  {
    "ID": 18950,
    "Description": 2014,
    "LocationAbbr": "MI",
    "LocationDesc": "Michigan",
    "DataSource": "BRFSS",
    "Topic": "Obesity / Weight Status",
    "Data_Value": 33.3,
    "Sample_Size": 795,
    "Stratification1": "35 - 44",
    "StratificationId1": "AGEYR3544",
    "LocationDisplayOrder": 26
  },
  {
    "ID": 14695,
    "Description": 2014,
    "LocationAbbr": "MN",
    "LocationDesc": "Minnesota",
    "DataSource": "BRFSS",
    "Topic": "Obesity / Weight Status",
    "Data_Value": 29.8,
    "Sample_Size": "2,064",
    "Stratification1": "35 - 44",
    "StratificationId1": "AGEYR3544",
    "LocationDisplayOrder": 27
  },
  {
    "ID": 24420,
    "Description": 2014,
    "LocationAbbr": "MS",
    "LocationDesc": "Mississippi",
    "DataSource": "BRFSS",
    "Topic": "Obesity / Weight Status",
    "Data_Value": 42.6,
    "Sample_Size": 440,
    "Stratification1": "35 - 44",
    "StratificationId1": "AGEYR3544",
    "LocationDisplayOrder": 28
  },
  {
    "ID": 25976,
    "Description": 2014,
    "LocationAbbr": "MO",
    "LocationDesc": "Missouri",
    "DataSource": "BRFSS",
    "Topic": "Obesity / Weight Status",
    "Data_Value": 34.4,
    "Sample_Size": 673,
    "Stratification1": "35 - 44",
    "StratificationId1": "AGEYR3544",
    "LocationDisplayOrder": 29
  },
  {
    "ID": 2815,
    "Description": 2014,
    "LocationAbbr": "MT",
    "LocationDesc": "Montana",
    "DataSource": "BRFSS",
    "Topic": "Obesity / Weight Status",
    "Data_Value": 31.3,
    "Sample_Size": 689,
    "Stratification1": "35 - 44",
    "StratificationId1": "AGEYR3544",
    "LocationDisplayOrder": 30
  },
  {
    "ID": 17069,
    "Description": 2014,
    "LocationAbbr": "NE",
    "LocationDesc": "Nebraska",
    "DataSource": "BRFSS",
    "Topic": "Obesity / Weight Status",
    "Data_Value": 33.8,
    "Sample_Size": "2,477",
    "Stratification1": "35 - 44",
    "StratificationId1": "AGEYR3544",
    "LocationDisplayOrder": 31
  },
  {
    "ID": 21113,
    "Description": 2014,
    "LocationAbbr": "NV",
    "LocationDesc": "Nevada",
    "DataSource": "BRFSS",
    "Topic": "Obesity / Weight Status",
    "Data_Value": 36.8,
    "Sample_Size": 445,
    "Stratification1": "35 - 44",
    "StratificationId1": "AGEYR3544",
    "LocationDisplayOrder": 32
  },
  {
    "ID": 8593,
    "Description": 2014,
    "LocationAbbr": "NH",
    "LocationDesc": "New Hampshire",
    "DataSource": "BRFSS",
    "Topic": "Obesity / Weight Status",
    "Data_Value": 29.5,
    "Sample_Size": 608,
    "Stratification1": "35 - 44",
    "StratificationId1": "AGEYR3544",
    "LocationDisplayOrder": 33
  },
  {
    "ID": 11581,
    "Description": 2014,
    "LocationAbbr": "NJ",
    "LocationDesc": "New Jersey",
    "DataSource": "BRFSS",
    "Topic": "Obesity / Weight Status",
    "Data_Value": 29.4,
    "Sample_Size": "1,526",
    "Stratification1": "35 - 44",
    "StratificationId1": "AGEYR3544",
    "LocationDisplayOrder": 34
  },
  {
    "ID": 34661,
    "Description": 2014,
    "LocationAbbr": "NM",
    "LocationDesc": "New Mexico",
    "DataSource": "BRFSS",
    "Topic": "Obesity / Weight Status",
    "Data_Value": 33.8,
    "Sample_Size": 944,
    "Stratification1": "35 - 44",
    "StratificationId1": "AGEYR3544",
    "LocationDisplayOrder": 35
  },
  {
    "ID": 28393,
    "Description": 2014,
    "LocationAbbr": "NY",
    "LocationDesc": "New York",
    "DataSource": "BRFSS",
    "Topic": "Obesity / Weight Status",
    "Data_Value": 30.5,
    "Sample_Size": 795,
    "Stratification1": "35 - 44",
    "StratificationId1": "AGEYR3544",
    "LocationDisplayOrder": 36
  },
  {
    "ID": 6732,
    "Description": 2014,
    "LocationAbbr": "NC",
    "LocationDesc": "North Carolina",
    "DataSource": "BRFSS",
    "Topic": "Obesity / Weight Status",
    "Data_Value": 33.3,
    "Sample_Size": 866,
    "Stratification1": "35 - 44",
    "StratificationId1": "AGEYR3544",
    "LocationDisplayOrder": 37
  },
  {
    "ID": 5022,
    "Description": 2014,
    "LocationAbbr": "ND",
    "LocationDesc": "North Dakota",
    "DataSource": "BRFSS",
    "Topic": "Obesity / Weight Status",
    "Data_Value": 42.6,
    "Sample_Size": 798,
    "Stratification1": "35 - 44",
    "StratificationId1": "AGEYR3544",
    "LocationDisplayOrder": 38
  },
  {
    "ID": 30224,
    "Description": 2014,
    "LocationAbbr": "OH",
    "LocationDesc": "Ohio",
    "DataSource": "BRFSS",
    "Topic": "Obesity / Weight Status",
    "Data_Value": 31.6,
    "Sample_Size": "1,104",
    "Stratification1": "35 - 44",
    "StratificationId1": "AGEYR3544",
    "LocationDisplayOrder": 39
  },
  {
    "ID": 7344,
    "Description": 2014,
    "LocationAbbr": "OK",
    "LocationDesc": "Oklahoma",
    "DataSource": "BRFSS",
    "Topic": "Obesity / Weight Status",
    "Data_Value": 35.7,
    "Sample_Size": 916,
    "Stratification1": "35 - 44",
    "StratificationId1": "AGEYR3544",
    "LocationDisplayOrder": 40
  },
  {
    "ID": 5324,
    "Description": 2014,
    "LocationAbbr": "OR",
    "LocationDesc": "Oregon",
    "DataSource": "BRFSS",
    "Topic": "Obesity / Weight Status",
    "Data_Value": 29.4,
    "Sample_Size": 481,
    "Stratification1": "35 - 44",
    "StratificationId1": "AGEYR3544",
    "LocationDisplayOrder": 41
  },
  {
    "ID": 36968,
    "Description": 2014,
    "LocationAbbr": "PA",
    "LocationDesc": "Pennsylvania",
    "DataSource": "BRFSS",
    "Topic": "Obesity / Weight Status",
    "Data_Value": 34.8,
    "Sample_Size": "1,103",
    "Stratification1": "35 - 44",
    "StratificationId1": "AGEYR3544",
    "LocationDisplayOrder": 42
  },
  {
    "ID": 30108,
    "Description": 2014,
    "LocationAbbr": "RI",
    "LocationDesc": "Rhode Island",
    "DataSource": "BRFSS",
    "Topic": "Obesity / Weight Status",
    "Data_Value": 32.4,
    "Sample_Size": 675,
    "Stratification1": "35 - 44",
    "StratificationId1": "AGEYR3544",
    "LocationDisplayOrder": 44
  },
  {
    "ID": 22242,
    "Description": 2014,
    "LocationAbbr": "SC",
    "LocationDesc": "South Carolina",
    "DataSource": "BRFSS",
    "Topic": "Obesity / Weight Status",
    "Data_Value": 36.6,
    "Sample_Size": "1,121",
    "Stratification1": "35 - 44",
    "StratificationId1": "AGEYR3544",
    "LocationDisplayOrder": 45
  },
  {
    "ID": 26609,
    "Description": 2014,
    "LocationAbbr": "SD",
    "LocationDesc": "South Dakota",
    "DataSource": "BRFSS",
    "Topic": "Obesity / Weight Status",
    "Data_Value": 34.2,
    "Sample_Size": 816,
    "Stratification1": "35 - 44",
    "StratificationId1": "AGEYR3544",
    "LocationDisplayOrder": 46
  },
  {
    "ID": 9605,
    "Description": 2014,
    "LocationAbbr": "TN",
    "LocationDesc": "Tennessee",
    "DataSource": "BRFSS",
    "Topic": "Obesity / Weight Status",
    "Data_Value": 37.1,
    "Sample_Size": 455,
    "Stratification1": "35 - 44",
    "StratificationId1": "AGEYR3544",
    "LocationDisplayOrder": 47
  },
  {
    "ID": 33839,
    "Description": 2014,
    "LocationAbbr": "TX",
    "LocationDesc": "Texas",
    "DataSource": "BRFSS",
    "Topic": "Obesity / Weight Status",
    "Data_Value": 31.4,
    "Sample_Size": "1,725",
    "Stratification1": "35 - 44",
    "StratificationId1": "AGEYR3544",
    "LocationDisplayOrder": 48
  },
  {
    "ID": 26560,
    "Description": 2014,
    "LocationAbbr": "UT",
    "LocationDesc": "Utah",
    "DataSource": "BRFSS",
    "Topic": "Obesity / Weight Status",
    "Data_Value": 29.2,
    "Sample_Size": "2,546",
    "Stratification1": "35 - 44",
    "StratificationId1": "AGEYR3544",
    "LocationDisplayOrder": 49
  },
  {
    "ID": 7985,
    "Description": 2014,
    "LocationAbbr": "VT",
    "LocationDesc": "Vermont",
    "DataSource": "BRFSS",
    "Topic": "Obesity / Weight Status",
    "Data_Value": 28.9,
    "Sample_Size": 759,
    "Stratification1": "35 - 44",
    "StratificationId1": "AGEYR3544",
    "LocationDisplayOrder": 50
  },
  {
    "ID": 3006,
    "Description": 2014,
    "LocationAbbr": "VA",
    "LocationDesc": "Virginia",
    "DataSource": "BRFSS",
    "Topic": "Obesity / Weight Status",
    "Data_Value": 29.8,
    "Sample_Size": "1,136",
    "Stratification1": "35 - 44",
    "StratificationId1": "AGEYR3544",
    "LocationDisplayOrder": 51
  },
  {
    "ID": 15392,
    "Description": 2014,
    "LocationAbbr": "WA",
    "LocationDesc": "Washington",
    "DataSource": "BRFSS",
    "Topic": "Obesity / Weight Status",
    "Data_Value": 27.8,
    "Sample_Size": "1,051",
    "Stratification1": "35 - 44",
    "StratificationId1": "AGEYR3544",
    "LocationDisplayOrder": 53
  },
  {
    "ID": 21903,
    "Description": 2014,
    "LocationAbbr": "WV",
    "LocationDesc": "West Virginia",
    "DataSource": "BRFSS",
    "Topic": "Obesity / Weight Status",
    "Data_Value": 43.7,
    "Sample_Size": 709,
    "Stratification1": "35 - 44",
    "StratificationId1": "AGEYR3544",
    "LocationDisplayOrder": 54
  },
  {
    "ID": 24646,
    "Description": 2014,
    "LocationAbbr": "WI",
    "LocationDesc": "Wisconsin",
    "DataSource": "BRFSS",
    "Topic": "Obesity / Weight Status",
    "Data_Value": 36.4,
    "Sample_Size": 781,
    "Stratification1": "35 - 44",
    "StratificationId1": "AGEYR3544",
    "LocationDisplayOrder": 55
  },
  {
    "ID": 9732,
    "Description": 2014,
    "LocationAbbr": "WY",
    "LocationDesc": "Wyoming",
    "DataSource": "BRFSS",
    "Topic": "Obesity / Weight Status",
    "Data_Value": 36.8,
    "Sample_Size": 546,
    "Stratification1": "35 - 44",
    "StratificationId1": "AGEYR3544",
    "LocationDisplayOrder": 56
  },
  {
    "ID": 1612,
    "Description": 2014,
    "LocationAbbr": "GU",
    "LocationDesc": "Guam",
    "DataSource": "BRFSS",
    "Topic": "Obesity / Weight Status",
    "Data_Value": 30.5,
    "Sample_Size": 448,
    "Stratification1": "35 - 44",
    "StratificationId1": "AGEYR3544",
    "LocationDisplayOrder": 66
  },
  {
    "ID": 617,
    "Description": 2014,
    "LocationAbbr": "PR",
    "LocationDesc": "Puerto Rico",
    "DataSource": "BRFSS",
    "Topic": "Obesity / Weight Status",
    "Data_Value": 33.5,
    "Sample_Size": 736,
    "Stratification1": "35 - 44",
    "StratificationId1": "AGEYR3544",
    "LocationDisplayOrder": 72
  },
  {
    "ID": "",
    "Description": "",
    "LocationAbbr": "",
    "LocationDesc": "",
    "DataSource": "",
    "Topic": "",
    "Data_Value": "",
    "Sample_Size": "",
    "Stratification1": "",
    "StratificationId1": "",
    "LocationDisplayOrder": ""
  },
  {
    "ID": "",
    "Description": "",
    "LocationAbbr": "",
    "LocationDesc": "",
    "DataSource": "",
    "Topic": "",
    "Data_Value": "",
    "Sample_Size": "",
    "Stratification1": "",
    "StratificationId1": "",
    "LocationDisplayOrder": ""
  },
  {
    "ID": "",
    "Description": "",
    "LocationAbbr": "",
    "LocationDesc": "",
    "DataSource": "",
    "Topic": "",
    "Data_Value": "",
    "Sample_Size": "",
    "Stratification1": "",
    "StratificationId1": "",
    "LocationDisplayOrder": ""
  },
  {
    "ID": "",
    "Description": "",
    "LocationAbbr": "",
    "LocationDesc": "",
    "DataSource": "",
    "Topic": "",
    "Data_Value": "",
    "Sample_Size": "",
    "Stratification1": "",
    "StratificationId1": "",
    "LocationDisplayOrder": ""
  },
  {
    "ID": "",
    "Description": "",
    "LocationAbbr": "",
    "LocationDesc": "",
    "DataSource": "",
    "Topic": "",
    "Data_Value": "",
    "Sample_Size": "",
    "Stratification1": "",
    "StratificationId1": "",
    "LocationDisplayOrder": ""
  },
  {
    "ID": "",
    "Description": "",
    "LocationAbbr": "",
    "LocationDesc": "",
    "DataSource": "",
    "Topic": "",
    "Data_Value": "",
    "Sample_Size": "",
    "Stratification1": "",
    "StratificationId1": "",
    "LocationDisplayOrder": ""
  },
  {
    "ID": "",
    "Description": "",
    "LocationAbbr": "",
    "LocationDesc": "",
    "DataSource": "",
    "Topic": "",
    "Data_Value": "",
    "Sample_Size": "",
    "Stratification1": "",
    "StratificationId1": "",
    "LocationDisplayOrder": ""
  },
  {
    "ID": "",
    "Description": "",
    "LocationAbbr": "",
    "LocationDesc": "",
    "DataSource": "",
    "Topic": "",
    "Data_Value": "",
    "Sample_Size": "",
    "Stratification1": "",
    "StratificationId1": "",
    "LocationDisplayOrder": ""
  },
  {
    "ID": "",
    "Description": "",
    "LocationAbbr": "",
    "LocationDesc": "",
    "DataSource": "",
    "Topic": "",
    "Data_Value": "",
    "Sample_Size": "",
    "Stratification1": "",
    "StratificationId1": "",
    "LocationDisplayOrder": ""
  }
]