[
  {
    "ID": 630,
    "Description": 2014,
    "LocationAbbr": "US",
    "LocationDesc": "National",
    "DataSource": "BRFSS",
    "Topic": "Obesity / Weight Status",
    "Data_Value": 29.1,
    "Sample_Size": 752,
    "Stratification1": "Hawaiian / Pacific Islander",
    "StratificationId1": "RACEHPI",
    "LocationDisplayOrder": 0
  },
  {
    "ID": 57221,
    "Description": 2014,
    "LocationAbbr": "AL",
    "LocationDesc": "Alabama",
    "DataSource": "BRFSS",
    "Topic": "Obesity / Weight Status",
    "Data_Value": "~",
    "Sample_Size": "~",
    "Stratification1": "Hawaiian / Pacific Islander",
    "StratificationId1": "RACEHPI",
    "LocationDisplayOrder": 1
  },
  {
    "ID": 45238,
    "Description": 2014,
    "LocationAbbr": "AK",
    "LocationDesc": "Alaska",
    "DataSource": "BRFSS",
    "Topic": "Obesity / Weight Status",
    "Data_Value": "~",
    "Sample_Size": "~",
    "Stratification1": "Hawaiian / Pacific Islander",
    "StratificationId1": "RACEHPI",
    "LocationDisplayOrder": 2
  },
  {
    "ID": 46158,
    "Description": 2014,
    "LocationAbbr": "AZ",
    "LocationDesc": "Arizona",
    "DataSource": "BRFSS",
    "Topic": "Obesity / Weight Status",
    "Data_Value": "~",
    "Sample_Size": "~",
    "Stratification1": "Hawaiian / Pacific Islander",
    "StratificationId1": "RACEHPI",
    "LocationDisplayOrder": 4
  },
  {
    "ID": 49402,
    "Description": 2014,
    "LocationAbbr": "AR",
    "LocationDesc": "Arkansas",
    "DataSource": "BRFSS",
    "Topic": "Obesity / Weight Status",
    "Data_Value": "~",
    "Sample_Size": "~",
    "Stratification1": "Hawaiian / Pacific Islander",
    "StratificationId1": "RACEHPI",
    "LocationDisplayOrder": 5
  },
  {
    "ID": 48352,
    "Description": 2014,
    "LocationAbbr": "CA",
    "LocationDesc": "California",
    "DataSource": "BRFSS",
    "Topic": "Obesity / Weight Status",
    "Data_Value": "~",
    "Sample_Size": "~",
    "Stratification1": "Hawaiian / Pacific Islander",
    "StratificationId1": "RACEHPI",
    "LocationDisplayOrder": 6
  },
  {
    "ID": 52805,
    "Description": 2014,
    "LocationAbbr": "CO",
    "LocationDesc": "Colorado",
    "DataSource": "BRFSS",
    "Topic": "Obesity / Weight Status",
    "Data_Value": "~",
    "Sample_Size": "~",
    "Stratification1": "Hawaiian / Pacific Islander",
    "StratificationId1": "RACEHPI",
    "LocationDisplayOrder": 8
  },
  {
    "ID": 57799,
    "Description": 2014,
    "LocationAbbr": "CT",
    "LocationDesc": "Connecticut",
    "DataSource": "BRFSS",
    "Topic": "Obesity / Weight Status",
    "Data_Value": "~",
    "Sample_Size": "~",
    "Stratification1": "Hawaiian / Pacific Islander",
    "StratificationId1": "RACEHPI",
    "LocationDisplayOrder": 9
  },
  {
    "ID": 50989,
    "Description": 2014,
    "LocationAbbr": "DE",
    "LocationDesc": "Delaware",
    "DataSource": "BRFSS",
    "Topic": "Obesity / Weight Status",
    "Data_Value": "~",
    "Sample_Size": "~",
    "Stratification1": "Hawaiian / Pacific Islander",
    "StratificationId1": "RACEHPI",
    "LocationDisplayOrder": 10
  },
  {
    "ID": 52895,
    "Description": 2014,
    "LocationAbbr": "DC",
    "LocationDesc": "District of Columbia",
    "DataSource": "BRFSS",
    "Topic": "Obesity / Weight Status",
    "Data_Value": "~",
    "Sample_Size": "~",
    "Stratification1": "Hawaiian / Pacific Islander",
    "StratificationId1": "RACEHPI",
    "LocationDisplayOrder": 11
  },
  {
    "ID": 51160,
    "Description": 2014,
    "LocationAbbr": "FL",
    "LocationDesc": "Florida",
    "DataSource": "BRFSS",
    "Topic": "Obesity / Weight Status",
    "Data_Value": "~",
    "Sample_Size": "~",
    "Stratification1": "Hawaiian / Pacific Islander",
    "StratificationId1": "RACEHPI",
    "LocationDisplayOrder": 12
  },
  {
    "ID": 52258,
    "Description": 2014,
    "LocationAbbr": "GA",
    "LocationDesc": "Georgia",
    "DataSource": "BRFSS",
    "Topic": "Obesity / Weight Status",
    "Data_Value": "~",
    "Sample_Size": "~",
    "Stratification1": "Hawaiian / Pacific Islander",
    "StratificationId1": "RACEHPI",
    "LocationDisplayOrder": 13
  },
  {
    "ID": 18807,
    "Description": 2014,
    "LocationAbbr": "HI",
    "LocationDesc": "Hawaii",
    "DataSource": "BRFSS",
    "Topic": "Obesity / Weight Status",
    "Data_Value": 51.9,
    "Sample_Size": 209,
    "Stratification1": "Hawaiian / Pacific Islander",
    "StratificationId1": "RACEHPI",
    "LocationDisplayOrder": 15
  },
  {
    "ID": 51704,
    "Description": 2014,
    "LocationAbbr": "ID",
    "LocationDesc": "Idaho",
    "DataSource": "BRFSS",
    "Topic": "Obesity / Weight Status",
    "Data_Value": "~",
    "Sample_Size": "~",
    "Stratification1": "Hawaiian / Pacific Islander",
    "StratificationId1": "RACEHPI",
    "LocationDisplayOrder": 16
  },
  {
    "ID": 49815,
    "Description": 2014,
    "LocationAbbr": "IL",
    "LocationDesc": "Illinois",
    "DataSource": "BRFSS",
    "Topic": "Obesity / Weight Status",
    "Data_Value": "~",
    "Sample_Size": "~",
    "Stratification1": "Hawaiian / Pacific Islander",
    "StratificationId1": "RACEHPI",
    "LocationDisplayOrder": 17
  },
  {
    "ID": 58196,
    "Description": 2014,
    "LocationAbbr": "IN",
    "LocationDesc": "Indiana",
    "DataSource": "BRFSS",
    "Topic": "Obesity / Weight Status",
    "Data_Value": "~",
    "Sample_Size": "~",
    "Stratification1": "Hawaiian / Pacific Islander",
    "StratificationId1": "RACEHPI",
    "LocationDisplayOrder": 18
  },
  {
    "ID": 55554,
    "Description": 2014,
    "LocationAbbr": "IA",
    "LocationDesc": "Iowa",
    "DataSource": "BRFSS",
    "Topic": "Obesity / Weight Status",
    "Data_Value": "~",
    "Sample_Size": "~",
    "Stratification1": "Hawaiian / Pacific Islander",
    "StratificationId1": "RACEHPI",
    "LocationDisplayOrder": 19
  },
  {
    "ID": 50787,
    "Description": 2014,
    "LocationAbbr": "KS",
    "LocationDesc": "Kansas",
    "DataSource": "BRFSS",
    "Topic": "Obesity / Weight Status",
    "Data_Value": "~",
    "Sample_Size": "~",
    "Stratification1": "Hawaiian / Pacific Islander",
    "StratificationId1": "RACEHPI",
    "LocationDisplayOrder": 20
  },
  {
    "ID": 49864,
    "Description": 2014,
    "LocationAbbr": "KY",
    "LocationDesc": "Kentucky",
    "DataSource": "BRFSS",
    "Topic": "Obesity / Weight Status",
    "Data_Value": "~",
    "Sample_Size": "~",
    "Stratification1": "Hawaiian / Pacific Islander",
    "StratificationId1": "RACEHPI",
    "LocationDisplayOrder": 21
  },
  {
    "ID": 52822,
    "Description": 2014,
    "LocationAbbr": "LA",
    "LocationDesc": "Louisiana",
    "DataSource": "BRFSS",
    "Topic": "Obesity / Weight Status",
    "Data_Value": "~",
    "Sample_Size": "~",
    "Stratification1": "Hawaiian / Pacific Islander",
    "StratificationId1": "RACEHPI",
    "LocationDisplayOrder": 22
  },
  {
    "ID": 54031,
    "Description": 2014,
    "LocationAbbr": "ME",
    "LocationDesc": "Maine",
    "DataSource": "BRFSS",
    "Topic": "Obesity / Weight Status",
    "Data_Value": "~",
    "Sample_Size": "~",
    "Stratification1": "Hawaiian / Pacific Islander",
    "StratificationId1": "RACEHPI",
    "LocationDisplayOrder": 23
  },
  {
    "ID": 45090,
    "Description": 2014,
    "LocationAbbr": "MD",
    "LocationDesc": "Maryland",
    "DataSource": "BRFSS",
    "Topic": "Obesity / Weight Status",
    "Data_Value": "~",
    "Sample_Size": "~",
    "Stratification1": "Hawaiian / Pacific Islander",
    "StratificationId1": "RACEHPI",
    "LocationDisplayOrder": 24
  },
  {
    "ID": 46143,
    "Description": 2014,
    "LocationAbbr": "MA",
    "LocationDesc": "Massachusetts",
    "DataSource": "BRFSS",
    "Topic": "Obesity / Weight Status",
    "Data_Value": "~",
    "Sample_Size": "~",
    "Stratification1": "Hawaiian / Pacific Islander",
    "StratificationId1": "RACEHPI",
    "LocationDisplayOrder": 25
  },
  {
    "ID": 56999,
    "Description": 2014,
    "LocationAbbr": "MI",
    "LocationDesc": "Michigan",
    "DataSource": "BRFSS",
    "Topic": "Obesity / Weight Status",
    "Data_Value": "~",
    "Sample_Size": "~",
    "Stratification1": "Hawaiian / Pacific Islander",
    "StratificationId1": "RACEHPI",
    "LocationDisplayOrder": 26
  },
  {
    "ID": 49352,
    "Description": 2014,
    "LocationAbbr": "MN",
    "LocationDesc": "Minnesota",
    "DataSource": "BRFSS",
    "Topic": "Obesity / Weight Status",
    "Data_Value": "~",
    "Sample_Size": "~",
    "Stratification1": "Hawaiian / Pacific Islander",
    "StratificationId1": "RACEHPI",
    "LocationDisplayOrder": 27
  },
  {
    "ID": 44675,
    "Description": 2014,
    "LocationAbbr": "MS",
    "LocationDesc": "Mississippi",
    "DataSource": "BRFSS",
    "Topic": "Obesity / Weight Status",
    "Data_Value": "~",
    "Sample_Size": "~",
    "Stratification1": "Hawaiian / Pacific Islander",
    "StratificationId1": "RACEHPI",
    "LocationDisplayOrder": 28
  },
  {
    "ID": 55549,
    "Description": 2014,
    "LocationAbbr": "MO",
    "LocationDesc": "Missouri",
    "DataSource": "BRFSS",
    "Topic": "Obesity / Weight Status",
    "Data_Value": "~",
    "Sample_Size": "~",
    "Stratification1": "Hawaiian / Pacific Islander",
    "StratificationId1": "RACEHPI",
    "LocationDisplayOrder": 29
  },
  {
    "ID": 50832,
    "Description": 2014,
    "LocationAbbr": "MT",
    "LocationDesc": "Montana",
    "DataSource": "BRFSS",
    "Topic": "Obesity / Weight Status",
    "Data_Value": "~",
    "Sample_Size": "~",
    "Stratification1": "Hawaiian / Pacific Islander",
    "StratificationId1": "RACEHPI",
    "LocationDisplayOrder": 30
  },
  {
    "ID": 57125,
    "Description": 2014,
    "LocationAbbr": "NE",
    "LocationDesc": "Nebraska",
    "DataSource": "BRFSS",
    "Topic": "Obesity / Weight Status",
    "Data_Value": "~",
    "Sample_Size": "~",
    "Stratification1": "Hawaiian / Pacific Islander",
    "StratificationId1": "RACEHPI",
    "LocationDisplayOrder": 31
  },
  {
    "ID": 54927,
    "Description": 2014,
    "LocationAbbr": "NV",
    "LocationDesc": "Nevada",
    "DataSource": "BRFSS",
    "Topic": "Obesity / Weight Status",
    "Data_Value": "~",
    "Sample_Size": "~",
    "Stratification1": "Hawaiian / Pacific Islander",
    "StratificationId1": "RACEHPI",
    "LocationDisplayOrder": 32
  },
  {
    "ID": 52991,
    "Description": 2014,
    "LocationAbbr": "NH",
    "LocationDesc": "New Hampshire",
    "DataSource": "BRFSS",
    "Topic": "Obesity / Weight Status",
    "Data_Value": "~",
    "Sample_Size": "~",
    "Stratification1": "Hawaiian / Pacific Islander",
    "StratificationId1": "RACEHPI",
    "LocationDisplayOrder": 33
  },
  {
    "ID": 56177,
    "Description": 2014,
    "LocationAbbr": "NJ",
    "LocationDesc": "New Jersey",
    "DataSource": "BRFSS",
    "Topic": "Obesity / Weight Status",
    "Data_Value": "~",
    "Sample_Size": "~",
    "Stratification1": "Hawaiian / Pacific Islander",
    "StratificationId1": "RACEHPI",
    "LocationDisplayOrder": 34
  },
  {
    "ID": 56602,
    "Description": 2014,
    "LocationAbbr": "NM",
    "LocationDesc": "New Mexico",
    "DataSource": "BRFSS",
    "Topic": "Obesity / Weight Status",
    "Data_Value": "~",
    "Sample_Size": "~",
    "Stratification1": "Hawaiian / Pacific Islander",
    "StratificationId1": "RACEHPI",
    "LocationDisplayOrder": 35
  },
  {
    "ID": 57301,
    "Description": 2014,
    "LocationAbbr": "NY",
    "LocationDesc": "New York",
    "DataSource": "BRFSS",
    "Topic": "Obesity / Weight Status",
    "Data_Value": "~",
    "Sample_Size": "~",
    "Stratification1": "Hawaiian / Pacific Islander",
    "StratificationId1": "RACEHPI",
    "LocationDisplayOrder": 36
  },
  {
    "ID": 51910,
    "Description": 2014,
    "LocationAbbr": "NC",
    "LocationDesc": "North Carolina",
    "DataSource": "BRFSS",
    "Topic": "Obesity / Weight Status",
    "Data_Value": "~",
    "Sample_Size": "~",
    "Stratification1": "Hawaiian / Pacific Islander",
    "StratificationId1": "RACEHPI",
    "LocationDisplayOrder": 37
  },
  {
    "ID": 52575,
    "Description": 2014,
    "LocationAbbr": "ND",
    "LocationDesc": "North Dakota",
    "DataSource": "BRFSS",
    "Topic": "Obesity / Weight Status",
    "Data_Value": "~",
    "Sample_Size": "~",
    "Stratification1": "Hawaiian / Pacific Islander",
    "StratificationId1": "RACEHPI",
    "LocationDisplayOrder": 38
  },
  {
    "ID": 50847,
    "Description": 2014,
    "LocationAbbr": "OH",
    "LocationDesc": "Ohio",
    "DataSource": "BRFSS",
    "Topic": "Obesity / Weight Status",
    "Data_Value": "~",
    "Sample_Size": "~",
    "Stratification1": "Hawaiian / Pacific Islander",
    "StratificationId1": "RACEHPI",
    "LocationDisplayOrder": 39
  },
  {
    "ID": 51178,
    "Description": 2014,
    "LocationAbbr": "OK",
    "LocationDesc": "Oklahoma",
    "DataSource": "BRFSS",
    "Topic": "Obesity / Weight Status",
    "Data_Value": "~",
    "Sample_Size": "~",
    "Stratification1": "Hawaiian / Pacific Islander",
    "StratificationId1": "RACEHPI",
    "LocationDisplayOrder": 40
  },
  {
    "ID": 50084,
    "Description": 2014,
    "LocationAbbr": "OR",
    "LocationDesc": "Oregon",
    "DataSource": "BRFSS",
    "Topic": "Obesity / Weight Status",
    "Data_Value": "~",
    "Sample_Size": "~",
    "Stratification1": "Hawaiian / Pacific Islander",
    "StratificationId1": "RACEHPI",
    "LocationDisplayOrder": 41
  },
  {
    "ID": 58540,
    "Description": 2014,
    "LocationAbbr": "PA",
    "LocationDesc": "Pennsylvania",
    "DataSource": "BRFSS",
    "Topic": "Obesity / Weight Status",
    "Data_Value": "~",
    "Sample_Size": "~",
    "Stratification1": "Hawaiian / Pacific Islander",
    "StratificationId1": "RACEHPI",
    "LocationDisplayOrder": 42
  },
  {
    "ID": 52699,
    "Description": 2014,
    "LocationAbbr": "RI",
    "LocationDesc": "Rhode Island",
    "DataSource": "BRFSS",
    "Topic": "Obesity / Weight Status",
    "Data_Value": "~",
    "Sample_Size": "~",
    "Stratification1": "Hawaiian / Pacific Islander",
    "StratificationId1": "RACEHPI",
    "LocationDisplayOrder": 44
  },
  {
    "ID": 51458,
    "Description": 2014,
    "LocationAbbr": "SC",
    "LocationDesc": "South Carolina",
    "DataSource": "BRFSS",
    "Topic": "Obesity / Weight Status",
    "Data_Value": "~",
    "Sample_Size": "~",
    "Stratification1": "Hawaiian / Pacific Islander",
    "StratificationId1": "RACEHPI",
    "LocationDisplayOrder": 45
  },
  {
    "ID": 45297,
    "Description": 2014,
    "LocationAbbr": "SD",
    "LocationDesc": "South Dakota",
    "DataSource": "BRFSS",
    "Topic": "Obesity / Weight Status",
    "Data_Value": "~",
    "Sample_Size": "~",
    "Stratification1": "Hawaiian / Pacific Islander",
    "StratificationId1": "RACEHPI",
    "LocationDisplayOrder": 46
  },
  {
    "ID": 55857,
    "Description": 2014,
    "LocationAbbr": "TN",
    "LocationDesc": "Tennessee",
    "DataSource": "BRFSS",
    "Topic": "Obesity / Weight Status",
    "Data_Value": "~",
    "Sample_Size": "~",
    "Stratification1": "Hawaiian / Pacific Islander",
    "StratificationId1": "RACEHPI",
    "LocationDisplayOrder": 47
  },
  {
    "ID": 56207,
    "Description": 2014,
    "LocationAbbr": "TX",
    "LocationDesc": "Texas",
    "DataSource": "BRFSS",
    "Topic": "Obesity / Weight Status",
    "Data_Value": "~",
    "Sample_Size": "~",
    "Stratification1": "Hawaiian / Pacific Islander",
    "StratificationId1": "RACEHPI",
    "LocationDisplayOrder": 48
  },
  {
    "ID": 46187,
    "Description": 2014,
    "LocationAbbr": "UT",
    "LocationDesc": "Utah",
    "DataSource": "BRFSS",
    "Topic": "Obesity / Weight Status",
    "Data_Value": "~",
    "Sample_Size": "~",
    "Stratification1": "Hawaiian / Pacific Islander",
    "StratificationId1": "RACEHPI",
    "LocationDisplayOrder": 49
  },
  {
    "ID": 49560,
    "Description": 2014,
    "LocationAbbr": "VT",
    "LocationDesc": "Vermont",
    "DataSource": "BRFSS",
    "Topic": "Obesity / Weight Status",
    "Data_Value": "~",
    "Sample_Size": "~",
    "Stratification1": "Hawaiian / Pacific Islander",
    "StratificationId1": "RACEHPI",
    "LocationDisplayOrder": 50
  },
  {
    "ID": 50768,
    "Description": 2014,
    "LocationAbbr": "VA",
    "LocationDesc": "Virginia",
    "DataSource": "BRFSS",
    "Topic": "Obesity / Weight Status",
    "Data_Value": "~",
    "Sample_Size": "~",
    "Stratification1": "Hawaiian / Pacific Islander",
    "StratificationId1": "RACEHPI",
    "LocationDisplayOrder": 51
  },
  {
    "ID": 50221,
    "Description": 2014,
    "LocationAbbr": "WA",
    "LocationDesc": "Washington",
    "DataSource": "BRFSS",
    "Topic": "Obesity / Weight Status",
    "Data_Value": "~",
    "Sample_Size": "~",
    "Stratification1": "Hawaiian / Pacific Islander",
    "StratificationId1": "RACEHPI",
    "LocationDisplayOrder": 53
  },
  {
    "ID": 52298,
    "Description": 2014,
    "LocationAbbr": "WV",
    "LocationDesc": "West Virginia",
    "DataSource": "BRFSS",
    "Topic": "Obesity / Weight Status",
    "Data_Value": "~",
    "Sample_Size": "~",
    "Stratification1": "Hawaiian / Pacific Islander",
    "StratificationId1": "RACEHPI",
    "LocationDisplayOrder": 54
  },
  {
    "ID": 46623,
    "Description": 2014,
    "LocationAbbr": "WI",
    "LocationDesc": "Wisconsin",
    "DataSource": "BRFSS",
    "Topic": "Obesity / Weight Status",
    "Data_Value": "~",
    "Sample_Size": "~",
    "Stratification1": "Hawaiian / Pacific Islander",
    "StratificationId1": "RACEHPI",
    "LocationDisplayOrder": 55
  },
  {
    "ID": 48223,
    "Description": 2014,
    "LocationAbbr": "WY",
    "LocationDesc": "Wyoming",
    "DataSource": "BRFSS",
    "Topic": "Obesity / Weight Status",
    "Data_Value": "~",
    "Sample_Size": "~",
    "Stratification1": "Hawaiian / Pacific Islander",
    "StratificationId1": "RACEHPI",
    "LocationDisplayOrder": 56
  },
  {
    "ID": 492,
    "Description": 2014,
    "LocationAbbr": "GU",
    "LocationDesc": "Guam",
    "DataSource": "BRFSS",
    "Topic": "Obesity / Weight Status",
    "Data_Value": 39.8,
    "Sample_Size": 821,
    "Stratification1": "Hawaiian / Pacific Islander",
    "StratificationId1": "RACEHPI",
    "LocationDisplayOrder": 66
  },
  {
    "ID": 46963,
    "Description": 2014,
    "LocationAbbr": "PR",
    "LocationDesc": "Puerto Rico",
    "DataSource": "BRFSS",
    "Topic": "Obesity / Weight Status",
    "Data_Value": "~",
    "Sample_Size": "~",
    "Stratification1": "Hawaiian / Pacific Islander",
    "StratificationId1": "RACEHPI",
    "LocationDisplayOrder": 72
  },
  {
    "ID": "",
    "Description": "",
    "LocationAbbr": "",
    "LocationDesc": "",
    "DataSource": "",
    "Topic": "",
    "Data_Value": "",
    "Sample_Size": "",
    "Stratification1": "",
    "StratificationId1": "",
    "LocationDisplayOrder": ""
  },
  {
    "ID": "",
    "Description": "",
    "LocationAbbr": "",
    "LocationDesc": "",
    "DataSource": "",
    "Topic": "",
    "Data_Value": "",
    "Sample_Size": "",
    "Stratification1": "",
    "StratificationId1": "",
    "LocationDisplayOrder": ""
  },
  {
    "ID": "",
    "Description": "",
    "LocationAbbr": "",
    "LocationDesc": "",
    "DataSource": "",
    "Topic": "",
    "Data_Value": "",
    "Sample_Size": "",
    "Stratification1": "",
    "StratificationId1": "",
    "LocationDisplayOrder": ""
  },
  {
    "ID": "",
    "Description": "",
    "LocationAbbr": "",
    "LocationDesc": "",
    "DataSource": "",
    "Topic": "",
    "Data_Value": "",
    "Sample_Size": "",
    "Stratification1": "",
    "StratificationId1": "",
    "LocationDisplayOrder": ""
  },
  {
    "ID": "",
    "Description": "",
    "LocationAbbr": "",
    "LocationDesc": "",
    "DataSource": "",
    "Topic": "",
    "Data_Value": "",
    "Sample_Size": "",
    "Stratification1": "",
    "StratificationId1": "",
    "LocationDisplayOrder": ""
  },
  {
    "ID": "",
    "Description": "",
    "LocationAbbr": "",
    "LocationDesc": "",
    "DataSource": "",
    "Topic": "",
    "Data_Value": "",
    "Sample_Size": "",
    "Stratification1": "",
    "StratificationId1": "",
    "LocationDisplayOrder": ""
  },
  {
    "ID": "",
    "Description": "",
    "LocationAbbr": "",
    "LocationDesc": "",
    "DataSource": "",
    "Topic": "",
    "Data_Value": "",
    "Sample_Size": "",
    "Stratification1": "",
    "StratificationId1": "",
    "LocationDisplayOrder": ""
  },
  {
    "ID": "",
    "Description": "",
    "LocationAbbr": "",
    "LocationDesc": "",
    "DataSource": "",
    "Topic": "",
    "Data_Value": "",
    "Sample_Size": "",
    "Stratification1": "",
    "StratificationId1": "",
    "LocationDisplayOrder": ""
  },
  {
    "ID": "",
    "Description": "",
    "LocationAbbr": "",
    "LocationDesc": "",
    "DataSource": "",
    "Topic": "",
    "Data_Value": "",
    "Sample_Size": "",
    "Stratification1": "",
    "StratificationId1": "",
    "LocationDisplayOrder": ""
  },
  {
    "ID": "",
    "Description": "",
    "LocationAbbr": "",
    "LocationDesc": "",
    "DataSource": "",
    "Topic": "",
    "Data_Value": "",
    "Sample_Size": "",
    "Stratification1": "",
    "StratificationId1": "",
    "LocationDisplayOrder": ""
  }
]