[
  {
    "ID": 989,
    "Description": 2014,
    "LocationAbbr": "US",
    "LocationDesc": "National",
    "DataSource": "BRFSS",
    "Topic": "Obesity / Weight Status",
    "Data_Value": 27,
    "Sample_Size": "38,517",
    "Stratification1": "25 - 34",
    "StratificationId1": "AGEYR2534",
    "LocationDisplayOrder": 0
  },
  {
    "ID": 34004,
    "Description": 2014,
    "LocationAbbr": "AL",
    "LocationDesc": "Alabama",
    "DataSource": "BRFSS",
    "Topic": "Obesity / Weight Status",
    "Data_Value": 31.7,
    "Sample_Size": 703,
    "Stratification1": "25 - 34",
    "StratificationId1": "AGEYR2534",
    "LocationDisplayOrder": 1
  },
  {
    "ID": 25466,
    "Description": 2014,
    "LocationAbbr": "AK",
    "LocationDesc": "Alaska",
    "DataSource": "BRFSS",
    "Topic": "Obesity / Weight Status",
    "Data_Value": 28,
    "Sample_Size": 519,
    "Stratification1": "25 - 34",
    "StratificationId1": "AGEYR2534",
    "LocationDisplayOrder": 2
  },
  {
    "ID": 19204,
    "Description": 2014,
    "LocationAbbr": "AZ",
    "LocationDesc": "Arizona",
    "DataSource": "BRFSS",
    "Topic": "Obesity / Weight Status",
    "Data_Value": 29.1,
    "Sample_Size": 853,
    "Stratification1": "25 - 34",
    "StratificationId1": "AGEYR2534",
    "LocationDisplayOrder": 4
  },
  {
    "ID": 34055,
    "Description": 2014,
    "LocationAbbr": "AR",
    "LocationDesc": "Arkansas",
    "DataSource": "BRFSS",
    "Topic": "Obesity / Weight Status",
    "Data_Value": 39.6,
    "Sample_Size": 324,
    "Stratification1": "25 - 34",
    "StratificationId1": "AGEYR2534",
    "LocationDisplayOrder": 5
  },
  {
    "ID": 26629,
    "Description": 2014,
    "LocationAbbr": "CA",
    "LocationDesc": "California",
    "DataSource": "BRFSS",
    "Topic": "Obesity / Weight Status",
    "Data_Value": 23.7,
    "Sample_Size": "1,138",
    "Stratification1": "25 - 34",
    "StratificationId1": "AGEYR2534",
    "LocationDisplayOrder": 6
  },
  {
    "ID": 4928,
    "Description": 2014,
    "LocationAbbr": "CO",
    "LocationDesc": "Colorado",
    "DataSource": "BRFSS",
    "Topic": "Obesity / Weight Status",
    "Data_Value": 18.7,
    "Sample_Size": "1,142",
    "Stratification1": "25 - 34",
    "StratificationId1": "AGEYR2534",
    "LocationDisplayOrder": 8
  },
  {
    "ID": 14855,
    "Description": 2014,
    "LocationAbbr": "CT",
    "LocationDesc": "Connecticut",
    "DataSource": "BRFSS",
    "Topic": "Obesity / Weight Status",
    "Data_Value": 25,
    "Sample_Size": 570,
    "Stratification1": "25 - 34",
    "StratificationId1": "AGEYR2534",
    "LocationDisplayOrder": 9
  },
  {
    "ID": 21299,
    "Description": 2014,
    "LocationAbbr": "DE",
    "LocationDesc": "Delaware",
    "DataSource": "BRFSS",
    "Topic": "Obesity / Weight Status",
    "Data_Value": 25.9,
    "Sample_Size": 315,
    "Stratification1": "25 - 34",
    "StratificationId1": "AGEYR2534",
    "LocationDisplayOrder": 10
  },
  {
    "ID": 8977,
    "Description": 2014,
    "LocationAbbr": "DC",
    "LocationDesc": "District of Columbia",
    "DataSource": "BRFSS",
    "Topic": "Obesity / Weight Status",
    "Data_Value": 18,
    "Sample_Size": 320,
    "Stratification1": "25 - 34",
    "StratificationId1": "AGEYR2534",
    "LocationDisplayOrder": 11
  },
  {
    "ID": 36071,
    "Description": 2014,
    "LocationAbbr": "FL",
    "LocationDesc": "Florida",
    "DataSource": "BRFSS",
    "Topic": "Obesity / Weight Status",
    "Data_Value": 24.3,
    "Sample_Size": 703,
    "Stratification1": "25 - 34",
    "StratificationId1": "AGEYR2534",
    "LocationDisplayOrder": 12
  },
  {
    "ID": 29008,
    "Description": 2014,
    "LocationAbbr": "GA",
    "LocationDesc": "Georgia",
    "DataSource": "BRFSS",
    "Topic": "Obesity / Weight Status",
    "Data_Value": 29,
    "Sample_Size": 491,
    "Stratification1": "25 - 34",
    "StratificationId1": "AGEYR2534",
    "LocationDisplayOrder": 13
  },
  {
    "ID": 34271,
    "Description": 2014,
    "LocationAbbr": "HI",
    "LocationDesc": "Hawaii",
    "DataSource": "BRFSS",
    "Topic": "Obesity / Weight Status",
    "Data_Value": 25.9,
    "Sample_Size": 834,
    "Stratification1": "25 - 34",
    "StratificationId1": "AGEYR2534",
    "LocationDisplayOrder": 15
  },
  {
    "ID": 31812,
    "Description": 2014,
    "LocationAbbr": "ID",
    "LocationDesc": "Idaho",
    "DataSource": "BRFSS",
    "Topic": "Obesity / Weight Status",
    "Data_Value": 30,
    "Sample_Size": 492,
    "Stratification1": "25 - 34",
    "StratificationId1": "AGEYR2534",
    "LocationDisplayOrder": 16
  },
  {
    "ID": 25824,
    "Description": 2014,
    "LocationAbbr": "IL",
    "LocationDesc": "Illinois",
    "DataSource": "BRFSS",
    "Topic": "Obesity / Weight Status",
    "Data_Value": 22.6,
    "Sample_Size": 468,
    "Stratification1": "25 - 34",
    "StratificationId1": "AGEYR2534",
    "LocationDisplayOrder": 17
  },
  {
    "ID": 19914,
    "Description": 2014,
    "LocationAbbr": "IN",
    "LocationDesc": "Indiana",
    "DataSource": "BRFSS",
    "Topic": "Obesity / Weight Status",
    "Data_Value": 32,
    "Sample_Size": 798,
    "Stratification1": "25 - 34",
    "StratificationId1": "AGEYR2534",
    "LocationDisplayOrder": 18
  },
  {
    "ID": 38048,
    "Description": 2014,
    "LocationAbbr": "IA",
    "LocationDesc": "Iowa",
    "DataSource": "BRFSS",
    "Topic": "Obesity / Weight Status",
    "Data_Value": 27.1,
    "Sample_Size": 626,
    "Stratification1": "25 - 34",
    "StratificationId1": "AGEYR2534",
    "LocationDisplayOrder": 19
  },
  {
    "ID": 12992,
    "Description": 2014,
    "LocationAbbr": "KS",
    "LocationDesc": "Kansas",
    "DataSource": "BRFSS",
    "Topic": "Obesity / Weight Status",
    "Data_Value": 30,
    "Sample_Size": "1,322",
    "Stratification1": "25 - 34",
    "StratificationId1": "AGEYR2534",
    "LocationDisplayOrder": 20
  },
  {
    "ID": 25953,
    "Description": 2014,
    "LocationAbbr": "KY",
    "LocationDesc": "Kentucky",
    "DataSource": "BRFSS",
    "Topic": "Obesity / Weight Status",
    "Data_Value": 29.7,
    "Sample_Size": 736,
    "Stratification1": "25 - 34",
    "StratificationId1": "AGEYR2534",
    "LocationDisplayOrder": 21
  },
  {
    "ID": 8257,
    "Description": 2014,
    "LocationAbbr": "LA",
    "LocationDesc": "Louisiana",
    "DataSource": "BRFSS",
    "Topic": "Obesity / Weight Status",
    "Data_Value": 35.5,
    "Sample_Size": 694,
    "Stratification1": "25 - 34",
    "StratificationId1": "AGEYR2534",
    "LocationDisplayOrder": 22
  },
  {
    "ID": 30342,
    "Description": 2014,
    "LocationAbbr": "ME",
    "LocationDesc": "Maine",
    "DataSource": "BRFSS",
    "Topic": "Obesity / Weight Status",
    "Data_Value": 29,
    "Sample_Size": 626,
    "Stratification1": "25 - 34",
    "StratificationId1": "AGEYR2534",
    "LocationDisplayOrder": 23
  },
  {
    "ID": 24383,
    "Description": 2014,
    "LocationAbbr": "MD",
    "LocationDesc": "Maryland",
    "DataSource": "BRFSS",
    "Topic": "Obesity / Weight Status",
    "Data_Value": 31.1,
    "Sample_Size": 682,
    "Stratification1": "25 - 34",
    "StratificationId1": "AGEYR2534",
    "LocationDisplayOrder": 24
  },
  {
    "ID": 32699,
    "Description": 2014,
    "LocationAbbr": "MA",
    "LocationDesc": "Massachusetts",
    "DataSource": "BRFSS",
    "Topic": "Obesity / Weight Status",
    "Data_Value": 18.6,
    "Sample_Size": "1,150",
    "Stratification1": "25 - 34",
    "StratificationId1": "AGEYR2534",
    "LocationDisplayOrder": 25
  },
  {
    "ID": 6705,
    "Description": 2014,
    "LocationAbbr": "MI",
    "LocationDesc": "Michigan",
    "DataSource": "BRFSS",
    "Topic": "Obesity / Weight Status",
    "Data_Value": 29.1,
    "Sample_Size": 660,
    "Stratification1": "25 - 34",
    "StratificationId1": "AGEYR2534",
    "LocationDisplayOrder": 26
  },
  {
    "ID": 38423,
    "Description": 2014,
    "LocationAbbr": "MN",
    "LocationDesc": "Minnesota",
    "DataSource": "BRFSS",
    "Topic": "Obesity / Weight Status",
    "Data_Value": 23.7,
    "Sample_Size": "1,781",
    "Stratification1": "25 - 34",
    "StratificationId1": "AGEYR2534",
    "LocationDisplayOrder": 27
  },
  {
    "ID": 31771,
    "Description": 2014,
    "LocationAbbr": "MS",
    "LocationDesc": "Mississippi",
    "DataSource": "BRFSS",
    "Topic": "Obesity / Weight Status",
    "Data_Value": 40.5,
    "Sample_Size": 318,
    "Stratification1": "25 - 34",
    "StratificationId1": "AGEYR2534",
    "LocationDisplayOrder": 28
  },
  {
    "ID": 9873,
    "Description": 2014,
    "LocationAbbr": "MO",
    "LocationDesc": "Missouri",
    "DataSource": "BRFSS",
    "Topic": "Obesity / Weight Status",
    "Data_Value": 31,
    "Sample_Size": 507,
    "Stratification1": "25 - 34",
    "StratificationId1": "AGEYR2534",
    "LocationDisplayOrder": 29
  },
  {
    "ID": 22843,
    "Description": 2014,
    "LocationAbbr": "MT",
    "LocationDesc": "Montana",
    "DataSource": "BRFSS",
    "Topic": "Obesity / Weight Status",
    "Data_Value": 24.1,
    "Sample_Size": 574,
    "Stratification1": "25 - 34",
    "StratificationId1": "AGEYR2534",
    "LocationDisplayOrder": 30
  },
  {
    "ID": 35154,
    "Description": 2014,
    "LocationAbbr": "NE",
    "LocationDesc": "Nebraska",
    "DataSource": "BRFSS",
    "Topic": "Obesity / Weight Status",
    "Data_Value": 28.3,
    "Sample_Size": "2,042",
    "Stratification1": "25 - 34",
    "StratificationId1": "AGEYR2534",
    "LocationDisplayOrder": 31
  },
  {
    "ID": 24181,
    "Description": 2014,
    "LocationAbbr": "NV",
    "LocationDesc": "Nevada",
    "DataSource": "BRFSS",
    "Topic": "Obesity / Weight Status",
    "Data_Value": 29.7,
    "Sample_Size": 348,
    "Stratification1": "25 - 34",
    "StratificationId1": "AGEYR2534",
    "LocationDisplayOrder": 32
  },
  {
    "ID": 7171,
    "Description": 2014,
    "LocationAbbr": "NH",
    "LocationDesc": "New Hampshire",
    "DataSource": "BRFSS",
    "Topic": "Obesity / Weight Status",
    "Data_Value": 28.5,
    "Sample_Size": 432,
    "Stratification1": "25 - 34",
    "StratificationId1": "AGEYR2534",
    "LocationDisplayOrder": 33
  },
  {
    "ID": 10943,
    "Description": 2014,
    "LocationAbbr": "NJ",
    "LocationDesc": "New Jersey",
    "DataSource": "BRFSS",
    "Topic": "Obesity / Weight Status",
    "Data_Value": 24.4,
    "Sample_Size": "1,081",
    "Stratification1": "25 - 34",
    "StratificationId1": "AGEYR2534",
    "LocationDisplayOrder": 34
  },
  {
    "ID": 1673,
    "Description": 2014,
    "LocationAbbr": "NM",
    "LocationDesc": "New Mexico",
    "DataSource": "BRFSS",
    "Topic": "Obesity / Weight Status",
    "Data_Value": 33.2,
    "Sample_Size": 743,
    "Stratification1": "25 - 34",
    "StratificationId1": "AGEYR2534",
    "LocationDisplayOrder": 35
  },
  {
    "ID": 31393,
    "Description": 2014,
    "LocationAbbr": "NY",
    "LocationDesc": "New York",
    "DataSource": "BRFSS",
    "Topic": "Obesity / Weight Status",
    "Data_Value": 20.8,
    "Sample_Size": 703,
    "Stratification1": "25 - 34",
    "StratificationId1": "AGEYR2534",
    "LocationDisplayOrder": 36
  },
  {
    "ID": 20791,
    "Description": 2014,
    "LocationAbbr": "NC",
    "LocationDesc": "North Carolina",
    "DataSource": "BRFSS",
    "Topic": "Obesity / Weight Status",
    "Data_Value": 30.7,
    "Sample_Size": 710,
    "Stratification1": "25 - 34",
    "StratificationId1": "AGEYR2534",
    "LocationDisplayOrder": 37
  },
  {
    "ID": 7938,
    "Description": 2014,
    "LocationAbbr": "ND",
    "LocationDesc": "North Dakota",
    "DataSource": "BRFSS",
    "Topic": "Obesity / Weight Status",
    "Data_Value": 32,
    "Sample_Size": 606,
    "Stratification1": "25 - 34",
    "StratificationId1": "AGEYR2534",
    "LocationDisplayOrder": 38
  },
  {
    "ID": 36324,
    "Description": 2014,
    "LocationAbbr": "OH",
    "LocationDesc": "Ohio",
    "DataSource": "BRFSS",
    "Topic": "Obesity / Weight Status",
    "Data_Value": 30.5,
    "Sample_Size": 742,
    "Stratification1": "25 - 34",
    "StratificationId1": "AGEYR2534",
    "LocationDisplayOrder": 39
  },
  {
    "ID": 30301,
    "Description": 2014,
    "LocationAbbr": "OK",
    "LocationDesc": "Oklahoma",
    "DataSource": "BRFSS",
    "Topic": "Obesity / Weight Status",
    "Data_Value": 30.4,
    "Sample_Size": 771,
    "Stratification1": "25 - 34",
    "StratificationId1": "AGEYR2534",
    "LocationDisplayOrder": 40
  },
  {
    "ID": 33976,
    "Description": 2014,
    "LocationAbbr": "OR",
    "LocationDesc": "Oregon",
    "DataSource": "BRFSS",
    "Topic": "Obesity / Weight Status",
    "Data_Value": 28.7,
    "Sample_Size": 416,
    "Stratification1": "25 - 34",
    "StratificationId1": "AGEYR2534",
    "LocationDisplayOrder": 41
  },
  {
    "ID": 19705,
    "Description": 2014,
    "LocationAbbr": "PA",
    "LocationDesc": "Pennsylvania",
    "DataSource": "BRFSS",
    "Topic": "Obesity / Weight Status",
    "Data_Value": 29.3,
    "Sample_Size": 836,
    "Stratification1": "25 - 34",
    "StratificationId1": "AGEYR2534",
    "LocationDisplayOrder": 42
  },
  {
    "ID": 3709,
    "Description": 2014,
    "LocationAbbr": "RI",
    "LocationDesc": "Rhode Island",
    "DataSource": "BRFSS",
    "Topic": "Obesity / Weight Status",
    "Data_Value": 24.8,
    "Sample_Size": 402,
    "Stratification1": "25 - 34",
    "StratificationId1": "AGEYR2534",
    "LocationDisplayOrder": 44
  },
  {
    "ID": 17755,
    "Description": 2014,
    "LocationAbbr": "SC",
    "LocationDesc": "South Carolina",
    "DataSource": "BRFSS",
    "Topic": "Obesity / Weight Status",
    "Data_Value": 30.2,
    "Sample_Size": 958,
    "Stratification1": "25 - 34",
    "StratificationId1": "AGEYR2534",
    "LocationDisplayOrder": 45
  },
  {
    "ID": 6265,
    "Description": 2014,
    "LocationAbbr": "SD",
    "LocationDesc": "South Dakota",
    "DataSource": "BRFSS",
    "Topic": "Obesity / Weight Status",
    "Data_Value": 29.6,
    "Sample_Size": 763,
    "Stratification1": "25 - 34",
    "StratificationId1": "AGEYR2534",
    "LocationDisplayOrder": 46
  },
  {
    "ID": 31078,
    "Description": 2014,
    "LocationAbbr": "TN",
    "LocationDesc": "Tennessee",
    "DataSource": "BRFSS",
    "Topic": "Obesity / Weight Status",
    "Data_Value": 27.9,
    "Sample_Size": 367,
    "Stratification1": "25 - 34",
    "StratificationId1": "AGEYR2534",
    "LocationDisplayOrder": 47
  },
  {
    "ID": 37106,
    "Description": 2014,
    "LocationAbbr": "TX",
    "LocationDesc": "Texas",
    "DataSource": "BRFSS",
    "Topic": "Obesity / Weight Status",
    "Data_Value": 30.4,
    "Sample_Size": "1,476",
    "Stratification1": "25 - 34",
    "StratificationId1": "AGEYR2534",
    "LocationDisplayOrder": 48
  },
  {
    "ID": 4175,
    "Description": 2014,
    "LocationAbbr": "UT",
    "LocationDesc": "Utah",
    "DataSource": "BRFSS",
    "Topic": "Obesity / Weight Status",
    "Data_Value": 23.1,
    "Sample_Size": "2,079",
    "Stratification1": "25 - 34",
    "StratificationId1": "AGEYR2534",
    "LocationDisplayOrder": 49
  },
  {
    "ID": 7146,
    "Description": 2014,
    "LocationAbbr": "VT",
    "LocationDesc": "Vermont",
    "DataSource": "BRFSS",
    "Topic": "Obesity / Weight Status",
    "Data_Value": 22.4,
    "Sample_Size": 578,
    "Stratification1": "25 - 34",
    "StratificationId1": "AGEYR2534",
    "LocationDisplayOrder": 50
  },
  {
    "ID": 33552,
    "Description": 2014,
    "LocationAbbr": "VA",
    "LocationDesc": "Virginia",
    "DataSource": "BRFSS",
    "Topic": "Obesity / Weight Status",
    "Data_Value": 23.3,
    "Sample_Size": 862,
    "Stratification1": "25 - 34",
    "StratificationId1": "AGEYR2534",
    "LocationDisplayOrder": 51
  },
  {
    "ID": 5891,
    "Description": 2014,
    "LocationAbbr": "WA",
    "LocationDesc": "Washington",
    "DataSource": "BRFSS",
    "Topic": "Obesity / Weight Status",
    "Data_Value": 23.4,
    "Sample_Size": 785,
    "Stratification1": "25 - 34",
    "StratificationId1": "AGEYR2534",
    "LocationDisplayOrder": 53
  },
  {
    "ID": 3820,
    "Description": 2014,
    "LocationAbbr": "WV",
    "LocationDesc": "West Virginia",
    "DataSource": "BRFSS",
    "Topic": "Obesity / Weight Status",
    "Data_Value": 35.3,
    "Sample_Size": 523,
    "Stratification1": "25 - 34",
    "StratificationId1": "AGEYR2534",
    "LocationDisplayOrder": 54
  },
  {
    "ID": 34192,
    "Description": 2014,
    "LocationAbbr": "WI",
    "LocationDesc": "Wisconsin",
    "DataSource": "BRFSS",
    "Topic": "Obesity / Weight Status",
    "Data_Value": 31.7,
    "Sample_Size": 595,
    "Stratification1": "25 - 34",
    "StratificationId1": "AGEYR2534",
    "LocationDisplayOrder": 55
  },
  {
    "ID": 38545,
    "Description": 2014,
    "LocationAbbr": "WY",
    "LocationDesc": "Wyoming",
    "DataSource": "BRFSS",
    "Topic": "Obesity / Weight Status",
    "Data_Value": 25.4,
    "Sample_Size": 353,
    "Stratification1": "25 - 34",
    "StratificationId1": "AGEYR2534",
    "LocationDisplayOrder": 56
  },
  {
    "ID": 530,
    "Description": 2014,
    "LocationAbbr": "GU",
    "LocationDesc": "Guam",
    "DataSource": "BRFSS",
    "Topic": "Obesity / Weight Status",
    "Data_Value": 34.6,
    "Sample_Size": 465,
    "Stratification1": "25 - 34",
    "StratificationId1": "AGEYR2534",
    "LocationDisplayOrder": 66
  },
  {
    "ID": 923,
    "Description": 2014,
    "LocationAbbr": "PR",
    "LocationDesc": "Puerto Rico",
    "DataSource": "BRFSS",
    "Topic": "Obesity / Weight Status",
    "Data_Value": 25.1,
    "Sample_Size": 622,
    "Stratification1": "25 - 34",
    "StratificationId1": "AGEYR2534",
    "LocationDisplayOrder": 72
  },
  {
    "ID": "",
    "Description": "",
    "LocationAbbr": "",
    "LocationDesc": "",
    "DataSource": "",
    "Topic": "",
    "Data_Value": "",
    "Sample_Size": "",
    "Stratification1": "",
    "StratificationId1": "",
    "LocationDisplayOrder": ""
  },
  {
    "ID": "",
    "Description": "",
    "LocationAbbr": "",
    "LocationDesc": "",
    "DataSource": "",
    "Topic": "",
    "Data_Value": "",
    "Sample_Size": "",
    "Stratification1": "",
    "StratificationId1": "",
    "LocationDisplayOrder": ""
  },
  {
    "ID": "",
    "Description": "",
    "LocationAbbr": "",
    "LocationDesc": "",
    "DataSource": "",
    "Topic": "",
    "Data_Value": "",
    "Sample_Size": "",
    "Stratification1": "",
    "StratificationId1": "",
    "LocationDisplayOrder": ""
  },
  {
    "ID": "",
    "Description": "",
    "LocationAbbr": "",
    "LocationDesc": "",
    "DataSource": "",
    "Topic": "",
    "Data_Value": "",
    "Sample_Size": "",
    "Stratification1": "",
    "StratificationId1": "",
    "LocationDisplayOrder": ""
  },
  {
    "ID": "",
    "Description": "",
    "LocationAbbr": "",
    "LocationDesc": "",
    "DataSource": "",
    "Topic": "",
    "Data_Value": "",
    "Sample_Size": "",
    "Stratification1": "",
    "StratificationId1": "",
    "LocationDisplayOrder": ""
  },
  {
    "ID": "",
    "Description": "",
    "LocationAbbr": "",
    "LocationDesc": "",
    "DataSource": "",
    "Topic": "",
    "Data_Value": "",
    "Sample_Size": "",
    "Stratification1": "",
    "StratificationId1": "",
    "LocationDisplayOrder": ""
  },
  {
    "ID": "",
    "Description": "",
    "LocationAbbr": "",
    "LocationDesc": "",
    "DataSource": "",
    "Topic": "",
    "Data_Value": "",
    "Sample_Size": "",
    "Stratification1": "",
    "StratificationId1": "",
    "LocationDisplayOrder": ""
  },
  {
    "ID": "",
    "Description": "",
    "LocationAbbr": "",
    "LocationDesc": "",
    "DataSource": "",
    "Topic": "",
    "Data_Value": "",
    "Sample_Size": "",
    "Stratification1": "",
    "StratificationId1": "",
    "LocationDisplayOrder": ""
  },
  {
    "ID": "",
    "Description": "",
    "LocationAbbr": "",
    "LocationDesc": "",
    "DataSource": "",
    "Topic": "",
    "Data_Value": "",
    "Sample_Size": "",
    "Stratification1": "",
    "StratificationId1": "",
    "LocationDisplayOrder": ""
  }
]