[
  {
    "ID": 866,
    "Description": 2014,
    "LocationAbbr": "US",
    "LocationDesc": "National",
    "DataSource": "BRFSS",
    "Topic": "Obesity / Weight Status",
    "Data_Value": 32.2,
    "Sample_Size": "62,892",
    "Stratification1": "$15,000 - $24,999",
    "StratificationId1": "INC1525",
    "LocationDisplayOrder": 0
  },
  {
    "ID": 5078,
    "Description": 2014,
    "LocationAbbr": "AL",
    "LocationDesc": "Alabama",
    "DataSource": "BRFSS",
    "Topic": "Obesity / Weight Status",
    "Data_Value": 40.6,
    "Sample_Size": "1,406",
    "Stratification1": "$15,000 - $24,999",
    "StratificationId1": "INC1525",
    "LocationDisplayOrder": 1
  },
  {
    "ID": 13462,
    "Description": 2014,
    "LocationAbbr": "AK",
    "LocationDesc": "Alaska",
    "DataSource": "BRFSS",
    "Topic": "Obesity / Weight Status",
    "Data_Value": 29.6,
    "Sample_Size": 435,
    "Stratification1": "$15,000 - $24,999",
    "StratificationId1": "INC1525",
    "LocationDisplayOrder": 2
  },
  {
    "ID": 23375,
    "Description": 2014,
    "LocationAbbr": "AZ",
    "LocationDesc": "Arizona",
    "DataSource": "BRFSS",
    "Topic": "Obesity / Weight Status",
    "Data_Value": 34.6,
    "Sample_Size": "2,096",
    "Stratification1": "$15,000 - $24,999",
    "StratificationId1": "INC1525",
    "LocationDisplayOrder": 4
  },
  {
    "ID": 33329,
    "Description": 2014,
    "LocationAbbr": "AR",
    "LocationDesc": "Arkansas",
    "DataSource": "BRFSS",
    "Topic": "Obesity / Weight Status",
    "Data_Value": 36.5,
    "Sample_Size": 935,
    "Stratification1": "$15,000 - $24,999",
    "StratificationId1": "INC1525",
    "LocationDisplayOrder": 5
  },
  {
    "ID": 31948,
    "Description": 2014,
    "LocationAbbr": "CA",
    "LocationDesc": "California",
    "DataSource": "BRFSS",
    "Topic": "Obesity / Weight Status",
    "Data_Value": 27.4,
    "Sample_Size": 995,
    "Stratification1": "$15,000 - $24,999",
    "StratificationId1": "INC1525",
    "LocationDisplayOrder": 6
  },
  {
    "ID": 36521,
    "Description": 2014,
    "LocationAbbr": "CO",
    "LocationDesc": "Colorado",
    "DataSource": "BRFSS",
    "Topic": "Obesity / Weight Status",
    "Data_Value": 23.5,
    "Sample_Size": "1,544",
    "Stratification1": "$15,000 - $24,999",
    "StratificationId1": "INC1525",
    "LocationDisplayOrder": 8
  },
  {
    "ID": 15484,
    "Description": 2014,
    "LocationAbbr": "CT",
    "LocationDesc": "Connecticut",
    "DataSource": "BRFSS",
    "Topic": "Obesity / Weight Status",
    "Data_Value": 30.9,
    "Sample_Size": 791,
    "Stratification1": "$15,000 - $24,999",
    "StratificationId1": "INC1525",
    "LocationDisplayOrder": 9
  },
  {
    "ID": 33990,
    "Description": 2014,
    "LocationAbbr": "DE",
    "LocationDesc": "Delaware",
    "DataSource": "BRFSS",
    "Topic": "Obesity / Weight Status",
    "Data_Value": 33.8,
    "Sample_Size": 624,
    "Stratification1": "$15,000 - $24,999",
    "StratificationId1": "INC1525",
    "LocationDisplayOrder": 10
  },
  {
    "ID": 13695,
    "Description": 2014,
    "LocationAbbr": "DC",
    "LocationDesc": "District of Columbia",
    "DataSource": "BRFSS",
    "Topic": "Obesity / Weight Status",
    "Data_Value": 27.5,
    "Sample_Size": 406,
    "Stratification1": "$15,000 - $24,999",
    "StratificationId1": "INC1525",
    "LocationDisplayOrder": 11
  },
  {
    "ID": 34011,
    "Description": 2014,
    "LocationAbbr": "FL",
    "LocationDesc": "Florida",
    "DataSource": "BRFSS",
    "Topic": "Obesity / Weight Status",
    "Data_Value": 29.9,
    "Sample_Size": "1,508",
    "Stratification1": "$15,000 - $24,999",
    "StratificationId1": "INC1525",
    "LocationDisplayOrder": 12
  },
  {
    "ID": 16226,
    "Description": 2014,
    "LocationAbbr": "GA",
    "LocationDesc": "Georgia",
    "DataSource": "BRFSS",
    "Topic": "Obesity / Weight Status",
    "Data_Value": 32,
    "Sample_Size": 976,
    "Stratification1": "$15,000 - $24,999",
    "StratificationId1": "INC1525",
    "LocationDisplayOrder": 13
  },
  {
    "ID": 11723,
    "Description": 2014,
    "LocationAbbr": "HI",
    "LocationDesc": "Hawaii",
    "DataSource": "BRFSS",
    "Topic": "Obesity / Weight Status",
    "Data_Value": 23.9,
    "Sample_Size": 968,
    "Stratification1": "$15,000 - $24,999",
    "StratificationId1": "INC1525",
    "LocationDisplayOrder": 15
  },
  {
    "ID": 18716,
    "Description": 2014,
    "LocationAbbr": "ID",
    "LocationDesc": "Idaho",
    "DataSource": "BRFSS",
    "Topic": "Obesity / Weight Status",
    "Data_Value": 32,
    "Sample_Size": 892,
    "Stratification1": "$15,000 - $24,999",
    "StratificationId1": "INC1525",
    "LocationDisplayOrder": 16
  },
  {
    "ID": 26062,
    "Description": 2014,
    "LocationAbbr": "IL",
    "LocationDesc": "Illinois",
    "DataSource": "BRFSS",
    "Topic": "Obesity / Weight Status",
    "Data_Value": 32.6,
    "Sample_Size": 677,
    "Stratification1": "$15,000 - $24,999",
    "StratificationId1": "INC1525",
    "LocationDisplayOrder": 17
  },
  {
    "ID": 5025,
    "Description": 2014,
    "LocationAbbr": "IN",
    "LocationDesc": "Indiana",
    "DataSource": "BRFSS",
    "Topic": "Obesity / Weight Status",
    "Data_Value": 34.7,
    "Sample_Size": "1,753",
    "Stratification1": "$15,000 - $24,999",
    "StratificationId1": "INC1525",
    "LocationDisplayOrder": 18
  },
  {
    "ID": 20018,
    "Description": 2014,
    "LocationAbbr": "IA",
    "LocationDesc": "Iowa",
    "DataSource": "BRFSS",
    "Topic": "Obesity / Weight Status",
    "Data_Value": 35.2,
    "Sample_Size": "1,021",
    "Stratification1": "$15,000 - $24,999",
    "StratificationId1": "INC1525",
    "LocationDisplayOrder": 19
  },
  {
    "ID": 27374,
    "Description": 2014,
    "LocationAbbr": "KS",
    "LocationDesc": "Kansas",
    "DataSource": "BRFSS",
    "Topic": "Obesity / Weight Status",
    "Data_Value": 34,
    "Sample_Size": "1,779",
    "Stratification1": "$15,000 - $24,999",
    "StratificationId1": "INC1525",
    "LocationDisplayOrder": 20
  },
  {
    "ID": 19735,
    "Description": 2014,
    "LocationAbbr": "KY",
    "LocationDesc": "Kentucky",
    "DataSource": "BRFSS",
    "Topic": "Obesity / Weight Status",
    "Data_Value": 35.2,
    "Sample_Size": "1,797",
    "Stratification1": "$15,000 - $24,999",
    "StratificationId1": "INC1525",
    "LocationDisplayOrder": 21
  },
  {
    "ID": 5785,
    "Description": 2014,
    "LocationAbbr": "LA",
    "LocationDesc": "Louisiana",
    "DataSource": "BRFSS",
    "Topic": "Obesity / Weight Status",
    "Data_Value": 36.1,
    "Sample_Size": "1,111",
    "Stratification1": "$15,000 - $24,999",
    "StratificationId1": "INC1525",
    "LocationDisplayOrder": 22
  },
  {
    "ID": 29855,
    "Description": 2014,
    "LocationAbbr": "ME",
    "LocationDesc": "Maine",
    "DataSource": "BRFSS",
    "Topic": "Obesity / Weight Status",
    "Data_Value": 32.2,
    "Sample_Size": "1,475",
    "Stratification1": "$15,000 - $24,999",
    "StratificationId1": "INC1525",
    "LocationDisplayOrder": 23
  },
  {
    "ID": 25101,
    "Description": 2014,
    "LocationAbbr": "MD",
    "LocationDesc": "Maryland",
    "DataSource": "BRFSS",
    "Topic": "Obesity / Weight Status",
    "Data_Value": 35,
    "Sample_Size": "1,380",
    "Stratification1": "$15,000 - $24,999",
    "StratificationId1": "INC1525",
    "LocationDisplayOrder": 24
  },
  {
    "ID": 7159,
    "Description": 2014,
    "LocationAbbr": "MA",
    "LocationDesc": "Massachusetts",
    "DataSource": "BRFSS",
    "Topic": "Obesity / Weight Status",
    "Data_Value": 28.4,
    "Sample_Size": "2,046",
    "Stratification1": "$15,000 - $24,999",
    "StratificationId1": "INC1525",
    "LocationDisplayOrder": 25
  },
  {
    "ID": 14808,
    "Description": 2014,
    "LocationAbbr": "MI",
    "LocationDesc": "Michigan",
    "DataSource": "BRFSS",
    "Topic": "Obesity / Weight Status",
    "Data_Value": 34.6,
    "Sample_Size": "1,096",
    "Stratification1": "$15,000 - $24,999",
    "StratificationId1": "INC1525",
    "LocationDisplayOrder": 26
  },
  {
    "ID": 3195,
    "Description": 2014,
    "LocationAbbr": "MN",
    "LocationDesc": "Minnesota",
    "DataSource": "BRFSS",
    "Topic": "Obesity / Weight Status",
    "Data_Value": 31.1,
    "Sample_Size": "1,858",
    "Stratification1": "$15,000 - $24,999",
    "StratificationId1": "INC1525",
    "LocationDisplayOrder": 27
  },
  {
    "ID": 24640,
    "Description": 2014,
    "LocationAbbr": "MS",
    "LocationDesc": "Mississippi",
    "DataSource": "BRFSS",
    "Topic": "Obesity / Weight Status",
    "Data_Value": 39.5,
    "Sample_Size": 775,
    "Stratification1": "$15,000 - $24,999",
    "StratificationId1": "INC1525",
    "LocationDisplayOrder": 28
  },
  {
    "ID": 20500,
    "Description": 2014,
    "LocationAbbr": "MO",
    "LocationDesc": "Missouri",
    "DataSource": "BRFSS",
    "Topic": "Obesity / Weight Status",
    "Data_Value": 32.5,
    "Sample_Size": "1,119",
    "Stratification1": "$15,000 - $24,999",
    "StratificationId1": "INC1525",
    "LocationDisplayOrder": 29
  },
  {
    "ID": 17245,
    "Description": 2014,
    "LocationAbbr": "MT",
    "LocationDesc": "Montana",
    "DataSource": "BRFSS",
    "Topic": "Obesity / Weight Status",
    "Data_Value": 30.3,
    "Sample_Size": "1,258",
    "Stratification1": "$15,000 - $24,999",
    "StratificationId1": "INC1525",
    "LocationDisplayOrder": 30
  },
  {
    "ID": 3155,
    "Description": 2014,
    "LocationAbbr": "NE",
    "LocationDesc": "Nebraska",
    "DataSource": "BRFSS",
    "Topic": "Obesity / Weight Status",
    "Data_Value": 31.9,
    "Sample_Size": "3,277",
    "Stratification1": "$15,000 - $24,999",
    "StratificationId1": "INC1525",
    "LocationDisplayOrder": 31
  },
  {
    "ID": 16209,
    "Description": 2014,
    "LocationAbbr": "NV",
    "LocationDesc": "Nevada",
    "DataSource": "BRFSS",
    "Topic": "Obesity / Weight Status",
    "Data_Value": 27.5,
    "Sample_Size": 545,
    "Stratification1": "$15,000 - $24,999",
    "StratificationId1": "INC1525",
    "LocationDisplayOrder": 32
  },
  {
    "ID": 28358,
    "Description": 2014,
    "LocationAbbr": "NH",
    "LocationDesc": "New Hampshire",
    "DataSource": "BRFSS",
    "Topic": "Obesity / Weight Status",
    "Data_Value": 32.6,
    "Sample_Size": 722,
    "Stratification1": "$15,000 - $24,999",
    "StratificationId1": "INC1525",
    "LocationDisplayOrder": 33
  },
  {
    "ID": 30150,
    "Description": 2014,
    "LocationAbbr": "NJ",
    "LocationDesc": "New Jersey",
    "DataSource": "BRFSS",
    "Topic": "Obesity / Weight Status",
    "Data_Value": 27.6,
    "Sample_Size": "1,623",
    "Stratification1": "$15,000 - $24,999",
    "StratificationId1": "INC1525",
    "LocationDisplayOrder": 34
  },
  {
    "ID": 4663,
    "Description": 2014,
    "LocationAbbr": "NM",
    "LocationDesc": "New Mexico",
    "DataSource": "BRFSS",
    "Topic": "Obesity / Weight Status",
    "Data_Value": 30.5,
    "Sample_Size": "1,549",
    "Stratification1": "$15,000 - $24,999",
    "StratificationId1": "INC1525",
    "LocationDisplayOrder": 35
  },
  {
    "ID": 15070,
    "Description": 2014,
    "LocationAbbr": "NY",
    "LocationDesc": "New York",
    "DataSource": "BRFSS",
    "Topic": "Obesity / Weight Status",
    "Data_Value": 28.9,
    "Sample_Size": 951,
    "Stratification1": "$15,000 - $24,999",
    "StratificationId1": "INC1525",
    "LocationDisplayOrder": 36
  },
  {
    "ID": 2586,
    "Description": 2014,
    "LocationAbbr": "NC",
    "LocationDesc": "North Carolina",
    "DataSource": "BRFSS",
    "Topic": "Obesity / Weight Status",
    "Data_Value": 33.8,
    "Sample_Size": "1,095",
    "Stratification1": "$15,000 - $24,999",
    "StratificationId1": "INC1525",
    "LocationDisplayOrder": 37
  },
  {
    "ID": 1920,
    "Description": 2014,
    "LocationAbbr": "ND",
    "LocationDesc": "North Dakota",
    "DataSource": "BRFSS",
    "Topic": "Obesity / Weight Status",
    "Data_Value": 34.3,
    "Sample_Size": 849,
    "Stratification1": "$15,000 - $24,999",
    "StratificationId1": "INC1525",
    "LocationDisplayOrder": 38
  },
  {
    "ID": 6039,
    "Description": 2014,
    "LocationAbbr": "OH",
    "LocationDesc": "Ohio",
    "DataSource": "BRFSS",
    "Topic": "Obesity / Weight Status",
    "Data_Value": 34.7,
    "Sample_Size": "1,723",
    "Stratification1": "$15,000 - $24,999",
    "StratificationId1": "INC1525",
    "LocationDisplayOrder": 39
  },
  {
    "ID": 17312,
    "Description": 2014,
    "LocationAbbr": "OK",
    "LocationDesc": "Oklahoma",
    "DataSource": "BRFSS",
    "Topic": "Obesity / Weight Status",
    "Data_Value": 35.5,
    "Sample_Size": "1,339",
    "Stratification1": "$15,000 - $24,999",
    "StratificationId1": "INC1525",
    "LocationDisplayOrder": 40
  },
  {
    "ID": 38927,
    "Description": 2014,
    "LocationAbbr": "OR",
    "LocationDesc": "Oregon",
    "DataSource": "BRFSS",
    "Topic": "Obesity / Weight Status",
    "Data_Value": 31.2,
    "Sample_Size": 765,
    "Stratification1": "$15,000 - $24,999",
    "StratificationId1": "INC1525",
    "LocationDisplayOrder": 41
  },
  {
    "ID": 24796,
    "Description": 2014,
    "LocationAbbr": "PA",
    "LocationDesc": "Pennsylvania",
    "DataSource": "BRFSS",
    "Topic": "Obesity / Weight Status",
    "Data_Value": 35,
    "Sample_Size": "1,653",
    "Stratification1": "$15,000 - $24,999",
    "StratificationId1": "INC1525",
    "LocationDisplayOrder": 42
  },
  {
    "ID": 13352,
    "Description": 2014,
    "LocationAbbr": "RI",
    "LocationDesc": "Rhode Island",
    "DataSource": "BRFSS",
    "Topic": "Obesity / Weight Status",
    "Data_Value": 34.6,
    "Sample_Size": 764,
    "Stratification1": "$15,000 - $24,999",
    "StratificationId1": "INC1525",
    "LocationDisplayOrder": 44
  },
  {
    "ID": 11908,
    "Description": 2014,
    "LocationAbbr": "SC",
    "LocationDesc": "South Carolina",
    "DataSource": "BRFSS",
    "Topic": "Obesity / Weight Status",
    "Data_Value": 35.6,
    "Sample_Size": "1,764",
    "Stratification1": "$15,000 - $24,999",
    "StratificationId1": "INC1525",
    "LocationDisplayOrder": 45
  },
  {
    "ID": 5401,
    "Description": 2014,
    "LocationAbbr": "SD",
    "LocationDesc": "South Dakota",
    "DataSource": "BRFSS",
    "Topic": "Obesity / Weight Status",
    "Data_Value": 34.6,
    "Sample_Size": 908,
    "Stratification1": "$15,000 - $24,999",
    "StratificationId1": "INC1525",
    "LocationDisplayOrder": 46
  },
  {
    "ID": 25222,
    "Description": 2014,
    "LocationAbbr": "TN",
    "LocationDesc": "Tennessee",
    "DataSource": "BRFSS",
    "Topic": "Obesity / Weight Status",
    "Data_Value": 32.4,
    "Sample_Size": 836,
    "Stratification1": "$15,000 - $24,999",
    "StratificationId1": "INC1525",
    "LocationDisplayOrder": 47
  },
  {
    "ID": 32907,
    "Description": 2014,
    "LocationAbbr": "TX",
    "LocationDesc": "Texas",
    "DataSource": "BRFSS",
    "Topic": "Obesity / Weight Status",
    "Data_Value": 35.5,
    "Sample_Size": "2,143",
    "Stratification1": "$15,000 - $24,999",
    "StratificationId1": "INC1525",
    "LocationDisplayOrder": 48
  },
  {
    "ID": 21974,
    "Description": 2014,
    "LocationAbbr": "UT",
    "LocationDesc": "Utah",
    "DataSource": "BRFSS",
    "Topic": "Obesity / Weight Status",
    "Data_Value": 27.7,
    "Sample_Size": "1,629",
    "Stratification1": "$15,000 - $24,999",
    "StratificationId1": "INC1525",
    "LocationDisplayOrder": 49
  },
  {
    "ID": 13769,
    "Description": 2014,
    "LocationAbbr": "VT",
    "LocationDesc": "Vermont",
    "DataSource": "BRFSS",
    "Topic": "Obesity / Weight Status",
    "Data_Value": 33.1,
    "Sample_Size": 814,
    "Stratification1": "$15,000 - $24,999",
    "StratificationId1": "INC1525",
    "LocationDisplayOrder": 50
  },
  {
    "ID": 36207,
    "Description": 2014,
    "LocationAbbr": "VA",
    "LocationDesc": "Virginia",
    "DataSource": "BRFSS",
    "Topic": "Obesity / Weight Status",
    "Data_Value": 32.8,
    "Sample_Size": "1,232",
    "Stratification1": "$15,000 - $24,999",
    "StratificationId1": "INC1525",
    "LocationDisplayOrder": 51
  },
  {
    "ID": 36842,
    "Description": 2014,
    "LocationAbbr": "WA",
    "LocationDesc": "Washington",
    "DataSource": "BRFSS",
    "Topic": "Obesity / Weight Status",
    "Data_Value": 30.1,
    "Sample_Size": "1,130",
    "Stratification1": "$15,000 - $24,999",
    "StratificationId1": "INC1525",
    "LocationDisplayOrder": 53
  },
  {
    "ID": 33904,
    "Description": 2014,
    "LocationAbbr": "WV",
    "LocationDesc": "West Virginia",
    "DataSource": "BRFSS",
    "Topic": "Obesity / Weight Status",
    "Data_Value": 39.6,
    "Sample_Size": 998,
    "Stratification1": "$15,000 - $24,999",
    "StratificationId1": "INC1525",
    "LocationDisplayOrder": 54
  },
  {
    "ID": 11377,
    "Description": 2014,
    "LocationAbbr": "WI",
    "LocationDesc": "Wisconsin",
    "DataSource": "BRFSS",
    "Topic": "Obesity / Weight Status",
    "Data_Value": 32.7,
    "Sample_Size": "1,005",
    "Stratification1": "$15,000 - $24,999",
    "StratificationId1": "INC1525",
    "LocationDisplayOrder": 55
  },
  {
    "ID": 13894,
    "Description": 2014,
    "LocationAbbr": "WY",
    "LocationDesc": "Wyoming",
    "DataSource": "BRFSS",
    "Topic": "Obesity / Weight Status",
    "Data_Value": 31.5,
    "Sample_Size": 857,
    "Stratification1": "$15,000 - $24,999",
    "StratificationId1": "INC1525",
    "LocationDisplayOrder": 56
  },
  {
    "ID": 1559,
    "Description": 2014,
    "LocationAbbr": "GU",
    "LocationDesc": "Guam",
    "DataSource": "BRFSS",
    "Topic": "Obesity / Weight Status",
    "Data_Value": 28.5,
    "Sample_Size": 421,
    "Stratification1": "$15,000 - $24,999",
    "StratificationId1": "INC1525",
    "LocationDisplayOrder": 66
  },
  {
    "ID": 265,
    "Description": 2014,
    "LocationAbbr": "PR",
    "LocationDesc": "Puerto Rico",
    "DataSource": "BRFSS",
    "Topic": "Obesity / Weight Status",
    "Data_Value": 30.7,
    "Sample_Size": "1,307",
    "Stratification1": "$15,000 - $24,999",
    "StratificationId1": "INC1525",
    "LocationDisplayOrder": 72
  },
  {
    "ID": "",
    "Description": "",
    "LocationAbbr": "",
    "LocationDesc": "",
    "DataSource": "",
    "Topic": "",
    "Data_Value": "",
    "Sample_Size": "",
    "Stratification1": "",
    "StratificationId1": "",
    "LocationDisplayOrder": ""
  },
  {
    "ID": "",
    "Description": "",
    "LocationAbbr": "",
    "LocationDesc": "",
    "DataSource": "",
    "Topic": "",
    "Data_Value": "",
    "Sample_Size": "",
    "Stratification1": "",
    "StratificationId1": "",
    "LocationDisplayOrder": ""
  },
  {
    "ID": "",
    "Description": "",
    "LocationAbbr": "",
    "LocationDesc": "",
    "DataSource": "",
    "Topic": "",
    "Data_Value": "",
    "Sample_Size": "",
    "Stratification1": "",
    "StratificationId1": "",
    "LocationDisplayOrder": ""
  },
  {
    "ID": "",
    "Description": "",
    "LocationAbbr": "",
    "LocationDesc": "",
    "DataSource": "",
    "Topic": "",
    "Data_Value": "",
    "Sample_Size": "",
    "Stratification1": "",
    "StratificationId1": "",
    "LocationDisplayOrder": ""
  },
  {
    "ID": "",
    "Description": "",
    "LocationAbbr": "",
    "LocationDesc": "",
    "DataSource": "",
    "Topic": "",
    "Data_Value": "",
    "Sample_Size": "",
    "Stratification1": "",
    "StratificationId1": "",
    "LocationDisplayOrder": ""
  },
  {
    "ID": "",
    "Description": "",
    "LocationAbbr": "",
    "LocationDesc": "",
    "DataSource": "",
    "Topic": "",
    "Data_Value": "",
    "Sample_Size": "",
    "Stratification1": "",
    "StratificationId1": "",
    "LocationDisplayOrder": ""
  },
  {
    "ID": "",
    "Description": "",
    "LocationAbbr": "",
    "LocationDesc": "",
    "DataSource": "",
    "Topic": "",
    "Data_Value": "",
    "Sample_Size": "",
    "Stratification1": "",
    "StratificationId1": "",
    "LocationDisplayOrder": ""
  },
  {
    "ID": "",
    "Description": "",
    "LocationAbbr": "",
    "LocationDesc": "",
    "DataSource": "",
    "Topic": "",
    "Data_Value": "",
    "Sample_Size": "",
    "Stratification1": "",
    "StratificationId1": "",
    "LocationDisplayOrder": ""
  },
  {
    "ID": "",
    "Description": "",
    "LocationAbbr": "",
    "LocationDesc": "",
    "DataSource": "",
    "Topic": "",
    "Data_Value": "",
    "Sample_Size": "",
    "Stratification1": "",
    "StratificationId1": "",
    "LocationDisplayOrder": ""
  }
]