[
  {
    "ID": 1936,
    "Description": 2014,
    "LocationAbbr": "US",
    "LocationDesc": "National",
    "DataSource": "BRFSS",
    "Topic": "Obesity / Weight Status",
    "Data_Value": 25.1,
    "Sample_Size": "112,498",
    "Stratification1": "$75,000 or greater",
    "StratificationId1": "INC75PLUS",
    "LocationDisplayOrder": 0
  },
  {
    "ID": 15020,
    "Description": 2014,
    "LocationAbbr": "AL",
    "LocationDesc": "Alabama",
    "DataSource": "BRFSS",
    "Topic": "Obesity / Weight Status",
    "Data_Value": 31,
    "Sample_Size": "1,425",
    "Stratification1": "$75,000 or greater",
    "StratificationId1": "INC75PLUS",
    "LocationDisplayOrder": 1
  },
  {
    "ID": 23881,
    "Description": 2014,
    "LocationAbbr": "AK",
    "LocationDesc": "Alaska",
    "DataSource": "BRFSS",
    "Topic": "Obesity / Weight Status",
    "Data_Value": 29.3,
    "Sample_Size": "1,587",
    "Stratification1": "$75,000 or greater",
    "StratificationId1": "INC75PLUS",
    "LocationDisplayOrder": 2
  },
  {
    "ID": 35703,
    "Description": 2014,
    "LocationAbbr": "AZ",
    "LocationDesc": "Arizona",
    "DataSource": "BRFSS",
    "Topic": "Obesity / Weight Status",
    "Data_Value": 26.5,
    "Sample_Size": "3,258",
    "Stratification1": "$75,000 or greater",
    "StratificationId1": "INC75PLUS",
    "LocationDisplayOrder": 4
  },
  {
    "ID": 17462,
    "Description": 2014,
    "LocationAbbr": "AR",
    "LocationDesc": "Arkansas",
    "DataSource": "BRFSS",
    "Topic": "Obesity / Weight Status",
    "Data_Value": 33.6,
    "Sample_Size": 765,
    "Stratification1": "$75,000 or greater",
    "StratificationId1": "INC75PLUS",
    "LocationDisplayOrder": 5
  },
  {
    "ID": 15061,
    "Description": 2014,
    "LocationAbbr": "CA",
    "LocationDesc": "California",
    "DataSource": "BRFSS",
    "Topic": "Obesity / Weight Status",
    "Data_Value": 22.3,
    "Sample_Size": "2,551",
    "Stratification1": "$75,000 or greater",
    "StratificationId1": "INC75PLUS",
    "LocationDisplayOrder": 6
  },
  {
    "ID": 17368,
    "Description": 2014,
    "LocationAbbr": "CO",
    "LocationDesc": "Colorado",
    "DataSource": "BRFSS",
    "Topic": "Obesity / Weight Status",
    "Data_Value": 18.8,
    "Sample_Size": "4,066",
    "Stratification1": "$75,000 or greater",
    "StratificationId1": "INC75PLUS",
    "LocationDisplayOrder": 8
  },
  {
    "ID": 37006,
    "Description": 2014,
    "LocationAbbr": "CT",
    "LocationDesc": "Connecticut",
    "DataSource": "BRFSS",
    "Topic": "Obesity / Weight Status",
    "Data_Value": 23.9,
    "Sample_Size": "2,666",
    "Stratification1": "$75,000 or greater",
    "StratificationId1": "INC75PLUS",
    "LocationDisplayOrder": 9
  },
  {
    "ID": 37718,
    "Description": 2014,
    "LocationAbbr": "DE",
    "LocationDesc": "Delaware",
    "DataSource": "BRFSS",
    "Topic": "Obesity / Weight Status",
    "Data_Value": 24.9,
    "Sample_Size": "1,052",
    "Stratification1": "$75,000 or greater",
    "StratificationId1": "INC75PLUS",
    "LocationDisplayOrder": 10
  },
  {
    "ID": 33295,
    "Description": 2014,
    "LocationAbbr": "DC",
    "LocationDesc": "District of Columbia",
    "DataSource": "BRFSS",
    "Topic": "Obesity / Weight Status",
    "Data_Value": 12.1,
    "Sample_Size": "1,537",
    "Stratification1": "$75,000 or greater",
    "StratificationId1": "INC75PLUS",
    "LocationDisplayOrder": 11
  },
  {
    "ID": 29762,
    "Description": 2014,
    "LocationAbbr": "FL",
    "LocationDesc": "Florida",
    "DataSource": "BRFSS",
    "Topic": "Obesity / Weight Status",
    "Data_Value": 23.5,
    "Sample_Size": "2,174",
    "Stratification1": "$75,000 or greater",
    "StratificationId1": "INC75PLUS",
    "LocationDisplayOrder": 12
  },
  {
    "ID": 17869,
    "Description": 2014,
    "LocationAbbr": "GA",
    "LocationDesc": "Georgia",
    "DataSource": "BRFSS",
    "Topic": "Obesity / Weight Status",
    "Data_Value": 24.1,
    "Sample_Size": "1,430",
    "Stratification1": "$75,000 or greater",
    "StratificationId1": "INC75PLUS",
    "LocationDisplayOrder": 13
  },
  {
    "ID": 4465,
    "Description": 2014,
    "LocationAbbr": "HI",
    "LocationDesc": "Hawaii",
    "DataSource": "BRFSS",
    "Topic": "Obesity / Weight Status",
    "Data_Value": 21.4,
    "Sample_Size": "1,867",
    "Stratification1": "$75,000 or greater",
    "StratificationId1": "INC75PLUS",
    "LocationDisplayOrder": 15
  },
  {
    "ID": 18501,
    "Description": 2014,
    "LocationAbbr": "ID",
    "LocationDesc": "Idaho",
    "DataSource": "BRFSS",
    "Topic": "Obesity / Weight Status",
    "Data_Value": 25.8,
    "Sample_Size": "1,058",
    "Stratification1": "$75,000 or greater",
    "StratificationId1": "INC75PLUS",
    "LocationDisplayOrder": 16
  },
  {
    "ID": 34653,
    "Description": 2014,
    "LocationAbbr": "IL",
    "LocationDesc": "Illinois",
    "DataSource": "BRFSS",
    "Topic": "Obesity / Weight Status",
    "Data_Value": 25.9,
    "Sample_Size": "1,645",
    "Stratification1": "$75,000 or greater",
    "StratificationId1": "INC75PLUS",
    "LocationDisplayOrder": 17
  },
  {
    "ID": 3713,
    "Description": 2014,
    "LocationAbbr": "IN",
    "LocationDesc": "Indiana",
    "DataSource": "BRFSS",
    "Topic": "Obesity / Weight Status",
    "Data_Value": 30.6,
    "Sample_Size": "2,448",
    "Stratification1": "$75,000 or greater",
    "StratificationId1": "INC75PLUS",
    "LocationDisplayOrder": 18
  },
  {
    "ID": 38713,
    "Description": 2014,
    "LocationAbbr": "IA",
    "LocationDesc": "Iowa",
    "DataSource": "BRFSS",
    "Topic": "Obesity / Weight Status",
    "Data_Value": 28.9,
    "Sample_Size": "1,978",
    "Stratification1": "$75,000 or greater",
    "StratificationId1": "INC75PLUS",
    "LocationDisplayOrder": 19
  },
  {
    "ID": 34950,
    "Description": 2014,
    "LocationAbbr": "KS",
    "LocationDesc": "Kansas",
    "DataSource": "BRFSS",
    "Topic": "Obesity / Weight Status",
    "Data_Value": 27.7,
    "Sample_Size": "3,230",
    "Stratification1": "$75,000 or greater",
    "StratificationId1": "INC75PLUS",
    "LocationDisplayOrder": 20
  },
  {
    "ID": 6697,
    "Description": 2014,
    "LocationAbbr": "KY",
    "LocationDesc": "Kentucky",
    "DataSource": "BRFSS",
    "Topic": "Obesity / Weight Status",
    "Data_Value": 28.1,
    "Sample_Size": "1,852",
    "Stratification1": "$75,000 or greater",
    "StratificationId1": "INC75PLUS",
    "LocationDisplayOrder": 21
  },
  {
    "ID": 20419,
    "Description": 2014,
    "LocationAbbr": "LA",
    "LocationDesc": "Louisiana",
    "DataSource": "BRFSS",
    "Topic": "Obesity / Weight Status",
    "Data_Value": 33.7,
    "Sample_Size": "1,459",
    "Stratification1": "$75,000 or greater",
    "StratificationId1": "INC75PLUS",
    "LocationDisplayOrder": 22
  },
  {
    "ID": 15657,
    "Description": 2014,
    "LocationAbbr": "ME",
    "LocationDesc": "Maine",
    "DataSource": "BRFSS",
    "Topic": "Obesity / Weight Status",
    "Data_Value": 23.7,
    "Sample_Size": "2,048",
    "Stratification1": "$75,000 or greater",
    "StratificationId1": "INC75PLUS",
    "LocationDisplayOrder": 23
  },
  {
    "ID": 26798,
    "Description": 2014,
    "LocationAbbr": "MD",
    "LocationDesc": "Maryland",
    "DataSource": "BRFSS",
    "Topic": "Obesity / Weight Status",
    "Data_Value": 26.9,
    "Sample_Size": "4,427",
    "Stratification1": "$75,000 or greater",
    "StratificationId1": "INC75PLUS",
    "LocationDisplayOrder": 24
  },
  {
    "ID": 28497,
    "Description": 2014,
    "LocationAbbr": "MA",
    "LocationDesc": "Massachusetts",
    "DataSource": "BRFSS",
    "Topic": "Obesity / Weight Status",
    "Data_Value": 19.5,
    "Sample_Size": "4,587",
    "Stratification1": "$75,000 or greater",
    "StratificationId1": "INC75PLUS",
    "LocationDisplayOrder": 25
  },
  {
    "ID": 39301,
    "Description": 2014,
    "LocationAbbr": "MI",
    "LocationDesc": "Michigan",
    "DataSource": "BRFSS",
    "Topic": "Obesity / Weight Status",
    "Data_Value": 27.5,
    "Sample_Size": "2,107",
    "Stratification1": "$75,000 or greater",
    "StratificationId1": "INC75PLUS",
    "LocationDisplayOrder": 26
  },
  {
    "ID": 16742,
    "Description": 2014,
    "LocationAbbr": "MN",
    "LocationDesc": "Minnesota",
    "DataSource": "BRFSS",
    "Topic": "Obesity / Weight Status",
    "Data_Value": 24.5,
    "Sample_Size": "4,911",
    "Stratification1": "$75,000 or greater",
    "StratificationId1": "INC75PLUS",
    "LocationDisplayOrder": 27
  },
  {
    "ID": 35671,
    "Description": 2014,
    "LocationAbbr": "MS",
    "LocationDesc": "Mississippi",
    "DataSource": "BRFSS",
    "Topic": "Obesity / Weight Status",
    "Data_Value": 30.1,
    "Sample_Size": 621,
    "Stratification1": "$75,000 or greater",
    "StratificationId1": "INC75PLUS",
    "LocationDisplayOrder": 28
  },
  {
    "ID": 30359,
    "Description": 2014,
    "LocationAbbr": "MO",
    "LocationDesc": "Missouri",
    "DataSource": "BRFSS",
    "Topic": "Obesity / Weight Status",
    "Data_Value": 26.1,
    "Sample_Size": "1,314",
    "Stratification1": "$75,000 or greater",
    "StratificationId1": "INC75PLUS",
    "LocationDisplayOrder": 29
  },
  {
    "ID": 6312,
    "Description": 2014,
    "LocationAbbr": "MT",
    "LocationDesc": "Montana",
    "DataSource": "BRFSS",
    "Topic": "Obesity / Weight Status",
    "Data_Value": 24.1,
    "Sample_Size": "1,456",
    "Stratification1": "$75,000 or greater",
    "StratificationId1": "INC75PLUS",
    "LocationDisplayOrder": 30
  },
  {
    "ID": 4652,
    "Description": 2014,
    "LocationAbbr": "NE",
    "LocationDesc": "Nebraska",
    "DataSource": "BRFSS",
    "Topic": "Obesity / Weight Status",
    "Data_Value": 28.1,
    "Sample_Size": "4,879",
    "Stratification1": "$75,000 or greater",
    "StratificationId1": "INC75PLUS",
    "LocationDisplayOrder": 31
  },
  {
    "ID": 25314,
    "Description": 2014,
    "LocationAbbr": "NV",
    "LocationDesc": "Nevada",
    "DataSource": "BRFSS",
    "Topic": "Obesity / Weight Status",
    "Data_Value": 22.6,
    "Sample_Size": 946,
    "Stratification1": "$75,000 or greater",
    "StratificationId1": "INC75PLUS",
    "LocationDisplayOrder": 32
  },
  {
    "ID": 20029,
    "Description": 2014,
    "LocationAbbr": "NH",
    "LocationDesc": "New Hampshire",
    "DataSource": "BRFSS",
    "Topic": "Obesity / Weight Status",
    "Data_Value": 23.5,
    "Sample_Size": "1,672",
    "Stratification1": "$75,000 or greater",
    "StratificationId1": "INC75PLUS",
    "LocationDisplayOrder": 33
  },
  {
    "ID": 36467,
    "Description": 2014,
    "LocationAbbr": "NJ",
    "LocationDesc": "New Jersey",
    "DataSource": "BRFSS",
    "Topic": "Obesity / Weight Status",
    "Data_Value": 24.2,
    "Sample_Size": "4,148",
    "Stratification1": "$75,000 or greater",
    "StratificationId1": "INC75PLUS",
    "LocationDisplayOrder": 34
  },
  {
    "ID": 5823,
    "Description": 2014,
    "LocationAbbr": "NM",
    "LocationDesc": "New Mexico",
    "DataSource": "BRFSS",
    "Topic": "Obesity / Weight Status",
    "Data_Value": 24.2,
    "Sample_Size": "1,745",
    "Stratification1": "$75,000 or greater",
    "StratificationId1": "INC75PLUS",
    "LocationDisplayOrder": 35
  },
  {
    "ID": 32816,
    "Description": 2014,
    "LocationAbbr": "NY",
    "LocationDesc": "New York",
    "DataSource": "BRFSS",
    "Topic": "Obesity / Weight Status",
    "Data_Value": 22.3,
    "Sample_Size": "1,893",
    "Stratification1": "$75,000 or greater",
    "StratificationId1": "INC75PLUS",
    "LocationDisplayOrder": 36
  },
  {
    "ID": 14417,
    "Description": 2014,
    "LocationAbbr": "NC",
    "LocationDesc": "North Carolina",
    "DataSource": "BRFSS",
    "Topic": "Obesity / Weight Status",
    "Data_Value": 24,
    "Sample_Size": "1,401",
    "Stratification1": "$75,000 or greater",
    "StratificationId1": "INC75PLUS",
    "LocationDisplayOrder": 37
  },
  {
    "ID": 18345,
    "Description": 2014,
    "LocationAbbr": "ND",
    "LocationDesc": "North Dakota",
    "DataSource": "BRFSS",
    "Topic": "Obesity / Weight Status",
    "Data_Value": 29.8,
    "Sample_Size": "2,408",
    "Stratification1": "$75,000 or greater",
    "StratificationId1": "INC75PLUS",
    "LocationDisplayOrder": 38
  },
  {
    "ID": 35815,
    "Description": 2014,
    "LocationAbbr": "OH",
    "LocationDesc": "Ohio",
    "DataSource": "BRFSS",
    "Topic": "Obesity / Weight Status",
    "Data_Value": 28.4,
    "Sample_Size": "2,271",
    "Stratification1": "$75,000 or greater",
    "StratificationId1": "INC75PLUS",
    "LocationDisplayOrder": 39
  },
  {
    "ID": 35831,
    "Description": 2014,
    "LocationAbbr": "OK",
    "LocationDesc": "Oklahoma",
    "DataSource": "BRFSS",
    "Topic": "Obesity / Weight Status",
    "Data_Value": 30.8,
    "Sample_Size": "1,769",
    "Stratification1": "$75,000 or greater",
    "StratificationId1": "INC75PLUS",
    "LocationDisplayOrder": 40
  },
  {
    "ID": 17925,
    "Description": 2014,
    "LocationAbbr": "OR",
    "LocationDesc": "Oregon",
    "DataSource": "BRFSS",
    "Topic": "Obesity / Weight Status",
    "Data_Value": 25.3,
    "Sample_Size": "1,198",
    "Stratification1": "$75,000 or greater",
    "StratificationId1": "INC75PLUS",
    "LocationDisplayOrder": 41
  },
  {
    "ID": 21860,
    "Description": 2014,
    "LocationAbbr": "PA",
    "LocationDesc": "Pennsylvania",
    "DataSource": "BRFSS",
    "Topic": "Obesity / Weight Status",
    "Data_Value": 24.4,
    "Sample_Size": "2,475",
    "Stratification1": "$75,000 or greater",
    "StratificationId1": "INC75PLUS",
    "LocationDisplayOrder": 42
  },
  {
    "ID": 3513,
    "Description": 2014,
    "LocationAbbr": "RI",
    "LocationDesc": "Rhode Island",
    "DataSource": "BRFSS",
    "Topic": "Obesity / Weight Status",
    "Data_Value": 20.5,
    "Sample_Size": "1,762",
    "Stratification1": "$75,000 or greater",
    "StratificationId1": "INC75PLUS",
    "LocationDisplayOrder": 44
  },
  {
    "ID": 28859,
    "Description": 2014,
    "LocationAbbr": "SC",
    "LocationDesc": "South Carolina",
    "DataSource": "BRFSS",
    "Topic": "Obesity / Weight Status",
    "Data_Value": 29.3,
    "Sample_Size": "2,154",
    "Stratification1": "$75,000 or greater",
    "StratificationId1": "INC75PLUS",
    "LocationDisplayOrder": 45
  },
  {
    "ID": 12844,
    "Description": 2014,
    "LocationAbbr": "SD",
    "LocationDesc": "South Dakota",
    "DataSource": "BRFSS",
    "Topic": "Obesity / Weight Status",
    "Data_Value": 29.8,
    "Sample_Size": "1,630",
    "Stratification1": "$75,000 or greater",
    "StratificationId1": "INC75PLUS",
    "LocationDisplayOrder": 46
  },
  {
    "ID": 1628,
    "Description": 2014,
    "LocationAbbr": "TN",
    "LocationDesc": "Tennessee",
    "DataSource": "BRFSS",
    "Topic": "Obesity / Weight Status",
    "Data_Value": 26.6,
    "Sample_Size": 810,
    "Stratification1": "$75,000 or greater",
    "StratificationId1": "INC75PLUS",
    "LocationDisplayOrder": 47
  },
  {
    "ID": 24675,
    "Description": 2014,
    "LocationAbbr": "TX",
    "LocationDesc": "Texas",
    "DataSource": "BRFSS",
    "Topic": "Obesity / Weight Status",
    "Data_Value": 26.6,
    "Sample_Size": "3,659",
    "Stratification1": "$75,000 or greater",
    "StratificationId1": "INC75PLUS",
    "LocationDisplayOrder": 48
  },
  {
    "ID": 18776,
    "Description": 2014,
    "LocationAbbr": "UT",
    "LocationDesc": "Utah",
    "DataSource": "BRFSS",
    "Topic": "Obesity / Weight Status",
    "Data_Value": 22.4,
    "Sample_Size": "4,402",
    "Stratification1": "$75,000 or greater",
    "StratificationId1": "INC75PLUS",
    "LocationDisplayOrder": 49
  },
  {
    "ID": 22293,
    "Description": 2014,
    "LocationAbbr": "VT",
    "LocationDesc": "Vermont",
    "DataSource": "BRFSS",
    "Topic": "Obesity / Weight Status",
    "Data_Value": 18.3,
    "Sample_Size": "1,695",
    "Stratification1": "$75,000 or greater",
    "StratificationId1": "INC75PLUS",
    "LocationDisplayOrder": 50
  },
  {
    "ID": 30264,
    "Description": 2014,
    "LocationAbbr": "VA",
    "LocationDesc": "Virginia",
    "DataSource": "BRFSS",
    "Topic": "Obesity / Weight Status",
    "Data_Value": 25.4,
    "Sample_Size": "2,860",
    "Stratification1": "$75,000 or greater",
    "StratificationId1": "INC75PLUS",
    "LocationDisplayOrder": 51
  },
  {
    "ID": 17662,
    "Description": 2014,
    "LocationAbbr": "WA",
    "LocationDesc": "Washington",
    "DataSource": "BRFSS",
    "Topic": "Obesity / Weight Status",
    "Data_Value": 25.6,
    "Sample_Size": "2,976",
    "Stratification1": "$75,000 or greater",
    "StratificationId1": "INC75PLUS",
    "LocationDisplayOrder": 53
  },
  {
    "ID": 38558,
    "Description": 2014,
    "LocationAbbr": "WV",
    "LocationDesc": "West Virginia",
    "DataSource": "BRFSS",
    "Topic": "Obesity / Weight Status",
    "Data_Value": 32.2,
    "Sample_Size": "1,045",
    "Stratification1": "$75,000 or greater",
    "StratificationId1": "INC75PLUS",
    "LocationDisplayOrder": 54
  },
  {
    "ID": 8311,
    "Description": 2014,
    "LocationAbbr": "WI",
    "LocationDesc": "Wisconsin",
    "DataSource": "BRFSS",
    "Topic": "Obesity / Weight Status",
    "Data_Value": 28.7,
    "Sample_Size": "1,683",
    "Stratification1": "$75,000 or greater",
    "StratificationId1": "INC75PLUS",
    "LocationDisplayOrder": 55
  },
  {
    "ID": 13157,
    "Description": 2014,
    "LocationAbbr": "WY",
    "LocationDesc": "Wyoming",
    "DataSource": "BRFSS",
    "Topic": "Obesity / Weight Status",
    "Data_Value": 28.3,
    "Sample_Size": "1,498",
    "Stratification1": "$75,000 or greater",
    "StratificationId1": "INC75PLUS",
    "LocationDisplayOrder": 56
  },
  {
    "ID": 1166,
    "Description": 2014,
    "LocationAbbr": "GU",
    "LocationDesc": "Guam",
    "DataSource": "BRFSS",
    "Topic": "Obesity / Weight Status",
    "Data_Value": 23.3,
    "Sample_Size": 436,
    "Stratification1": "$75,000 or greater",
    "StratificationId1": "INC75PLUS",
    "LocationDisplayOrder": 66
  },
  {
    "ID": 1092,
    "Description": 2014,
    "LocationAbbr": "PR",
    "LocationDesc": "Puerto Rico",
    "DataSource": "BRFSS",
    "Topic": "Obesity / Weight Status",
    "Data_Value": 16.9,
    "Sample_Size": 199,
    "Stratification1": "$75,000 or greater",
    "StratificationId1": "INC75PLUS",
    "LocationDisplayOrder": 72
  },
  {
    "ID": "",
    "Description": "",
    "LocationAbbr": "",
    "LocationDesc": "",
    "DataSource": "",
    "Topic": "",
    "Data_Value": "",
    "Sample_Size": "",
    "Stratification1": "",
    "StratificationId1": "",
    "LocationDisplayOrder": ""
  },
  {
    "ID": "",
    "Description": "",
    "LocationAbbr": "",
    "LocationDesc": "",
    "DataSource": "",
    "Topic": "",
    "Data_Value": "",
    "Sample_Size": "",
    "Stratification1": "",
    "StratificationId1": "",
    "LocationDisplayOrder": ""
  },
  {
    "ID": "",
    "Description": "",
    "LocationAbbr": "",
    "LocationDesc": "",
    "DataSource": "",
    "Topic": "",
    "Data_Value": "",
    "Sample_Size": "",
    "Stratification1": "",
    "StratificationId1": "",
    "LocationDisplayOrder": ""
  },
  {
    "ID": "",
    "Description": "",
    "LocationAbbr": "",
    "LocationDesc": "",
    "DataSource": "",
    "Topic": "",
    "Data_Value": "",
    "Sample_Size": "",
    "Stratification1": "",
    "StratificationId1": "",
    "LocationDisplayOrder": ""
  },
  {
    "ID": "",
    "Description": "",
    "LocationAbbr": "",
    "LocationDesc": "",
    "DataSource": "",
    "Topic": "",
    "Data_Value": "",
    "Sample_Size": "",
    "Stratification1": "",
    "StratificationId1": "",
    "LocationDisplayOrder": ""
  },
  {
    "ID": "",
    "Description": "",
    "LocationAbbr": "",
    "LocationDesc": "",
    "DataSource": "",
    "Topic": "",
    "Data_Value": "",
    "Sample_Size": "",
    "Stratification1": "",
    "StratificationId1": "",
    "LocationDisplayOrder": ""
  },
  {
    "ID": "",
    "Description": "",
    "LocationAbbr": "",
    "LocationDesc": "",
    "DataSource": "",
    "Topic": "",
    "Data_Value": "",
    "Sample_Size": "",
    "Stratification1": "",
    "StratificationId1": "",
    "LocationDisplayOrder": ""
  },
  {
    "ID": "",
    "Description": "",
    "LocationAbbr": "",
    "LocationDesc": "",
    "DataSource": "",
    "Topic": "",
    "Data_Value": "",
    "Sample_Size": "",
    "Stratification1": "",
    "StratificationId1": "",
    "LocationDisplayOrder": ""
  },
  {
    "ID": "",
    "Description": "",
    "LocationAbbr": "",
    "LocationDesc": "",
    "DataSource": "",
    "Topic": "",
    "Data_Value": "",
    "Sample_Size": "",
    "Stratification1": "",
    "StratificationId1": "",
    "LocationDisplayOrder": ""
  }
]