[
  {
    "ID": 475,
    "Description": 2014,
    "LocationAbbr": "US",
    "LocationDesc": "National",
    "DataSource": "BRFSS",
    "Topic": "Obesity / Weight Status",
    "Data_Value": 9.4,
    "Sample_Size": "7,813",
    "Stratification1": "Asian",
    "StratificationId1": "RACEASN",
    "LocationDisplayOrder": 0
  },
  {
    "ID": 44516,
    "Description": 2014,
    "LocationAbbr": "AL",
    "LocationDesc": "Alabama",
    "DataSource": "BRFSS",
    "Topic": "Obesity / Weight Status",
    "Data_Value": "~",
    "Sample_Size": "~",
    "Stratification1": "Asian",
    "StratificationId1": "RACEASN",
    "LocationDisplayOrder": 1
  },
  {
    "ID": 23003,
    "Description": 2014,
    "LocationAbbr": "AK",
    "LocationDesc": "Alaska",
    "DataSource": "BRFSS",
    "Topic": "Obesity / Weight Status",
    "Data_Value": 17.8,
    "Sample_Size": 73,
    "Stratification1": "Asian",
    "StratificationId1": "RACEASN",
    "LocationDisplayOrder": 2
  },
  {
    "ID": 24392,
    "Description": 2014,
    "LocationAbbr": "AZ",
    "LocationDesc": "Arizona",
    "DataSource": "BRFSS",
    "Topic": "Obesity / Weight Status",
    "Data_Value": 6.6,
    "Sample_Size": 198,
    "Stratification1": "Asian",
    "StratificationId1": "RACEASN",
    "LocationDisplayOrder": 4
  },
  {
    "ID": 47050,
    "Description": 2014,
    "LocationAbbr": "AR",
    "LocationDesc": "Arkansas",
    "DataSource": "BRFSS",
    "Topic": "Obesity / Weight Status",
    "Data_Value": "~",
    "Sample_Size": "~",
    "Stratification1": "Asian",
    "StratificationId1": "RACEASN",
    "LocationDisplayOrder": 5
  },
  {
    "ID": 15127,
    "Description": 2014,
    "LocationAbbr": "CA",
    "LocationDesc": "California",
    "DataSource": "BRFSS",
    "Topic": "Obesity / Weight Status",
    "Data_Value": 8.9,
    "Sample_Size": 525,
    "Stratification1": "Asian",
    "StratificationId1": "RACEASN",
    "LocationDisplayOrder": 6
  },
  {
    "ID": 14462,
    "Description": 2014,
    "LocationAbbr": "CO",
    "LocationDesc": "Colorado",
    "DataSource": "BRFSS",
    "Topic": "Obesity / Weight Status",
    "Data_Value": 8.7,
    "Sample_Size": 172,
    "Stratification1": "Asian",
    "StratificationId1": "RACEASN",
    "LocationDisplayOrder": 8
  },
  {
    "ID": 12807,
    "Description": 2014,
    "LocationAbbr": "CT",
    "LocationDesc": "Connecticut",
    "DataSource": "BRFSS",
    "Topic": "Obesity / Weight Status",
    "Data_Value": 13.1,
    "Sample_Size": 144,
    "Stratification1": "Asian",
    "StratificationId1": "RACEASN",
    "LocationDisplayOrder": 9
  },
  {
    "ID": 32212,
    "Description": 2014,
    "LocationAbbr": "DE",
    "LocationDesc": "Delaware",
    "DataSource": "BRFSS",
    "Topic": "Obesity / Weight Status",
    "Data_Value": 10.7,
    "Sample_Size": 55,
    "Stratification1": "Asian",
    "StratificationId1": "RACEASN",
    "LocationDisplayOrder": 10
  },
  {
    "ID": 26197,
    "Description": 2014,
    "LocationAbbr": "DC",
    "LocationDesc": "District of Columbia",
    "DataSource": "BRFSS",
    "Topic": "Obesity / Weight Status",
    "Data_Value": 5.9,
    "Sample_Size": 70,
    "Stratification1": "Asian",
    "StratificationId1": "RACEASN",
    "LocationDisplayOrder": 11
  },
  {
    "ID": 17361,
    "Description": 2014,
    "LocationAbbr": "FL",
    "LocationDesc": "Florida",
    "DataSource": "BRFSS",
    "Topic": "Obesity / Weight Status",
    "Data_Value": 12.8,
    "Sample_Size": 148,
    "Stratification1": "Asian",
    "StratificationId1": "RACEASN",
    "LocationDisplayOrder": 12
  },
  {
    "ID": 7956,
    "Description": 2014,
    "LocationAbbr": "GA",
    "LocationDesc": "Georgia",
    "DataSource": "BRFSS",
    "Topic": "Obesity / Weight Status",
    "Data_Value": 4.3,
    "Sample_Size": 61,
    "Stratification1": "Asian",
    "StratificationId1": "RACEASN",
    "LocationDisplayOrder": 13
  },
  {
    "ID": 6756,
    "Description": 2014,
    "LocationAbbr": "HI",
    "LocationDesc": "Hawaii",
    "DataSource": "BRFSS",
    "Topic": "Obesity / Weight Status",
    "Data_Value": 15.2,
    "Sample_Size": "2,048",
    "Stratification1": "Asian",
    "StratificationId1": "RACEASN",
    "LocationDisplayOrder": 15
  },
  {
    "ID": 49493,
    "Description": 2014,
    "LocationAbbr": "ID",
    "LocationDesc": "Idaho",
    "DataSource": "BRFSS",
    "Topic": "Obesity / Weight Status",
    "Data_Value": "~",
    "Sample_Size": "~",
    "Stratification1": "Asian",
    "StratificationId1": "RACEASN",
    "LocationDisplayOrder": 16
  },
  {
    "ID": 7448,
    "Description": 2014,
    "LocationAbbr": "IL",
    "LocationDesc": "Illinois",
    "DataSource": "BRFSS",
    "Topic": "Obesity / Weight Status",
    "Data_Value": 3.2,
    "Sample_Size": 147,
    "Stratification1": "Asian",
    "StratificationId1": "RACEASN",
    "LocationDisplayOrder": 17
  },
  {
    "ID": 26440,
    "Description": 2014,
    "LocationAbbr": "IN",
    "LocationDesc": "Indiana",
    "DataSource": "BRFSS",
    "Topic": "Obesity / Weight Status",
    "Data_Value": 10.4,
    "Sample_Size": 108,
    "Stratification1": "Asian",
    "StratificationId1": "RACEASN",
    "LocationDisplayOrder": 18
  },
  {
    "ID": 9783,
    "Description": 2014,
    "LocationAbbr": "IA",
    "LocationDesc": "Iowa",
    "DataSource": "BRFSS",
    "Topic": "Obesity / Weight Status",
    "Data_Value": 6.2,
    "Sample_Size": 52,
    "Stratification1": "Asian",
    "StratificationId1": "RACEASN",
    "LocationDisplayOrder": 19
  },
  {
    "ID": 20708,
    "Description": 2014,
    "LocationAbbr": "KS",
    "LocationDesc": "Kansas",
    "DataSource": "BRFSS",
    "Topic": "Obesity / Weight Status",
    "Data_Value": 11.1,
    "Sample_Size": 135,
    "Stratification1": "Asian",
    "StratificationId1": "RACEASN",
    "LocationDisplayOrder": 20
  },
  {
    "ID": 45865,
    "Description": 2014,
    "LocationAbbr": "KY",
    "LocationDesc": "Kentucky",
    "DataSource": "BRFSS",
    "Topic": "Obesity / Weight Status",
    "Data_Value": "~",
    "Sample_Size": "~",
    "Stratification1": "Asian",
    "StratificationId1": "RACEASN",
    "LocationDisplayOrder": 21
  },
  {
    "ID": 48039,
    "Description": 2014,
    "LocationAbbr": "LA",
    "LocationDesc": "Louisiana",
    "DataSource": "BRFSS",
    "Topic": "Obesity / Weight Status",
    "Data_Value": "~",
    "Sample_Size": "~",
    "Stratification1": "Asian",
    "StratificationId1": "RACEASN",
    "LocationDisplayOrder": 22
  },
  {
    "ID": 52233,
    "Description": 2014,
    "LocationAbbr": "ME",
    "LocationDesc": "Maine",
    "DataSource": "BRFSS",
    "Topic": "Obesity / Weight Status",
    "Data_Value": "~",
    "Sample_Size": "~",
    "Stratification1": "Asian",
    "StratificationId1": "RACEASN",
    "LocationDisplayOrder": 23
  },
  {
    "ID": 9849,
    "Description": 2014,
    "LocationAbbr": "MD",
    "LocationDesc": "Maryland",
    "DataSource": "BRFSS",
    "Topic": "Obesity / Weight Status",
    "Data_Value": 10.6,
    "Sample_Size": 249,
    "Stratification1": "Asian",
    "StratificationId1": "RACEASN",
    "LocationDisplayOrder": 24
  },
  {
    "ID": 22673,
    "Description": 2014,
    "LocationAbbr": "MA",
    "LocationDesc": "Massachusetts",
    "DataSource": "BRFSS",
    "Topic": "Obesity / Weight Status",
    "Data_Value": 4.7,
    "Sample_Size": 316,
    "Stratification1": "Asian",
    "StratificationId1": "RACEASN",
    "LocationDisplayOrder": 25
  },
  {
    "ID": 24411,
    "Description": 2014,
    "LocationAbbr": "MI",
    "LocationDesc": "Michigan",
    "DataSource": "BRFSS",
    "Topic": "Obesity / Weight Status",
    "Data_Value": 16.7,
    "Sample_Size": 123,
    "Stratification1": "Asian",
    "StratificationId1": "RACEASN",
    "LocationDisplayOrder": 26
  },
  {
    "ID": 24546,
    "Description": 2014,
    "LocationAbbr": "MN",
    "LocationDesc": "Minnesota",
    "DataSource": "BRFSS",
    "Topic": "Obesity / Weight Status",
    "Data_Value": 12.6,
    "Sample_Size": 244,
    "Stratification1": "Asian",
    "StratificationId1": "RACEASN",
    "LocationDisplayOrder": 27
  },
  {
    "ID": 57341,
    "Description": 2014,
    "LocationAbbr": "MS",
    "LocationDesc": "Mississippi",
    "DataSource": "BRFSS",
    "Topic": "Obesity / Weight Status",
    "Data_Value": "~",
    "Sample_Size": "~",
    "Stratification1": "Asian",
    "StratificationId1": "RACEASN",
    "LocationDisplayOrder": 28
  },
  {
    "ID": 28528,
    "Description": 2014,
    "LocationAbbr": "MO",
    "LocationDesc": "Missouri",
    "DataSource": "BRFSS",
    "Topic": "Obesity / Weight Status",
    "Data_Value": 9.5,
    "Sample_Size": 55,
    "Stratification1": "Asian",
    "StratificationId1": "RACEASN",
    "LocationDisplayOrder": 29
  },
  {
    "ID": 58497,
    "Description": 2014,
    "LocationAbbr": "MT",
    "LocationDesc": "Montana",
    "DataSource": "BRFSS",
    "Topic": "Obesity / Weight Status",
    "Data_Value": "~",
    "Sample_Size": "~",
    "Stratification1": "Asian",
    "StratificationId1": "RACEASN",
    "LocationDisplayOrder": 30
  },
  {
    "ID": 2073,
    "Description": 2014,
    "LocationAbbr": "NE",
    "LocationDesc": "Nebraska",
    "DataSource": "BRFSS",
    "Topic": "Obesity / Weight Status",
    "Data_Value": 18.4,
    "Sample_Size": 105,
    "Stratification1": "Asian",
    "StratificationId1": "RACEASN",
    "LocationDisplayOrder": 31
  },
  {
    "ID": 15295,
    "Description": 2014,
    "LocationAbbr": "NV",
    "LocationDesc": "Nevada",
    "DataSource": "BRFSS",
    "Topic": "Obesity / Weight Status",
    "Data_Value": 15,
    "Sample_Size": 81,
    "Stratification1": "Asian",
    "StratificationId1": "RACEASN",
    "LocationDisplayOrder": 32
  },
  {
    "ID": 13427,
    "Description": 2014,
    "LocationAbbr": "NH",
    "LocationDesc": "New Hampshire",
    "DataSource": "BRFSS",
    "Topic": "Obesity / Weight Status",
    "Data_Value": 7.5,
    "Sample_Size": 53,
    "Stratification1": "Asian",
    "StratificationId1": "RACEASN",
    "LocationDisplayOrder": 33
  },
  {
    "ID": 32695,
    "Description": 2014,
    "LocationAbbr": "NJ",
    "LocationDesc": "New Jersey",
    "DataSource": "BRFSS",
    "Topic": "Obesity / Weight Status",
    "Data_Value": 8.4,
    "Sample_Size": 425,
    "Stratification1": "Asian",
    "StratificationId1": "RACEASN",
    "LocationDisplayOrder": 34
  },
  {
    "ID": 38483,
    "Description": 2014,
    "LocationAbbr": "NM",
    "LocationDesc": "New Mexico",
    "DataSource": "BRFSS",
    "Topic": "Obesity / Weight Status",
    "Data_Value": 3.6,
    "Sample_Size": 53,
    "Stratification1": "Asian",
    "StratificationId1": "RACEASN",
    "LocationDisplayOrder": 35
  },
  {
    "ID": 29640,
    "Description": 2014,
    "LocationAbbr": "NY",
    "LocationDesc": "New York",
    "DataSource": "BRFSS",
    "Topic": "Obesity / Weight Status",
    "Data_Value": 11.8,
    "Sample_Size": 263,
    "Stratification1": "Asian",
    "StratificationId1": "RACEASN",
    "LocationDisplayOrder": 36
  },
  {
    "ID": 23884,
    "Description": 2014,
    "LocationAbbr": "NC",
    "LocationDesc": "North Carolina",
    "DataSource": "BRFSS",
    "Topic": "Obesity / Weight Status",
    "Data_Value": 16.9,
    "Sample_Size": 91,
    "Stratification1": "Asian",
    "StratificationId1": "RACEASN",
    "LocationDisplayOrder": 37
  },
  {
    "ID": 52868,
    "Description": 2014,
    "LocationAbbr": "ND",
    "LocationDesc": "North Dakota",
    "DataSource": "BRFSS",
    "Topic": "Obesity / Weight Status",
    "Data_Value": "~",
    "Sample_Size": "~",
    "Stratification1": "Asian",
    "StratificationId1": "RACEASN",
    "LocationDisplayOrder": 38
  },
  {
    "ID": 1811,
    "Description": 2014,
    "LocationAbbr": "OH",
    "LocationDesc": "Ohio",
    "DataSource": "BRFSS",
    "Topic": "Obesity / Weight Status",
    "Data_Value": 7.8,
    "Sample_Size": 99,
    "Stratification1": "Asian",
    "StratificationId1": "RACEASN",
    "LocationDisplayOrder": 39
  },
  {
    "ID": 10030,
    "Description": 2014,
    "LocationAbbr": "OK",
    "LocationDesc": "Oklahoma",
    "DataSource": "BRFSS",
    "Topic": "Obesity / Weight Status",
    "Data_Value": 7.6,
    "Sample_Size": 82,
    "Stratification1": "Asian",
    "StratificationId1": "RACEASN",
    "LocationDisplayOrder": 40
  },
  {
    "ID": 16989,
    "Description": 2014,
    "LocationAbbr": "OR",
    "LocationDesc": "Oregon",
    "DataSource": "BRFSS",
    "Topic": "Obesity / Weight Status",
    "Data_Value": 8.5,
    "Sample_Size": 69,
    "Stratification1": "Asian",
    "StratificationId1": "RACEASN",
    "LocationDisplayOrder": 41
  },
  {
    "ID": 29167,
    "Description": 2014,
    "LocationAbbr": "PA",
    "LocationDesc": "Pennsylvania",
    "DataSource": "BRFSS",
    "Topic": "Obesity / Weight Status",
    "Data_Value": 9,
    "Sample_Size": 127,
    "Stratification1": "Asian",
    "StratificationId1": "RACEASN",
    "LocationDisplayOrder": 42
  },
  {
    "ID": 1344,
    "Description": 2014,
    "LocationAbbr": "RI",
    "LocationDesc": "Rhode Island",
    "DataSource": "BRFSS",
    "Topic": "Obesity / Weight Status",
    "Data_Value": 13.3,
    "Sample_Size": 62,
    "Stratification1": "Asian",
    "StratificationId1": "RACEASN",
    "LocationDisplayOrder": 44
  },
  {
    "ID": 8638,
    "Description": 2014,
    "LocationAbbr": "SC",
    "LocationDesc": "South Carolina",
    "DataSource": "BRFSS",
    "Topic": "Obesity / Weight Status",
    "Data_Value": 12.2,
    "Sample_Size": 60,
    "Stratification1": "Asian",
    "StratificationId1": "RACEASN",
    "LocationDisplayOrder": 45
  },
  {
    "ID": 47763,
    "Description": 2014,
    "LocationAbbr": "SD",
    "LocationDesc": "South Dakota",
    "DataSource": "BRFSS",
    "Topic": "Obesity / Weight Status",
    "Data_Value": "~",
    "Sample_Size": "~",
    "Stratification1": "Asian",
    "StratificationId1": "RACEASN",
    "LocationDisplayOrder": 46
  },
  {
    "ID": 44139,
    "Description": 2014,
    "LocationAbbr": "TN",
    "LocationDesc": "Tennessee",
    "DataSource": "BRFSS",
    "Topic": "Obesity / Weight Status",
    "Data_Value": "~",
    "Sample_Size": "~",
    "Stratification1": "Asian",
    "StratificationId1": "RACEASN",
    "LocationDisplayOrder": 47
  },
  {
    "ID": 6539,
    "Description": 2014,
    "LocationAbbr": "TX",
    "LocationDesc": "Texas",
    "DataSource": "BRFSS",
    "Topic": "Obesity / Weight Status",
    "Data_Value": 7.8,
    "Sample_Size": 275,
    "Stratification1": "Asian",
    "StratificationId1": "RACEASN",
    "LocationDisplayOrder": 48
  },
  {
    "ID": 28946,
    "Description": 2014,
    "LocationAbbr": "UT",
    "LocationDesc": "Utah",
    "DataSource": "BRFSS",
    "Topic": "Obesity / Weight Status",
    "Data_Value": 8,
    "Sample_Size": 147,
    "Stratification1": "Asian",
    "StratificationId1": "RACEASN",
    "LocationDisplayOrder": 49
  },
  {
    "ID": 57760,
    "Description": 2014,
    "LocationAbbr": "VT",
    "LocationDesc": "Vermont",
    "DataSource": "BRFSS",
    "Topic": "Obesity / Weight Status",
    "Data_Value": "~",
    "Sample_Size": "~",
    "Stratification1": "Asian",
    "StratificationId1": "RACEASN",
    "LocationDisplayOrder": 50
  },
  {
    "ID": 13586,
    "Description": 2014,
    "LocationAbbr": "VA",
    "LocationDesc": "Virginia",
    "DataSource": "BRFSS",
    "Topic": "Obesity / Weight Status",
    "Data_Value": 8.8,
    "Sample_Size": 171,
    "Stratification1": "Asian",
    "StratificationId1": "RACEASN",
    "LocationDisplayOrder": 51
  },
  {
    "ID": 24876,
    "Description": 2014,
    "LocationAbbr": "WA",
    "LocationDesc": "Washington",
    "DataSource": "BRFSS",
    "Topic": "Obesity / Weight Status",
    "Data_Value": 7,
    "Sample_Size": 292,
    "Stratification1": "Asian",
    "StratificationId1": "RACEASN",
    "LocationDisplayOrder": 53
  },
  {
    "ID": 48713,
    "Description": 2014,
    "LocationAbbr": "WV",
    "LocationDesc": "West Virginia",
    "DataSource": "BRFSS",
    "Topic": "Obesity / Weight Status",
    "Data_Value": "~",
    "Sample_Size": "~",
    "Stratification1": "Asian",
    "StratificationId1": "RACEASN",
    "LocationDisplayOrder": 54
  },
  {
    "ID": 11747,
    "Description": 2014,
    "LocationAbbr": "WI",
    "LocationDesc": "Wisconsin",
    "DataSource": "BRFSS",
    "Topic": "Obesity / Weight Status",
    "Data_Value": 8.9,
    "Sample_Size": 55,
    "Stratification1": "Asian",
    "StratificationId1": "RACEASN",
    "LocationDisplayOrder": 55
  },
  {
    "ID": 47243,
    "Description": 2014,
    "LocationAbbr": "WY",
    "LocationDesc": "Wyoming",
    "DataSource": "BRFSS",
    "Topic": "Obesity / Weight Status",
    "Data_Value": "~",
    "Sample_Size": "~",
    "Stratification1": "Asian",
    "StratificationId1": "RACEASN",
    "LocationDisplayOrder": 56
  },
  {
    "ID": 1191,
    "Description": 2014,
    "LocationAbbr": "GU",
    "LocationDesc": "Guam",
    "DataSource": "BRFSS",
    "Topic": "Obesity / Weight Status",
    "Data_Value": 10.5,
    "Sample_Size": 713,
    "Stratification1": "Asian",
    "StratificationId1": "RACEASN",
    "LocationDisplayOrder": 66
  },
  {
    "ID": 50370,
    "Description": 2014,
    "LocationAbbr": "PR",
    "LocationDesc": "Puerto Rico",
    "DataSource": "BRFSS",
    "Topic": "Obesity / Weight Status",
    "Data_Value": "~",
    "Sample_Size": "~",
    "Stratification1": "Asian",
    "StratificationId1": "RACEASN",
    "LocationDisplayOrder": 72
  },
  {
    "ID": "",
    "Description": "",
    "LocationAbbr": "",
    "LocationDesc": "",
    "DataSource": "",
    "Topic": "",
    "Data_Value": "",
    "Sample_Size": "",
    "Stratification1": "",
    "StratificationId1": "",
    "LocationDisplayOrder": ""
  },
  {
    "ID": "",
    "Description": "",
    "LocationAbbr": "",
    "LocationDesc": "",
    "DataSource": "",
    "Topic": "",
    "Data_Value": "",
    "Sample_Size": "",
    "Stratification1": "",
    "StratificationId1": "",
    "LocationDisplayOrder": ""
  },
  {
    "ID": "",
    "Description": "",
    "LocationAbbr": "",
    "LocationDesc": "",
    "DataSource": "",
    "Topic": "",
    "Data_Value": "",
    "Sample_Size": "",
    "Stratification1": "",
    "StratificationId1": "",
    "LocationDisplayOrder": ""
  },
  {
    "ID": "",
    "Description": "",
    "LocationAbbr": "",
    "LocationDesc": "",
    "DataSource": "",
    "Topic": "",
    "Data_Value": "",
    "Sample_Size": "",
    "Stratification1": "",
    "StratificationId1": "",
    "LocationDisplayOrder": ""
  },
  {
    "ID": "",
    "Description": "",
    "LocationAbbr": "",
    "LocationDesc": "",
    "DataSource": "",
    "Topic": "",
    "Data_Value": "",
    "Sample_Size": "",
    "Stratification1": "",
    "StratificationId1": "",
    "LocationDisplayOrder": ""
  },
  {
    "ID": "",
    "Description": "",
    "LocationAbbr": "",
    "LocationDesc": "",
    "DataSource": "",
    "Topic": "",
    "Data_Value": "",
    "Sample_Size": "",
    "Stratification1": "",
    "StratificationId1": "",
    "LocationDisplayOrder": ""
  },
  {
    "ID": "",
    "Description": "",
    "LocationAbbr": "",
    "LocationDesc": "",
    "DataSource": "",
    "Topic": "",
    "Data_Value": "",
    "Sample_Size": "",
    "Stratification1": "",
    "StratificationId1": "",
    "LocationDisplayOrder": ""
  },
  {
    "ID": "",
    "Description": "",
    "LocationAbbr": "",
    "LocationDesc": "",
    "DataSource": "",
    "Topic": "",
    "Data_Value": "",
    "Sample_Size": "",
    "Stratification1": "",
    "StratificationId1": "",
    "LocationDisplayOrder": ""
  },
  {
    "ID": "",
    "Description": "",
    "LocationAbbr": "",
    "LocationDesc": "",
    "DataSource": "",
    "Topic": "",
    "Data_Value": "",
    "Sample_Size": "",
    "Stratification1": "",
    "StratificationId1": "",
    "LocationDisplayOrder": ""
  },
  {
    "ID": "",
    "Description": "",
    "LocationAbbr": "",
    "LocationDesc": "",
    "DataSource": "",
    "Topic": "",
    "Data_Value": "",
    "Sample_Size": "",
    "Stratification1": "",
    "StratificationId1": "",
    "LocationDisplayOrder": ""
  }
]