[
  {
    "ID": 1532,
    "Description": 2014,
    "LocationAbbr": "US",
    "LocationDesc": "National",
    "DataSource": "BRFSS",
    "Topic": "Obesity / Weight Status",
    "Data_Value": 31.1,
    "Sample_Size": "41,727",
    "Stratification1": "$25,000 - $34,999",
    "StratificationId1": "INC2535",
    "LocationDisplayOrder": 0
  },
  {
    "ID": 19786,
    "Description": 2014,
    "LocationAbbr": "AL",
    "LocationDesc": "Alabama",
    "DataSource": "BRFSS",
    "Topic": "Obesity / Weight Status",
    "Data_Value": 35.4,
    "Sample_Size": 776,
    "Stratification1": "$25,000 - $34,999",
    "StratificationId1": "INC2535",
    "LocationDisplayOrder": 1
  },
  {
    "ID": 37664,
    "Description": 2014,
    "LocationAbbr": "AK",
    "LocationDesc": "Alaska",
    "DataSource": "BRFSS",
    "Topic": "Obesity / Weight Status",
    "Data_Value": 32.9,
    "Sample_Size": 303,
    "Stratification1": "$25,000 - $34,999",
    "StratificationId1": "INC2535",
    "LocationDisplayOrder": 2
  },
  {
    "ID": 25959,
    "Description": 2014,
    "LocationAbbr": "AZ",
    "LocationDesc": "Arizona",
    "DataSource": "BRFSS",
    "Topic": "Obesity / Weight Status",
    "Data_Value": 28.4,
    "Sample_Size": "1,355",
    "Stratification1": "$25,000 - $34,999",
    "StratificationId1": "INC2535",
    "LocationDisplayOrder": 4
  },
  {
    "ID": 8784,
    "Description": 2014,
    "LocationAbbr": "AR",
    "LocationDesc": "Arkansas",
    "DataSource": "BRFSS",
    "Topic": "Obesity / Weight Status",
    "Data_Value": 36,
    "Sample_Size": 540,
    "Stratification1": "$25,000 - $34,999",
    "StratificationId1": "INC2535",
    "LocationDisplayOrder": 5
  },
  {
    "ID": 23530,
    "Description": 2014,
    "LocationAbbr": "CA",
    "LocationDesc": "California",
    "DataSource": "BRFSS",
    "Topic": "Obesity / Weight Status",
    "Data_Value": 26.6,
    "Sample_Size": 675,
    "Stratification1": "$25,000 - $34,999",
    "StratificationId1": "INC2535",
    "LocationDisplayOrder": 6
  },
  {
    "ID": 10823,
    "Description": 2014,
    "LocationAbbr": "CO",
    "LocationDesc": "Colorado",
    "DataSource": "BRFSS",
    "Topic": "Obesity / Weight Status",
    "Data_Value": 24.3,
    "Sample_Size": "1,070",
    "Stratification1": "$25,000 - $34,999",
    "StratificationId1": "INC2535",
    "LocationDisplayOrder": 8
  },
  {
    "ID": 4251,
    "Description": 2014,
    "LocationAbbr": "CT",
    "LocationDesc": "Connecticut",
    "DataSource": "BRFSS",
    "Topic": "Obesity / Weight Status",
    "Data_Value": 27.7,
    "Sample_Size": 533,
    "Stratification1": "$25,000 - $34,999",
    "StratificationId1": "INC2535",
    "LocationDisplayOrder": 9
  },
  {
    "ID": 24867,
    "Description": 2014,
    "LocationAbbr": "DE",
    "LocationDesc": "Delaware",
    "DataSource": "BRFSS",
    "Topic": "Obesity / Weight Status",
    "Data_Value": 31.5,
    "Sample_Size": 348,
    "Stratification1": "$25,000 - $34,999",
    "StratificationId1": "INC2535",
    "LocationDisplayOrder": 10
  },
  {
    "ID": 10562,
    "Description": 2014,
    "LocationAbbr": "DC",
    "LocationDesc": "District of Columbia",
    "DataSource": "BRFSS",
    "Topic": "Obesity / Weight Status",
    "Data_Value": 22.3,
    "Sample_Size": 216,
    "Stratification1": "$25,000 - $34,999",
    "StratificationId1": "INC2535",
    "LocationDisplayOrder": 11
  },
  {
    "ID": 36665,
    "Description": 2014,
    "LocationAbbr": "FL",
    "LocationDesc": "Florida",
    "DataSource": "BRFSS",
    "Topic": "Obesity / Weight Status",
    "Data_Value": 28.9,
    "Sample_Size": 954,
    "Stratification1": "$25,000 - $34,999",
    "StratificationId1": "INC2535",
    "LocationDisplayOrder": 12
  },
  {
    "ID": 34173,
    "Description": 2014,
    "LocationAbbr": "GA",
    "LocationDesc": "Georgia",
    "DataSource": "BRFSS",
    "Topic": "Obesity / Weight Status",
    "Data_Value": 34,
    "Sample_Size": 592,
    "Stratification1": "$25,000 - $34,999",
    "StratificationId1": "INC2535",
    "LocationDisplayOrder": 13
  },
  {
    "ID": 35968,
    "Description": 2014,
    "LocationAbbr": "HI",
    "LocationDesc": "Hawaii",
    "DataSource": "BRFSS",
    "Topic": "Obesity / Weight Status",
    "Data_Value": 22.5,
    "Sample_Size": 704,
    "Stratification1": "$25,000 - $34,999",
    "StratificationId1": "INC2535",
    "LocationDisplayOrder": 15
  },
  {
    "ID": 5850,
    "Description": 2014,
    "LocationAbbr": "ID",
    "LocationDesc": "Idaho",
    "DataSource": "BRFSS",
    "Topic": "Obesity / Weight Status",
    "Data_Value": 30.5,
    "Sample_Size": 607,
    "Stratification1": "$25,000 - $34,999",
    "StratificationId1": "INC2535",
    "LocationDisplayOrder": 16
  },
  {
    "ID": 33239,
    "Description": 2014,
    "LocationAbbr": "IL",
    "LocationDesc": "Illinois",
    "DataSource": "BRFSS",
    "Topic": "Obesity / Weight Status",
    "Data_Value": 31.7,
    "Sample_Size": 472,
    "Stratification1": "$25,000 - $34,999",
    "StratificationId1": "INC2535",
    "LocationDisplayOrder": 17
  },
  {
    "ID": 34918,
    "Description": 2014,
    "LocationAbbr": "IN",
    "LocationDesc": "Indiana",
    "DataSource": "BRFSS",
    "Topic": "Obesity / Weight Status",
    "Data_Value": 31,
    "Sample_Size": "1,150",
    "Stratification1": "$25,000 - $34,999",
    "StratificationId1": "INC2535",
    "LocationDisplayOrder": 18
  },
  {
    "ID": 39855,
    "Description": 2014,
    "LocationAbbr": "IA",
    "LocationDesc": "Iowa",
    "DataSource": "BRFSS",
    "Topic": "Obesity / Weight Status",
    "Data_Value": 34.7,
    "Sample_Size": 828,
    "Stratification1": "$25,000 - $34,999",
    "StratificationId1": "INC2535",
    "LocationDisplayOrder": 19
  },
  {
    "ID": 2552,
    "Description": 2014,
    "LocationAbbr": "KS",
    "LocationDesc": "Kansas",
    "DataSource": "BRFSS",
    "Topic": "Obesity / Weight Status",
    "Data_Value": 36.7,
    "Sample_Size": "1,318",
    "Stratification1": "$25,000 - $34,999",
    "StratificationId1": "INC2535",
    "LocationDisplayOrder": 20
  },
  {
    "ID": 31325,
    "Description": 2014,
    "LocationAbbr": "KY",
    "LocationDesc": "Kentucky",
    "DataSource": "BRFSS",
    "Topic": "Obesity / Weight Status",
    "Data_Value": 30.3,
    "Sample_Size": "1,164",
    "Stratification1": "$25,000 - $34,999",
    "StratificationId1": "INC2535",
    "LocationDisplayOrder": 21
  },
  {
    "ID": 10155,
    "Description": 2014,
    "LocationAbbr": "LA",
    "LocationDesc": "Louisiana",
    "DataSource": "BRFSS",
    "Topic": "Obesity / Weight Status",
    "Data_Value": 39,
    "Sample_Size": 591,
    "Stratification1": "$25,000 - $34,999",
    "StratificationId1": "INC2535",
    "LocationDisplayOrder": 22
  },
  {
    "ID": 35142,
    "Description": 2014,
    "LocationAbbr": "ME",
    "LocationDesc": "Maine",
    "DataSource": "BRFSS",
    "Topic": "Obesity / Weight Status",
    "Data_Value": 30.2,
    "Sample_Size": 939,
    "Stratification1": "$25,000 - $34,999",
    "StratificationId1": "INC2535",
    "LocationDisplayOrder": 23
  },
  {
    "ID": 1704,
    "Description": 2014,
    "LocationAbbr": "MD",
    "LocationDesc": "Maryland",
    "DataSource": "BRFSS",
    "Topic": "Obesity / Weight Status",
    "Data_Value": 30.8,
    "Sample_Size": 880,
    "Stratification1": "$25,000 - $34,999",
    "StratificationId1": "INC2535",
    "LocationDisplayOrder": 24
  },
  {
    "ID": 20005,
    "Description": 2014,
    "LocationAbbr": "MA",
    "LocationDesc": "Massachusetts",
    "DataSource": "BRFSS",
    "Topic": "Obesity / Weight Status",
    "Data_Value": 24.9,
    "Sample_Size": "1,207",
    "Stratification1": "$25,000 - $34,999",
    "StratificationId1": "INC2535",
    "LocationDisplayOrder": 25
  },
  {
    "ID": 21037,
    "Description": 2014,
    "LocationAbbr": "MI",
    "LocationDesc": "Michigan",
    "DataSource": "BRFSS",
    "Topic": "Obesity / Weight Status",
    "Data_Value": 35.3,
    "Sample_Size": 891,
    "Stratification1": "$25,000 - $34,999",
    "StratificationId1": "INC2535",
    "LocationDisplayOrder": 26
  },
  {
    "ID": 30563,
    "Description": 2014,
    "LocationAbbr": "MN",
    "LocationDesc": "Minnesota",
    "DataSource": "BRFSS",
    "Topic": "Obesity / Weight Status",
    "Data_Value": 30.3,
    "Sample_Size": "1,417",
    "Stratification1": "$25,000 - $34,999",
    "StratificationId1": "INC2535",
    "LocationDisplayOrder": 27
  },
  {
    "ID": 24496,
    "Description": 2014,
    "LocationAbbr": "MS",
    "LocationDesc": "Mississippi",
    "DataSource": "BRFSS",
    "Topic": "Obesity / Weight Status",
    "Data_Value": 35.9,
    "Sample_Size": 468,
    "Stratification1": "$25,000 - $34,999",
    "StratificationId1": "INC2535",
    "LocationDisplayOrder": 28
  },
  {
    "ID": 35675,
    "Description": 2014,
    "LocationAbbr": "MO",
    "LocationDesc": "Missouri",
    "DataSource": "BRFSS",
    "Topic": "Obesity / Weight Status",
    "Data_Value": 35.2,
    "Sample_Size": 733,
    "Stratification1": "$25,000 - $34,999",
    "StratificationId1": "INC2535",
    "LocationDisplayOrder": 29
  },
  {
    "ID": 32123,
    "Description": 2014,
    "LocationAbbr": "MT",
    "LocationDesc": "Montana",
    "DataSource": "BRFSS",
    "Topic": "Obesity / Weight Status",
    "Data_Value": 28.5,
    "Sample_Size": 763,
    "Stratification1": "$25,000 - $34,999",
    "StratificationId1": "INC2535",
    "LocationDisplayOrder": 30
  },
  {
    "ID": 22297,
    "Description": 2014,
    "LocationAbbr": "NE",
    "LocationDesc": "Nebraska",
    "DataSource": "BRFSS",
    "Topic": "Obesity / Weight Status",
    "Data_Value": 33.5,
    "Sample_Size": "2,455",
    "Stratification1": "$25,000 - $34,999",
    "StratificationId1": "INC2535",
    "LocationDisplayOrder": 31
  },
  {
    "ID": 18421,
    "Description": 2014,
    "LocationAbbr": "NV",
    "LocationDesc": "Nevada",
    "DataSource": "BRFSS",
    "Topic": "Obesity / Weight Status",
    "Data_Value": 27.9,
    "Sample_Size": 365,
    "Stratification1": "$25,000 - $34,999",
    "StratificationId1": "INC2535",
    "LocationDisplayOrder": 32
  },
  {
    "ID": 12792,
    "Description": 2014,
    "LocationAbbr": "NH",
    "LocationDesc": "New Hampshire",
    "DataSource": "BRFSS",
    "Topic": "Obesity / Weight Status",
    "Data_Value": 29,
    "Sample_Size": 561,
    "Stratification1": "$25,000 - $34,999",
    "StratificationId1": "INC2535",
    "LocationDisplayOrder": 33
  },
  {
    "ID": 3988,
    "Description": 2014,
    "LocationAbbr": "NJ",
    "LocationDesc": "New Jersey",
    "DataSource": "BRFSS",
    "Topic": "Obesity / Weight Status",
    "Data_Value": 33.2,
    "Sample_Size": 887,
    "Stratification1": "$25,000 - $34,999",
    "StratificationId1": "INC2535",
    "LocationDisplayOrder": 34
  },
  {
    "ID": 23665,
    "Description": 2014,
    "LocationAbbr": "NM",
    "LocationDesc": "New Mexico",
    "DataSource": "BRFSS",
    "Topic": "Obesity / Weight Status",
    "Data_Value": 29.6,
    "Sample_Size": 873,
    "Stratification1": "$25,000 - $34,999",
    "StratificationId1": "INC2535",
    "LocationDisplayOrder": 35
  },
  {
    "ID": 3514,
    "Description": 2014,
    "LocationAbbr": "NY",
    "LocationDesc": "New York",
    "DataSource": "BRFSS",
    "Topic": "Obesity / Weight Status",
    "Data_Value": 30.4,
    "Sample_Size": 529,
    "Stratification1": "$25,000 - $34,999",
    "StratificationId1": "INC2535",
    "LocationDisplayOrder": 36
  },
  {
    "ID": 21178,
    "Description": 2014,
    "LocationAbbr": "NC",
    "LocationDesc": "North Carolina",
    "DataSource": "BRFSS",
    "Topic": "Obesity / Weight Status",
    "Data_Value": 32.5,
    "Sample_Size": 676,
    "Stratification1": "$25,000 - $34,999",
    "StratificationId1": "INC2535",
    "LocationDisplayOrder": 37
  },
  {
    "ID": 2348,
    "Description": 2014,
    "LocationAbbr": "ND",
    "LocationDesc": "North Dakota",
    "DataSource": "BRFSS",
    "Topic": "Obesity / Weight Status",
    "Data_Value": 29.4,
    "Sample_Size": 672,
    "Stratification1": "$25,000 - $34,999",
    "StratificationId1": "INC2535",
    "LocationDisplayOrder": 38
  },
  {
    "ID": 10867,
    "Description": 2014,
    "LocationAbbr": "OH",
    "LocationDesc": "Ohio",
    "DataSource": "BRFSS",
    "Topic": "Obesity / Weight Status",
    "Data_Value": 29,
    "Sample_Size": "1,088",
    "Stratification1": "$25,000 - $34,999",
    "StratificationId1": "INC2535",
    "LocationDisplayOrder": 39
  },
  {
    "ID": 39888,
    "Description": 2014,
    "LocationAbbr": "OK",
    "LocationDesc": "Oklahoma",
    "DataSource": "BRFSS",
    "Topic": "Obesity / Weight Status",
    "Data_Value": 33.5,
    "Sample_Size": 902,
    "Stratification1": "$25,000 - $34,999",
    "StratificationId1": "INC2535",
    "LocationDisplayOrder": 40
  },
  {
    "ID": 25555,
    "Description": 2014,
    "LocationAbbr": "OR",
    "LocationDesc": "Oregon",
    "DataSource": "BRFSS",
    "Topic": "Obesity / Weight Status",
    "Data_Value": 25,
    "Sample_Size": 518,
    "Stratification1": "$25,000 - $34,999",
    "StratificationId1": "INC2535",
    "LocationDisplayOrder": 41
  },
  {
    "ID": 9010,
    "Description": 2014,
    "LocationAbbr": "PA",
    "LocationDesc": "Pennsylvania",
    "DataSource": "BRFSS",
    "Topic": "Obesity / Weight Status",
    "Data_Value": 33.4,
    "Sample_Size": "1,140",
    "Stratification1": "$25,000 - $34,999",
    "StratificationId1": "INC2535",
    "LocationDisplayOrder": 42
  },
  {
    "ID": 27783,
    "Description": 2014,
    "LocationAbbr": "RI",
    "LocationDesc": "Rhode Island",
    "DataSource": "BRFSS",
    "Topic": "Obesity / Weight Status",
    "Data_Value": 27.5,
    "Sample_Size": 471,
    "Stratification1": "$25,000 - $34,999",
    "StratificationId1": "INC2535",
    "LocationDisplayOrder": 44
  },
  {
    "ID": 26098,
    "Description": 2014,
    "LocationAbbr": "SC",
    "LocationDesc": "South Carolina",
    "DataSource": "BRFSS",
    "Topic": "Obesity / Weight Status",
    "Data_Value": 33.1,
    "Sample_Size": "1,101",
    "Stratification1": "$25,000 - $34,999",
    "StratificationId1": "INC2535",
    "LocationDisplayOrder": 45
  },
  {
    "ID": 31002,
    "Description": 2014,
    "LocationAbbr": "SD",
    "LocationDesc": "South Dakota",
    "DataSource": "BRFSS",
    "Topic": "Obesity / Weight Status",
    "Data_Value": 30.3,
    "Sample_Size": 717,
    "Stratification1": "$25,000 - $34,999",
    "StratificationId1": "INC2535",
    "LocationDisplayOrder": 46
  },
  {
    "ID": 35965,
    "Description": 2014,
    "LocationAbbr": "TN",
    "LocationDesc": "Tennessee",
    "DataSource": "BRFSS",
    "Topic": "Obesity / Weight Status",
    "Data_Value": 34,
    "Sample_Size": 510,
    "Stratification1": "$25,000 - $34,999",
    "StratificationId1": "INC2535",
    "LocationDisplayOrder": 47
  },
  {
    "ID": 38493,
    "Description": 2014,
    "LocationAbbr": "TX",
    "LocationDesc": "Texas",
    "DataSource": "BRFSS",
    "Topic": "Obesity / Weight Status",
    "Data_Value": 35.2,
    "Sample_Size": "1,386",
    "Stratification1": "$25,000 - $34,999",
    "StratificationId1": "INC2535",
    "LocationDisplayOrder": 48
  },
  {
    "ID": 18084,
    "Description": 2014,
    "LocationAbbr": "UT",
    "LocationDesc": "Utah",
    "DataSource": "BRFSS",
    "Topic": "Obesity / Weight Status",
    "Data_Value": 30.5,
    "Sample_Size": "1,180",
    "Stratification1": "$25,000 - $34,999",
    "StratificationId1": "INC2535",
    "LocationDisplayOrder": 49
  },
  {
    "ID": 39313,
    "Description": 2014,
    "LocationAbbr": "VT",
    "LocationDesc": "Vermont",
    "DataSource": "BRFSS",
    "Topic": "Obesity / Weight Status",
    "Data_Value": 25.8,
    "Sample_Size": 592,
    "Stratification1": "$25,000 - $34,999",
    "StratificationId1": "INC2535",
    "LocationDisplayOrder": 50
  },
  {
    "ID": 3088,
    "Description": 2014,
    "LocationAbbr": "VA",
    "LocationDesc": "Virginia",
    "DataSource": "BRFSS",
    "Topic": "Obesity / Weight Status",
    "Data_Value": 27.8,
    "Sample_Size": 778,
    "Stratification1": "$25,000 - $34,999",
    "StratificationId1": "INC2535",
    "LocationDisplayOrder": 51
  },
  {
    "ID": 22863,
    "Description": 2014,
    "LocationAbbr": "WA",
    "LocationDesc": "Washington",
    "DataSource": "BRFSS",
    "Topic": "Obesity / Weight Status",
    "Data_Value": 25.4,
    "Sample_Size": 858,
    "Stratification1": "$25,000 - $34,999",
    "StratificationId1": "INC2535",
    "LocationDisplayOrder": 53
  },
  {
    "ID": 12374,
    "Description": 2014,
    "LocationAbbr": "WV",
    "LocationDesc": "West Virginia",
    "DataSource": "BRFSS",
    "Topic": "Obesity / Weight Status",
    "Data_Value": 37.8,
    "Sample_Size": 596,
    "Stratification1": "$25,000 - $34,999",
    "StratificationId1": "INC2535",
    "LocationDisplayOrder": 54
  },
  {
    "ID": 15167,
    "Description": 2014,
    "LocationAbbr": "WI",
    "LocationDesc": "Wisconsin",
    "DataSource": "BRFSS",
    "Topic": "Obesity / Weight Status",
    "Data_Value": 33.1,
    "Sample_Size": 779,
    "Stratification1": "$25,000 - $34,999",
    "StratificationId1": "INC2535",
    "LocationDisplayOrder": 55
  },
  {
    "ID": 15089,
    "Description": 2014,
    "LocationAbbr": "WY",
    "LocationDesc": "Wyoming",
    "DataSource": "BRFSS",
    "Topic": "Obesity / Weight Status",
    "Data_Value": 26,
    "Sample_Size": 599,
    "Stratification1": "$25,000 - $34,999",
    "StratificationId1": "INC2535",
    "LocationDisplayOrder": 56
  },
  {
    "ID": 463,
    "Description": 2014,
    "LocationAbbr": "GU",
    "LocationDesc": "Guam",
    "DataSource": "BRFSS",
    "Topic": "Obesity / Weight Status",
    "Data_Value": 24.6,
    "Sample_Size": 301,
    "Stratification1": "$25,000 - $34,999",
    "StratificationId1": "INC2535",
    "LocationDisplayOrder": 66
  },
  {
    "ID": 1564,
    "Description": 2014,
    "LocationAbbr": "PR",
    "LocationDesc": "Puerto Rico",
    "DataSource": "BRFSS",
    "Topic": "Obesity / Weight Status",
    "Data_Value": 22.8,
    "Sample_Size": 495,
    "Stratification1": "$25,000 - $34,999",
    "StratificationId1": "INC2535",
    "LocationDisplayOrder": 72
  },
  {
    "ID": "",
    "Description": "",
    "LocationAbbr": "",
    "LocationDesc": "",
    "DataSource": "",
    "Topic": "",
    "Data_Value": "",
    "Sample_Size": "",
    "Stratification1": "",
    "StratificationId1": "",
    "LocationDisplayOrder": ""
  },
  {
    "ID": "",
    "Description": "",
    "LocationAbbr": "",
    "LocationDesc": "",
    "DataSource": "",
    "Topic": "",
    "Data_Value": "",
    "Sample_Size": "",
    "Stratification1": "",
    "StratificationId1": "",
    "LocationDisplayOrder": ""
  },
  {
    "ID": "",
    "Description": "",
    "LocationAbbr": "",
    "LocationDesc": "",
    "DataSource": "",
    "Topic": "",
    "Data_Value": "",
    "Sample_Size": "",
    "Stratification1": "",
    "StratificationId1": "",
    "LocationDisplayOrder": ""
  },
  {
    "ID": "",
    "Description": "",
    "LocationAbbr": "",
    "LocationDesc": "",
    "DataSource": "",
    "Topic": "",
    "Data_Value": "",
    "Sample_Size": "",
    "Stratification1": "",
    "StratificationId1": "",
    "LocationDisplayOrder": ""
  },
  {
    "ID": "",
    "Description": "",
    "LocationAbbr": "",
    "LocationDesc": "",
    "DataSource": "",
    "Topic": "",
    "Data_Value": "",
    "Sample_Size": "",
    "Stratification1": "",
    "StratificationId1": "",
    "LocationDisplayOrder": ""
  },
  {
    "ID": "",
    "Description": "",
    "LocationAbbr": "",
    "LocationDesc": "",
    "DataSource": "",
    "Topic": "",
    "Data_Value": "",
    "Sample_Size": "",
    "Stratification1": "",
    "StratificationId1": "",
    "LocationDisplayOrder": ""
  },
  {
    "ID": "",
    "Description": "",
    "LocationAbbr": "",
    "LocationDesc": "",
    "DataSource": "",
    "Topic": "",
    "Data_Value": "",
    "Sample_Size": "",
    "Stratification1": "",
    "StratificationId1": "",
    "LocationDisplayOrder": ""
  },
  {
    "ID": "",
    "Description": "",
    "LocationAbbr": "",
    "LocationDesc": "",
    "DataSource": "",
    "Topic": "",
    "Data_Value": "",
    "Sample_Size": "",
    "Stratification1": "",
    "StratificationId1": "",
    "LocationDisplayOrder": ""
  },
  {
    "ID": "",
    "Description": "",
    "LocationAbbr": "",
    "LocationDesc": "",
    "DataSource": "",
    "Topic": "",
    "Data_Value": "",
    "Sample_Size": "",
    "Stratification1": "",
    "StratificationId1": "",
    "LocationDisplayOrder": ""
  }
]