[
  {
    "ID": 1033,
    "Description": 2014,
    "LocationAbbr": "US",
    "LocationDesc": "National",
    "DataSource": "BRFSS",
    "Topic": "Obesity / Weight Status",
    "Data_Value": 30.2,
    "Sample_Size": "116,243",
    "Stratification1": "Some college or technical school",
    "StratificationId1": "EDUCOTEC",
    "LocationDisplayOrder": 0
  },
  {
    "ID": 22671,
    "Description": 2014,
    "LocationAbbr": "AL",
    "LocationDesc": "Alabama",
    "DataSource": "BRFSS",
    "Topic": "Obesity / Weight Status",
    "Data_Value": 34.4,
    "Sample_Size": "2,333",
    "Stratification1": "Some college or technical school",
    "StratificationId1": "EDUCOTEC",
    "LocationDisplayOrder": 1
  },
  {
    "ID": 7627,
    "Description": 2014,
    "LocationAbbr": "AK",
    "LocationDesc": "Alaska",
    "DataSource": "BRFSS",
    "Topic": "Obesity / Weight Status",
    "Data_Value": 34,
    "Sample_Size": "1,217",
    "Stratification1": "Some college or technical school",
    "StratificationId1": "EDUCOTEC",
    "LocationDisplayOrder": 2
  },
  {
    "ID": 5050,
    "Description": 2014,
    "LocationAbbr": "AZ",
    "LocationDesc": "Arizona",
    "DataSource": "BRFSS",
    "Topic": "Obesity / Weight Status",
    "Data_Value": 32.1,
    "Sample_Size": "4,149",
    "Stratification1": "Some college or technical school",
    "StratificationId1": "EDUCOTEC",
    "LocationDisplayOrder": 4
  },
  {
    "ID": 8683,
    "Description": 2014,
    "LocationAbbr": "AR",
    "LocationDesc": "Arkansas",
    "DataSource": "BRFSS",
    "Topic": "Obesity / Weight Status",
    "Data_Value": 37.4,
    "Sample_Size": "1,323",
    "Stratification1": "Some college or technical school",
    "StratificationId1": "EDUCOTEC",
    "LocationDisplayOrder": 5
  },
  {
    "ID": 20612,
    "Description": 2014,
    "LocationAbbr": "CA",
    "LocationDesc": "California",
    "DataSource": "BRFSS",
    "Topic": "Obesity / Weight Status",
    "Data_Value": 26.1,
    "Sample_Size": "2,104",
    "Stratification1": "Some college or technical school",
    "StratificationId1": "EDUCOTEC",
    "LocationDisplayOrder": 6
  },
  {
    "ID": 32597,
    "Description": 2014,
    "LocationAbbr": "CO",
    "LocationDesc": "Colorado",
    "DataSource": "BRFSS",
    "Topic": "Obesity / Weight Status",
    "Data_Value": 23.7,
    "Sample_Size": "3,410",
    "Stratification1": "Some college or technical school",
    "StratificationId1": "EDUCOTEC",
    "LocationDisplayOrder": 8
  },
  {
    "ID": 36387,
    "Description": 2014,
    "LocationAbbr": "CT",
    "LocationDesc": "Connecticut",
    "DataSource": "BRFSS",
    "Topic": "Obesity / Weight Status",
    "Data_Value": 28.7,
    "Sample_Size": "1,593",
    "Stratification1": "Some college or technical school",
    "StratificationId1": "EDUCOTEC",
    "LocationDisplayOrder": 9
  },
  {
    "ID": 1653,
    "Description": 2014,
    "LocationAbbr": "DE",
    "LocationDesc": "Delaware",
    "DataSource": "BRFSS",
    "Topic": "Obesity / Weight Status",
    "Data_Value": 33,
    "Sample_Size": 972,
    "Stratification1": "Some college or technical school",
    "StratificationId1": "EDUCOTEC",
    "LocationDisplayOrder": 10
  },
  {
    "ID": 36979,
    "Description": 2014,
    "LocationAbbr": "DC",
    "LocationDesc": "District of Columbia",
    "DataSource": "BRFSS",
    "Topic": "Obesity / Weight Status",
    "Data_Value": 27.3,
    "Sample_Size": 591,
    "Stratification1": "Some college or technical school",
    "StratificationId1": "EDUCOTEC",
    "LocationDisplayOrder": 11
  },
  {
    "ID": 18090,
    "Description": 2014,
    "LocationAbbr": "FL",
    "LocationDesc": "Florida",
    "DataSource": "BRFSS",
    "Topic": "Obesity / Weight Status",
    "Data_Value": 28.1,
    "Sample_Size": "2,653",
    "Stratification1": "Some college or technical school",
    "StratificationId1": "EDUCOTEC",
    "LocationDisplayOrder": 12
  },
  {
    "ID": 6148,
    "Description": 2014,
    "LocationAbbr": "GA",
    "LocationDesc": "Georgia",
    "DataSource": "BRFSS",
    "Topic": "Obesity / Weight Status",
    "Data_Value": 30.6,
    "Sample_Size": "1,514",
    "Stratification1": "Some college or technical school",
    "StratificationId1": "EDUCOTEC",
    "LocationDisplayOrder": 13
  },
  {
    "ID": 15455,
    "Description": 2014,
    "LocationAbbr": "HI",
    "LocationDesc": "Hawaii",
    "DataSource": "BRFSS",
    "Topic": "Obesity / Weight Status",
    "Data_Value": 23.2,
    "Sample_Size": "1,970",
    "Stratification1": "Some college or technical school",
    "StratificationId1": "EDUCOTEC",
    "LocationDisplayOrder": 15
  },
  {
    "ID": 4391,
    "Description": 2014,
    "LocationAbbr": "ID",
    "LocationDesc": "Idaho",
    "DataSource": "BRFSS",
    "Topic": "Obesity / Weight Status",
    "Data_Value": 30.3,
    "Sample_Size": "1,631",
    "Stratification1": "Some college or technical school",
    "StratificationId1": "EDUCOTEC",
    "LocationDisplayOrder": 16
  },
  {
    "ID": 31503,
    "Description": 2014,
    "LocationAbbr": "IL",
    "LocationDesc": "Illinois",
    "DataSource": "BRFSS",
    "Topic": "Obesity / Weight Status",
    "Data_Value": 31.5,
    "Sample_Size": "1,271",
    "Stratification1": "Some college or technical school",
    "StratificationId1": "EDUCOTEC",
    "LocationDisplayOrder": 17
  },
  {
    "ID": 4333,
    "Description": 2014,
    "LocationAbbr": "IN",
    "LocationDesc": "Indiana",
    "DataSource": "BRFSS",
    "Topic": "Obesity / Weight Status",
    "Data_Value": 33.8,
    "Sample_Size": "2,746",
    "Stratification1": "Some college or technical school",
    "StratificationId1": "EDUCOTEC",
    "LocationDisplayOrder": 18
  },
  {
    "ID": 7988,
    "Description": 2014,
    "LocationAbbr": "IA",
    "LocationDesc": "Iowa",
    "DataSource": "BRFSS",
    "Topic": "Obesity / Weight Status",
    "Data_Value": 31.9,
    "Sample_Size": "2,146",
    "Stratification1": "Some college or technical school",
    "StratificationId1": "EDUCOTEC",
    "LocationDisplayOrder": 19
  },
  {
    "ID": 27704,
    "Description": 2014,
    "LocationAbbr": "KS",
    "LocationDesc": "Kansas",
    "DataSource": "BRFSS",
    "Topic": "Obesity / Weight Status",
    "Data_Value": 32.7,
    "Sample_Size": "3,749",
    "Stratification1": "Some college or technical school",
    "StratificationId1": "EDUCOTEC",
    "LocationDisplayOrder": 20
  },
  {
    "ID": 26713,
    "Description": 2014,
    "LocationAbbr": "KY",
    "LocationDesc": "Kentucky",
    "DataSource": "BRFSS",
    "Topic": "Obesity / Weight Status",
    "Data_Value": 31.1,
    "Sample_Size": "2,885",
    "Stratification1": "Some college or technical school",
    "StratificationId1": "EDUCOTEC",
    "LocationDisplayOrder": 21
  },
  {
    "ID": 4097,
    "Description": 2014,
    "LocationAbbr": "LA",
    "LocationDesc": "Louisiana",
    "DataSource": "BRFSS",
    "Topic": "Obesity / Weight Status",
    "Data_Value": 34.4,
    "Sample_Size": "1,715",
    "Stratification1": "Some college or technical school",
    "StratificationId1": "EDUCOTEC",
    "LocationDisplayOrder": 22
  },
  {
    "ID": 9068,
    "Description": 2014,
    "LocationAbbr": "ME",
    "LocationDesc": "Maine",
    "DataSource": "BRFSS",
    "Topic": "Obesity / Weight Status",
    "Data_Value": 28.8,
    "Sample_Size": "2,254",
    "Stratification1": "Some college or technical school",
    "StratificationId1": "EDUCOTEC",
    "LocationDisplayOrder": 23
  },
  {
    "ID": 1755,
    "Description": 2014,
    "LocationAbbr": "MD",
    "LocationDesc": "Maryland",
    "DataSource": "BRFSS",
    "Topic": "Obesity / Weight Status",
    "Data_Value": 30.2,
    "Sample_Size": "2,715",
    "Stratification1": "Some college or technical school",
    "StratificationId1": "EDUCOTEC",
    "LocationDisplayOrder": 24
  },
  {
    "ID": 29497,
    "Description": 2014,
    "LocationAbbr": "MA",
    "LocationDesc": "Massachusetts",
    "DataSource": "BRFSS",
    "Topic": "Obesity / Weight Status",
    "Data_Value": 26.1,
    "Sample_Size": "3,473",
    "Stratification1": "Some college or technical school",
    "StratificationId1": "EDUCOTEC",
    "LocationDisplayOrder": 25
  },
  {
    "ID": 3718,
    "Description": 2014,
    "LocationAbbr": "MI",
    "LocationDesc": "Michigan",
    "DataSource": "BRFSS",
    "Topic": "Obesity / Weight Status",
    "Data_Value": 32.4,
    "Sample_Size": "2,362",
    "Stratification1": "Some college or technical school",
    "StratificationId1": "EDUCOTEC",
    "LocationDisplayOrder": 26
  },
  {
    "ID": 28122,
    "Description": 2014,
    "LocationAbbr": "MN",
    "LocationDesc": "Minnesota",
    "DataSource": "BRFSS",
    "Topic": "Obesity / Weight Status",
    "Data_Value": 30.3,
    "Sample_Size": "4,793",
    "Stratification1": "Some college or technical school",
    "StratificationId1": "EDUCOTEC",
    "LocationDisplayOrder": 27
  },
  {
    "ID": 29193,
    "Description": 2014,
    "LocationAbbr": "MS",
    "LocationDesc": "Mississippi",
    "DataSource": "BRFSS",
    "Topic": "Obesity / Weight Status",
    "Data_Value": 36.2,
    "Sample_Size": "1,047",
    "Stratification1": "Some college or technical school",
    "StratificationId1": "EDUCOTEC",
    "LocationDisplayOrder": 28
  },
  {
    "ID": 24308,
    "Description": 2014,
    "LocationAbbr": "MO",
    "LocationDesc": "Missouri",
    "DataSource": "BRFSS",
    "Topic": "Obesity / Weight Status",
    "Data_Value": 30.3,
    "Sample_Size": "1,826",
    "Stratification1": "Some college or technical school",
    "StratificationId1": "EDUCOTEC",
    "LocationDisplayOrder": 29
  },
  {
    "ID": 32524,
    "Description": 2014,
    "LocationAbbr": "MT",
    "LocationDesc": "Montana",
    "DataSource": "BRFSS",
    "Topic": "Obesity / Weight Status",
    "Data_Value": 26.1,
    "Sample_Size": "2,085",
    "Stratification1": "Some college or technical school",
    "StratificationId1": "EDUCOTEC",
    "LocationDisplayOrder": 30
  },
  {
    "ID": 8233,
    "Description": 2014,
    "LocationAbbr": "NE",
    "LocationDesc": "Nebraska",
    "DataSource": "BRFSS",
    "Topic": "Obesity / Weight Status",
    "Data_Value": 32.5,
    "Sample_Size": "6,309",
    "Stratification1": "Some college or technical school",
    "StratificationId1": "EDUCOTEC",
    "LocationDisplayOrder": 31
  },
  {
    "ID": 2130,
    "Description": 2014,
    "LocationAbbr": "NV",
    "LocationDesc": "Nevada",
    "DataSource": "BRFSS",
    "Topic": "Obesity / Weight Status",
    "Data_Value": 27.4,
    "Sample_Size": "1,172",
    "Stratification1": "Some college or technical school",
    "StratificationId1": "EDUCOTEC",
    "LocationDisplayOrder": 32
  },
  {
    "ID": 17174,
    "Description": 2014,
    "LocationAbbr": "NH",
    "LocationDesc": "New Hampshire",
    "DataSource": "BRFSS",
    "Topic": "Obesity / Weight Status",
    "Data_Value": 31.3,
    "Sample_Size": "1,474",
    "Stratification1": "Some college or technical school",
    "StratificationId1": "EDUCOTEC",
    "LocationDisplayOrder": 33
  },
  {
    "ID": 29545,
    "Description": 2014,
    "LocationAbbr": "NJ",
    "LocationDesc": "New Jersey",
    "DataSource": "BRFSS",
    "Topic": "Obesity / Weight Status",
    "Data_Value": 26.3,
    "Sample_Size": "2,930",
    "Stratification1": "Some college or technical school",
    "StratificationId1": "EDUCOTEC",
    "LocationDisplayOrder": 34
  },
  {
    "ID": 18589,
    "Description": 2014,
    "LocationAbbr": "NM",
    "LocationDesc": "New Mexico",
    "DataSource": "BRFSS",
    "Topic": "Obesity / Weight Status",
    "Data_Value": 29.5,
    "Sample_Size": "2,225",
    "Stratification1": "Some college or technical school",
    "StratificationId1": "EDUCOTEC",
    "LocationDisplayOrder": 35
  },
  {
    "ID": 15239,
    "Description": 2014,
    "LocationAbbr": "NY",
    "LocationDesc": "New York",
    "DataSource": "BRFSS",
    "Topic": "Obesity / Weight Status",
    "Data_Value": 28.6,
    "Sample_Size": "1,475",
    "Stratification1": "Some college or technical school",
    "StratificationId1": "EDUCOTEC",
    "LocationDisplayOrder": 36
  },
  {
    "ID": 29989,
    "Description": 2014,
    "LocationAbbr": "NC",
    "LocationDesc": "North Carolina",
    "DataSource": "BRFSS",
    "Topic": "Obesity / Weight Status",
    "Data_Value": 29.5,
    "Sample_Size": "1,759",
    "Stratification1": "Some college or technical school",
    "StratificationId1": "EDUCOTEC",
    "LocationDisplayOrder": 37
  },
  {
    "ID": 9819,
    "Description": 2014,
    "LocationAbbr": "ND",
    "LocationDesc": "North Dakota",
    "DataSource": "BRFSS",
    "Topic": "Obesity / Weight Status",
    "Data_Value": 34.9,
    "Sample_Size": "2,332",
    "Stratification1": "Some college or technical school",
    "StratificationId1": "EDUCOTEC",
    "LocationDisplayOrder": 38
  },
  {
    "ID": 21165,
    "Description": 2014,
    "LocationAbbr": "OH",
    "LocationDesc": "Ohio",
    "DataSource": "BRFSS",
    "Topic": "Obesity / Weight Status",
    "Data_Value": 34.5,
    "Sample_Size": "2,575",
    "Stratification1": "Some college or technical school",
    "StratificationId1": "EDUCOTEC",
    "LocationDisplayOrder": 39
  },
  {
    "ID": 25704,
    "Description": 2014,
    "LocationAbbr": "OK",
    "LocationDesc": "Oklahoma",
    "DataSource": "BRFSS",
    "Topic": "Obesity / Weight Status",
    "Data_Value": 34.6,
    "Sample_Size": "2,255",
    "Stratification1": "Some college or technical school",
    "StratificationId1": "EDUCOTEC",
    "LocationDisplayOrder": 40
  },
  {
    "ID": 25447,
    "Description": 2014,
    "LocationAbbr": "OR",
    "LocationDesc": "Oregon",
    "DataSource": "BRFSS",
    "Topic": "Obesity / Weight Status",
    "Data_Value": 31.7,
    "Sample_Size": "1,543",
    "Stratification1": "Some college or technical school",
    "StratificationId1": "EDUCOTEC",
    "LocationDisplayOrder": 41
  },
  {
    "ID": 30055,
    "Description": 2014,
    "LocationAbbr": "PA",
    "LocationDesc": "Pennsylvania",
    "DataSource": "BRFSS",
    "Topic": "Obesity / Weight Status",
    "Data_Value": 30.9,
    "Sample_Size": "2,440",
    "Stratification1": "Some college or technical school",
    "StratificationId1": "EDUCOTEC",
    "LocationDisplayOrder": 42
  },
  {
    "ID": 27028,
    "Description": 2014,
    "LocationAbbr": "RI",
    "LocationDesc": "Rhode Island",
    "DataSource": "BRFSS",
    "Topic": "Obesity / Weight Status",
    "Data_Value": 27.3,
    "Sample_Size": "1,422",
    "Stratification1": "Some college or technical school",
    "StratificationId1": "EDUCOTEC",
    "LocationDisplayOrder": 44
  },
  {
    "ID": 18708,
    "Description": 2014,
    "LocationAbbr": "SC",
    "LocationDesc": "South Carolina",
    "DataSource": "BRFSS",
    "Topic": "Obesity / Weight Status",
    "Data_Value": 33.1,
    "Sample_Size": "2,777",
    "Stratification1": "Some college or technical school",
    "StratificationId1": "EDUCOTEC",
    "LocationDisplayOrder": 45
  },
  {
    "ID": 18682,
    "Description": 2014,
    "LocationAbbr": "SD",
    "LocationDesc": "South Dakota",
    "DataSource": "BRFSS",
    "Topic": "Obesity / Weight Status",
    "Data_Value": 31.4,
    "Sample_Size": "2,106",
    "Stratification1": "Some college or technical school",
    "StratificationId1": "EDUCOTEC",
    "LocationDisplayOrder": 46
  },
  {
    "ID": 18082,
    "Description": 2014,
    "LocationAbbr": "TN",
    "LocationDesc": "Tennessee",
    "DataSource": "BRFSS",
    "Topic": "Obesity / Weight Status",
    "Data_Value": 30.9,
    "Sample_Size": "1,167",
    "Stratification1": "Some college or technical school",
    "StratificationId1": "EDUCOTEC",
    "LocationDisplayOrder": 47
  },
  {
    "ID": 32678,
    "Description": 2014,
    "LocationAbbr": "TX",
    "LocationDesc": "Texas",
    "DataSource": "BRFSS",
    "Topic": "Obesity / Weight Status",
    "Data_Value": 32.6,
    "Sample_Size": "3,611",
    "Stratification1": "Some college or technical school",
    "StratificationId1": "EDUCOTEC",
    "LocationDisplayOrder": 48
  },
  {
    "ID": 4706,
    "Description": 2014,
    "LocationAbbr": "UT",
    "LocationDesc": "Utah",
    "DataSource": "BRFSS",
    "Topic": "Obesity / Weight Status",
    "Data_Value": 27,
    "Sample_Size": "4,455",
    "Stratification1": "Some college or technical school",
    "StratificationId1": "EDUCOTEC",
    "LocationDisplayOrder": 49
  },
  {
    "ID": 34879,
    "Description": 2014,
    "LocationAbbr": "VT",
    "LocationDesc": "Vermont",
    "DataSource": "BRFSS",
    "Topic": "Obesity / Weight Status",
    "Data_Value": 25.5,
    "Sample_Size": "1,370",
    "Stratification1": "Some college or technical school",
    "StratificationId1": "EDUCOTEC",
    "LocationDisplayOrder": 50
  },
  {
    "ID": 20061,
    "Description": 2014,
    "LocationAbbr": "VA",
    "LocationDesc": "Virginia",
    "DataSource": "BRFSS",
    "Topic": "Obesity / Weight Status",
    "Data_Value": 30.9,
    "Sample_Size": "2,263",
    "Stratification1": "Some college or technical school",
    "StratificationId1": "EDUCOTEC",
    "LocationDisplayOrder": 51
  },
  {
    "ID": 38403,
    "Description": 2014,
    "LocationAbbr": "WA",
    "LocationDesc": "Washington",
    "DataSource": "BRFSS",
    "Topic": "Obesity / Weight Status",
    "Data_Value": 28.1,
    "Sample_Size": "2,834",
    "Stratification1": "Some college or technical school",
    "StratificationId1": "EDUCOTEC",
    "LocationDisplayOrder": 53
  },
  {
    "ID": 4197,
    "Description": 2014,
    "LocationAbbr": "WV",
    "LocationDesc": "West Virginia",
    "DataSource": "BRFSS",
    "Topic": "Obesity / Weight Status",
    "Data_Value": 35.3,
    "Sample_Size": "1,447",
    "Stratification1": "Some college or technical school",
    "StratificationId1": "EDUCOTEC",
    "LocationDisplayOrder": 54
  },
  {
    "ID": 8839,
    "Description": 2014,
    "LocationAbbr": "WI",
    "LocationDesc": "Wisconsin",
    "DataSource": "BRFSS",
    "Topic": "Obesity / Weight Status",
    "Data_Value": 33.4,
    "Sample_Size": "1,955",
    "Stratification1": "Some college or technical school",
    "StratificationId1": "EDUCOTEC",
    "LocationDisplayOrder": 55
  },
  {
    "ID": 4143,
    "Description": 2014,
    "LocationAbbr": "WY",
    "LocationDesc": "Wyoming",
    "DataSource": "BRFSS",
    "Topic": "Obesity / Weight Status",
    "Data_Value": 31,
    "Sample_Size": "1,820",
    "Stratification1": "Some college or technical school",
    "StratificationId1": "EDUCOTEC",
    "LocationDisplayOrder": 56
  },
  {
    "ID": 205,
    "Description": 2014,
    "LocationAbbr": "GU",
    "LocationDesc": "Guam",
    "DataSource": "BRFSS",
    "Topic": "Obesity / Weight Status",
    "Data_Value": 27.3,
    "Sample_Size": 565,
    "Stratification1": "Some college or technical school",
    "StratificationId1": "EDUCOTEC",
    "LocationDisplayOrder": 66
  },
  {
    "ID": 894,
    "Description": 2014,
    "LocationAbbr": "PR",
    "LocationDesc": "Puerto Rico",
    "DataSource": "BRFSS",
    "Topic": "Obesity / Weight Status",
    "Data_Value": 28.6,
    "Sample_Size": "1,434",
    "Stratification1": "Some college or technical school",
    "StratificationId1": "EDUCOTEC",
    "LocationDisplayOrder": 72
  },
  {
    "ID": "",
    "Description": "",
    "LocationAbbr": "",
    "LocationDesc": "",
    "DataSource": "",
    "Topic": "",
    "Data_Value": "",
    "Sample_Size": "",
    "Stratification1": "",
    "StratificationId1": "",
    "LocationDisplayOrder": ""
  },
  {
    "ID": "",
    "Description": "",
    "LocationAbbr": "",
    "LocationDesc": "",
    "DataSource": "",
    "Topic": "",
    "Data_Value": "",
    "Sample_Size": "",
    "Stratification1": "",
    "StratificationId1": "",
    "LocationDisplayOrder": ""
  },
  {
    "ID": "",
    "Description": "",
    "LocationAbbr": "",
    "LocationDesc": "",
    "DataSource": "",
    "Topic": "",
    "Data_Value": "",
    "Sample_Size": "",
    "Stratification1": "",
    "StratificationId1": "",
    "LocationDisplayOrder": ""
  },
  {
    "ID": "",
    "Description": "",
    "LocationAbbr": "",
    "LocationDesc": "",
    "DataSource": "",
    "Topic": "",
    "Data_Value": "",
    "Sample_Size": "",
    "Stratification1": "",
    "StratificationId1": "",
    "LocationDisplayOrder": ""
  },
  {
    "ID": "",
    "Description": "",
    "LocationAbbr": "",
    "LocationDesc": "",
    "DataSource": "",
    "Topic": "",
    "Data_Value": "",
    "Sample_Size": "",
    "Stratification1": "",
    "StratificationId1": "",
    "LocationDisplayOrder": ""
  },
  {
    "ID": "",
    "Description": "",
    "LocationAbbr": "",
    "LocationDesc": "",
    "DataSource": "",
    "Topic": "",
    "Data_Value": "",
    "Sample_Size": "",
    "Stratification1": "",
    "StratificationId1": "",
    "LocationDisplayOrder": ""
  },
  {
    "ID": "",
    "Description": "",
    "LocationAbbr": "",
    "LocationDesc": "",
    "DataSource": "",
    "Topic": "",
    "Data_Value": "",
    "Sample_Size": "",
    "Stratification1": "",
    "StratificationId1": "",
    "LocationDisplayOrder": ""
  },
  {
    "ID": "",
    "Description": "",
    "LocationAbbr": "",
    "LocationDesc": "",
    "DataSource": "",
    "Topic": "",
    "Data_Value": "",
    "Sample_Size": "",
    "Stratification1": "",
    "StratificationId1": "",
    "LocationDisplayOrder": ""
  },
  {
    "ID": "",
    "Description": "",
    "LocationAbbr": "",
    "LocationDesc": "",
    "DataSource": "",
    "Topic": "",
    "Data_Value": "",
    "Sample_Size": "",
    "Stratification1": "",
    "StratificationId1": "",
    "LocationDisplayOrder": ""
  }
]