[
  {
    "ID": 61565,
    "Description": 2018,
    "LocationAbbr": "US",
    "LocationDesc": "National",
    "DataSource": "BRFSS",
    "Topic": "Obesity / Weight Status",
    "Data_Value": 24.7,
    "Sample_Size": "150,949",
    "Stratification1": "College graduate",
    "StratificationId1": "EDUCOGRAD",
    "LocationDisplayOrder": 0
  },
  {
    "ID": 61179,
    "Description": 2018,
    "LocationAbbr": "AL",
    "LocationDesc": "Alabama",
    "DataSource": "BRFSS",
    "Topic": "Obesity / Weight Status",
    "Data_Value": 29.4,
    "Sample_Size": "1,906",
    "Stratification1": "College graduate",
    "StratificationId1": "EDUCOGRAD",
    "LocationDisplayOrder": 1
  },
  {
    "ID": 61206,
    "Description": 2018,
    "LocationAbbr": "AK",
    "LocationDesc": "Alaska",
    "DataSource": "BRFSS",
    "Topic": "Obesity / Weight Status",
    "Data_Value": 24,
    "Sample_Size": 945,
    "Stratification1": "College graduate",
    "StratificationId1": "EDUCOGRAD",
    "LocationDisplayOrder": 2
  },
  {
    "ID": 61782,
    "Description": 2018,
    "LocationAbbr": "AZ",
    "LocationDesc": "Arizona",
    "DataSource": "BRFSS",
    "Topic": "Obesity / Weight Status",
    "Data_Value": 23.5,
    "Sample_Size": "2,713",
    "Stratification1": "College graduate",
    "StratificationId1": "EDUCOGRAD",
    "LocationDisplayOrder": 4
  },
  {
    "ID": 61809,
    "Description": 2018,
    "LocationAbbr": "AR",
    "LocationDesc": "Arkansas",
    "DataSource": "BRFSS",
    "Topic": "Obesity / Weight Status",
    "Data_Value": 34.1,
    "Sample_Size": "1,492",
    "Stratification1": "College graduate",
    "StratificationId1": "EDUCOGRAD",
    "LocationDisplayOrder": 5
  },
  {
    "ID": 61836,
    "Description": 2018,
    "LocationAbbr": "CA",
    "LocationDesc": "California",
    "DataSource": "BRFSS",
    "Topic": "Obesity / Weight Status",
    "Data_Value": 18.1,
    "Sample_Size": "4,619",
    "Stratification1": "College graduate",
    "StratificationId1": "EDUCOGRAD",
    "LocationDisplayOrder": 6
  },
  {
    "ID": 61583,
    "Description": 2018,
    "LocationAbbr": "CO",
    "LocationDesc": "Colorado",
    "DataSource": "BRFSS",
    "Topic": "Obesity / Weight Status",
    "Data_Value": 17.7,
    "Sample_Size": "3,824",
    "Stratification1": "College graduate",
    "StratificationId1": "EDUCOGRAD",
    "LocationDisplayOrder": 8
  },
  {
    "ID": 61610,
    "Description": 2018,
    "LocationAbbr": "CT",
    "LocationDesc": "Connecticut",
    "DataSource": "BRFSS",
    "Topic": "Obesity / Weight Status",
    "Data_Value": 22.9,
    "Sample_Size": "4,625",
    "Stratification1": "College graduate",
    "StratificationId1": "EDUCOGRAD",
    "LocationDisplayOrder": 9
  },
  {
    "ID": 61637,
    "Description": 2018,
    "LocationAbbr": "DE",
    "LocationDesc": "Delaware",
    "DataSource": "BRFSS",
    "Topic": "Obesity / Weight Status",
    "Data_Value": 27.6,
    "Sample_Size": "1,686",
    "Stratification1": "College graduate",
    "StratificationId1": "EDUCOGRAD",
    "LocationDisplayOrder": 10
  },
  {
    "ID": 61664,
    "Description": 2018,
    "LocationAbbr": "DC",
    "LocationDesc": "District of Columbia",
    "DataSource": "BRFSS",
    "Topic": "Obesity / Weight Status",
    "Data_Value": 16.4,
    "Sample_Size": "2,569",
    "Stratification1": "College graduate",
    "StratificationId1": "EDUCOGRAD",
    "LocationDisplayOrder": 11
  },
  {
    "ID": 61875,
    "Description": 2018,
    "LocationAbbr": "FL",
    "LocationDesc": "Florida",
    "DataSource": "BRFSS",
    "Topic": "Obesity / Weight Status",
    "Data_Value": 25.9,
    "Sample_Size": "4,221",
    "Stratification1": "College graduate",
    "StratificationId1": "EDUCOGRAD",
    "LocationDisplayOrder": 12
  },
  {
    "ID": 61902,
    "Description": 2018,
    "LocationAbbr": "GA",
    "LocationDesc": "Georgia",
    "DataSource": "BRFSS",
    "Topic": "Obesity / Weight Status",
    "Data_Value": 26.2,
    "Sample_Size": "3,182",
    "Stratification1": "College graduate",
    "StratificationId1": "EDUCOGRAD",
    "LocationDisplayOrder": 13
  },
  {
    "ID": 61929,
    "Description": 2018,
    "LocationAbbr": "HI",
    "LocationDesc": "Hawaii",
    "DataSource": "BRFSS",
    "Topic": "Obesity / Weight Status",
    "Data_Value": 19.1,
    "Sample_Size": "3,137",
    "Stratification1": "College graduate",
    "StratificationId1": "EDUCOGRAD",
    "LocationDisplayOrder": 15
  },
  {
    "ID": 61216,
    "Description": 2018,
    "LocationAbbr": "ID",
    "LocationDesc": "Idaho",
    "DataSource": "BRFSS",
    "Topic": "Obesity / Weight Status",
    "Data_Value": 23.1,
    "Sample_Size": "1,218",
    "Stratification1": "College graduate",
    "StratificationId1": "EDUCOGRAD",
    "LocationDisplayOrder": 16
  },
  {
    "ID": 61243,
    "Description": 2018,
    "LocationAbbr": "IL",
    "LocationDesc": "Illinois",
    "DataSource": "BRFSS",
    "Topic": "Obesity / Weight Status",
    "Data_Value": 25.1,
    "Sample_Size": "2,131",
    "Stratification1": "College graduate",
    "StratificationId1": "EDUCOGRAD",
    "LocationDisplayOrder": 17
  },
  {
    "ID": 61270,
    "Description": 2018,
    "LocationAbbr": "IN",
    "LocationDesc": "Indiana",
    "DataSource": "BRFSS",
    "Topic": "Obesity / Weight Status",
    "Data_Value": 30.2,
    "Sample_Size": "2,218",
    "Stratification1": "College graduate",
    "StratificationId1": "EDUCOGRAD",
    "LocationDisplayOrder": 18
  },
  {
    "ID": 61297,
    "Description": 2018,
    "LocationAbbr": "IA",
    "LocationDesc": "Iowa",
    "DataSource": "BRFSS",
    "Topic": "Obesity / Weight Status",
    "Data_Value": 29.2,
    "Sample_Size": "2,800",
    "Stratification1": "College graduate",
    "StratificationId1": "EDUCOGRAD",
    "LocationDisplayOrder": 19
  },
  {
    "ID": 61969,
    "Description": 2018,
    "LocationAbbr": "KS",
    "LocationDesc": "Kansas",
    "DataSource": "BRFSS",
    "Topic": "Obesity / Weight Status",
    "Data_Value": 28.9,
    "Sample_Size": "3,861",
    "Stratification1": "College graduate",
    "StratificationId1": "EDUCOGRAD",
    "LocationDisplayOrder": 20
  },
  {
    "ID": 61996,
    "Description": 2018,
    "LocationAbbr": "KY",
    "LocationDesc": "Kentucky",
    "DataSource": "BRFSS",
    "Topic": "Obesity / Weight Status",
    "Data_Value": 34.3,
    "Sample_Size": "2,493",
    "Stratification1": "College graduate",
    "StratificationId1": "EDUCOGRAD",
    "LocationDisplayOrder": 21
  },
  {
    "ID": 62206,
    "Description": 2018,
    "LocationAbbr": "LA",
    "LocationDesc": "Louisiana",
    "DataSource": "BRFSS",
    "Topic": "Obesity / Weight Status",
    "Data_Value": 29.6,
    "Sample_Size": "1,584",
    "Stratification1": "College graduate",
    "StratificationId1": "EDUCOGRAD",
    "LocationDisplayOrder": 22
  },
  {
    "ID": 62233,
    "Description": 2018,
    "LocationAbbr": "ME",
    "LocationDesc": "Maine",
    "DataSource": "BRFSS",
    "Topic": "Obesity / Weight Status",
    "Data_Value": 23.5,
    "Sample_Size": "4,026",
    "Stratification1": "College graduate",
    "StratificationId1": "EDUCOGRAD",
    "LocationDisplayOrder": 23
  },
  {
    "ID": 62260,
    "Description": 2018,
    "LocationAbbr": "MD",
    "LocationDesc": "Maryland",
    "DataSource": "BRFSS",
    "Topic": "Obesity / Weight Status",
    "Data_Value": 25.7,
    "Sample_Size": "7,493",
    "Stratification1": "College graduate",
    "StratificationId1": "EDUCOGRAD",
    "LocationDisplayOrder": 24
  },
  {
    "ID": 62287,
    "Description": 2018,
    "LocationAbbr": "MA",
    "LocationDesc": "Massachusetts",
    "DataSource": "BRFSS",
    "Topic": "Obesity / Weight Status",
    "Data_Value": 20.9,
    "Sample_Size": "3,270",
    "Stratification1": "College graduate",
    "StratificationId1": "EDUCOGRAD",
    "LocationDisplayOrder": 25
  },
  {
    "ID": 62455,
    "Description": 2018,
    "LocationAbbr": "MI",
    "LocationDesc": "Michigan",
    "DataSource": "BRFSS",
    "Topic": "Obesity / Weight Status",
    "Data_Value": 26.7,
    "Sample_Size": "3,702",
    "Stratification1": "College graduate",
    "StratificationId1": "EDUCOGRAD",
    "LocationDisplayOrder": 26
  },
  {
    "ID": 62482,
    "Description": 2018,
    "LocationAbbr": "MN",
    "LocationDesc": "Minnesota",
    "DataSource": "BRFSS",
    "Topic": "Obesity / Weight Status",
    "Data_Value": 24.3,
    "Sample_Size": "6,577",
    "Stratification1": "College graduate",
    "StratificationId1": "EDUCOGRAD",
    "LocationDisplayOrder": 27
  },
  {
    "ID": 62509,
    "Description": 2018,
    "LocationAbbr": "MS",
    "LocationDesc": "Mississippi",
    "DataSource": "BRFSS",
    "Topic": "Obesity / Weight Status",
    "Data_Value": 35.9,
    "Sample_Size": "1,485",
    "Stratification1": "College graduate",
    "StratificationId1": "EDUCOGRAD",
    "LocationDisplayOrder": 28
  },
  {
    "ID": 62916,
    "Description": 2018,
    "LocationAbbr": "MO",
    "LocationDesc": "Missouri",
    "DataSource": "BRFSS",
    "Topic": "Obesity / Weight Status",
    "Data_Value": 29.3,
    "Sample_Size": "1,873",
    "Stratification1": "College graduate",
    "StratificationId1": "EDUCOGRAD",
    "LocationDisplayOrder": 29
  },
  {
    "ID": 62943,
    "Description": 2018,
    "LocationAbbr": "MT",
    "LocationDesc": "Montana",
    "DataSource": "BRFSS",
    "Topic": "Obesity / Weight Status",
    "Data_Value": 25.8,
    "Sample_Size": "1,649",
    "Stratification1": "College graduate",
    "StratificationId1": "EDUCOGRAD",
    "LocationDisplayOrder": 30
  },
  {
    "ID": 62970,
    "Description": 2018,
    "LocationAbbr": "NE",
    "LocationDesc": "Nebraska",
    "DataSource": "BRFSS",
    "Topic": "Obesity / Weight Status",
    "Data_Value": 29.5,
    "Sample_Size": "4,218",
    "Stratification1": "College graduate",
    "StratificationId1": "EDUCOGRAD",
    "LocationDisplayOrder": 31
  },
  {
    "ID": 62997,
    "Description": 2018,
    "LocationAbbr": "NV",
    "LocationDesc": "Nevada",
    "DataSource": "BRFSS",
    "Topic": "Obesity / Weight Status",
    "Data_Value": 25.2,
    "Sample_Size": 997,
    "Stratification1": "College graduate",
    "StratificationId1": "EDUCOGRAD",
    "LocationDisplayOrder": 32
  },
  {
    "ID": 62548,
    "Description": 2018,
    "LocationAbbr": "NH",
    "LocationDesc": "New Hampshire",
    "DataSource": "BRFSS",
    "Topic": "Obesity / Weight Status",
    "Data_Value": 22.3,
    "Sample_Size": "2,276",
    "Stratification1": "College graduate",
    "StratificationId1": "EDUCOGRAD",
    "LocationDisplayOrder": 33
  },
  {
    "ID": 62575,
    "Description": 2018,
    "LocationAbbr": "NJ",
    "LocationDesc": "New Jersey",
    "DataSource": "BRFSS",
    "Topic": "Obesity / Weight Status",
    "Data_Value": 20.1,
    "Sample_Size": "1,270",
    "Stratification1": "College graduate",
    "StratificationId1": "EDUCOGRAD",
    "LocationDisplayOrder": 34
  },
  {
    "ID": 62602,
    "Description": 2018,
    "LocationAbbr": "NM",
    "LocationDesc": "New Mexico",
    "DataSource": "BRFSS",
    "Topic": "Obesity / Weight Status",
    "Data_Value": 25.7,
    "Sample_Size": "2,222",
    "Stratification1": "College graduate",
    "StratificationId1": "EDUCOGRAD",
    "LocationDisplayOrder": 35
  },
  {
    "ID": 62108,
    "Description": 2018,
    "LocationAbbr": "NY",
    "LocationDesc": "New York",
    "DataSource": "BRFSS",
    "Topic": "Obesity / Weight Status",
    "Data_Value": 22.1,
    "Sample_Size": "12,240",
    "Stratification1": "College graduate",
    "StratificationId1": "EDUCOGRAD",
    "LocationDisplayOrder": 36
  },
  {
    "ID": 62135,
    "Description": 2018,
    "LocationAbbr": "NC",
    "LocationDesc": "North Carolina",
    "DataSource": "BRFSS",
    "Topic": "Obesity / Weight Status",
    "Data_Value": 24.8,
    "Sample_Size": "1,546",
    "Stratification1": "College graduate",
    "StratificationId1": "EDUCOGRAD",
    "LocationDisplayOrder": 37
  },
  {
    "ID": 62162,
    "Description": 2018,
    "LocationAbbr": "ND",
    "LocationDesc": "North Dakota",
    "DataSource": "BRFSS",
    "Topic": "Obesity / Weight Status",
    "Data_Value": 31.2,
    "Sample_Size": "1,880",
    "Stratification1": "College graduate",
    "StratificationId1": "EDUCOGRAD",
    "LocationDisplayOrder": 38
  },
  {
    "ID": 62189,
    "Description": 2018,
    "LocationAbbr": "OH",
    "LocationDesc": "Ohio",
    "DataSource": "BRFSS",
    "Topic": "Obesity / Weight Status",
    "Data_Value": 29.4,
    "Sample_Size": "3,521",
    "Stratification1": "College graduate",
    "StratificationId1": "EDUCOGRAD",
    "LocationDisplayOrder": 39
  },
  {
    "ID": 62312,
    "Description": 2018,
    "LocationAbbr": "OK",
    "LocationDesc": "Oklahoma",
    "DataSource": "BRFSS",
    "Topic": "Obesity / Weight Status",
    "Data_Value": 33,
    "Sample_Size": "1,606",
    "Stratification1": "College graduate",
    "StratificationId1": "EDUCOGRAD",
    "LocationDisplayOrder": 40
  },
  {
    "ID": 62339,
    "Description": 2018,
    "LocationAbbr": "OR",
    "LocationDesc": "Oregon",
    "DataSource": "BRFSS",
    "Topic": "Obesity / Weight Status",
    "Data_Value": 24.5,
    "Sample_Size": "2,124",
    "Stratification1": "College graduate",
    "StratificationId1": "EDUCOGRAD",
    "LocationDisplayOrder": 41
  },
  {
    "ID": 62366,
    "Description": 2018,
    "LocationAbbr": "PA",
    "LocationDesc": "Pennsylvania",
    "DataSource": "BRFSS",
    "Topic": "Obesity / Weight Status",
    "Data_Value": 26.3,
    "Sample_Size": "2,379",
    "Stratification1": "College graduate",
    "StratificationId1": "EDUCOGRAD",
    "LocationDisplayOrder": 42
  },
  {
    "ID": 62628,
    "Description": 2018,
    "LocationAbbr": "RI",
    "LocationDesc": "Rhode Island",
    "DataSource": "BRFSS",
    "Topic": "Obesity / Weight Status",
    "Data_Value": 22.5,
    "Sample_Size": "2,218",
    "Stratification1": "College graduate",
    "StratificationId1": "EDUCOGRAD",
    "LocationDisplayOrder": 44
  },
  {
    "ID": 62655,
    "Description": 2018,
    "LocationAbbr": "SC",
    "LocationDesc": "South Carolina",
    "DataSource": "BRFSS",
    "Topic": "Obesity / Weight Status",
    "Data_Value": 29.3,
    "Sample_Size": "3,327",
    "Stratification1": "College graduate",
    "StratificationId1": "EDUCOGRAD",
    "LocationDisplayOrder": 45
  },
  {
    "ID": 62682,
    "Description": 2018,
    "LocationAbbr": "SD",
    "LocationDesc": "South Dakota",
    "DataSource": "BRFSS",
    "Topic": "Obesity / Weight Status",
    "Data_Value": 28.5,
    "Sample_Size": "2,279",
    "Stratification1": "College graduate",
    "StratificationId1": "EDUCOGRAD",
    "LocationDisplayOrder": 46
  },
  {
    "ID": 62709,
    "Description": 2018,
    "LocationAbbr": "TN",
    "LocationDesc": "Tennessee",
    "DataSource": "BRFSS",
    "Topic": "Obesity / Weight Status",
    "Data_Value": 29,
    "Sample_Size": "1,579",
    "Stratification1": "College graduate",
    "StratificationId1": "EDUCOGRAD",
    "LocationDisplayOrder": 47
  },
  {
    "ID": 62736,
    "Description": 2018,
    "LocationAbbr": "TX",
    "LocationDesc": "Texas",
    "DataSource": "BRFSS",
    "Topic": "Obesity / Weight Status",
    "Data_Value": 29.2,
    "Sample_Size": "3,942",
    "Stratification1": "College graduate",
    "StratificationId1": "EDUCOGRAD",
    "LocationDisplayOrder": 48
  },
  {
    "ID": 62763,
    "Description": 2018,
    "LocationAbbr": "UT",
    "LocationDesc": "Utah",
    "DataSource": "BRFSS",
    "Topic": "Obesity / Weight Status",
    "Data_Value": 24.5,
    "Sample_Size": "3,808",
    "Stratification1": "College graduate",
    "StratificationId1": "EDUCOGRAD",
    "LocationDisplayOrder": 49
  },
  {
    "ID": 62790,
    "Description": 2018,
    "LocationAbbr": "VT",
    "LocationDesc": "Vermont",
    "DataSource": "BRFSS",
    "Topic": "Obesity / Weight Status",
    "Data_Value": 19.4,
    "Sample_Size": "2,742",
    "Stratification1": "College graduate",
    "StratificationId1": "EDUCOGRAD",
    "LocationDisplayOrder": 50
  },
  {
    "ID": 62817,
    "Description": 2018,
    "LocationAbbr": "VA",
    "LocationDesc": "Virginia",
    "DataSource": "BRFSS",
    "Topic": "Obesity / Weight Status",
    "Data_Value": 25.2,
    "Sample_Size": "4,093",
    "Stratification1": "College graduate",
    "StratificationId1": "EDUCOGRAD",
    "LocationDisplayOrder": 51
  },
  {
    "ID": 62844,
    "Description": 2018,
    "LocationAbbr": "WA",
    "LocationDesc": "Washington",
    "DataSource": "BRFSS",
    "Topic": "Obesity / Weight Status",
    "Data_Value": 21.2,
    "Sample_Size": "4,974",
    "Stratification1": "College graduate",
    "StratificationId1": "EDUCOGRAD",
    "LocationDisplayOrder": 53
  },
  {
    "ID": 62871,
    "Description": 2018,
    "LocationAbbr": "WV",
    "LocationDesc": "West Virginia",
    "DataSource": "BRFSS",
    "Topic": "Obesity / Weight Status",
    "Data_Value": 36,
    "Sample_Size": "1,354",
    "Stratification1": "College graduate",
    "StratificationId1": "EDUCOGRAD",
    "LocationDisplayOrder": 54
  },
  {
    "ID": 62898,
    "Description": 2018,
    "LocationAbbr": "WI",
    "LocationDesc": "Wisconsin",
    "DataSource": "BRFSS",
    "Topic": "Obesity / Weight Status",
    "Data_Value": 25.2,
    "Sample_Size": "1,635",
    "Stratification1": "College graduate",
    "StratificationId1": "EDUCOGRAD",
    "LocationDisplayOrder": 55
  },
  {
    "ID": 63021,
    "Description": 2018,
    "LocationAbbr": "WY",
    "LocationDesc": "Wyoming",
    "DataSource": "BRFSS",
    "Topic": "Obesity / Weight Status",
    "Data_Value": 24.4,
    "Sample_Size": "1,420",
    "Stratification1": "College graduate",
    "StratificationId1": "EDUCOGRAD",
    "LocationDisplayOrder": 56
  },
  {
    "ID": 63048,
    "Description": 2018,
    "LocationAbbr": "GU",
    "LocationDesc": "Guam",
    "DataSource": "BRFSS",
    "Topic": "Obesity / Weight Status",
    "Data_Value": 22.7,
    "Sample_Size": 496,
    "Stratification1": "College graduate",
    "StratificationId1": "EDUCOGRAD",
    "LocationDisplayOrder": 66
  },
  {
    "ID": 63075,
    "Description": 2018,
    "LocationAbbr": "PR",
    "LocationDesc": "Puerto Rico",
    "DataSource": "BRFSS",
    "Topic": "Obesity / Weight Status",
    "Data_Value": 30.6,
    "Sample_Size": "1,513",
    "Stratification1": "College graduate",
    "StratificationId1": "EDUCOGRAD",
    "LocationDisplayOrder": 72
  },
  {
    "ID": 63103,
    "Description": 2018,
    "LocationAbbr": "VI",
    "LocationDesc": "Virgin Islands",
    "DataSource": "BRFSS",
    "Topic": "Obesity / Weight Status",
    "Data_Value": "~",
    "Sample_Size": "~",
    "Stratification1": "College graduate",
    "StratificationId1": "EDUCOGRAD",
    "LocationDisplayOrder": 78
  },
  {
    "ID": "",
    "Description": "",
    "LocationAbbr": "",
    "LocationDesc": "",
    "DataSource": "",
    "Topic": "",
    "Data_Value": "",
    "Sample_Size": "",
    "Stratification1": "",
    "StratificationId1": "",
    "LocationDisplayOrder": ""
  },
  {
    "ID": "",
    "Description": "",
    "LocationAbbr": "",
    "LocationDesc": "",
    "DataSource": "",
    "Topic": "",
    "Data_Value": "",
    "Sample_Size": "",
    "Stratification1": "",
    "StratificationId1": "",
    "LocationDisplayOrder": ""
  },
  {
    "ID": "",
    "Description": "",
    "LocationAbbr": "",
    "LocationDesc": "",
    "DataSource": "",
    "Topic": "",
    "Data_Value": "",
    "Sample_Size": "",
    "Stratification1": "",
    "StratificationId1": "",
    "LocationDisplayOrder": ""
  },
  {
    "ID": "",
    "Description": "",
    "LocationAbbr": "",
    "LocationDesc": "",
    "DataSource": "",
    "Topic": "",
    "Data_Value": "",
    "Sample_Size": "",
    "Stratification1": "",
    "StratificationId1": "",
    "LocationDisplayOrder": ""
  },
  {
    "ID": "",
    "Description": "",
    "LocationAbbr": "",
    "LocationDesc": "",
    "DataSource": "",
    "Topic": "",
    "Data_Value": "",
    "Sample_Size": "",
    "Stratification1": "",
    "StratificationId1": "",
    "LocationDisplayOrder": ""
  },
  {
    "ID": "",
    "Description": "",
    "LocationAbbr": "",
    "LocationDesc": "",
    "DataSource": "",
    "Topic": "",
    "Data_Value": "",
    "Sample_Size": "",
    "Stratification1": "",
    "StratificationId1": "",
    "LocationDisplayOrder": ""
  },
  {
    "ID": "",
    "Description": "",
    "LocationAbbr": "",
    "LocationDesc": "",
    "DataSource": "",
    "Topic": "",
    "Data_Value": "",
    "Sample_Size": "",
    "Stratification1": "",
    "StratificationId1": "",
    "LocationDisplayOrder": ""
  },
  {
    "ID": "",
    "Description": "",
    "LocationAbbr": "",
    "LocationDesc": "",
    "DataSource": "",
    "Topic": "",
    "Data_Value": "",
    "Sample_Size": "",
    "Stratification1": "",
    "StratificationId1": "",
    "LocationDisplayOrder": ""
  },
  {
    "ID": "",
    "Description": "",
    "LocationAbbr": "",
    "LocationDesc": "",
    "DataSource": "",
    "Topic": "",
    "Data_Value": "",
    "Sample_Size": "",
    "Stratification1": "",
    "StratificationId1": "",
    "LocationDisplayOrder": ""
  },
  {
    "ID": "",
    "Description": "",
    "LocationAbbr": "",
    "LocationDesc": "",
    "DataSource": "",
    "Topic": "",
    "Data_Value": "",
    "Sample_Size": "",
    "Stratification1": "",
    "StratificationId1": "",
    "LocationDisplayOrder": ""
  }
]