[
  {
    "ID": 61560,
    "Description": 2018,
    "LocationAbbr": "US",
    "LocationDesc": "National",
    "DataSource": "BRFSS",
    "Topic": "Obesity / Weight Status",
    "Data_Value": 30.6,
    "Sample_Size": "186,217",
    "Stratification1": "Male",
    "StratificationId1": "MALE",
    "LocationDisplayOrder": 0
  },
  {
    "ID": 61174,
    "Description": 2018,
    "LocationAbbr": "AL",
    "LocationDesc": "Alabama",
    "DataSource": "BRFSS",
    "Topic": "Obesity / Weight Status",
    "Data_Value": 34.6,
    "Sample_Size": "2,626",
    "Stratification1": "Male",
    "StratificationId1": "MALE",
    "LocationDisplayOrder": 1
  },
  {
    "ID": 61201,
    "Description": 2018,
    "LocationAbbr": "AK",
    "LocationDesc": "Alaska",
    "DataSource": "BRFSS",
    "Topic": "Obesity / Weight Status",
    "Data_Value": 29.9,
    "Sample_Size": "1,341",
    "Stratification1": "Male",
    "StratificationId1": "MALE",
    "LocationDisplayOrder": 2
  },
  {
    "ID": 61777,
    "Description": 2018,
    "LocationAbbr": "AZ",
    "LocationDesc": "Arizona",
    "DataSource": "BRFSS",
    "Topic": "Obesity / Weight Status",
    "Data_Value": 31,
    "Sample_Size": "3,516",
    "Stratification1": "Male",
    "StratificationId1": "MALE",
    "LocationDisplayOrder": 4
  },
  {
    "ID": 61804,
    "Description": 2018,
    "LocationAbbr": "AR",
    "LocationDesc": "Arkansas",
    "DataSource": "BRFSS",
    "Topic": "Obesity / Weight Status",
    "Data_Value": 34.9,
    "Sample_Size": "1,908",
    "Stratification1": "Male",
    "StratificationId1": "MALE",
    "LocationDisplayOrder": 5
  },
  {
    "ID": 61831,
    "Description": 2018,
    "LocationAbbr": "CA",
    "LocationDesc": "California",
    "DataSource": "BRFSS",
    "Topic": "Obesity / Weight Status",
    "Data_Value": 26,
    "Sample_Size": "5,733",
    "Stratification1": "Male",
    "StratificationId1": "MALE",
    "LocationDisplayOrder": 6
  },
  {
    "ID": 61578,
    "Description": 2018,
    "LocationAbbr": "CO",
    "LocationDesc": "Colorado",
    "DataSource": "BRFSS",
    "Topic": "Obesity / Weight Status",
    "Data_Value": 21.8,
    "Sample_Size": "4,115",
    "Stratification1": "Male",
    "StratificationId1": "MALE",
    "LocationDisplayOrder": 8
  },
  {
    "ID": 61605,
    "Description": 2018,
    "LocationAbbr": "CT",
    "LocationDesc": "Connecticut",
    "DataSource": "BRFSS",
    "Topic": "Obesity / Weight Status",
    "Data_Value": 28.4,
    "Sample_Size": "4,504",
    "Stratification1": "Male",
    "StratificationId1": "MALE",
    "LocationDisplayOrder": 9
  },
  {
    "ID": 61632,
    "Description": 2018,
    "LocationAbbr": "DE",
    "LocationDesc": "Delaware",
    "DataSource": "BRFSS",
    "Topic": "Obesity / Weight Status",
    "Data_Value": 33.6,
    "Sample_Size": "2,119",
    "Stratification1": "Male",
    "StratificationId1": "MALE",
    "LocationDisplayOrder": 10
  },
  {
    "ID": 61659,
    "Description": 2018,
    "LocationAbbr": "DC",
    "LocationDesc": "District of Columbia",
    "DataSource": "BRFSS",
    "Topic": "Obesity / Weight Status",
    "Data_Value": 21.2,
    "Sample_Size": "1,884",
    "Stratification1": "Male",
    "StratificationId1": "MALE",
    "LocationDisplayOrder": 11
  },
  {
    "ID": 61870,
    "Description": 2018,
    "LocationAbbr": "FL",
    "LocationDesc": "Florida",
    "DataSource": "BRFSS",
    "Topic": "Obesity / Weight Status",
    "Data_Value": 31.1,
    "Sample_Size": "6,394",
    "Stratification1": "Male",
    "StratificationId1": "MALE",
    "LocationDisplayOrder": 12
  },
  {
    "ID": 61897,
    "Description": 2018,
    "LocationAbbr": "GA",
    "LocationDesc": "Georgia",
    "DataSource": "BRFSS",
    "Topic": "Obesity / Weight Status",
    "Data_Value": 31.6,
    "Sample_Size": "3,736",
    "Stratification1": "Male",
    "StratificationId1": "MALE",
    "LocationDisplayOrder": 13
  },
  {
    "ID": 61924,
    "Description": 2018,
    "LocationAbbr": "HI",
    "LocationDesc": "Hawaii",
    "DataSource": "BRFSS",
    "Topic": "Obesity / Weight Status",
    "Data_Value": 26.8,
    "Sample_Size": "3,684",
    "Stratification1": "Male",
    "StratificationId1": "MALE",
    "LocationDisplayOrder": 15
  },
  {
    "ID": 61211,
    "Description": 2018,
    "LocationAbbr": "ID",
    "LocationDesc": "Idaho",
    "DataSource": "BRFSS",
    "Topic": "Obesity / Weight Status",
    "Data_Value": 29.7,
    "Sample_Size": "1,766",
    "Stratification1": "Male",
    "StratificationId1": "MALE",
    "LocationDisplayOrder": 16
  },
  {
    "ID": 61238,
    "Description": 2018,
    "LocationAbbr": "IL",
    "LocationDesc": "Illinois",
    "DataSource": "BRFSS",
    "Topic": "Obesity / Weight Status",
    "Data_Value": 30.1,
    "Sample_Size": "2,443",
    "Stratification1": "Male",
    "StratificationId1": "MALE",
    "LocationDisplayOrder": 17
  },
  {
    "ID": 61265,
    "Description": 2018,
    "LocationAbbr": "IN",
    "LocationDesc": "Indiana",
    "DataSource": "BRFSS",
    "Topic": "Obesity / Weight Status",
    "Data_Value": 33.9,
    "Sample_Size": "3,055",
    "Stratification1": "Male",
    "StratificationId1": "MALE",
    "LocationDisplayOrder": 18
  },
  {
    "ID": 61292,
    "Description": 2018,
    "LocationAbbr": "IA",
    "LocationDesc": "Iowa",
    "DataSource": "BRFSS",
    "Topic": "Obesity / Weight Status",
    "Data_Value": 36,
    "Sample_Size": "4,186",
    "Stratification1": "Male",
    "StratificationId1": "MALE",
    "LocationDisplayOrder": 19
  },
  {
    "ID": 61964,
    "Description": 2018,
    "LocationAbbr": "KS",
    "LocationDesc": "Kansas",
    "DataSource": "BRFSS",
    "Topic": "Obesity / Weight Status",
    "Data_Value": 33.3,
    "Sample_Size": "4,762",
    "Stratification1": "Male",
    "StratificationId1": "MALE",
    "LocationDisplayOrder": 20
  },
  {
    "ID": 61991,
    "Description": 2018,
    "LocationAbbr": "KY",
    "LocationDesc": "Kentucky",
    "DataSource": "BRFSS",
    "Topic": "Obesity / Weight Status",
    "Data_Value": 36.4,
    "Sample_Size": "3,517",
    "Stratification1": "Male",
    "StratificationId1": "MALE",
    "LocationDisplayOrder": 21
  },
  {
    "ID": 62018,
    "Description": 2018,
    "LocationAbbr": "LA",
    "LocationDesc": "Louisiana",
    "DataSource": "BRFSS",
    "Topic": "Obesity / Weight Status",
    "Data_Value": 34.1,
    "Sample_Size": "2,138",
    "Stratification1": "Male",
    "StratificationId1": "MALE",
    "LocationDisplayOrder": 22
  },
  {
    "ID": 62228,
    "Description": 2018,
    "LocationAbbr": "ME",
    "LocationDesc": "Maine",
    "DataSource": "BRFSS",
    "Topic": "Obesity / Weight Status",
    "Data_Value": 31.5,
    "Sample_Size": "4,469",
    "Stratification1": "Male",
    "StratificationId1": "MALE",
    "LocationDisplayOrder": 23
  },
  {
    "ID": 62255,
    "Description": 2018,
    "LocationAbbr": "MD",
    "LocationDesc": "Maryland",
    "DataSource": "BRFSS",
    "Topic": "Obesity / Weight Status",
    "Data_Value": 28.6,
    "Sample_Size": "7,139",
    "Stratification1": "Male",
    "StratificationId1": "MALE",
    "LocationDisplayOrder": 24
  },
  {
    "ID": 62282,
    "Description": 2018,
    "LocationAbbr": "MA",
    "LocationDesc": "Massachusetts",
    "DataSource": "BRFSS",
    "Topic": "Obesity / Weight Status",
    "Data_Value": 27,
    "Sample_Size": "2,924",
    "Stratification1": "Male",
    "StratificationId1": "MALE",
    "LocationDisplayOrder": 25
  },
  {
    "ID": 62450,
    "Description": 2018,
    "LocationAbbr": "MI",
    "LocationDesc": "Michigan",
    "DataSource": "BRFSS",
    "Topic": "Obesity / Weight Status",
    "Data_Value": 31.4,
    "Sample_Size": "4,666",
    "Stratification1": "Male",
    "StratificationId1": "MALE",
    "LocationDisplayOrder": 26
  },
  {
    "ID": 62477,
    "Description": 2018,
    "LocationAbbr": "MN",
    "LocationDesc": "Minnesota",
    "DataSource": "BRFSS",
    "Topic": "Obesity / Weight Status",
    "Data_Value": 32.4,
    "Sample_Size": "7,929",
    "Stratification1": "Male",
    "StratificationId1": "MALE",
    "LocationDisplayOrder": 27
  },
  {
    "ID": 62504,
    "Description": 2018,
    "LocationAbbr": "MS",
    "LocationDesc": "Mississippi",
    "DataSource": "BRFSS",
    "Topic": "Obesity / Weight Status",
    "Data_Value": 36.1,
    "Sample_Size": "2,274",
    "Stratification1": "Male",
    "StratificationId1": "MALE",
    "LocationDisplayOrder": 28
  },
  {
    "ID": 62531,
    "Description": 2018,
    "LocationAbbr": "MO",
    "LocationDesc": "Missouri",
    "DataSource": "BRFSS",
    "Topic": "Obesity / Weight Status",
    "Data_Value": 34.4,
    "Sample_Size": "2,591",
    "Stratification1": "Male",
    "StratificationId1": "MALE",
    "LocationDisplayOrder": 29
  },
  {
    "ID": 62938,
    "Description": 2018,
    "LocationAbbr": "MT",
    "LocationDesc": "Montana",
    "DataSource": "BRFSS",
    "Topic": "Obesity / Weight Status",
    "Data_Value": 27.8,
    "Sample_Size": "2,333",
    "Stratification1": "Male",
    "StratificationId1": "MALE",
    "LocationDisplayOrder": 30
  },
  {
    "ID": 62965,
    "Description": 2018,
    "LocationAbbr": "NE",
    "LocationDesc": "Nebraska",
    "DataSource": "BRFSS",
    "Topic": "Obesity / Weight Status",
    "Data_Value": 34.5,
    "Sample_Size": "6,334",
    "Stratification1": "Male",
    "StratificationId1": "MALE",
    "LocationDisplayOrder": 31
  },
  {
    "ID": 62992,
    "Description": 2018,
    "LocationAbbr": "NV",
    "LocationDesc": "Nevada",
    "DataSource": "BRFSS",
    "Topic": "Obesity / Weight Status",
    "Data_Value": 29.7,
    "Sample_Size": "1,466",
    "Stratification1": "Male",
    "StratificationId1": "MALE",
    "LocationDisplayOrder": 32
  },
  {
    "ID": 62543,
    "Description": 2018,
    "LocationAbbr": "NH",
    "LocationDesc": "New Hampshire",
    "DataSource": "BRFSS",
    "Topic": "Obesity / Weight Status",
    "Data_Value": 31.1,
    "Sample_Size": "2,453",
    "Stratification1": "Male",
    "StratificationId1": "MALE",
    "LocationDisplayOrder": 33
  },
  {
    "ID": 62570,
    "Description": 2018,
    "LocationAbbr": "NJ",
    "LocationDesc": "New Jersey",
    "DataSource": "BRFSS",
    "Topic": "Obesity / Weight Status",
    "Data_Value": 25.8,
    "Sample_Size": "1,384",
    "Stratification1": "Male",
    "StratificationId1": "MALE",
    "LocationDisplayOrder": 34
  },
  {
    "ID": 62597,
    "Description": 2018,
    "LocationAbbr": "NM",
    "LocationDesc": "New Mexico",
    "DataSource": "BRFSS",
    "Topic": "Obesity / Weight Status",
    "Data_Value": 31.2,
    "Sample_Size": "2,970",
    "Stratification1": "Male",
    "StratificationId1": "MALE",
    "LocationDisplayOrder": 35
  },
  {
    "ID": 62624,
    "Description": 2018,
    "LocationAbbr": "NY",
    "LocationDesc": "New York",
    "DataSource": "BRFSS",
    "Topic": "Obesity / Weight Status",
    "Data_Value": 27.9,
    "Sample_Size": "15,565",
    "Stratification1": "Male",
    "StratificationId1": "MALE",
    "LocationDisplayOrder": 36
  },
  {
    "ID": 62130,
    "Description": 2018,
    "LocationAbbr": "NC",
    "LocationDesc": "North Carolina",
    "DataSource": "BRFSS",
    "Topic": "Obesity / Weight Status",
    "Data_Value": 32.1,
    "Sample_Size": "2,072",
    "Stratification1": "Male",
    "StratificationId1": "MALE",
    "LocationDisplayOrder": 37
  },
  {
    "ID": 62157,
    "Description": 2018,
    "LocationAbbr": "ND",
    "LocationDesc": "North Dakota",
    "DataSource": "BRFSS",
    "Topic": "Obesity / Weight Status",
    "Data_Value": 36,
    "Sample_Size": "2,611",
    "Stratification1": "Male",
    "StratificationId1": "MALE",
    "LocationDisplayOrder": 38
  },
  {
    "ID": 62184,
    "Description": 2018,
    "LocationAbbr": "OH",
    "LocationDesc": "Ohio",
    "DataSource": "BRFSS",
    "Topic": "Obesity / Weight Status",
    "Data_Value": 33.8,
    "Sample_Size": "5,233",
    "Stratification1": "Male",
    "StratificationId1": "MALE",
    "LocationDisplayOrder": 39
  },
  {
    "ID": 62307,
    "Description": 2018,
    "LocationAbbr": "OK",
    "LocationDesc": "Oklahoma",
    "DataSource": "BRFSS",
    "Topic": "Obesity / Weight Status",
    "Data_Value": 32.8,
    "Sample_Size": "2,097",
    "Stratification1": "Male",
    "StratificationId1": "MALE",
    "LocationDisplayOrder": 40
  },
  {
    "ID": 62334,
    "Description": 2018,
    "LocationAbbr": "OR",
    "LocationDesc": "Oregon",
    "DataSource": "BRFSS",
    "Topic": "Obesity / Weight Status",
    "Data_Value": 29.2,
    "Sample_Size": "2,617",
    "Stratification1": "Male",
    "StratificationId1": "MALE",
    "LocationDisplayOrder": 41
  },
  {
    "ID": 62361,
    "Description": 2018,
    "LocationAbbr": "PA",
    "LocationDesc": "Pennsylvania",
    "DataSource": "BRFSS",
    "Topic": "Obesity / Weight Status",
    "Data_Value": 30.9,
    "Sample_Size": "2,881",
    "Stratification1": "Male",
    "StratificationId1": "MALE",
    "LocationDisplayOrder": 42
  },
  {
    "ID": 62388,
    "Description": 2018,
    "LocationAbbr": "RI",
    "LocationDesc": "Rhode Island",
    "DataSource": "BRFSS",
    "Topic": "Obesity / Weight Status",
    "Data_Value": 28.4,
    "Sample_Size": "2,366",
    "Stratification1": "Male",
    "StratificationId1": "MALE",
    "LocationDisplayOrder": 44
  },
  {
    "ID": 62650,
    "Description": 2018,
    "LocationAbbr": "SC",
    "LocationDesc": "South Carolina",
    "DataSource": "BRFSS",
    "Topic": "Obesity / Weight Status",
    "Data_Value": 32.3,
    "Sample_Size": "4,173",
    "Stratification1": "Male",
    "StratificationId1": "MALE",
    "LocationDisplayOrder": 45
  },
  {
    "ID": 62677,
    "Description": 2018,
    "LocationAbbr": "SD",
    "LocationDesc": "South Dakota",
    "DataSource": "BRFSS",
    "Topic": "Obesity / Weight Status",
    "Data_Value": 31.1,
    "Sample_Size": "3,123",
    "Stratification1": "Male",
    "StratificationId1": "MALE",
    "LocationDisplayOrder": 46
  },
  {
    "ID": 62704,
    "Description": 2018,
    "LocationAbbr": "TN",
    "LocationDesc": "Tennessee",
    "DataSource": "BRFSS",
    "Topic": "Obesity / Weight Status",
    "Data_Value": 33.5,
    "Sample_Size": "2,224",
    "Stratification1": "Male",
    "StratificationId1": "MALE",
    "LocationDisplayOrder": 47
  },
  {
    "ID": 62731,
    "Description": 2018,
    "LocationAbbr": "TX",
    "LocationDesc": "Texas",
    "DataSource": "BRFSS",
    "Topic": "Obesity / Weight Status",
    "Data_Value": 33.5,
    "Sample_Size": "4,698",
    "Stratification1": "Male",
    "StratificationId1": "MALE",
    "LocationDisplayOrder": 48
  },
  {
    "ID": 62758,
    "Description": 2018,
    "LocationAbbr": "UT",
    "LocationDesc": "Utah",
    "DataSource": "BRFSS",
    "Topic": "Obesity / Weight Status",
    "Data_Value": 28.7,
    "Sample_Size": "5,015",
    "Stratification1": "Male",
    "StratificationId1": "MALE",
    "LocationDisplayOrder": 49
  },
  {
    "ID": 62785,
    "Description": 2018,
    "LocationAbbr": "VT",
    "LocationDesc": "Vermont",
    "DataSource": "BRFSS",
    "Topic": "Obesity / Weight Status",
    "Data_Value": 27.7,
    "Sample_Size": "2,820",
    "Stratification1": "Male",
    "StratificationId1": "MALE",
    "LocationDisplayOrder": 50
  },
  {
    "ID": 62812,
    "Description": 2018,
    "LocationAbbr": "VA",
    "LocationDesc": "Virginia",
    "DataSource": "BRFSS",
    "Topic": "Obesity / Weight Status",
    "Data_Value": 30.4,
    "Sample_Size": "4,412",
    "Stratification1": "Male",
    "StratificationId1": "MALE",
    "LocationDisplayOrder": 51
  },
  {
    "ID": 62839,
    "Description": 2018,
    "LocationAbbr": "WA",
    "LocationDesc": "Washington",
    "DataSource": "BRFSS",
    "Topic": "Obesity / Weight Status",
    "Data_Value": 29.4,
    "Sample_Size": "5,710",
    "Stratification1": "Male",
    "StratificationId1": "MALE",
    "LocationDisplayOrder": 53
  },
  {
    "ID": 62866,
    "Description": 2018,
    "LocationAbbr": "WV",
    "LocationDesc": "West Virginia",
    "DataSource": "BRFSS",
    "Topic": "Obesity / Weight Status",
    "Data_Value": 40.6,
    "Sample_Size": "2,077",
    "Stratification1": "Male",
    "StratificationId1": "MALE",
    "LocationDisplayOrder": 54
  },
  {
    "ID": 62893,
    "Description": 2018,
    "LocationAbbr": "WI",
    "LocationDesc": "Wisconsin",
    "DataSource": "BRFSS",
    "Topic": "Obesity / Weight Status",
    "Data_Value": 31,
    "Sample_Size": "2,241",
    "Stratification1": "Male",
    "StratificationId1": "MALE",
    "LocationDisplayOrder": 55
  },
  {
    "ID": 63016,
    "Description": 2018,
    "LocationAbbr": "WY",
    "LocationDesc": "Wyoming",
    "DataSource": "BRFSS",
    "Topic": "Obesity / Weight Status",
    "Data_Value": 30.2,
    "Sample_Size": "1,923",
    "Stratification1": "Male",
    "StratificationId1": "MALE",
    "LocationDisplayOrder": 56
  },
  {
    "ID": 63043,
    "Description": 2018,
    "LocationAbbr": "GU",
    "LocationDesc": "Guam",
    "DataSource": "BRFSS",
    "Topic": "Obesity / Weight Status",
    "Data_Value": 29,
    "Sample_Size": 691,
    "Stratification1": "Male",
    "StratificationId1": "MALE",
    "LocationDisplayOrder": 66
  },
  {
    "ID": 63070,
    "Description": 2018,
    "LocationAbbr": "PR",
    "LocationDesc": "Puerto Rico",
    "DataSource": "BRFSS",
    "Topic": "Obesity / Weight Status",
    "Data_Value": 33.1,
    "Sample_Size": "1,807",
    "Stratification1": "Male",
    "StratificationId1": "MALE",
    "LocationDisplayOrder": 72
  },
  {
    "ID": 63098,
    "Description": 2018,
    "LocationAbbr": "VI",
    "LocationDesc": "Virgin Islands",
    "DataSource": "BRFSS",
    "Topic": "Obesity / Weight Status",
    "Data_Value": "~",
    "Sample_Size": "~",
    "Stratification1": "Male",
    "StratificationId1": "MALE",
    "LocationDisplayOrder": 78
  },
  {
    "ID": "",
    "Description": "",
    "LocationAbbr": "",
    "LocationDesc": "",
    "DataSource": "",
    "Topic": "",
    "Data_Value": "",
    "Sample_Size": "",
    "Stratification1": "",
    "StratificationId1": "",
    "LocationDisplayOrder": ""
  },
  {
    "ID": "",
    "Description": "",
    "LocationAbbr": "",
    "LocationDesc": "",
    "DataSource": "",
    "Topic": "",
    "Data_Value": "",
    "Sample_Size": "",
    "Stratification1": "",
    "StratificationId1": "",
    "LocationDisplayOrder": ""
  },
  {
    "ID": "",
    "Description": "",
    "LocationAbbr": "",
    "LocationDesc": "",
    "DataSource": "",
    "Topic": "",
    "Data_Value": "",
    "Sample_Size": "",
    "Stratification1": "",
    "StratificationId1": "",
    "LocationDisplayOrder": ""
  },
  {
    "ID": "",
    "Description": "",
    "LocationAbbr": "",
    "LocationDesc": "",
    "DataSource": "",
    "Topic": "",
    "Data_Value": "",
    "Sample_Size": "",
    "Stratification1": "",
    "StratificationId1": "",
    "LocationDisplayOrder": ""
  },
  {
    "ID": "",
    "Description": "",
    "LocationAbbr": "",
    "LocationDesc": "",
    "DataSource": "",
    "Topic": "",
    "Data_Value": "",
    "Sample_Size": "",
    "Stratification1": "",
    "StratificationId1": "",
    "LocationDisplayOrder": ""
  },
  {
    "ID": "",
    "Description": "",
    "LocationAbbr": "",
    "LocationDesc": "",
    "DataSource": "",
    "Topic": "",
    "Data_Value": "",
    "Sample_Size": "",
    "Stratification1": "",
    "StratificationId1": "",
    "LocationDisplayOrder": ""
  },
  {
    "ID": "",
    "Description": "",
    "LocationAbbr": "",
    "LocationDesc": "",
    "DataSource": "",
    "Topic": "",
    "Data_Value": "",
    "Sample_Size": "",
    "Stratification1": "",
    "StratificationId1": "",
    "LocationDisplayOrder": ""
  },
  {
    "ID": "",
    "Description": "",
    "LocationAbbr": "",
    "LocationDesc": "",
    "DataSource": "",
    "Topic": "",
    "Data_Value": "",
    "Sample_Size": "",
    "Stratification1": "",
    "StratificationId1": "",
    "LocationDisplayOrder": ""
  },
  {
    "ID": "",
    "Description": "",
    "LocationAbbr": "",
    "LocationDesc": "",
    "DataSource": "",
    "Topic": "",
    "Data_Value": "",
    "Sample_Size": "",
    "Stratification1": "",
    "StratificationId1": "",
    "LocationDisplayOrder": ""
  },
  {
    "ID": "",
    "Description": "",
    "LocationAbbr": "",
    "LocationDesc": "",
    "DataSource": "",
    "Topic": "",
    "Data_Value": "",
    "Sample_Size": "",
    "Stratification1": "",
    "StratificationId1": "",
    "LocationDisplayOrder": ""
  }
]