[
  {
    "ID": 61568,
    "Description": 2018,
    "LocationAbbr": "US",
    "LocationDesc": "National",
    "DataSource": "BRFSS",
    "Topic": "Obesity / Weight Status",
    "Data_Value": 34.5,
    "Sample_Size": "46,846",
    "Stratification1": "35 - 44",
    "StratificationId1": "AGEYR3544",
    "LocationDisplayOrder": 0
  },
  {
    "ID": 61182,
    "Description": 2018,
    "LocationAbbr": "AL",
    "LocationDesc": "Alabama",
    "DataSource": "BRFSS",
    "Topic": "Obesity / Weight Status",
    "Data_Value": 42,
    "Sample_Size": 719,
    "Stratification1": "35 - 44",
    "StratificationId1": "AGEYR3544",
    "LocationDisplayOrder": 1
  },
  {
    "ID": 61758,
    "Description": 2018,
    "LocationAbbr": "AK",
    "LocationDesc": "Alaska",
    "DataSource": "BRFSS",
    "Topic": "Obesity / Weight Status",
    "Data_Value": 29.8,
    "Sample_Size": 341,
    "Stratification1": "35 - 44",
    "StratificationId1": "AGEYR3544",
    "LocationDisplayOrder": 2
  },
  {
    "ID": 61785,
    "Description": 2018,
    "LocationAbbr": "AZ",
    "LocationDesc": "Arizona",
    "DataSource": "BRFSS",
    "Topic": "Obesity / Weight Status",
    "Data_Value": 30.4,
    "Sample_Size": 777,
    "Stratification1": "35 - 44",
    "StratificationId1": "AGEYR3544",
    "LocationDisplayOrder": 4
  },
  {
    "ID": 61812,
    "Description": 2018,
    "LocationAbbr": "AR",
    "LocationDesc": "Arkansas",
    "DataSource": "BRFSS",
    "Topic": "Obesity / Weight Status",
    "Data_Value": 41.2,
    "Sample_Size": 399,
    "Stratification1": "35 - 44",
    "StratificationId1": "AGEYR3544",
    "LocationDisplayOrder": 5
  },
  {
    "ID": 61839,
    "Description": 2018,
    "LocationAbbr": "CA",
    "LocationDesc": "California",
    "DataSource": "BRFSS",
    "Topic": "Obesity / Weight Status",
    "Data_Value": 27.2,
    "Sample_Size": "1,758",
    "Stratification1": "35 - 44",
    "StratificationId1": "AGEYR3544",
    "LocationDisplayOrder": 6
  },
  {
    "ID": 61586,
    "Description": 2018,
    "LocationAbbr": "CO",
    "LocationDesc": "Colorado",
    "DataSource": "BRFSS",
    "Topic": "Obesity / Weight Status",
    "Data_Value": 23.7,
    "Sample_Size": "1,042",
    "Stratification1": "35 - 44",
    "StratificationId1": "AGEYR3544",
    "LocationDisplayOrder": 8
  },
  {
    "ID": 61613,
    "Description": 2018,
    "LocationAbbr": "CT",
    "LocationDesc": "Connecticut",
    "DataSource": "BRFSS",
    "Topic": "Obesity / Weight Status",
    "Data_Value": 30.4,
    "Sample_Size": 951,
    "Stratification1": "35 - 44",
    "StratificationId1": "AGEYR3544",
    "LocationDisplayOrder": 9
  },
  {
    "ID": 61640,
    "Description": 2018,
    "LocationAbbr": "DE",
    "LocationDesc": "Delaware",
    "DataSource": "BRFSS",
    "Topic": "Obesity / Weight Status",
    "Data_Value": 37.9,
    "Sample_Size": 520,
    "Stratification1": "35 - 44",
    "StratificationId1": "AGEYR3544",
    "LocationDisplayOrder": 10
  },
  {
    "ID": 61667,
    "Description": 2018,
    "LocationAbbr": "DC",
    "LocationDesc": "District of Columbia",
    "DataSource": "BRFSS",
    "Topic": "Obesity / Weight Status",
    "Data_Value": 27.1,
    "Sample_Size": 521,
    "Stratification1": "35 - 44",
    "StratificationId1": "AGEYR3544",
    "LocationDisplayOrder": 11
  },
  {
    "ID": 61878,
    "Description": 2018,
    "LocationAbbr": "FL",
    "LocationDesc": "Florida",
    "DataSource": "BRFSS",
    "Topic": "Obesity / Weight Status",
    "Data_Value": 33.9,
    "Sample_Size": "1,411",
    "Stratification1": "35 - 44",
    "StratificationId1": "AGEYR3544",
    "LocationDisplayOrder": 12
  },
  {
    "ID": 61905,
    "Description": 2018,
    "LocationAbbr": "GA",
    "LocationDesc": "Georgia",
    "DataSource": "BRFSS",
    "Topic": "Obesity / Weight Status",
    "Data_Value": 34.9,
    "Sample_Size": "1,075",
    "Stratification1": "35 - 44",
    "StratificationId1": "AGEYR3544",
    "LocationDisplayOrder": 13
  },
  {
    "ID": 61932,
    "Description": 2018,
    "LocationAbbr": "HI",
    "LocationDesc": "Hawaii",
    "DataSource": "BRFSS",
    "Topic": "Obesity / Weight Status",
    "Data_Value": 30.3,
    "Sample_Size": 978,
    "Stratification1": "35 - 44",
    "StratificationId1": "AGEYR3544",
    "LocationDisplayOrder": 15
  },
  {
    "ID": 61219,
    "Description": 2018,
    "LocationAbbr": "ID",
    "LocationDesc": "Idaho",
    "DataSource": "BRFSS",
    "Topic": "Obesity / Weight Status",
    "Data_Value": 31,
    "Sample_Size": 398,
    "Stratification1": "35 - 44",
    "StratificationId1": "AGEYR3544",
    "LocationDisplayOrder": 16
  },
  {
    "ID": 61246,
    "Description": 2018,
    "LocationAbbr": "IL",
    "LocationDesc": "Illinois",
    "DataSource": "BRFSS",
    "Topic": "Obesity / Weight Status",
    "Data_Value": 37.6,
    "Sample_Size": 689,
    "Stratification1": "35 - 44",
    "StratificationId1": "AGEYR3544",
    "LocationDisplayOrder": 17
  },
  {
    "ID": 61273,
    "Description": 2018,
    "LocationAbbr": "IN",
    "LocationDesc": "Indiana",
    "DataSource": "BRFSS",
    "Topic": "Obesity / Weight Status",
    "Data_Value": 38,
    "Sample_Size": 658,
    "Stratification1": "35 - 44",
    "StratificationId1": "AGEYR3544",
    "LocationDisplayOrder": 18
  },
  {
    "ID": 61300,
    "Description": 2018,
    "LocationAbbr": "IA",
    "LocationDesc": "Iowa",
    "DataSource": "BRFSS",
    "Topic": "Obesity / Weight Status",
    "Data_Value": 40.6,
    "Sample_Size": "1,151",
    "Stratification1": "35 - 44",
    "StratificationId1": "AGEYR3544",
    "LocationDisplayOrder": 19
  },
  {
    "ID": 61972,
    "Description": 2018,
    "LocationAbbr": "KS",
    "LocationDesc": "Kansas",
    "DataSource": "BRFSS",
    "Topic": "Obesity / Weight Status",
    "Data_Value": 39.8,
    "Sample_Size": "1,110",
    "Stratification1": "35 - 44",
    "StratificationId1": "AGEYR3544",
    "LocationDisplayOrder": 20
  },
  {
    "ID": 61999,
    "Description": 2018,
    "LocationAbbr": "KY",
    "LocationDesc": "Kentucky",
    "DataSource": "BRFSS",
    "Topic": "Obesity / Weight Status",
    "Data_Value": 43.1,
    "Sample_Size": 891,
    "Stratification1": "35 - 44",
    "StratificationId1": "AGEYR3544",
    "LocationDisplayOrder": 21
  },
  {
    "ID": 62209,
    "Description": 2018,
    "LocationAbbr": "LA",
    "LocationDesc": "Louisiana",
    "DataSource": "BRFSS",
    "Topic": "Obesity / Weight Status",
    "Data_Value": 40.6,
    "Sample_Size": 626,
    "Stratification1": "35 - 44",
    "StratificationId1": "AGEYR3544",
    "LocationDisplayOrder": 22
  },
  {
    "ID": 62236,
    "Description": 2018,
    "LocationAbbr": "ME",
    "LocationDesc": "Maine",
    "DataSource": "BRFSS",
    "Topic": "Obesity / Weight Status",
    "Data_Value": 36.1,
    "Sample_Size": 842,
    "Stratification1": "35 - 44",
    "StratificationId1": "AGEYR3544",
    "LocationDisplayOrder": 23
  },
  {
    "ID": 62263,
    "Description": 2018,
    "LocationAbbr": "MD",
    "LocationDesc": "Maryland",
    "DataSource": "BRFSS",
    "Topic": "Obesity / Weight Status",
    "Data_Value": 36.9,
    "Sample_Size": "1,526",
    "Stratification1": "35 - 44",
    "StratificationId1": "AGEYR3544",
    "LocationDisplayOrder": 24
  },
  {
    "ID": 62290,
    "Description": 2018,
    "LocationAbbr": "MA",
    "LocationDesc": "Massachusetts",
    "DataSource": "BRFSS",
    "Topic": "Obesity / Weight Status",
    "Data_Value": 27.5,
    "Sample_Size": 679,
    "Stratification1": "35 - 44",
    "StratificationId1": "AGEYR3544",
    "LocationDisplayOrder": 25
  },
  {
    "ID": 62458,
    "Description": 2018,
    "LocationAbbr": "MI",
    "LocationDesc": "Michigan",
    "DataSource": "BRFSS",
    "Topic": "Obesity / Weight Status",
    "Data_Value": 35.7,
    "Sample_Size": "1,146",
    "Stratification1": "35 - 44",
    "StratificationId1": "AGEYR3544",
    "LocationDisplayOrder": 26
  },
  {
    "ID": 62485,
    "Description": 2018,
    "LocationAbbr": "MN",
    "LocationDesc": "Minnesota",
    "DataSource": "BRFSS",
    "Topic": "Obesity / Weight Status",
    "Data_Value": 32.5,
    "Sample_Size": "2,171",
    "Stratification1": "35 - 44",
    "StratificationId1": "AGEYR3544",
    "LocationDisplayOrder": 27
  },
  {
    "ID": 62512,
    "Description": 2018,
    "LocationAbbr": "MS",
    "LocationDesc": "Mississippi",
    "DataSource": "BRFSS",
    "Topic": "Obesity / Weight Status",
    "Data_Value": 45.4,
    "Sample_Size": 703,
    "Stratification1": "35 - 44",
    "StratificationId1": "AGEYR3544",
    "LocationDisplayOrder": 28
  },
  {
    "ID": 62919,
    "Description": 2018,
    "LocationAbbr": "MO",
    "LocationDesc": "Missouri",
    "DataSource": "BRFSS",
    "Topic": "Obesity / Weight Status",
    "Data_Value": 41.9,
    "Sample_Size": 568,
    "Stratification1": "35 - 44",
    "StratificationId1": "AGEYR3544",
    "LocationDisplayOrder": 29
  },
  {
    "ID": 62946,
    "Description": 2018,
    "LocationAbbr": "MT",
    "LocationDesc": "Montana",
    "DataSource": "BRFSS",
    "Topic": "Obesity / Weight Status",
    "Data_Value": 29.2,
    "Sample_Size": 567,
    "Stratification1": "35 - 44",
    "StratificationId1": "AGEYR3544",
    "LocationDisplayOrder": 30
  },
  {
    "ID": 62973,
    "Description": 2018,
    "LocationAbbr": "NE",
    "LocationDesc": "Nebraska",
    "DataSource": "BRFSS",
    "Topic": "Obesity / Weight Status",
    "Data_Value": 35.7,
    "Sample_Size": "1,691",
    "Stratification1": "35 - 44",
    "StratificationId1": "AGEYR3544",
    "LocationDisplayOrder": 31
  },
  {
    "ID": 63000,
    "Description": 2018,
    "LocationAbbr": "NV",
    "LocationDesc": "Nevada",
    "DataSource": "BRFSS",
    "Topic": "Obesity / Weight Status",
    "Data_Value": 34.2,
    "Sample_Size": 372,
    "Stratification1": "35 - 44",
    "StratificationId1": "AGEYR3544",
    "LocationDisplayOrder": 32
  },
  {
    "ID": 62551,
    "Description": 2018,
    "LocationAbbr": "NH",
    "LocationDesc": "New Hampshire",
    "DataSource": "BRFSS",
    "Topic": "Obesity / Weight Status",
    "Data_Value": 39,
    "Sample_Size": 482,
    "Stratification1": "35 - 44",
    "StratificationId1": "AGEYR3544",
    "LocationDisplayOrder": 33
  },
  {
    "ID": 62578,
    "Description": 2018,
    "LocationAbbr": "NJ",
    "LocationDesc": "New Jersey",
    "DataSource": "BRFSS",
    "Topic": "Obesity / Weight Status",
    "Data_Value": 31.7,
    "Sample_Size": 400,
    "Stratification1": "35 - 44",
    "StratificationId1": "AGEYR3544",
    "LocationDisplayOrder": 34
  },
  {
    "ID": 62605,
    "Description": 2018,
    "LocationAbbr": "NM",
    "LocationDesc": "New Mexico",
    "DataSource": "BRFSS",
    "Topic": "Obesity / Weight Status",
    "Data_Value": 36.4,
    "Sample_Size": 752,
    "Stratification1": "35 - 44",
    "StratificationId1": "AGEYR3544",
    "LocationDisplayOrder": 35
  },
  {
    "ID": 62111,
    "Description": 2018,
    "LocationAbbr": "NY",
    "LocationDesc": "New York",
    "DataSource": "BRFSS",
    "Topic": "Obesity / Weight Status",
    "Data_Value": 30.3,
    "Sample_Size": "3,940",
    "Stratification1": "35 - 44",
    "StratificationId1": "AGEYR3544",
    "LocationDisplayOrder": 36
  },
  {
    "ID": 62138,
    "Description": 2018,
    "LocationAbbr": "NC",
    "LocationDesc": "North Carolina",
    "DataSource": "BRFSS",
    "Topic": "Obesity / Weight Status",
    "Data_Value": 34.4,
    "Sample_Size": 565,
    "Stratification1": "35 - 44",
    "StratificationId1": "AGEYR3544",
    "LocationDisplayOrder": 37
  },
  {
    "ID": 62165,
    "Description": 2018,
    "LocationAbbr": "ND",
    "LocationDesc": "North Dakota",
    "DataSource": "BRFSS",
    "Topic": "Obesity / Weight Status",
    "Data_Value": 40.7,
    "Sample_Size": 505,
    "Stratification1": "35 - 44",
    "StratificationId1": "AGEYR3544",
    "LocationDisplayOrder": 38
  },
  {
    "ID": 62192,
    "Description": 2018,
    "LocationAbbr": "OH",
    "LocationDesc": "Ohio",
    "DataSource": "BRFSS",
    "Topic": "Obesity / Weight Status",
    "Data_Value": 38.8,
    "Sample_Size": "1,197",
    "Stratification1": "35 - 44",
    "StratificationId1": "AGEYR3544",
    "LocationDisplayOrder": 39
  },
  {
    "ID": 62315,
    "Description": 2018,
    "LocationAbbr": "OK",
    "LocationDesc": "Oklahoma",
    "DataSource": "BRFSS",
    "Topic": "Obesity / Weight Status",
    "Data_Value": 38.9,
    "Sample_Size": 576,
    "Stratification1": "35 - 44",
    "StratificationId1": "AGEYR3544",
    "LocationDisplayOrder": 40
  },
  {
    "ID": 62342,
    "Description": 2018,
    "LocationAbbr": "OR",
    "LocationDesc": "Oregon",
    "DataSource": "BRFSS",
    "Topic": "Obesity / Weight Status",
    "Data_Value": 30.5,
    "Sample_Size": 774,
    "Stratification1": "35 - 44",
    "StratificationId1": "AGEYR3544",
    "LocationDisplayOrder": 41
  },
  {
    "ID": 62369,
    "Description": 2018,
    "LocationAbbr": "PA",
    "LocationDesc": "Pennsylvania",
    "DataSource": "BRFSS",
    "Topic": "Obesity / Weight Status",
    "Data_Value": 36.3,
    "Sample_Size": 760,
    "Stratification1": "35 - 44",
    "StratificationId1": "AGEYR3544",
    "LocationDisplayOrder": 42
  },
  {
    "ID": 62631,
    "Description": 2018,
    "LocationAbbr": "RI",
    "LocationDesc": "Rhode Island",
    "DataSource": "BRFSS",
    "Topic": "Obesity / Weight Status",
    "Data_Value": 26.9,
    "Sample_Size": 581,
    "Stratification1": "35 - 44",
    "StratificationId1": "AGEYR3544",
    "LocationDisplayOrder": 44
  },
  {
    "ID": 62658,
    "Description": 2018,
    "LocationAbbr": "SC",
    "LocationDesc": "South Carolina",
    "DataSource": "BRFSS",
    "Topic": "Obesity / Weight Status",
    "Data_Value": 40.2,
    "Sample_Size": 958,
    "Stratification1": "35 - 44",
    "StratificationId1": "AGEYR3544",
    "LocationDisplayOrder": 45
  },
  {
    "ID": 62685,
    "Description": 2018,
    "LocationAbbr": "SD",
    "LocationDesc": "South Dakota",
    "DataSource": "BRFSS",
    "Topic": "Obesity / Weight Status",
    "Data_Value": 35.8,
    "Sample_Size": 703,
    "Stratification1": "35 - 44",
    "StratificationId1": "AGEYR3544",
    "LocationDisplayOrder": 46
  },
  {
    "ID": 62712,
    "Description": 2018,
    "LocationAbbr": "TN",
    "LocationDesc": "Tennessee",
    "DataSource": "BRFSS",
    "Topic": "Obesity / Weight Status",
    "Data_Value": 38.4,
    "Sample_Size": 629,
    "Stratification1": "35 - 44",
    "StratificationId1": "AGEYR3544",
    "LocationDisplayOrder": 47
  },
  {
    "ID": 62739,
    "Description": 2018,
    "LocationAbbr": "TX",
    "LocationDesc": "Texas",
    "DataSource": "BRFSS",
    "Topic": "Obesity / Weight Status",
    "Data_Value": 41,
    "Sample_Size": "1,288",
    "Stratification1": "35 - 44",
    "StratificationId1": "AGEYR3544",
    "LocationDisplayOrder": 48
  },
  {
    "ID": 62766,
    "Description": 2018,
    "LocationAbbr": "UT",
    "LocationDesc": "Utah",
    "DataSource": "BRFSS",
    "Topic": "Obesity / Weight Status",
    "Data_Value": 29.5,
    "Sample_Size": "1,778",
    "Stratification1": "35 - 44",
    "StratificationId1": "AGEYR3544",
    "LocationDisplayOrder": 49
  },
  {
    "ID": 62793,
    "Description": 2018,
    "LocationAbbr": "VT",
    "LocationDesc": "Vermont",
    "DataSource": "BRFSS",
    "Topic": "Obesity / Weight Status",
    "Data_Value": 28,
    "Sample_Size": 666,
    "Stratification1": "35 - 44",
    "StratificationId1": "AGEYR3544",
    "LocationDisplayOrder": 50
  },
  {
    "ID": 62820,
    "Description": 2018,
    "LocationAbbr": "VA",
    "LocationDesc": "Virginia",
    "DataSource": "BRFSS",
    "Topic": "Obesity / Weight Status",
    "Data_Value": 30.9,
    "Sample_Size": "1,127",
    "Stratification1": "35 - 44",
    "StratificationId1": "AGEYR3544",
    "LocationDisplayOrder": 51
  },
  {
    "ID": 62847,
    "Description": 2018,
    "LocationAbbr": "WA",
    "LocationDesc": "Washington",
    "DataSource": "BRFSS",
    "Topic": "Obesity / Weight Status",
    "Data_Value": 28.9,
    "Sample_Size": "1,379",
    "Stratification1": "35 - 44",
    "StratificationId1": "AGEYR3544",
    "LocationDisplayOrder": 53
  },
  {
    "ID": 62874,
    "Description": 2018,
    "LocationAbbr": "WV",
    "LocationDesc": "West Virginia",
    "DataSource": "BRFSS",
    "Topic": "Obesity / Weight Status",
    "Data_Value": 46.2,
    "Sample_Size": 536,
    "Stratification1": "35 - 44",
    "StratificationId1": "AGEYR3544",
    "LocationDisplayOrder": 54
  },
  {
    "ID": 62901,
    "Description": 2018,
    "LocationAbbr": "WI",
    "LocationDesc": "Wisconsin",
    "DataSource": "BRFSS",
    "Topic": "Obesity / Weight Status",
    "Data_Value": 34.8,
    "Sample_Size": 519,
    "Stratification1": "35 - 44",
    "StratificationId1": "AGEYR3544",
    "LocationDisplayOrder": 55
  },
  {
    "ID": 63024,
    "Description": 2018,
    "LocationAbbr": "WY",
    "LocationDesc": "Wyoming",
    "DataSource": "BRFSS",
    "Topic": "Obesity / Weight Status",
    "Data_Value": 37.4,
    "Sample_Size": 451,
    "Stratification1": "35 - 44",
    "StratificationId1": "AGEYR3544",
    "LocationDisplayOrder": 56
  },
  {
    "ID": 63051,
    "Description": 2018,
    "LocationAbbr": "GU",
    "LocationDesc": "Guam",
    "DataSource": "BRFSS",
    "Topic": "Obesity / Weight Status",
    "Data_Value": 32.3,
    "Sample_Size": 224,
    "Stratification1": "35 - 44",
    "StratificationId1": "AGEYR3544",
    "LocationDisplayOrder": 66
  },
  {
    "ID": 63078,
    "Description": 2018,
    "LocationAbbr": "PR",
    "LocationDesc": "Puerto Rico",
    "DataSource": "BRFSS",
    "Topic": "Obesity / Weight Status",
    "Data_Value": 37.8,
    "Sample_Size": 699,
    "Stratification1": "35 - 44",
    "StratificationId1": "AGEYR3544",
    "LocationDisplayOrder": 72
  },
  {
    "ID": 63106,
    "Description": 2018,
    "LocationAbbr": "VI",
    "LocationDesc": "Virgin Islands",
    "DataSource": "BRFSS",
    "Topic": "Obesity / Weight Status",
    "Data_Value": "~",
    "Sample_Size": "~",
    "Stratification1": "35 - 44",
    "StratificationId1": "AGEYR3544",
    "LocationDisplayOrder": 78
  },
  {
    "ID": "",
    "Description": "",
    "LocationAbbr": "",
    "LocationDesc": "",
    "DataSource": "",
    "Topic": "",
    "Data_Value": "",
    "Sample_Size": "",
    "Stratification1": "",
    "StratificationId1": "",
    "LocationDisplayOrder": ""
  },
  {
    "ID": "",
    "Description": "",
    "LocationAbbr": "",
    "LocationDesc": "",
    "DataSource": "",
    "Topic": "",
    "Data_Value": "",
    "Sample_Size": "",
    "Stratification1": "",
    "StratificationId1": "",
    "LocationDisplayOrder": ""
  },
  {
    "ID": "",
    "Description": "",
    "LocationAbbr": "",
    "LocationDesc": "",
    "DataSource": "",
    "Topic": "",
    "Data_Value": "",
    "Sample_Size": "",
    "Stratification1": "",
    "StratificationId1": "",
    "LocationDisplayOrder": ""
  },
  {
    "ID": "",
    "Description": "",
    "LocationAbbr": "",
    "LocationDesc": "",
    "DataSource": "",
    "Topic": "",
    "Data_Value": "",
    "Sample_Size": "",
    "Stratification1": "",
    "StratificationId1": "",
    "LocationDisplayOrder": ""
  },
  {
    "ID": "",
    "Description": "",
    "LocationAbbr": "",
    "LocationDesc": "",
    "DataSource": "",
    "Topic": "",
    "Data_Value": "",
    "Sample_Size": "",
    "Stratification1": "",
    "StratificationId1": "",
    "LocationDisplayOrder": ""
  },
  {
    "ID": "",
    "Description": "",
    "LocationAbbr": "",
    "LocationDesc": "",
    "DataSource": "",
    "Topic": "",
    "Data_Value": "",
    "Sample_Size": "",
    "Stratification1": "",
    "StratificationId1": "",
    "LocationDisplayOrder": ""
  },
  {
    "ID": "",
    "Description": "",
    "LocationAbbr": "",
    "LocationDesc": "",
    "DataSource": "",
    "Topic": "",
    "Data_Value": "",
    "Sample_Size": "",
    "Stratification1": "",
    "StratificationId1": "",
    "LocationDisplayOrder": ""
  },
  {
    "ID": "",
    "Description": "",
    "LocationAbbr": "",
    "LocationDesc": "",
    "DataSource": "",
    "Topic": "",
    "Data_Value": "",
    "Sample_Size": "",
    "Stratification1": "",
    "StratificationId1": "",
    "LocationDisplayOrder": ""
  },
  {
    "ID": "",
    "Description": "",
    "LocationAbbr": "",
    "LocationDesc": "",
    "DataSource": "",
    "Topic": "",
    "Data_Value": "",
    "Sample_Size": "",
    "Stratification1": "",
    "StratificationId1": "",
    "LocationDisplayOrder": ""
  },
  {
    "ID": "",
    "Description": "",
    "LocationAbbr": "",
    "LocationDesc": "",
    "DataSource": "",
    "Topic": "",
    "Data_Value": "",
    "Sample_Size": "",
    "Stratification1": "",
    "StratificationId1": "",
    "LocationDisplayOrder": ""
  }
]