[
  {
    "ID": 61119,
    "Description": 2018,
    "LocationAbbr": "US",
    "LocationDesc": "National",
    "DataSource": "BRFSS",
    "Topic": "Obesity / Weight Status",
    "Data_Value": 32,
    "Sample_Size": "7,856",
    "Stratification1": "2 or more races",
    "StratificationId1": "RACE2PLUS",
    "LocationDisplayOrder": 0
  },
  {
    "ID": 61199,
    "Description": 2018,
    "LocationAbbr": "AL",
    "LocationDesc": "Alabama",
    "DataSource": "BRFSS",
    "Topic": "Obesity / Weight Status",
    "Data_Value": 37.2,
    "Sample_Size": 87,
    "Stratification1": "2 or more races",
    "StratificationId1": "RACE2PLUS",
    "LocationDisplayOrder": 1
  },
  {
    "ID": 61775,
    "Description": 2018,
    "LocationAbbr": "AK",
    "LocationDesc": "Alaska",
    "DataSource": "BRFSS",
    "Topic": "Obesity / Weight Status",
    "Data_Value": 32.7,
    "Sample_Size": 90,
    "Stratification1": "2 or more races",
    "StratificationId1": "RACE2PLUS",
    "LocationDisplayOrder": 2
  },
  {
    "ID": 61802,
    "Description": 2018,
    "LocationAbbr": "AZ",
    "LocationDesc": "Arizona",
    "DataSource": "BRFSS",
    "Topic": "Obesity / Weight Status",
    "Data_Value": 28.7,
    "Sample_Size": 120,
    "Stratification1": "2 or more races",
    "StratificationId1": "RACE2PLUS",
    "LocationDisplayOrder": 4
  },
  {
    "ID": 61829,
    "Description": 2018,
    "LocationAbbr": "AR",
    "LocationDesc": "Arkansas",
    "DataSource": "BRFSS",
    "Topic": "Obesity / Weight Status",
    "Data_Value": 42,
    "Sample_Size": 116,
    "Stratification1": "2 or more races",
    "StratificationId1": "RACE2PLUS",
    "LocationDisplayOrder": 5
  },
  {
    "ID": 61576,
    "Description": 2018,
    "LocationAbbr": "CA",
    "LocationDesc": "California",
    "DataSource": "BRFSS",
    "Topic": "Obesity / Weight Status",
    "Data_Value": 24.8,
    "Sample_Size": 267,
    "Stratification1": "2 or more races",
    "StratificationId1": "RACE2PLUS",
    "LocationDisplayOrder": 6
  },
  {
    "ID": 61603,
    "Description": 2018,
    "LocationAbbr": "CO",
    "LocationDesc": "Colorado",
    "DataSource": "BRFSS",
    "Topic": "Obesity / Weight Status",
    "Data_Value": 32.2,
    "Sample_Size": 113,
    "Stratification1": "2 or more races",
    "StratificationId1": "RACE2PLUS",
    "LocationDisplayOrder": 8
  },
  {
    "ID": 61630,
    "Description": 2018,
    "LocationAbbr": "CT",
    "LocationDesc": "Connecticut",
    "DataSource": "BRFSS",
    "Topic": "Obesity / Weight Status",
    "Data_Value": 23.9,
    "Sample_Size": 117,
    "Stratification1": "2 or more races",
    "StratificationId1": "RACE2PLUS",
    "LocationDisplayOrder": 9
  },
  {
    "ID": 61657,
    "Description": 2018,
    "LocationAbbr": "DE",
    "LocationDesc": "Delaware",
    "DataSource": "BRFSS",
    "Topic": "Obesity / Weight Status",
    "Data_Value": 51.2,
    "Sample_Size": 75,
    "Stratification1": "2 or more races",
    "StratificationId1": "RACE2PLUS",
    "LocationDisplayOrder": 10
  },
  {
    "ID": 61868,
    "Description": 2018,
    "LocationAbbr": "DC",
    "LocationDesc": "District of Columbia",
    "DataSource": "BRFSS",
    "Topic": "Obesity / Weight Status",
    "Data_Value": 23.6,
    "Sample_Size": 85,
    "Stratification1": "2 or more races",
    "StratificationId1": "RACE2PLUS",
    "LocationDisplayOrder": 11
  },
  {
    "ID": 61895,
    "Description": 2018,
    "LocationAbbr": "FL",
    "LocationDesc": "Florida",
    "DataSource": "BRFSS",
    "Topic": "Obesity / Weight Status",
    "Data_Value": 37.7,
    "Sample_Size": 216,
    "Stratification1": "2 or more races",
    "StratificationId1": "RACE2PLUS",
    "LocationDisplayOrder": 12
  },
  {
    "ID": 61922,
    "Description": 2018,
    "LocationAbbr": "GA",
    "LocationDesc": "Georgia",
    "DataSource": "BRFSS",
    "Topic": "Obesity / Weight Status",
    "Data_Value": 32.1,
    "Sample_Size": 141,
    "Stratification1": "2 or more races",
    "StratificationId1": "RACE2PLUS",
    "LocationDisplayOrder": 13
  },
  {
    "ID": 61209,
    "Description": 2018,
    "LocationAbbr": "HI",
    "LocationDesc": "Hawaii",
    "DataSource": "BRFSS",
    "Topic": "Obesity / Weight Status",
    "Data_Value": 35.5,
    "Sample_Size": "1,216",
    "Stratification1": "2 or more races",
    "StratificationId1": "RACE2PLUS",
    "LocationDisplayOrder": 15
  },
  {
    "ID": 61236,
    "Description": 2018,
    "LocationAbbr": "ID",
    "LocationDesc": "Idaho",
    "DataSource": "BRFSS",
    "Topic": "Obesity / Weight Status",
    "Data_Value": "~",
    "Sample_Size": "~",
    "Stratification1": "2 or more races",
    "StratificationId1": "RACE2PLUS",
    "LocationDisplayOrder": 16
  },
  {
    "ID": 61263,
    "Description": 2018,
    "LocationAbbr": "IL",
    "LocationDesc": "Illinois",
    "DataSource": "BRFSS",
    "Topic": "Obesity / Weight Status",
    "Data_Value": 28.9,
    "Sample_Size": 61,
    "Stratification1": "2 or more races",
    "StratificationId1": "RACE2PLUS",
    "LocationDisplayOrder": 17
  },
  {
    "ID": 61290,
    "Description": 2018,
    "LocationAbbr": "IN",
    "LocationDesc": "Indiana",
    "DataSource": "BRFSS",
    "Topic": "Obesity / Weight Status",
    "Data_Value": 38,
    "Sample_Size": 123,
    "Stratification1": "2 or more races",
    "StratificationId1": "RACE2PLUS",
    "LocationDisplayOrder": 18
  },
  {
    "ID": 61962,
    "Description": 2018,
    "LocationAbbr": "IA",
    "LocationDesc": "Iowa",
    "DataSource": "BRFSS",
    "Topic": "Obesity / Weight Status",
    "Data_Value": 39.8,
    "Sample_Size": 112,
    "Stratification1": "2 or more races",
    "StratificationId1": "RACE2PLUS",
    "LocationDisplayOrder": 19
  },
  {
    "ID": 61989,
    "Description": 2018,
    "LocationAbbr": "KS",
    "LocationDesc": "Kansas",
    "DataSource": "BRFSS",
    "Topic": "Obesity / Weight Status",
    "Data_Value": 38.1,
    "Sample_Size": 150,
    "Stratification1": "2 or more races",
    "StratificationId1": "RACE2PLUS",
    "LocationDisplayOrder": 20
  },
  {
    "ID": 62016,
    "Description": 2018,
    "LocationAbbr": "KY",
    "LocationDesc": "Kentucky",
    "DataSource": "BRFSS",
    "Topic": "Obesity / Weight Status",
    "Data_Value": 29,
    "Sample_Size": 130,
    "Stratification1": "2 or more races",
    "StratificationId1": "RACE2PLUS",
    "LocationDisplayOrder": 21
  },
  {
    "ID": 62226,
    "Description": 2018,
    "LocationAbbr": "LA",
    "LocationDesc": "Louisiana",
    "DataSource": "BRFSS",
    "Topic": "Obesity / Weight Status",
    "Data_Value": 37.3,
    "Sample_Size": 82,
    "Stratification1": "2 or more races",
    "StratificationId1": "RACE2PLUS",
    "LocationDisplayOrder": 22
  },
  {
    "ID": 62253,
    "Description": 2018,
    "LocationAbbr": "ME",
    "LocationDesc": "Maine",
    "DataSource": "BRFSS",
    "Topic": "Obesity / Weight Status",
    "Data_Value": 35.5,
    "Sample_Size": 193,
    "Stratification1": "2 or more races",
    "StratificationId1": "RACE2PLUS",
    "LocationDisplayOrder": 23
  },
  {
    "ID": 62280,
    "Description": 2018,
    "LocationAbbr": "MD",
    "LocationDesc": "Maryland",
    "DataSource": "BRFSS",
    "Topic": "Obesity / Weight Status",
    "Data_Value": 31.2,
    "Sample_Size": 257,
    "Stratification1": "2 or more races",
    "StratificationId1": "RACE2PLUS",
    "LocationDisplayOrder": 24
  },
  {
    "ID": 62448,
    "Description": 2018,
    "LocationAbbr": "MA",
    "LocationDesc": "Massachusetts",
    "DataSource": "BRFSS",
    "Topic": "Obesity / Weight Status",
    "Data_Value": 40,
    "Sample_Size": 111,
    "Stratification1": "2 or more races",
    "StratificationId1": "RACE2PLUS",
    "LocationDisplayOrder": 25
  },
  {
    "ID": 62475,
    "Description": 2018,
    "LocationAbbr": "MI",
    "LocationDesc": "Michigan",
    "DataSource": "BRFSS",
    "Topic": "Obesity / Weight Status",
    "Data_Value": 34,
    "Sample_Size": 212,
    "Stratification1": "2 or more races",
    "StratificationId1": "RACE2PLUS",
    "LocationDisplayOrder": 26
  },
  {
    "ID": 62502,
    "Description": 2018,
    "LocationAbbr": "MN",
    "LocationDesc": "Minnesota",
    "DataSource": "BRFSS",
    "Topic": "Obesity / Weight Status",
    "Data_Value": 35.2,
    "Sample_Size": 189,
    "Stratification1": "2 or more races",
    "StratificationId1": "RACE2PLUS",
    "LocationDisplayOrder": 27
  },
  {
    "ID": 62529,
    "Description": 2018,
    "LocationAbbr": "MS",
    "LocationDesc": "Mississippi",
    "DataSource": "BRFSS",
    "Topic": "Obesity / Weight Status",
    "Data_Value": "~",
    "Sample_Size": "~",
    "Stratification1": "2 or more races",
    "StratificationId1": "RACE2PLUS",
    "LocationDisplayOrder": 28
  },
  {
    "ID": 62936,
    "Description": 2018,
    "LocationAbbr": "MO",
    "LocationDesc": "Missouri",
    "DataSource": "BRFSS",
    "Topic": "Obesity / Weight Status",
    "Data_Value": 40.7,
    "Sample_Size": 102,
    "Stratification1": "2 or more races",
    "StratificationId1": "RACE2PLUS",
    "LocationDisplayOrder": 29
  },
  {
    "ID": 62963,
    "Description": 2018,
    "LocationAbbr": "MT",
    "LocationDesc": "Montana",
    "DataSource": "BRFSS",
    "Topic": "Obesity / Weight Status",
    "Data_Value": 31.2,
    "Sample_Size": 107,
    "Stratification1": "2 or more races",
    "StratificationId1": "RACE2PLUS",
    "LocationDisplayOrder": 30
  },
  {
    "ID": 62990,
    "Description": 2018,
    "LocationAbbr": "NE",
    "LocationDesc": "Nebraska",
    "DataSource": "BRFSS",
    "Topic": "Obesity / Weight Status",
    "Data_Value": 37.4,
    "Sample_Size": 111,
    "Stratification1": "2 or more races",
    "StratificationId1": "RACE2PLUS",
    "LocationDisplayOrder": 31
  },
  {
    "ID": 62541,
    "Description": 2018,
    "LocationAbbr": "NV",
    "LocationDesc": "Nevada",
    "DataSource": "BRFSS",
    "Topic": "Obesity / Weight Status",
    "Data_Value": 20.2,
    "Sample_Size": 120,
    "Stratification1": "2 or more races",
    "StratificationId1": "RACE2PLUS",
    "LocationDisplayOrder": 32
  },
  {
    "ID": 62568,
    "Description": 2018,
    "LocationAbbr": "NH",
    "LocationDesc": "New Hampshire",
    "DataSource": "BRFSS",
    "Topic": "Obesity / Weight Status",
    "Data_Value": 28.9,
    "Sample_Size": 64,
    "Stratification1": "2 or more races",
    "StratificationId1": "RACE2PLUS",
    "LocationDisplayOrder": 33
  },
  {
    "ID": 62595,
    "Description": 2018,
    "LocationAbbr": "NJ",
    "LocationDesc": "New Jersey",
    "DataSource": "BRFSS",
    "Topic": "Obesity / Weight Status",
    "Data_Value": "~",
    "Sample_Size": "~",
    "Stratification1": "2 or more races",
    "StratificationId1": "RACE2PLUS",
    "LocationDisplayOrder": 34
  },
  {
    "ID": 62622,
    "Description": 2018,
    "LocationAbbr": "NM",
    "LocationDesc": "New Mexico",
    "DataSource": "BRFSS",
    "Topic": "Obesity / Weight Status",
    "Data_Value": 26,
    "Sample_Size": 69,
    "Stratification1": "2 or more races",
    "StratificationId1": "RACE2PLUS",
    "LocationDisplayOrder": 35
  },
  {
    "ID": 62128,
    "Description": 2018,
    "LocationAbbr": "NY",
    "LocationDesc": "New York",
    "DataSource": "BRFSS",
    "Topic": "Obesity / Weight Status",
    "Data_Value": 32.4,
    "Sample_Size": 557,
    "Stratification1": "2 or more races",
    "StratificationId1": "RACE2PLUS",
    "LocationDisplayOrder": 36
  },
  {
    "ID": 62155,
    "Description": 2018,
    "LocationAbbr": "NC",
    "LocationDesc": "North Carolina",
    "DataSource": "BRFSS",
    "Topic": "Obesity / Weight Status",
    "Data_Value": 36.6,
    "Sample_Size": 66,
    "Stratification1": "2 or more races",
    "StratificationId1": "RACE2PLUS",
    "LocationDisplayOrder": 37
  },
  {
    "ID": 62182,
    "Description": 2018,
    "LocationAbbr": "ND",
    "LocationDesc": "North Dakota",
    "DataSource": "BRFSS",
    "Topic": "Obesity / Weight Status",
    "Data_Value": 37,
    "Sample_Size": 51,
    "Stratification1": "2 or more races",
    "StratificationId1": "RACE2PLUS",
    "LocationDisplayOrder": 38
  },
  {
    "ID": 62305,
    "Description": 2018,
    "LocationAbbr": "OH",
    "LocationDesc": "Ohio",
    "DataSource": "BRFSS",
    "Topic": "Obesity / Weight Status",
    "Data_Value": 36.5,
    "Sample_Size": 214,
    "Stratification1": "2 or more races",
    "StratificationId1": "RACE2PLUS",
    "LocationDisplayOrder": 39
  },
  {
    "ID": 62332,
    "Description": 2018,
    "LocationAbbr": "OK",
    "LocationDesc": "Oklahoma",
    "DataSource": "BRFSS",
    "Topic": "Obesity / Weight Status",
    "Data_Value": 35.5,
    "Sample_Size": 252,
    "Stratification1": "2 or more races",
    "StratificationId1": "RACE2PLUS",
    "LocationDisplayOrder": 40
  },
  {
    "ID": 62359,
    "Description": 2018,
    "LocationAbbr": "OR",
    "LocationDesc": "Oregon",
    "DataSource": "BRFSS",
    "Topic": "Obesity / Weight Status",
    "Data_Value": 31.8,
    "Sample_Size": 193,
    "Stratification1": "2 or more races",
    "StratificationId1": "RACE2PLUS",
    "LocationDisplayOrder": 41
  },
  {
    "ID": 62386,
    "Description": 2018,
    "LocationAbbr": "PA",
    "LocationDesc": "Pennsylvania",
    "DataSource": "BRFSS",
    "Topic": "Obesity / Weight Status",
    "Data_Value": 18.6,
    "Sample_Size": 75,
    "Stratification1": "2 or more races",
    "StratificationId1": "RACE2PLUS",
    "LocationDisplayOrder": 42
  },
  {
    "ID": 62648,
    "Description": 2018,
    "LocationAbbr": "RI",
    "LocationDesc": "Rhode Island",
    "DataSource": "BRFSS",
    "Topic": "Obesity / Weight Status",
    "Data_Value": 34.1,
    "Sample_Size": 78,
    "Stratification1": "2 or more races",
    "StratificationId1": "RACE2PLUS",
    "LocationDisplayOrder": 44
  },
  {
    "ID": 62675,
    "Description": 2018,
    "LocationAbbr": "SC",
    "LocationDesc": "South Carolina",
    "DataSource": "BRFSS",
    "Topic": "Obesity / Weight Status",
    "Data_Value": 27.3,
    "Sample_Size": 154,
    "Stratification1": "2 or more races",
    "StratificationId1": "RACE2PLUS",
    "LocationDisplayOrder": 45
  },
  {
    "ID": 62702,
    "Description": 2018,
    "LocationAbbr": "SD",
    "LocationDesc": "South Dakota",
    "DataSource": "BRFSS",
    "Topic": "Obesity / Weight Status",
    "Data_Value": 42.6,
    "Sample_Size": 125,
    "Stratification1": "2 or more races",
    "StratificationId1": "RACE2PLUS",
    "LocationDisplayOrder": 46
  },
  {
    "ID": 62729,
    "Description": 2018,
    "LocationAbbr": "TN",
    "LocationDesc": "Tennessee",
    "DataSource": "BRFSS",
    "Topic": "Obesity / Weight Status",
    "Data_Value": 45.8,
    "Sample_Size": 101,
    "Stratification1": "2 or more races",
    "StratificationId1": "RACE2PLUS",
    "LocationDisplayOrder": 47
  },
  {
    "ID": 62756,
    "Description": 2018,
    "LocationAbbr": "TX",
    "LocationDesc": "Texas",
    "DataSource": "BRFSS",
    "Topic": "Obesity / Weight Status",
    "Data_Value": 22.7,
    "Sample_Size": 161,
    "Stratification1": "2 or more races",
    "StratificationId1": "RACE2PLUS",
    "LocationDisplayOrder": 48
  },
  {
    "ID": 62783,
    "Description": 2018,
    "LocationAbbr": "UT",
    "LocationDesc": "Utah",
    "DataSource": "BRFSS",
    "Topic": "Obesity / Weight Status",
    "Data_Value": 40.7,
    "Sample_Size": 91,
    "Stratification1": "2 or more races",
    "StratificationId1": "RACE2PLUS",
    "LocationDisplayOrder": 49
  },
  {
    "ID": 62810,
    "Description": 2018,
    "LocationAbbr": "VT",
    "LocationDesc": "Vermont",
    "DataSource": "BRFSS",
    "Topic": "Obesity / Weight Status",
    "Data_Value": 20.4,
    "Sample_Size": 118,
    "Stratification1": "2 or more races",
    "StratificationId1": "RACE2PLUS",
    "LocationDisplayOrder": 50
  },
  {
    "ID": 62837,
    "Description": 2018,
    "LocationAbbr": "VA",
    "LocationDesc": "Virginia",
    "DataSource": "BRFSS",
    "Topic": "Obesity / Weight Status",
    "Data_Value": 37.1,
    "Sample_Size": 195,
    "Stratification1": "2 or more races",
    "StratificationId1": "RACE2PLUS",
    "LocationDisplayOrder": 51
  },
  {
    "ID": 62864,
    "Description": 2018,
    "LocationAbbr": "WA",
    "LocationDesc": "Washington",
    "DataSource": "BRFSS",
    "Topic": "Obesity / Weight Status",
    "Data_Value": 32.6,
    "Sample_Size": 296,
    "Stratification1": "2 or more races",
    "StratificationId1": "RACE2PLUS",
    "LocationDisplayOrder": 53
  },
  {
    "ID": 62891,
    "Description": 2018,
    "LocationAbbr": "WV",
    "LocationDesc": "West Virginia",
    "DataSource": "BRFSS",
    "Topic": "Obesity / Weight Status",
    "Data_Value": 34.7,
    "Sample_Size": 78,
    "Stratification1": "2 or more races",
    "StratificationId1": "RACE2PLUS",
    "LocationDisplayOrder": 54
  },
  {
    "ID": 63014,
    "Description": 2018,
    "LocationAbbr": "WI",
    "LocationDesc": "Wisconsin",
    "DataSource": "BRFSS",
    "Topic": "Obesity / Weight Status",
    "Data_Value": 33.8,
    "Sample_Size": 55,
    "Stratification1": "2 or more races",
    "StratificationId1": "RACE2PLUS",
    "LocationDisplayOrder": 55
  },
  {
    "ID": 63041,
    "Description": 2018,
    "LocationAbbr": "WY",
    "LocationDesc": "Wyoming",
    "DataSource": "BRFSS",
    "Topic": "Obesity / Weight Status",
    "Data_Value": "~",
    "Sample_Size": "~",
    "Stratification1": "2 or more races",
    "StratificationId1": "RACE2PLUS",
    "LocationDisplayOrder": 56
  },
  {
    "ID": 63068,
    "Description": 2018,
    "LocationAbbr": "GU",
    "LocationDesc": "Guam",
    "DataSource": "BRFSS",
    "Topic": "Obesity / Weight Status",
    "Data_Value": 35.9,
    "Sample_Size": 127,
    "Stratification1": "2 or more races",
    "StratificationId1": "RACE2PLUS",
    "LocationDisplayOrder": 66
  },
  {
    "ID": 63095,
    "Description": 2018,
    "LocationAbbr": "PR",
    "LocationDesc": "Puerto Rico",
    "DataSource": "BRFSS",
    "Topic": "Obesity / Weight Status",
    "Data_Value": "~",
    "Sample_Size": "~",
    "Stratification1": "2 or more races",
    "StratificationId1": "RACE2PLUS",
    "LocationDisplayOrder": 72
  },
  {
    "ID": 62409,
    "Description": 2018,
    "LocationAbbr": "VI",
    "LocationDesc": "Virgin Islands",
    "DataSource": "BRFSS",
    "Topic": "Obesity / Weight Status",
    "Data_Value": "~",
    "Sample_Size": "~",
    "Stratification1": "2 or more races",
    "StratificationId1": "RACE2PLUS",
    "LocationDisplayOrder": 78
  },
  {
    "ID": "",
    "Description": "",
    "LocationAbbr": "",
    "LocationDesc": "",
    "DataSource": "",
    "Topic": "",
    "Data_Value": "",
    "Sample_Size": "",
    "Stratification1": "",
    "StratificationId1": "",
    "LocationDisplayOrder": ""
  },
  {
    "ID": "",
    "Description": "",
    "LocationAbbr": "",
    "LocationDesc": "",
    "DataSource": "",
    "Topic": "",
    "Data_Value": "",
    "Sample_Size": "",
    "Stratification1": "",
    "StratificationId1": "",
    "LocationDisplayOrder": ""
  },
  {
    "ID": "",
    "Description": "",
    "LocationAbbr": "",
    "LocationDesc": "",
    "DataSource": "",
    "Topic": "",
    "Data_Value": "",
    "Sample_Size": "",
    "Stratification1": "",
    "StratificationId1": "",
    "LocationDisplayOrder": ""
  },
  {
    "ID": "",
    "Description": "",
    "LocationAbbr": "",
    "LocationDesc": "",
    "DataSource": "",
    "Topic": "",
    "Data_Value": "",
    "Sample_Size": "",
    "Stratification1": "",
    "StratificationId1": "",
    "LocationDisplayOrder": ""
  },
  {
    "ID": "",
    "Description": "",
    "LocationAbbr": "",
    "LocationDesc": "",
    "DataSource": "",
    "Topic": "",
    "Data_Value": "",
    "Sample_Size": "",
    "Stratification1": "",
    "StratificationId1": "",
    "LocationDisplayOrder": ""
  },
  {
    "ID": "",
    "Description": "",
    "LocationAbbr": "",
    "LocationDesc": "",
    "DataSource": "",
    "Topic": "",
    "Data_Value": "",
    "Sample_Size": "",
    "Stratification1": "",
    "StratificationId1": "",
    "LocationDisplayOrder": ""
  },
  {
    "ID": "",
    "Description": "",
    "LocationAbbr": "",
    "LocationDesc": "",
    "DataSource": "",
    "Topic": "",
    "Data_Value": "",
    "Sample_Size": "",
    "Stratification1": "",
    "StratificationId1": "",
    "LocationDisplayOrder": ""
  },
  {
    "ID": "",
    "Description": "",
    "LocationAbbr": "",
    "LocationDesc": "",
    "DataSource": "",
    "Topic": "",
    "Data_Value": "",
    "Sample_Size": "",
    "Stratification1": "",
    "StratificationId1": "",
    "LocationDisplayOrder": ""
  },
  {
    "ID": "",
    "Description": "",
    "LocationAbbr": "",
    "LocationDesc": "",
    "DataSource": "",
    "Topic": "",
    "Data_Value": "",
    "Sample_Size": "",
    "Stratification1": "",
    "StratificationId1": "",
    "LocationDisplayOrder": ""
  },
  {
    "ID": "",
    "Description": "",
    "LocationAbbr": "",
    "LocationDesc": "",
    "DataSource": "",
    "Topic": "",
    "Data_Value": "",
    "Sample_Size": "",
    "Stratification1": "",
    "StratificationId1": "",
    "LocationDisplayOrder": ""
  }
]