[
  {
    "ID": 61559,
    "Description": 2018,
    "LocationAbbr": "US",
    "LocationDesc": "National",
    "DataSource": "BRFSS",
    "Topic": "Obesity / Weight Status",
    "Data_Value": 30.9,
    "Sample_Size": "396,022",
    "Stratification1": "Total",
    "StratificationId1": "OVERALL",
    "LocationDisplayOrder": 0
  },
  {
    "ID": 61121,
    "Description": 2018,
    "LocationAbbr": "AL",
    "LocationDesc": "Alabama",
    "DataSource": "BRFSS",
    "Topic": "Obesity / Weight Status",
    "Data_Value": 36.2,
    "Sample_Size": "6,144",
    "Stratification1": "Total",
    "StratificationId1": "OVERALL",
    "LocationDisplayOrder": 1
  },
  {
    "ID": 61122,
    "Description": 2018,
    "LocationAbbr": "AK",
    "LocationDesc": "Alaska",
    "DataSource": "BRFSS",
    "Topic": "Obesity / Weight Status",
    "Data_Value": 29.5,
    "Sample_Size": "2,600",
    "Stratification1": "Total",
    "StratificationId1": "OVERALL",
    "LocationDisplayOrder": 2
  },
  {
    "ID": 61123,
    "Description": 2018,
    "LocationAbbr": "AZ",
    "LocationDesc": "Arizona",
    "DataSource": "BRFSS",
    "Topic": "Obesity / Weight Status",
    "Data_Value": 29.5,
    "Sample_Size": "7,449",
    "Stratification1": "Total",
    "StratificationId1": "OVERALL",
    "LocationDisplayOrder": 4
  },
  {
    "ID": 61124,
    "Description": 2018,
    "LocationAbbr": "AR",
    "LocationDesc": "Arkansas",
    "DataSource": "BRFSS",
    "Topic": "Obesity / Weight Status",
    "Data_Value": 37.1,
    "Sample_Size": "4,963",
    "Stratification1": "Total",
    "StratificationId1": "OVERALL",
    "LocationDisplayOrder": 5
  },
  {
    "ID": 61125,
    "Description": 2018,
    "LocationAbbr": "CA",
    "LocationDesc": "California",
    "DataSource": "BRFSS",
    "Topic": "Obesity / Weight Status",
    "Data_Value": 25.8,
    "Sample_Size": "10,856",
    "Stratification1": "Total",
    "StratificationId1": "OVERALL",
    "LocationDisplayOrder": 6
  },
  {
    "ID": 61126,
    "Description": 2018,
    "LocationAbbr": "CO",
    "LocationDesc": "Colorado",
    "DataSource": "BRFSS",
    "Topic": "Obesity / Weight Status",
    "Data_Value": 23,
    "Sample_Size": "8,234",
    "Stratification1": "Total",
    "StratificationId1": "OVERALL",
    "LocationDisplayOrder": 8
  },
  {
    "ID": 61127,
    "Description": 2018,
    "LocationAbbr": "CT",
    "LocationDesc": "Connecticut",
    "DataSource": "BRFSS",
    "Topic": "Obesity / Weight Status",
    "Data_Value": 27.4,
    "Sample_Size": "9,722",
    "Stratification1": "Total",
    "StratificationId1": "OVERALL",
    "LocationDisplayOrder": 9
  },
  {
    "ID": 61128,
    "Description": 2018,
    "LocationAbbr": "DE",
    "LocationDesc": "Delaware",
    "DataSource": "BRFSS",
    "Topic": "Obesity / Weight Status",
    "Data_Value": 33.5,
    "Sample_Size": "4,629",
    "Stratification1": "Total",
    "StratificationId1": "OVERALL",
    "LocationDisplayOrder": 10
  },
  {
    "ID": 61129,
    "Description": 2018,
    "LocationAbbr": "DC",
    "LocationDesc": "District of Columbia",
    "DataSource": "BRFSS",
    "Topic": "Obesity / Weight Status",
    "Data_Value": 24.7,
    "Sample_Size": "4,081",
    "Stratification1": "Total",
    "StratificationId1": "OVERALL",
    "LocationDisplayOrder": 11
  },
  {
    "ID": 61130,
    "Description": 2018,
    "LocationAbbr": "FL",
    "LocationDesc": "Florida",
    "DataSource": "BRFSS",
    "Topic": "Obesity / Weight Status",
    "Data_Value": 30.7,
    "Sample_Size": "13,804",
    "Stratification1": "Total",
    "StratificationId1": "OVERALL",
    "LocationDisplayOrder": 12
  },
  {
    "ID": 61131,
    "Description": 2018,
    "LocationAbbr": "GA",
    "LocationDesc": "Georgia",
    "DataSource": "BRFSS",
    "Topic": "Obesity / Weight Status",
    "Data_Value": 32.5,
    "Sample_Size": "8,231",
    "Stratification1": "Total",
    "StratificationId1": "OVERALL",
    "LocationDisplayOrder": 13
  },
  {
    "ID": 61132,
    "Description": 2018,
    "LocationAbbr": "HI",
    "LocationDesc": "Hawaii",
    "DataSource": "BRFSS",
    "Topic": "Obesity / Weight Status",
    "Data_Value": 24.9,
    "Sample_Size": "7,474",
    "Stratification1": "Total",
    "StratificationId1": "OVERALL",
    "LocationDisplayOrder": 15
  },
  {
    "ID": 61133,
    "Description": 2018,
    "LocationAbbr": "ID",
    "LocationDesc": "Idaho",
    "DataSource": "BRFSS",
    "Topic": "Obesity / Weight Status",
    "Data_Value": 28.4,
    "Sample_Size": "3,434",
    "Stratification1": "Total",
    "StratificationId1": "OVERALL",
    "LocationDisplayOrder": 16
  },
  {
    "ID": 61134,
    "Description": 2018,
    "LocationAbbr": "IL",
    "LocationDesc": "Illinois",
    "DataSource": "BRFSS",
    "Topic": "Obesity / Weight Status",
    "Data_Value": 31.8,
    "Sample_Size": "4,973",
    "Stratification1": "Total",
    "StratificationId1": "OVERALL",
    "LocationDisplayOrder": 17
  },
  {
    "ID": 61135,
    "Description": 2018,
    "LocationAbbr": "IN",
    "LocationDesc": "Indiana",
    "DataSource": "BRFSS",
    "Topic": "Obesity / Weight Status",
    "Data_Value": 34.1,
    "Sample_Size": "6,885",
    "Stratification1": "Total",
    "StratificationId1": "OVERALL",
    "LocationDisplayOrder": 18
  },
  {
    "ID": 61136,
    "Description": 2018,
    "LocationAbbr": "IA",
    "LocationDesc": "Iowa",
    "DataSource": "BRFSS",
    "Topic": "Obesity / Weight Status",
    "Data_Value": 35.3,
    "Sample_Size": "8,428",
    "Stratification1": "Total",
    "StratificationId1": "OVERALL",
    "LocationDisplayOrder": 19
  },
  {
    "ID": 61137,
    "Description": 2018,
    "LocationAbbr": "KS",
    "LocationDesc": "Kansas",
    "DataSource": "BRFSS",
    "Topic": "Obesity / Weight Status",
    "Data_Value": 34.4,
    "Sample_Size": "9,901",
    "Stratification1": "Total",
    "StratificationId1": "OVERALL",
    "LocationDisplayOrder": 20
  },
  {
    "ID": 61138,
    "Description": 2018,
    "LocationAbbr": "KY",
    "LocationDesc": "Kentucky",
    "DataSource": "BRFSS",
    "Topic": "Obesity / Weight Status",
    "Data_Value": 36.6,
    "Sample_Size": "8,013",
    "Stratification1": "Total",
    "StratificationId1": "OVERALL",
    "LocationDisplayOrder": 21
  },
  {
    "ID": 61139,
    "Description": 2018,
    "LocationAbbr": "LA",
    "LocationDesc": "Louisiana",
    "DataSource": "BRFSS",
    "Topic": "Obesity / Weight Status",
    "Data_Value": 36.8,
    "Sample_Size": "4,720",
    "Stratification1": "Total",
    "StratificationId1": "OVERALL",
    "LocationDisplayOrder": 22
  },
  {
    "ID": 61140,
    "Description": 2018,
    "LocationAbbr": "ME",
    "LocationDesc": "Maine",
    "DataSource": "BRFSS",
    "Topic": "Obesity / Weight Status",
    "Data_Value": 30.4,
    "Sample_Size": "10,224",
    "Stratification1": "Total",
    "StratificationId1": "OVERALL",
    "LocationDisplayOrder": 23
  },
  {
    "ID": 61141,
    "Description": 2018,
    "LocationAbbr": "MD",
    "LocationDesc": "Maryland",
    "DataSource": "BRFSS",
    "Topic": "Obesity / Weight Status",
    "Data_Value": 30.9,
    "Sample_Size": "16,029",
    "Stratification1": "Total",
    "StratificationId1": "OVERALL",
    "LocationDisplayOrder": 24
  },
  {
    "ID": 61142,
    "Description": 2018,
    "LocationAbbr": "MA",
    "LocationDesc": "Massachusetts",
    "DataSource": "BRFSS",
    "Topic": "Obesity / Weight Status",
    "Data_Value": 25.7,
    "Sample_Size": "6,092",
    "Stratification1": "Total",
    "StratificationId1": "OVERALL",
    "LocationDisplayOrder": 25
  },
  {
    "ID": 61143,
    "Description": 2018,
    "LocationAbbr": "MI",
    "LocationDesc": "Michigan",
    "DataSource": "BRFSS",
    "Topic": "Obesity / Weight Status",
    "Data_Value": 33,
    "Sample_Size": "9,589",
    "Stratification1": "Total",
    "StratificationId1": "OVERALL",
    "LocationDisplayOrder": 26
  },
  {
    "ID": 61144,
    "Description": 2018,
    "LocationAbbr": "MN",
    "LocationDesc": "Minnesota",
    "DataSource": "BRFSS",
    "Topic": "Obesity / Weight Status",
    "Data_Value": 30.1,
    "Sample_Size": "15,631",
    "Stratification1": "Total",
    "StratificationId1": "OVERALL",
    "LocationDisplayOrder": 27
  },
  {
    "ID": 61145,
    "Description": 2018,
    "LocationAbbr": "MS",
    "LocationDesc": "Mississippi",
    "DataSource": "BRFSS",
    "Topic": "Obesity / Weight Status",
    "Data_Value": 39.5,
    "Sample_Size": "5,477",
    "Stratification1": "Total",
    "StratificationId1": "OVERALL",
    "LocationDisplayOrder": 28
  },
  {
    "ID": 61146,
    "Description": 2018,
    "LocationAbbr": "MO",
    "LocationDesc": "Missouri",
    "DataSource": "BRFSS",
    "Topic": "Obesity / Weight Status",
    "Data_Value": 35,
    "Sample_Size": "5,802",
    "Stratification1": "Total",
    "StratificationId1": "OVERALL",
    "LocationDisplayOrder": 29
  },
  {
    "ID": 61147,
    "Description": 2018,
    "LocationAbbr": "MT",
    "LocationDesc": "Montana",
    "DataSource": "BRFSS",
    "Topic": "Obesity / Weight Status",
    "Data_Value": 26.9,
    "Sample_Size": "4,804",
    "Stratification1": "Total",
    "StratificationId1": "OVERALL",
    "LocationDisplayOrder": 30
  },
  {
    "ID": 61148,
    "Description": 2018,
    "LocationAbbr": "NE",
    "LocationDesc": "Nebraska",
    "DataSource": "BRFSS",
    "Topic": "Obesity / Weight Status",
    "Data_Value": 34.1,
    "Sample_Size": "13,669",
    "Stratification1": "Total",
    "StratificationId1": "OVERALL",
    "LocationDisplayOrder": 31
  },
  {
    "ID": 61149,
    "Description": 2018,
    "LocationAbbr": "NV",
    "LocationDesc": "Nevada",
    "DataSource": "BRFSS",
    "Topic": "Obesity / Weight Status",
    "Data_Value": 29.5,
    "Sample_Size": "3,005",
    "Stratification1": "Total",
    "StratificationId1": "OVERALL",
    "LocationDisplayOrder": 32
  },
  {
    "ID": 61150,
    "Description": 2018,
    "LocationAbbr": "NH",
    "LocationDesc": "New Hampshire",
    "DataSource": "BRFSS",
    "Topic": "Obesity / Weight Status",
    "Data_Value": 29.6,
    "Sample_Size": "5,235",
    "Stratification1": "Total",
    "StratificationId1": "OVERALL",
    "LocationDisplayOrder": 33
  },
  {
    "ID": 61151,
    "Description": 2018,
    "LocationAbbr": "NJ",
    "LocationDesc": "New Jersey",
    "DataSource": "BRFSS",
    "Topic": "Obesity / Weight Status",
    "Data_Value": 25.7,
    "Sample_Size": "2,767",
    "Stratification1": "Total",
    "StratificationId1": "OVERALL",
    "LocationDisplayOrder": 34
  },
  {
    "ID": 61152,
    "Description": 2018,
    "LocationAbbr": "NM",
    "LocationDesc": "New Mexico",
    "DataSource": "BRFSS",
    "Topic": "Obesity / Weight Status",
    "Data_Value": 32.3,
    "Sample_Size": "6,269",
    "Stratification1": "Total",
    "StratificationId1": "OVERALL",
    "LocationDisplayOrder": 35
  },
  {
    "ID": 61153,
    "Description": 2018,
    "LocationAbbr": "NY",
    "LocationDesc": "New York",
    "DataSource": "BRFSS",
    "Topic": "Obesity / Weight Status",
    "Data_Value": 27.6,
    "Sample_Size": "32,076",
    "Stratification1": "Total",
    "StratificationId1": "OVERALL",
    "LocationDisplayOrder": 36
  },
  {
    "ID": 61154,
    "Description": 2018,
    "LocationAbbr": "NC",
    "LocationDesc": "North Carolina",
    "DataSource": "BRFSS",
    "Topic": "Obesity / Weight Status",
    "Data_Value": 33,
    "Sample_Size": "4,294",
    "Stratification1": "Total",
    "StratificationId1": "OVERALL",
    "LocationDisplayOrder": 37
  },
  {
    "ID": 61155,
    "Description": 2018,
    "LocationAbbr": "ND",
    "LocationDesc": "North Dakota",
    "DataSource": "BRFSS",
    "Topic": "Obesity / Weight Status",
    "Data_Value": 35.1,
    "Sample_Size": "5,224",
    "Stratification1": "Total",
    "StratificationId1": "OVERALL",
    "LocationDisplayOrder": 38
  },
  {
    "ID": 61156,
    "Description": 2018,
    "LocationAbbr": "OH",
    "LocationDesc": "Ohio",
    "DataSource": "BRFSS",
    "Topic": "Obesity / Weight Status",
    "Data_Value": 34,
    "Sample_Size": "11,907",
    "Stratification1": "Total",
    "StratificationId1": "OVERALL",
    "LocationDisplayOrder": 39
  },
  {
    "ID": 61157,
    "Description": 2018,
    "LocationAbbr": "OK",
    "LocationDesc": "Oklahoma",
    "DataSource": "BRFSS",
    "Topic": "Obesity / Weight Status",
    "Data_Value": 34.8,
    "Sample_Size": "4,855",
    "Stratification1": "Total",
    "StratificationId1": "OVERALL",
    "LocationDisplayOrder": 40
  },
  {
    "ID": 61158,
    "Description": 2018,
    "LocationAbbr": "OR",
    "LocationDesc": "Oregon",
    "DataSource": "BRFSS",
    "Topic": "Obesity / Weight Status",
    "Data_Value": 29.9,
    "Sample_Size": "5,471",
    "Stratification1": "Total",
    "StratificationId1": "OVERALL",
    "LocationDisplayOrder": 41
  },
  {
    "ID": 61159,
    "Description": 2018,
    "LocationAbbr": "PA",
    "LocationDesc": "Pennsylvania",
    "DataSource": "BRFSS",
    "Topic": "Obesity / Weight Status",
    "Data_Value": 30.9,
    "Sample_Size": "5,754",
    "Stratification1": "Total",
    "StratificationId1": "OVERALL",
    "LocationDisplayOrder": 42
  },
  {
    "ID": 61160,
    "Description": 2018,
    "LocationAbbr": "RI",
    "LocationDesc": "Rhode Island",
    "DataSource": "BRFSS",
    "Topic": "Obesity / Weight Status",
    "Data_Value": 27.7,
    "Sample_Size": "5,141",
    "Stratification1": "Total",
    "StratificationId1": "OVERALL",
    "LocationDisplayOrder": 44
  },
  {
    "ID": 61161,
    "Description": 2018,
    "LocationAbbr": "SC",
    "LocationDesc": "South Carolina",
    "DataSource": "BRFSS",
    "Topic": "Obesity / Weight Status",
    "Data_Value": 34.3,
    "Sample_Size": "10,082",
    "Stratification1": "Total",
    "StratificationId1": "OVERALL",
    "LocationDisplayOrder": 45
  },
  {
    "ID": 61162,
    "Description": 2018,
    "LocationAbbr": "SD",
    "LocationDesc": "South Dakota",
    "DataSource": "BRFSS",
    "Topic": "Obesity / Weight Status",
    "Data_Value": 30.1,
    "Sample_Size": "6,630",
    "Stratification1": "Total",
    "StratificationId1": "OVERALL",
    "LocationDisplayOrder": 46
  },
  {
    "ID": 61163,
    "Description": 2018,
    "LocationAbbr": "TN",
    "LocationDesc": "Tennessee",
    "DataSource": "BRFSS",
    "Topic": "Obesity / Weight Status",
    "Data_Value": 34.4,
    "Sample_Size": "4,756",
    "Stratification1": "Total",
    "StratificationId1": "OVERALL",
    "LocationDisplayOrder": 47
  },
  {
    "ID": 61164,
    "Description": 2018,
    "LocationAbbr": "TX",
    "LocationDesc": "Texas",
    "DataSource": "BRFSS",
    "Topic": "Obesity / Weight Status",
    "Data_Value": 34.8,
    "Sample_Size": "10,187",
    "Stratification1": "Total",
    "StratificationId1": "OVERALL",
    "LocationDisplayOrder": 48
  },
  {
    "ID": 61165,
    "Description": 2018,
    "LocationAbbr": "UT",
    "LocationDesc": "Utah",
    "DataSource": "BRFSS",
    "Topic": "Obesity / Weight Status",
    "Data_Value": 27.8,
    "Sample_Size": "9,727",
    "Stratification1": "Total",
    "StratificationId1": "OVERALL",
    "LocationDisplayOrder": 49
  },
  {
    "ID": 61166,
    "Description": 2018,
    "LocationAbbr": "VT",
    "LocationDesc": "Vermont",
    "DataSource": "BRFSS",
    "Topic": "Obesity / Weight Status",
    "Data_Value": 27.5,
    "Sample_Size": "6,021",
    "Stratification1": "Total",
    "StratificationId1": "OVERALL",
    "LocationDisplayOrder": 50
  },
  {
    "ID": 61167,
    "Description": 2018,
    "LocationAbbr": "VA",
    "LocationDesc": "Virginia",
    "DataSource": "BRFSS",
    "Topic": "Obesity / Weight Status",
    "Data_Value": 30.4,
    "Sample_Size": "9,517",
    "Stratification1": "Total",
    "StratificationId1": "OVERALL",
    "LocationDisplayOrder": 51
  },
  {
    "ID": 61168,
    "Description": 2018,
    "LocationAbbr": "WA",
    "LocationDesc": "Washington",
    "DataSource": "BRFSS",
    "Topic": "Obesity / Weight Status",
    "Data_Value": 28.7,
    "Sample_Size": "11,864",
    "Stratification1": "Total",
    "StratificationId1": "OVERALL",
    "LocationDisplayOrder": 53
  },
  {
    "ID": 61169,
    "Description": 2018,
    "LocationAbbr": "WV",
    "LocationDesc": "West Virginia",
    "DataSource": "BRFSS",
    "Topic": "Obesity / Weight Status",
    "Data_Value": 39.5,
    "Sample_Size": "4,622",
    "Stratification1": "Total",
    "StratificationId1": "OVERALL",
    "LocationDisplayOrder": 54
  },
  {
    "ID": 61170,
    "Description": 2018,
    "LocationAbbr": "WI",
    "LocationDesc": "Wisconsin",
    "DataSource": "BRFSS",
    "Topic": "Obesity / Weight Status",
    "Data_Value": 32,
    "Sample_Size": "4,585",
    "Stratification1": "Total",
    "StratificationId1": "OVERALL",
    "LocationDisplayOrder": 55
  },
  {
    "ID": 61171,
    "Description": 2018,
    "LocationAbbr": "WY",
    "LocationDesc": "Wyoming",
    "DataSource": "BRFSS",
    "Topic": "Obesity / Weight Status",
    "Data_Value": 29,
    "Sample_Size": "4,175",
    "Stratification1": "Total",
    "StratificationId1": "OVERALL",
    "LocationDisplayOrder": 56
  },
  {
    "ID": 61172,
    "Description": 2018,
    "LocationAbbr": "GU",
    "LocationDesc": "Guam",
    "DataSource": "BRFSS",
    "Topic": "Obesity / Weight Status",
    "Data_Value": 29.8,
    "Sample_Size": "1,515",
    "Stratification1": "Total",
    "StratificationId1": "OVERALL",
    "LocationDisplayOrder": 66
  },
  {
    "ID": 61173,
    "Description": 2018,
    "LocationAbbr": "PR",
    "LocationDesc": "Puerto Rico",
    "DataSource": "BRFSS",
    "Topic": "Obesity / Weight Status",
    "Data_Value": 32.9,
    "Sample_Size": "4,637",
    "Stratification1": "Total",
    "StratificationId1": "OVERALL",
    "LocationDisplayOrder": 72
  },
  {
    "ID": 63097,
    "Description": 2018,
    "LocationAbbr": "VI",
    "LocationDesc": "Virgin Islands",
    "DataSource": "BRFSS",
    "Topic": "Obesity / Weight Status",
    "Data_Value": "~",
    "Sample_Size": "~",
    "Stratification1": "Total",
    "StratificationId1": "OVERALL",
    "LocationDisplayOrder": 78
  },
  {
    "ID": "",
    "Description": "",
    "LocationAbbr": "",
    "LocationDesc": "",
    "DataSource": "",
    "Topic": "",
    "Data_Value": "",
    "Sample_Size": "",
    "Stratification1": "",
    "StratificationId1": "",
    "LocationDisplayOrder": ""
  },
  {
    "ID": "",
    "Description": "",
    "LocationAbbr": "",
    "LocationDesc": "",
    "DataSource": "",
    "Topic": "",
    "Data_Value": "",
    "Sample_Size": "",
    "Stratification1": "",
    "StratificationId1": "",
    "LocationDisplayOrder": ""
  },
  {
    "ID": "",
    "Description": "",
    "LocationAbbr": "",
    "LocationDesc": "",
    "DataSource": "",
    "Topic": "",
    "Data_Value": "",
    "Sample_Size": "",
    "Stratification1": "",
    "StratificationId1": "",
    "LocationDisplayOrder": ""
  },
  {
    "ID": "",
    "Description": "",
    "LocationAbbr": "",
    "LocationDesc": "",
    "DataSource": "",
    "Topic": "",
    "Data_Value": "",
    "Sample_Size": "",
    "Stratification1": "",
    "StratificationId1": "",
    "LocationDisplayOrder": ""
  },
  {
    "ID": "",
    "Description": "",
    "LocationAbbr": "",
    "LocationDesc": "",
    "DataSource": "",
    "Topic": "",
    "Data_Value": "",
    "Sample_Size": "",
    "Stratification1": "",
    "StratificationId1": "",
    "LocationDisplayOrder": ""
  },
  {
    "ID": "",
    "Description": "",
    "LocationAbbr": "",
    "LocationDesc": "",
    "DataSource": "",
    "Topic": "",
    "Data_Value": "",
    "Sample_Size": "",
    "Stratification1": "",
    "StratificationId1": "",
    "LocationDisplayOrder": ""
  },
  {
    "ID": "",
    "Description": "",
    "LocationAbbr": "",
    "LocationDesc": "",
    "DataSource": "",
    "Topic": "",
    "Data_Value": "",
    "Sample_Size": "",
    "Stratification1": "",
    "StratificationId1": "",
    "LocationDisplayOrder": ""
  },
  {
    "ID": "",
    "Description": "",
    "LocationAbbr": "",
    "LocationDesc": "",
    "DataSource": "",
    "Topic": "",
    "Data_Value": "",
    "Sample_Size": "",
    "Stratification1": "",
    "StratificationId1": "",
    "LocationDisplayOrder": ""
  },
  {
    "ID": "",
    "Description": "",
    "LocationAbbr": "",
    "LocationDesc": "",
    "DataSource": "",
    "Topic": "",
    "Data_Value": "",
    "Sample_Size": "",
    "Stratification1": "",
    "StratificationId1": "",
    "LocationDisplayOrder": ""
  },
  {
    "ID": "",
    "Description": "",
    "LocationAbbr": "",
    "LocationDesc": "",
    "DataSource": "",
    "Topic": "",
    "Data_Value": "",
    "Sample_Size": "",
    "Stratification1": "",
    "StratificationId1": "",
    "LocationDisplayOrder": ""
  }
]