[
  {
    "ID": 61108,
    "Description": 2018,
    "LocationAbbr": "US",
    "LocationDesc": "National",
    "DataSource": "BRFSS",
    "Topic": "Obesity / Weight Status",
    "Data_Value": 33.2,
    "Sample_Size": "35,153",
    "Stratification1": "$25,000 - $34,999",
    "StratificationId1": "INC2535",
    "LocationDisplayOrder": 0
  },
  {
    "ID": 61188,
    "Description": 2018,
    "LocationAbbr": "AL",
    "LocationDesc": "Alabama",
    "DataSource": "BRFSS",
    "Topic": "Obesity / Weight Status",
    "Data_Value": 35.1,
    "Sample_Size": 556,
    "Stratification1": "$25,000 - $34,999",
    "StratificationId1": "INC2535",
    "LocationDisplayOrder": 1
  },
  {
    "ID": 61764,
    "Description": 2018,
    "LocationAbbr": "AK",
    "LocationDesc": "Alaska",
    "DataSource": "BRFSS",
    "Topic": "Obesity / Weight Status",
    "Data_Value": 35.4,
    "Sample_Size": 198,
    "Stratification1": "$25,000 - $34,999",
    "StratificationId1": "INC2535",
    "LocationDisplayOrder": 2
  },
  {
    "ID": 61791,
    "Description": 2018,
    "LocationAbbr": "AZ",
    "LocationDesc": "Arizona",
    "DataSource": "BRFSS",
    "Topic": "Obesity / Weight Status",
    "Data_Value": 33.2,
    "Sample_Size": 721,
    "Stratification1": "$25,000 - $34,999",
    "StratificationId1": "INC2535",
    "LocationDisplayOrder": 4
  },
  {
    "ID": 61818,
    "Description": 2018,
    "LocationAbbr": "AR",
    "LocationDesc": "Arkansas",
    "DataSource": "BRFSS",
    "Topic": "Obesity / Weight Status",
    "Data_Value": 36.2,
    "Sample_Size": 526,
    "Stratification1": "$25,000 - $34,999",
    "StratificationId1": "INC2535",
    "LocationDisplayOrder": 5
  },
  {
    "ID": 61845,
    "Description": 2018,
    "LocationAbbr": "CA",
    "LocationDesc": "California",
    "DataSource": "BRFSS",
    "Topic": "Obesity / Weight Status",
    "Data_Value": 28.5,
    "Sample_Size": 907,
    "Stratification1": "$25,000 - $34,999",
    "StratificationId1": "INC2535",
    "LocationDisplayOrder": 6
  },
  {
    "ID": 61592,
    "Description": 2018,
    "LocationAbbr": "CO",
    "LocationDesc": "Colorado",
    "DataSource": "BRFSS",
    "Topic": "Obesity / Weight Status",
    "Data_Value": 21.7,
    "Sample_Size": 633,
    "Stratification1": "$25,000 - $34,999",
    "StratificationId1": "INC2535",
    "LocationDisplayOrder": 8
  },
  {
    "ID": 61619,
    "Description": 2018,
    "LocationAbbr": "CT",
    "LocationDesc": "Connecticut",
    "DataSource": "BRFSS",
    "Topic": "Obesity / Weight Status",
    "Data_Value": 34,
    "Sample_Size": 681,
    "Stratification1": "$25,000 - $34,999",
    "StratificationId1": "INC2535",
    "LocationDisplayOrder": 9
  },
  {
    "ID": 61646,
    "Description": 2018,
    "LocationAbbr": "DE",
    "LocationDesc": "Delaware",
    "DataSource": "BRFSS",
    "Topic": "Obesity / Weight Status",
    "Data_Value": 34.8,
    "Sample_Size": 378,
    "Stratification1": "$25,000 - $34,999",
    "StratificationId1": "INC2535",
    "LocationDisplayOrder": 10
  },
  {
    "ID": 61857,
    "Description": 2018,
    "LocationAbbr": "DC",
    "LocationDesc": "District of Columbia",
    "DataSource": "BRFSS",
    "Topic": "Obesity / Weight Status",
    "Data_Value": 32.3,
    "Sample_Size": 222,
    "Stratification1": "$25,000 - $34,999",
    "StratificationId1": "INC2535",
    "LocationDisplayOrder": 11
  },
  {
    "ID": 61884,
    "Description": 2018,
    "LocationAbbr": "FL",
    "LocationDesc": "Florida",
    "DataSource": "BRFSS",
    "Topic": "Obesity / Weight Status",
    "Data_Value": 31.9,
    "Sample_Size": "1,455",
    "Stratification1": "$25,000 - $34,999",
    "StratificationId1": "INC2535",
    "LocationDisplayOrder": 12
  },
  {
    "ID": 61911,
    "Description": 2018,
    "LocationAbbr": "GA",
    "LocationDesc": "Georgia",
    "DataSource": "BRFSS",
    "Topic": "Obesity / Weight Status",
    "Data_Value": 32.2,
    "Sample_Size": 718,
    "Stratification1": "$25,000 - $34,999",
    "StratificationId1": "INC2535",
    "LocationDisplayOrder": 13
  },
  {
    "ID": 61938,
    "Description": 2018,
    "LocationAbbr": "HI",
    "LocationDesc": "Hawaii",
    "DataSource": "BRFSS",
    "Topic": "Obesity / Weight Status",
    "Data_Value": 27.9,
    "Sample_Size": 654,
    "Stratification1": "$25,000 - $34,999",
    "StratificationId1": "INC2535",
    "LocationDisplayOrder": 15
  },
  {
    "ID": 61225,
    "Description": 2018,
    "LocationAbbr": "ID",
    "LocationDesc": "Idaho",
    "DataSource": "BRFSS",
    "Topic": "Obesity / Weight Status",
    "Data_Value": 29.3,
    "Sample_Size": 364,
    "Stratification1": "$25,000 - $34,999",
    "StratificationId1": "INC2535",
    "LocationDisplayOrder": 16
  },
  {
    "ID": 61252,
    "Description": 2018,
    "LocationAbbr": "IL",
    "LocationDesc": "Illinois",
    "DataSource": "BRFSS",
    "Topic": "Obesity / Weight Status",
    "Data_Value": 31.2,
    "Sample_Size": 428,
    "Stratification1": "$25,000 - $34,999",
    "StratificationId1": "INC2535",
    "LocationDisplayOrder": 17
  },
  {
    "ID": 61279,
    "Description": 2018,
    "LocationAbbr": "IN",
    "LocationDesc": "Indiana",
    "DataSource": "BRFSS",
    "Topic": "Obesity / Weight Status",
    "Data_Value": 35.4,
    "Sample_Size": 686,
    "Stratification1": "$25,000 - $34,999",
    "StratificationId1": "INC2535",
    "LocationDisplayOrder": 18
  },
  {
    "ID": 61951,
    "Description": 2018,
    "LocationAbbr": "IA",
    "LocationDesc": "Iowa",
    "DataSource": "BRFSS",
    "Topic": "Obesity / Weight Status",
    "Data_Value": 38.1,
    "Sample_Size": 696,
    "Stratification1": "$25,000 - $34,999",
    "StratificationId1": "INC2535",
    "LocationDisplayOrder": 19
  },
  {
    "ID": 61978,
    "Description": 2018,
    "LocationAbbr": "KS",
    "LocationDesc": "Kansas",
    "DataSource": "BRFSS",
    "Topic": "Obesity / Weight Status",
    "Data_Value": 36,
    "Sample_Size": 945,
    "Stratification1": "$25,000 - $34,999",
    "StratificationId1": "INC2535",
    "LocationDisplayOrder": 20
  },
  {
    "ID": 62005,
    "Description": 2018,
    "LocationAbbr": "KY",
    "LocationDesc": "Kentucky",
    "DataSource": "BRFSS",
    "Topic": "Obesity / Weight Status",
    "Data_Value": 42.1,
    "Sample_Size": 756,
    "Stratification1": "$25,000 - $34,999",
    "StratificationId1": "INC2535",
    "LocationDisplayOrder": 21
  },
  {
    "ID": 62215,
    "Description": 2018,
    "LocationAbbr": "LA",
    "LocationDesc": "Louisiana",
    "DataSource": "BRFSS",
    "Topic": "Obesity / Weight Status",
    "Data_Value": 39.2,
    "Sample_Size": 403,
    "Stratification1": "$25,000 - $34,999",
    "StratificationId1": "INC2535",
    "LocationDisplayOrder": 22
  },
  {
    "ID": 62242,
    "Description": 2018,
    "LocationAbbr": "ME",
    "LocationDesc": "Maine",
    "DataSource": "BRFSS",
    "Topic": "Obesity / Weight Status",
    "Data_Value": 30.2,
    "Sample_Size": 992,
    "Stratification1": "$25,000 - $34,999",
    "StratificationId1": "INC2535",
    "LocationDisplayOrder": 23
  },
  {
    "ID": 62269,
    "Description": 2018,
    "LocationAbbr": "MD",
    "LocationDesc": "Maryland",
    "DataSource": "BRFSS",
    "Topic": "Obesity / Weight Status",
    "Data_Value": 37,
    "Sample_Size": "1,036",
    "Stratification1": "$25,000 - $34,999",
    "StratificationId1": "INC2535",
    "LocationDisplayOrder": 24
  },
  {
    "ID": 62296,
    "Description": 2018,
    "LocationAbbr": "MA",
    "LocationDesc": "Massachusetts",
    "DataSource": "BRFSS",
    "Topic": "Obesity / Weight Status",
    "Data_Value": 29.5,
    "Sample_Size": 421,
    "Stratification1": "$25,000 - $34,999",
    "StratificationId1": "INC2535",
    "LocationDisplayOrder": 25
  },
  {
    "ID": 62464,
    "Description": 2018,
    "LocationAbbr": "MI",
    "LocationDesc": "Michigan",
    "DataSource": "BRFSS",
    "Topic": "Obesity / Weight Status",
    "Data_Value": 33.5,
    "Sample_Size": 801,
    "Stratification1": "$25,000 - $34,999",
    "StratificationId1": "INC2535",
    "LocationDisplayOrder": 26
  },
  {
    "ID": 62491,
    "Description": 2018,
    "LocationAbbr": "MN",
    "LocationDesc": "Minnesota",
    "DataSource": "BRFSS",
    "Topic": "Obesity / Weight Status",
    "Data_Value": 33.8,
    "Sample_Size": "1,305",
    "Stratification1": "$25,000 - $34,999",
    "StratificationId1": "INC2535",
    "LocationDisplayOrder": 27
  },
  {
    "ID": 62518,
    "Description": 2018,
    "LocationAbbr": "MS",
    "LocationDesc": "Mississippi",
    "DataSource": "BRFSS",
    "Topic": "Obesity / Weight Status",
    "Data_Value": 37.9,
    "Sample_Size": 573,
    "Stratification1": "$25,000 - $34,999",
    "StratificationId1": "INC2535",
    "LocationDisplayOrder": 28
  },
  {
    "ID": 62925,
    "Description": 2018,
    "LocationAbbr": "MO",
    "LocationDesc": "Missouri",
    "DataSource": "BRFSS",
    "Topic": "Obesity / Weight Status",
    "Data_Value": 36.4,
    "Sample_Size": 546,
    "Stratification1": "$25,000 - $34,999",
    "StratificationId1": "INC2535",
    "LocationDisplayOrder": 29
  },
  {
    "ID": 62952,
    "Description": 2018,
    "LocationAbbr": "MT",
    "LocationDesc": "Montana",
    "DataSource": "BRFSS",
    "Topic": "Obesity / Weight Status",
    "Data_Value": 27.3,
    "Sample_Size": 468,
    "Stratification1": "$25,000 - $34,999",
    "StratificationId1": "INC2535",
    "LocationDisplayOrder": 30
  },
  {
    "ID": 62979,
    "Description": 2018,
    "LocationAbbr": "NE",
    "LocationDesc": "Nebraska",
    "DataSource": "BRFSS",
    "Topic": "Obesity / Weight Status",
    "Data_Value": 34.5,
    "Sample_Size": "1,390",
    "Stratification1": "$25,000 - $34,999",
    "StratificationId1": "INC2535",
    "LocationDisplayOrder": 31
  },
  {
    "ID": 63006,
    "Description": 2018,
    "LocationAbbr": "NV",
    "LocationDesc": "Nevada",
    "DataSource": "BRFSS",
    "Topic": "Obesity / Weight Status",
    "Data_Value": 34.6,
    "Sample_Size": 287,
    "Stratification1": "$25,000 - $34,999",
    "StratificationId1": "INC2535",
    "LocationDisplayOrder": 32
  },
  {
    "ID": 62557,
    "Description": 2018,
    "LocationAbbr": "NH",
    "LocationDesc": "New Hampshire",
    "DataSource": "BRFSS",
    "Topic": "Obesity / Weight Status",
    "Data_Value": 34.9,
    "Sample_Size": 403,
    "Stratification1": "$25,000 - $34,999",
    "StratificationId1": "INC2535",
    "LocationDisplayOrder": 33
  },
  {
    "ID": 62584,
    "Description": 2018,
    "LocationAbbr": "NJ",
    "LocationDesc": "New Jersey",
    "DataSource": "BRFSS",
    "Topic": "Obesity / Weight Status",
    "Data_Value": 28.9,
    "Sample_Size": 187,
    "Stratification1": "$25,000 - $34,999",
    "StratificationId1": "INC2535",
    "LocationDisplayOrder": 34
  },
  {
    "ID": 62611,
    "Description": 2018,
    "LocationAbbr": "NM",
    "LocationDesc": "New Mexico",
    "DataSource": "BRFSS",
    "Topic": "Obesity / Weight Status",
    "Data_Value": 32.2,
    "Sample_Size": 616,
    "Stratification1": "$25,000 - $34,999",
    "StratificationId1": "INC2535",
    "LocationDisplayOrder": 35
  },
  {
    "ID": 62117,
    "Description": 2018,
    "LocationAbbr": "NY",
    "LocationDesc": "New York",
    "DataSource": "BRFSS",
    "Topic": "Obesity / Weight Status",
    "Data_Value": 30.8,
    "Sample_Size": "2,796",
    "Stratification1": "$25,000 - $34,999",
    "StratificationId1": "INC2535",
    "LocationDisplayOrder": 36
  },
  {
    "ID": 62144,
    "Description": 2018,
    "LocationAbbr": "NC",
    "LocationDesc": "North Carolina",
    "DataSource": "BRFSS",
    "Topic": "Obesity / Weight Status",
    "Data_Value": 39.2,
    "Sample_Size": 402,
    "Stratification1": "$25,000 - $34,999",
    "StratificationId1": "INC2535",
    "LocationDisplayOrder": 37
  },
  {
    "ID": 62171,
    "Description": 2018,
    "LocationAbbr": "ND",
    "LocationDesc": "North Dakota",
    "DataSource": "BRFSS",
    "Topic": "Obesity / Weight Status",
    "Data_Value": 38.1,
    "Sample_Size": 438,
    "Stratification1": "$25,000 - $34,999",
    "StratificationId1": "INC2535",
    "LocationDisplayOrder": 38
  },
  {
    "ID": 62198,
    "Description": 2018,
    "LocationAbbr": "OH",
    "LocationDesc": "Ohio",
    "DataSource": "BRFSS",
    "Topic": "Obesity / Weight Status",
    "Data_Value": 33.6,
    "Sample_Size": "1,236",
    "Stratification1": "$25,000 - $34,999",
    "StratificationId1": "INC2535",
    "LocationDisplayOrder": 39
  },
  {
    "ID": 62321,
    "Description": 2018,
    "LocationAbbr": "OK",
    "LocationDesc": "Oklahoma",
    "DataSource": "BRFSS",
    "Topic": "Obesity / Weight Status",
    "Data_Value": 36.2,
    "Sample_Size": 498,
    "Stratification1": "$25,000 - $34,999",
    "StratificationId1": "INC2535",
    "LocationDisplayOrder": 40
  },
  {
    "ID": 62348,
    "Description": 2018,
    "LocationAbbr": "OR",
    "LocationDesc": "Oregon",
    "DataSource": "BRFSS",
    "Topic": "Obesity / Weight Status",
    "Data_Value": 26.9,
    "Sample_Size": 494,
    "Stratification1": "$25,000 - $34,999",
    "StratificationId1": "INC2535",
    "LocationDisplayOrder": 41
  },
  {
    "ID": 62375,
    "Description": 2018,
    "LocationAbbr": "PA",
    "LocationDesc": "Pennsylvania",
    "DataSource": "BRFSS",
    "Topic": "Obesity / Weight Status",
    "Data_Value": 30.8,
    "Sample_Size": 466,
    "Stratification1": "$25,000 - $34,999",
    "StratificationId1": "INC2535",
    "LocationDisplayOrder": 42
  },
  {
    "ID": 62637,
    "Description": 2018,
    "LocationAbbr": "RI",
    "LocationDesc": "Rhode Island",
    "DataSource": "BRFSS",
    "Topic": "Obesity / Weight Status",
    "Data_Value": 30.6,
    "Sample_Size": 388,
    "Stratification1": "$25,000 - $34,999",
    "StratificationId1": "INC2535",
    "LocationDisplayOrder": 44
  },
  {
    "ID": 62664,
    "Description": 2018,
    "LocationAbbr": "SC",
    "LocationDesc": "South Carolina",
    "DataSource": "BRFSS",
    "Topic": "Obesity / Weight Status",
    "Data_Value": 39.1,
    "Sample_Size": "1,025",
    "Stratification1": "$25,000 - $34,999",
    "StratificationId1": "INC2535",
    "LocationDisplayOrder": 45
  },
  {
    "ID": 62691,
    "Description": 2018,
    "LocationAbbr": "SD",
    "LocationDesc": "South Dakota",
    "DataSource": "BRFSS",
    "Topic": "Obesity / Weight Status",
    "Data_Value": 32,
    "Sample_Size": 662,
    "Stratification1": "$25,000 - $34,999",
    "StratificationId1": "INC2535",
    "LocationDisplayOrder": 46
  },
  {
    "ID": 62718,
    "Description": 2018,
    "LocationAbbr": "TN",
    "LocationDesc": "Tennessee",
    "DataSource": "BRFSS",
    "Topic": "Obesity / Weight Status",
    "Data_Value": 33.1,
    "Sample_Size": 446,
    "Stratification1": "$25,000 - $34,999",
    "StratificationId1": "INC2535",
    "LocationDisplayOrder": 47
  },
  {
    "ID": 62745,
    "Description": 2018,
    "LocationAbbr": "TX",
    "LocationDesc": "Texas",
    "DataSource": "BRFSS",
    "Topic": "Obesity / Weight Status",
    "Data_Value": 40.2,
    "Sample_Size": 840,
    "Stratification1": "$25,000 - $34,999",
    "StratificationId1": "INC2535",
    "LocationDisplayOrder": 48
  },
  {
    "ID": 62772,
    "Description": 2018,
    "LocationAbbr": "UT",
    "LocationDesc": "Utah",
    "DataSource": "BRFSS",
    "Topic": "Obesity / Weight Status",
    "Data_Value": 31.7,
    "Sample_Size": 722,
    "Stratification1": "$25,000 - $34,999",
    "StratificationId1": "INC2535",
    "LocationDisplayOrder": 49
  },
  {
    "ID": 62799,
    "Description": 2018,
    "LocationAbbr": "VT",
    "LocationDesc": "Vermont",
    "DataSource": "BRFSS",
    "Topic": "Obesity / Weight Status",
    "Data_Value": 31.8,
    "Sample_Size": 556,
    "Stratification1": "$25,000 - $34,999",
    "StratificationId1": "INC2535",
    "LocationDisplayOrder": 50
  },
  {
    "ID": 62826,
    "Description": 2018,
    "LocationAbbr": "VA",
    "LocationDesc": "Virginia",
    "DataSource": "BRFSS",
    "Topic": "Obesity / Weight Status",
    "Data_Value": 30.7,
    "Sample_Size": 766,
    "Stratification1": "$25,000 - $34,999",
    "StratificationId1": "INC2535",
    "LocationDisplayOrder": 51
  },
  {
    "ID": 62853,
    "Description": 2018,
    "LocationAbbr": "WA",
    "LocationDesc": "Washington",
    "DataSource": "BRFSS",
    "Topic": "Obesity / Weight Status",
    "Data_Value": 31.2,
    "Sample_Size": 956,
    "Stratification1": "$25,000 - $34,999",
    "StratificationId1": "INC2535",
    "LocationDisplayOrder": 53
  },
  {
    "ID": 62880,
    "Description": 2018,
    "LocationAbbr": "WV",
    "LocationDesc": "West Virginia",
    "DataSource": "BRFSS",
    "Topic": "Obesity / Weight Status",
    "Data_Value": 36.6,
    "Sample_Size": 619,
    "Stratification1": "$25,000 - $34,999",
    "StratificationId1": "INC2535",
    "LocationDisplayOrder": 54
  },
  {
    "ID": 62907,
    "Description": 2018,
    "LocationAbbr": "WI",
    "LocationDesc": "Wisconsin",
    "DataSource": "BRFSS",
    "Topic": "Obesity / Weight Status",
    "Data_Value": 31.2,
    "Sample_Size": 484,
    "Stratification1": "$25,000 - $34,999",
    "StratificationId1": "INC2535",
    "LocationDisplayOrder": 55
  },
  {
    "ID": 63030,
    "Description": 2018,
    "LocationAbbr": "WY",
    "LocationDesc": "Wyoming",
    "DataSource": "BRFSS",
    "Topic": "Obesity / Weight Status",
    "Data_Value": 27.4,
    "Sample_Size": 407,
    "Stratification1": "$25,000 - $34,999",
    "StratificationId1": "INC2535",
    "LocationDisplayOrder": 56
  },
  {
    "ID": 63057,
    "Description": 2018,
    "LocationAbbr": "GU",
    "LocationDesc": "Guam",
    "DataSource": "BRFSS",
    "Topic": "Obesity / Weight Status",
    "Data_Value": 23.5,
    "Sample_Size": 183,
    "Stratification1": "$25,000 - $34,999",
    "StratificationId1": "INC2535",
    "LocationDisplayOrder": 66
  },
  {
    "ID": 63084,
    "Description": 2018,
    "LocationAbbr": "PR",
    "LocationDesc": "Puerto Rico",
    "DataSource": "BRFSS",
    "Topic": "Obesity / Weight Status",
    "Data_Value": 30.7,
    "Sample_Size": 445,
    "Stratification1": "$25,000 - $34,999",
    "StratificationId1": "INC2535",
    "LocationDisplayOrder": 72
  },
  {
    "ID": 62398,
    "Description": 2018,
    "LocationAbbr": "VI",
    "LocationDesc": "Virgin Islands",
    "DataSource": "BRFSS",
    "Topic": "Obesity / Weight Status",
    "Data_Value": "~",
    "Sample_Size": "~",
    "Stratification1": "$25,000 - $34,999",
    "StratificationId1": "INC2535",
    "LocationDisplayOrder": 78
  },
  {
    "ID": "",
    "Description": "",
    "LocationAbbr": "",
    "LocationDesc": "",
    "DataSource": "",
    "Topic": "",
    "Data_Value": "",
    "Sample_Size": "",
    "Stratification1": "",
    "StratificationId1": "",
    "LocationDisplayOrder": ""
  },
  {
    "ID": "",
    "Description": "",
    "LocationAbbr": "",
    "LocationDesc": "",
    "DataSource": "",
    "Topic": "",
    "Data_Value": "",
    "Sample_Size": "",
    "Stratification1": "",
    "StratificationId1": "",
    "LocationDisplayOrder": ""
  },
  {
    "ID": "",
    "Description": "",
    "LocationAbbr": "",
    "LocationDesc": "",
    "DataSource": "",
    "Topic": "",
    "Data_Value": "",
    "Sample_Size": "",
    "Stratification1": "",
    "StratificationId1": "",
    "LocationDisplayOrder": ""
  },
  {
    "ID": "",
    "Description": "",
    "LocationAbbr": "",
    "LocationDesc": "",
    "DataSource": "",
    "Topic": "",
    "Data_Value": "",
    "Sample_Size": "",
    "Stratification1": "",
    "StratificationId1": "",
    "LocationDisplayOrder": ""
  },
  {
    "ID": "",
    "Description": "",
    "LocationAbbr": "",
    "LocationDesc": "",
    "DataSource": "",
    "Topic": "",
    "Data_Value": "",
    "Sample_Size": "",
    "Stratification1": "",
    "StratificationId1": "",
    "LocationDisplayOrder": ""
  },
  {
    "ID": "",
    "Description": "",
    "LocationAbbr": "",
    "LocationDesc": "",
    "DataSource": "",
    "Topic": "",
    "Data_Value": "",
    "Sample_Size": "",
    "Stratification1": "",
    "StratificationId1": "",
    "LocationDisplayOrder": ""
  },
  {
    "ID": "",
    "Description": "",
    "LocationAbbr": "",
    "LocationDesc": "",
    "DataSource": "",
    "Topic": "",
    "Data_Value": "",
    "Sample_Size": "",
    "Stratification1": "",
    "StratificationId1": "",
    "LocationDisplayOrder": ""
  },
  {
    "ID": "",
    "Description": "",
    "LocationAbbr": "",
    "LocationDesc": "",
    "DataSource": "",
    "Topic": "",
    "Data_Value": "",
    "Sample_Size": "",
    "Stratification1": "",
    "StratificationId1": "",
    "LocationDisplayOrder": ""
  },
  {
    "ID": "",
    "Description": "",
    "LocationAbbr": "",
    "LocationDesc": "",
    "DataSource": "",
    "Topic": "",
    "Data_Value": "",
    "Sample_Size": "",
    "Stratification1": "",
    "StratificationId1": "",
    "LocationDisplayOrder": ""
  },
  {
    "ID": "",
    "Description": "",
    "LocationAbbr": "",
    "LocationDesc": "",
    "DataSource": "",
    "Topic": "",
    "Data_Value": "",
    "Sample_Size": "",
    "Stratification1": "",
    "StratificationId1": "",
    "LocationDisplayOrder": ""
  }
]