[
  {
    "ID": 61570,
    "Description": 2018,
    "LocationAbbr": "US",
    "LocationDesc": "National",
    "DataSource": "BRFSS",
    "Topic": "Obesity / Weight Status",
    "Data_Value": 35.1,
    "Sample_Size": "82,636",
    "Stratification1": "55 - 64",
    "StratificationId1": "AGEYR5564",
    "LocationDisplayOrder": 0
  },
  {
    "ID": 61184,
    "Description": 2018,
    "LocationAbbr": "AL",
    "LocationDesc": "Alabama",
    "DataSource": "BRFSS",
    "Topic": "Obesity / Weight Status",
    "Data_Value": 43.7,
    "Sample_Size": "1,364",
    "Stratification1": "55 - 64",
    "StratificationId1": "AGEYR5564",
    "LocationDisplayOrder": 1
  },
  {
    "ID": 61760,
    "Description": 2018,
    "LocationAbbr": "AK",
    "LocationDesc": "Alaska",
    "DataSource": "BRFSS",
    "Topic": "Obesity / Weight Status",
    "Data_Value": 33.4,
    "Sample_Size": 598,
    "Stratification1": "55 - 64",
    "StratificationId1": "AGEYR5564",
    "LocationDisplayOrder": 2
  },
  {
    "ID": 61787,
    "Description": 2018,
    "LocationAbbr": "AZ",
    "LocationDesc": "Arizona",
    "DataSource": "BRFSS",
    "Topic": "Obesity / Weight Status",
    "Data_Value": 35.4,
    "Sample_Size": "1,482",
    "Stratification1": "55 - 64",
    "StratificationId1": "AGEYR5564",
    "LocationDisplayOrder": 4
  },
  {
    "ID": 61814,
    "Description": 2018,
    "LocationAbbr": "AR",
    "LocationDesc": "Arkansas",
    "DataSource": "BRFSS",
    "Topic": "Obesity / Weight Status",
    "Data_Value": 40.3,
    "Sample_Size": 978,
    "Stratification1": "55 - 64",
    "StratificationId1": "AGEYR5564",
    "LocationDisplayOrder": 5
  },
  {
    "ID": 61841,
    "Description": 2018,
    "LocationAbbr": "CA",
    "LocationDesc": "California",
    "DataSource": "BRFSS",
    "Topic": "Obesity / Weight Status",
    "Data_Value": 30.1,
    "Sample_Size": "2,003",
    "Stratification1": "55 - 64",
    "StratificationId1": "AGEYR5564",
    "LocationDisplayOrder": 6
  },
  {
    "ID": 61588,
    "Description": 2018,
    "LocationAbbr": "CO",
    "LocationDesc": "Colorado",
    "DataSource": "BRFSS",
    "Topic": "Obesity / Weight Status",
    "Data_Value": 26.8,
    "Sample_Size": "1,667",
    "Stratification1": "55 - 64",
    "StratificationId1": "AGEYR5564",
    "LocationDisplayOrder": 8
  },
  {
    "ID": 61615,
    "Description": 2018,
    "LocationAbbr": "CT",
    "LocationDesc": "Connecticut",
    "DataSource": "BRFSS",
    "Topic": "Obesity / Weight Status",
    "Data_Value": 31.2,
    "Sample_Size": "2,254",
    "Stratification1": "55 - 64",
    "StratificationId1": "AGEYR5564",
    "LocationDisplayOrder": 9
  },
  {
    "ID": 61642,
    "Description": 2018,
    "LocationAbbr": "DE",
    "LocationDesc": "Delaware",
    "DataSource": "BRFSS",
    "Topic": "Obesity / Weight Status",
    "Data_Value": 38.3,
    "Sample_Size": "1,002",
    "Stratification1": "55 - 64",
    "StratificationId1": "AGEYR5564",
    "LocationDisplayOrder": 10
  },
  {
    "ID": 61853,
    "Description": 2018,
    "LocationAbbr": "DC",
    "LocationDesc": "District of Columbia",
    "DataSource": "BRFSS",
    "Topic": "Obesity / Weight Status",
    "Data_Value": 30.3,
    "Sample_Size": 779,
    "Stratification1": "55 - 64",
    "StratificationId1": "AGEYR5564",
    "LocationDisplayOrder": 11
  },
  {
    "ID": 61880,
    "Description": 2018,
    "LocationAbbr": "FL",
    "LocationDesc": "Florida",
    "DataSource": "BRFSS",
    "Topic": "Obesity / Weight Status",
    "Data_Value": 33.2,
    "Sample_Size": "2,641",
    "Stratification1": "55 - 64",
    "StratificationId1": "AGEYR5564",
    "LocationDisplayOrder": 12
  },
  {
    "ID": 61907,
    "Description": 2018,
    "LocationAbbr": "GA",
    "LocationDesc": "Georgia",
    "DataSource": "BRFSS",
    "Topic": "Obesity / Weight Status",
    "Data_Value": 36.5,
    "Sample_Size": "1,661",
    "Stratification1": "55 - 64",
    "StratificationId1": "AGEYR5564",
    "LocationDisplayOrder": 13
  },
  {
    "ID": 61934,
    "Description": 2018,
    "LocationAbbr": "HI",
    "LocationDesc": "Hawaii",
    "DataSource": "BRFSS",
    "Topic": "Obesity / Weight Status",
    "Data_Value": 26.5,
    "Sample_Size": "1,507",
    "Stratification1": "55 - 64",
    "StratificationId1": "AGEYR5564",
    "LocationDisplayOrder": 15
  },
  {
    "ID": 61221,
    "Description": 2018,
    "LocationAbbr": "ID",
    "LocationDesc": "Idaho",
    "DataSource": "BRFSS",
    "Topic": "Obesity / Weight Status",
    "Data_Value": 31.8,
    "Sample_Size": 624,
    "Stratification1": "55 - 64",
    "StratificationId1": "AGEYR5564",
    "LocationDisplayOrder": 16
  },
  {
    "ID": 61248,
    "Description": 2018,
    "LocationAbbr": "IL",
    "LocationDesc": "Illinois",
    "DataSource": "BRFSS",
    "Topic": "Obesity / Weight Status",
    "Data_Value": 36.3,
    "Sample_Size": 981,
    "Stratification1": "55 - 64",
    "StratificationId1": "AGEYR5564",
    "LocationDisplayOrder": 17
  },
  {
    "ID": 61275,
    "Description": 2018,
    "LocationAbbr": "IN",
    "LocationDesc": "Indiana",
    "DataSource": "BRFSS",
    "Topic": "Obesity / Weight Status",
    "Data_Value": 37.6,
    "Sample_Size": "1,470",
    "Stratification1": "55 - 64",
    "StratificationId1": "AGEYR5564",
    "LocationDisplayOrder": 18
  },
  {
    "ID": 61302,
    "Description": 2018,
    "LocationAbbr": "IA",
    "LocationDesc": "Iowa",
    "DataSource": "BRFSS",
    "Topic": "Obesity / Weight Status",
    "Data_Value": 39.3,
    "Sample_Size": "1,734",
    "Stratification1": "55 - 64",
    "StratificationId1": "AGEYR5564",
    "LocationDisplayOrder": 19
  },
  {
    "ID": 61974,
    "Description": 2018,
    "LocationAbbr": "KS",
    "LocationDesc": "Kansas",
    "DataSource": "BRFSS",
    "Topic": "Obesity / Weight Status",
    "Data_Value": 39.5,
    "Sample_Size": "2,030",
    "Stratification1": "55 - 64",
    "StratificationId1": "AGEYR5564",
    "LocationDisplayOrder": 20
  },
  {
    "ID": 62001,
    "Description": 2018,
    "LocationAbbr": "KY",
    "LocationDesc": "Kentucky",
    "DataSource": "BRFSS",
    "Topic": "Obesity / Weight Status",
    "Data_Value": 42.4,
    "Sample_Size": "1,781",
    "Stratification1": "55 - 64",
    "StratificationId1": "AGEYR5564",
    "LocationDisplayOrder": 21
  },
  {
    "ID": 62211,
    "Description": 2018,
    "LocationAbbr": "LA",
    "LocationDesc": "Louisiana",
    "DataSource": "BRFSS",
    "Topic": "Obesity / Weight Status",
    "Data_Value": 40.2,
    "Sample_Size": "1,050",
    "Stratification1": "55 - 64",
    "StratificationId1": "AGEYR5564",
    "LocationDisplayOrder": 22
  },
  {
    "ID": 62238,
    "Description": 2018,
    "LocationAbbr": "ME",
    "LocationDesc": "Maine",
    "DataSource": "BRFSS",
    "Topic": "Obesity / Weight Status",
    "Data_Value": 30.5,
    "Sample_Size": "2,275",
    "Stratification1": "55 - 64",
    "StratificationId1": "AGEYR5564",
    "LocationDisplayOrder": 23
  },
  {
    "ID": 62265,
    "Description": 2018,
    "LocationAbbr": "MD",
    "LocationDesc": "Maryland",
    "DataSource": "BRFSS",
    "Topic": "Obesity / Weight Status",
    "Data_Value": 35.4,
    "Sample_Size": "3,561",
    "Stratification1": "55 - 64",
    "StratificationId1": "AGEYR5564",
    "LocationDisplayOrder": 24
  },
  {
    "ID": 62292,
    "Description": 2018,
    "LocationAbbr": "MA",
    "LocationDesc": "Massachusetts",
    "DataSource": "BRFSS",
    "Topic": "Obesity / Weight Status",
    "Data_Value": 29.7,
    "Sample_Size": "1,230",
    "Stratification1": "55 - 64",
    "StratificationId1": "AGEYR5564",
    "LocationDisplayOrder": 25
  },
  {
    "ID": 62460,
    "Description": 2018,
    "LocationAbbr": "MI",
    "LocationDesc": "Michigan",
    "DataSource": "BRFSS",
    "Topic": "Obesity / Weight Status",
    "Data_Value": 37.7,
    "Sample_Size": "2,006",
    "Stratification1": "55 - 64",
    "StratificationId1": "AGEYR5564",
    "LocationDisplayOrder": 26
  },
  {
    "ID": 62487,
    "Description": 2018,
    "LocationAbbr": "MN",
    "LocationDesc": "Minnesota",
    "DataSource": "BRFSS",
    "Topic": "Obesity / Weight Status",
    "Data_Value": 33.4,
    "Sample_Size": "3,341",
    "Stratification1": "55 - 64",
    "StratificationId1": "AGEYR5564",
    "LocationDisplayOrder": 27
  },
  {
    "ID": 62514,
    "Description": 2018,
    "LocationAbbr": "MS",
    "LocationDesc": "Mississippi",
    "DataSource": "BRFSS",
    "Topic": "Obesity / Weight Status",
    "Data_Value": 44.2,
    "Sample_Size": "1,219",
    "Stratification1": "55 - 64",
    "StratificationId1": "AGEYR5564",
    "LocationDisplayOrder": 28
  },
  {
    "ID": 62921,
    "Description": 2018,
    "LocationAbbr": "MO",
    "LocationDesc": "Missouri",
    "DataSource": "BRFSS",
    "Topic": "Obesity / Weight Status",
    "Data_Value": 37.8,
    "Sample_Size": "1,144",
    "Stratification1": "55 - 64",
    "StratificationId1": "AGEYR5564",
    "LocationDisplayOrder": 29
  },
  {
    "ID": 62948,
    "Description": 2018,
    "LocationAbbr": "MT",
    "LocationDesc": "Montana",
    "DataSource": "BRFSS",
    "Topic": "Obesity / Weight Status",
    "Data_Value": 33.6,
    "Sample_Size": "1,056",
    "Stratification1": "55 - 64",
    "StratificationId1": "AGEYR5564",
    "LocationDisplayOrder": 30
  },
  {
    "ID": 62975,
    "Description": 2018,
    "LocationAbbr": "NE",
    "LocationDesc": "Nebraska",
    "DataSource": "BRFSS",
    "Topic": "Obesity / Weight Status",
    "Data_Value": 41.9,
    "Sample_Size": "2,745",
    "Stratification1": "55 - 64",
    "StratificationId1": "AGEYR5564",
    "LocationDisplayOrder": 31
  },
  {
    "ID": 63002,
    "Description": 2018,
    "LocationAbbr": "NV",
    "LocationDesc": "Nevada",
    "DataSource": "BRFSS",
    "Topic": "Obesity / Weight Status",
    "Data_Value": 31.3,
    "Sample_Size": 564,
    "Stratification1": "55 - 64",
    "StratificationId1": "AGEYR5564",
    "LocationDisplayOrder": 32
  },
  {
    "ID": 62553,
    "Description": 2018,
    "LocationAbbr": "NH",
    "LocationDesc": "New Hampshire",
    "DataSource": "BRFSS",
    "Topic": "Obesity / Weight Status",
    "Data_Value": 29.9,
    "Sample_Size": "1,259",
    "Stratification1": "55 - 64",
    "StratificationId1": "AGEYR5564",
    "LocationDisplayOrder": 33
  },
  {
    "ID": 62580,
    "Description": 2018,
    "LocationAbbr": "NJ",
    "LocationDesc": "New Jersey",
    "DataSource": "BRFSS",
    "Topic": "Obesity / Weight Status",
    "Data_Value": 31.8,
    "Sample_Size": 546,
    "Stratification1": "55 - 64",
    "StratificationId1": "AGEYR5564",
    "LocationDisplayOrder": 34
  },
  {
    "ID": 62607,
    "Description": 2018,
    "LocationAbbr": "NM",
    "LocationDesc": "New Mexico",
    "DataSource": "BRFSS",
    "Topic": "Obesity / Weight Status",
    "Data_Value": 33.8,
    "Sample_Size": "1,385",
    "Stratification1": "55 - 64",
    "StratificationId1": "AGEYR5564",
    "LocationDisplayOrder": 35
  },
  {
    "ID": 62113,
    "Description": 2018,
    "LocationAbbr": "NY",
    "LocationDesc": "New York",
    "DataSource": "BRFSS",
    "Topic": "Obesity / Weight Status",
    "Data_Value": 31,
    "Sample_Size": "6,866",
    "Stratification1": "55 - 64",
    "StratificationId1": "AGEYR5564",
    "LocationDisplayOrder": 36
  },
  {
    "ID": 62140,
    "Description": 2018,
    "LocationAbbr": "NC",
    "LocationDesc": "North Carolina",
    "DataSource": "BRFSS",
    "Topic": "Obesity / Weight Status",
    "Data_Value": 40.3,
    "Sample_Size": 771,
    "Stratification1": "55 - 64",
    "StratificationId1": "AGEYR5564",
    "LocationDisplayOrder": 37
  },
  {
    "ID": 62167,
    "Description": 2018,
    "LocationAbbr": "ND",
    "LocationDesc": "North Dakota",
    "DataSource": "BRFSS",
    "Topic": "Obesity / Weight Status",
    "Data_Value": 37.3,
    "Sample_Size": "1,164",
    "Stratification1": "55 - 64",
    "StratificationId1": "AGEYR5564",
    "LocationDisplayOrder": 38
  },
  {
    "ID": 62194,
    "Description": 2018,
    "LocationAbbr": "OH",
    "LocationDesc": "Ohio",
    "DataSource": "BRFSS",
    "Topic": "Obesity / Weight Status",
    "Data_Value": 39.2,
    "Sample_Size": "2,722",
    "Stratification1": "55 - 64",
    "StratificationId1": "AGEYR5564",
    "LocationDisplayOrder": 39
  },
  {
    "ID": 62317,
    "Description": 2018,
    "LocationAbbr": "OK",
    "LocationDesc": "Oklahoma",
    "DataSource": "BRFSS",
    "Topic": "Obesity / Weight Status",
    "Data_Value": 39.5,
    "Sample_Size": "1,000",
    "Stratification1": "55 - 64",
    "StratificationId1": "AGEYR5564",
    "LocationDisplayOrder": 40
  },
  {
    "ID": 62344,
    "Description": 2018,
    "LocationAbbr": "OR",
    "LocationDesc": "Oregon",
    "DataSource": "BRFSS",
    "Topic": "Obesity / Weight Status",
    "Data_Value": 35.8,
    "Sample_Size": "1,017",
    "Stratification1": "55 - 64",
    "StratificationId1": "AGEYR5564",
    "LocationDisplayOrder": 41
  },
  {
    "ID": 62371,
    "Description": 2018,
    "LocationAbbr": "PA",
    "LocationDesc": "Pennsylvania",
    "DataSource": "BRFSS",
    "Topic": "Obesity / Weight Status",
    "Data_Value": 34.7,
    "Sample_Size": "1,147",
    "Stratification1": "55 - 64",
    "StratificationId1": "AGEYR5564",
    "LocationDisplayOrder": 42
  },
  {
    "ID": 62633,
    "Description": 2018,
    "LocationAbbr": "RI",
    "LocationDesc": "Rhode Island",
    "DataSource": "BRFSS",
    "Topic": "Obesity / Weight Status",
    "Data_Value": 33.1,
    "Sample_Size": "1,184",
    "Stratification1": "55 - 64",
    "StratificationId1": "AGEYR5564",
    "LocationDisplayOrder": 44
  },
  {
    "ID": 62660,
    "Description": 2018,
    "LocationAbbr": "SC",
    "LocationDesc": "South Carolina",
    "DataSource": "BRFSS",
    "Topic": "Obesity / Weight Status",
    "Data_Value": 36.7,
    "Sample_Size": "2,043",
    "Stratification1": "55 - 64",
    "StratificationId1": "AGEYR5564",
    "LocationDisplayOrder": 45
  },
  {
    "ID": 62687,
    "Description": 2018,
    "LocationAbbr": "SD",
    "LocationDesc": "South Dakota",
    "DataSource": "BRFSS",
    "Topic": "Obesity / Weight Status",
    "Data_Value": 33.4,
    "Sample_Size": "1,421",
    "Stratification1": "55 - 64",
    "StratificationId1": "AGEYR5564",
    "LocationDisplayOrder": 46
  },
  {
    "ID": 62714,
    "Description": 2018,
    "LocationAbbr": "TN",
    "LocationDesc": "Tennessee",
    "DataSource": "BRFSS",
    "Topic": "Obesity / Weight Status",
    "Data_Value": 39.2,
    "Sample_Size": "1,012",
    "Stratification1": "55 - 64",
    "StratificationId1": "AGEYR5564",
    "LocationDisplayOrder": 47
  },
  {
    "ID": 62741,
    "Description": 2018,
    "LocationAbbr": "TX",
    "LocationDesc": "Texas",
    "DataSource": "BRFSS",
    "Topic": "Obesity / Weight Status",
    "Data_Value": 37.7,
    "Sample_Size": "1,850",
    "Stratification1": "55 - 64",
    "StratificationId1": "AGEYR5564",
    "LocationDisplayOrder": 48
  },
  {
    "ID": 62768,
    "Description": 2018,
    "LocationAbbr": "UT",
    "LocationDesc": "Utah",
    "DataSource": "BRFSS",
    "Topic": "Obesity / Weight Status",
    "Data_Value": 32.8,
    "Sample_Size": "1,580",
    "Stratification1": "55 - 64",
    "StratificationId1": "AGEYR5564",
    "LocationDisplayOrder": 49
  },
  {
    "ID": 62795,
    "Description": 2018,
    "LocationAbbr": "VT",
    "LocationDesc": "Vermont",
    "DataSource": "BRFSS",
    "Topic": "Obesity / Weight Status",
    "Data_Value": 31.1,
    "Sample_Size": "1,454",
    "Stratification1": "55 - 64",
    "StratificationId1": "AGEYR5564",
    "LocationDisplayOrder": 50
  },
  {
    "ID": 62822,
    "Description": 2018,
    "LocationAbbr": "VA",
    "LocationDesc": "Virginia",
    "DataSource": "BRFSS",
    "Topic": "Obesity / Weight Status",
    "Data_Value": 35.2,
    "Sample_Size": "2,061",
    "Stratification1": "55 - 64",
    "StratificationId1": "AGEYR5564",
    "LocationDisplayOrder": 51
  },
  {
    "ID": 62849,
    "Description": 2018,
    "LocationAbbr": "WA",
    "LocationDesc": "Washington",
    "DataSource": "BRFSS",
    "Topic": "Obesity / Weight Status",
    "Data_Value": 33.2,
    "Sample_Size": "2,352",
    "Stratification1": "55 - 64",
    "StratificationId1": "AGEYR5564",
    "LocationDisplayOrder": 53
  },
  {
    "ID": 62876,
    "Description": 2018,
    "LocationAbbr": "WV",
    "LocationDesc": "West Virginia",
    "DataSource": "BRFSS",
    "Topic": "Obesity / Weight Status",
    "Data_Value": 43,
    "Sample_Size": "1,054",
    "Stratification1": "55 - 64",
    "StratificationId1": "AGEYR5564",
    "LocationDisplayOrder": 54
  },
  {
    "ID": 62903,
    "Description": 2018,
    "LocationAbbr": "WI",
    "LocationDesc": "Wisconsin",
    "DataSource": "BRFSS",
    "Topic": "Obesity / Weight Status",
    "Data_Value": 36.1,
    "Sample_Size": "1,018",
    "Stratification1": "55 - 64",
    "StratificationId1": "AGEYR5564",
    "LocationDisplayOrder": 55
  },
  {
    "ID": 63026,
    "Description": 2018,
    "LocationAbbr": "WY",
    "LocationDesc": "Wyoming",
    "DataSource": "BRFSS",
    "Topic": "Obesity / Weight Status",
    "Data_Value": 34,
    "Sample_Size": 983,
    "Stratification1": "55 - 64",
    "StratificationId1": "AGEYR5564",
    "LocationDisplayOrder": 56
  },
  {
    "ID": 63053,
    "Description": 2018,
    "LocationAbbr": "GU",
    "LocationDesc": "Guam",
    "DataSource": "BRFSS",
    "Topic": "Obesity / Weight Status",
    "Data_Value": 27.6,
    "Sample_Size": 317,
    "Stratification1": "55 - 64",
    "StratificationId1": "AGEYR5564",
    "LocationDisplayOrder": 66
  },
  {
    "ID": 63080,
    "Description": 2018,
    "LocationAbbr": "PR",
    "LocationDesc": "Puerto Rico",
    "DataSource": "BRFSS",
    "Topic": "Obesity / Weight Status",
    "Data_Value": 37.9,
    "Sample_Size": 907,
    "Stratification1": "55 - 64",
    "StratificationId1": "AGEYR5564",
    "LocationDisplayOrder": 72
  },
  {
    "ID": 62394,
    "Description": 2018,
    "LocationAbbr": "VI",
    "LocationDesc": "Virgin Islands",
    "DataSource": "BRFSS",
    "Topic": "Obesity / Weight Status",
    "Data_Value": "~",
    "Sample_Size": "~",
    "Stratification1": "55 - 64",
    "StratificationId1": "AGEYR5564",
    "LocationDisplayOrder": 78
  },
  {
    "ID": "",
    "Description": "",
    "LocationAbbr": "",
    "LocationDesc": "",
    "DataSource": "",
    "Topic": "",
    "Data_Value": "",
    "Sample_Size": "",
    "Stratification1": "",
    "StratificationId1": "",
    "LocationDisplayOrder": ""
  },
  {
    "ID": "",
    "Description": "",
    "LocationAbbr": "",
    "LocationDesc": "",
    "DataSource": "",
    "Topic": "",
    "Data_Value": "",
    "Sample_Size": "",
    "Stratification1": "",
    "StratificationId1": "",
    "LocationDisplayOrder": ""
  },
  {
    "ID": "",
    "Description": "",
    "LocationAbbr": "",
    "LocationDesc": "",
    "DataSource": "",
    "Topic": "",
    "Data_Value": "",
    "Sample_Size": "",
    "Stratification1": "",
    "StratificationId1": "",
    "LocationDisplayOrder": ""
  },
  {
    "ID": "",
    "Description": "",
    "LocationAbbr": "",
    "LocationDesc": "",
    "DataSource": "",
    "Topic": "",
    "Data_Value": "",
    "Sample_Size": "",
    "Stratification1": "",
    "StratificationId1": "",
    "LocationDisplayOrder": ""
  },
  {
    "ID": "",
    "Description": "",
    "LocationAbbr": "",
    "LocationDesc": "",
    "DataSource": "",
    "Topic": "",
    "Data_Value": "",
    "Sample_Size": "",
    "Stratification1": "",
    "StratificationId1": "",
    "LocationDisplayOrder": ""
  },
  {
    "ID": "",
    "Description": "",
    "LocationAbbr": "",
    "LocationDesc": "",
    "DataSource": "",
    "Topic": "",
    "Data_Value": "",
    "Sample_Size": "",
    "Stratification1": "",
    "StratificationId1": "",
    "LocationDisplayOrder": ""
  },
  {
    "ID": "",
    "Description": "",
    "LocationAbbr": "",
    "LocationDesc": "",
    "DataSource": "",
    "Topic": "",
    "Data_Value": "",
    "Sample_Size": "",
    "Stratification1": "",
    "StratificationId1": "",
    "LocationDisplayOrder": ""
  },
  {
    "ID": "",
    "Description": "",
    "LocationAbbr": "",
    "LocationDesc": "",
    "DataSource": "",
    "Topic": "",
    "Data_Value": "",
    "Sample_Size": "",
    "Stratification1": "",
    "StratificationId1": "",
    "LocationDisplayOrder": ""
  },
  {
    "ID": "",
    "Description": "",
    "LocationAbbr": "",
    "LocationDesc": "",
    "DataSource": "",
    "Topic": "",
    "Data_Value": "",
    "Sample_Size": "",
    "Stratification1": "",
    "StratificationId1": "",
    "LocationDisplayOrder": ""
  },
  {
    "ID": "",
    "Description": "",
    "LocationAbbr": "",
    "LocationDesc": "",
    "DataSource": "",
    "Topic": "",
    "Data_Value": "",
    "Sample_Size": "",
    "Stratification1": "",
    "StratificationId1": "",
    "LocationDisplayOrder": ""
  }
]