[
  {
    "ID": 61566,
    "Description": 2018,
    "LocationAbbr": "US",
    "LocationDesc": "National",
    "DataSource": "BRFSS",
    "Topic": "Obesity / Weight Status",
    "Data_Value": 18.1,
    "Sample_Size": "23,314",
    "Stratification1": "18 - 24",
    "StratificationId1": "AGEYR1824",
    "LocationDisplayOrder": 0
  },
  {
    "ID": 61180,
    "Description": 2018,
    "LocationAbbr": "AL",
    "LocationDesc": "Alabama",
    "DataSource": "BRFSS",
    "Topic": "Obesity / Weight Status",
    "Data_Value": 19.3,
    "Sample_Size": 279,
    "Stratification1": "18 - 24",
    "StratificationId1": "AGEYR1824",
    "LocationDisplayOrder": 1
  },
  {
    "ID": 61207,
    "Description": 2018,
    "LocationAbbr": "AK",
    "LocationDesc": "Alaska",
    "DataSource": "BRFSS",
    "Topic": "Obesity / Weight Status",
    "Data_Value": 21.2,
    "Sample_Size": 159,
    "Stratification1": "18 - 24",
    "StratificationId1": "AGEYR1824",
    "LocationDisplayOrder": 2
  },
  {
    "ID": 61783,
    "Description": 2018,
    "LocationAbbr": "AZ",
    "LocationDesc": "Arizona",
    "DataSource": "BRFSS",
    "Topic": "Obesity / Weight Status",
    "Data_Value": 14.4,
    "Sample_Size": 393,
    "Stratification1": "18 - 24",
    "StratificationId1": "AGEYR1824",
    "LocationDisplayOrder": 4
  },
  {
    "ID": 61810,
    "Description": 2018,
    "LocationAbbr": "AR",
    "LocationDesc": "Arkansas",
    "DataSource": "BRFSS",
    "Topic": "Obesity / Weight Status",
    "Data_Value": 26.2,
    "Sample_Size": 151,
    "Stratification1": "18 - 24",
    "StratificationId1": "AGEYR1824",
    "LocationDisplayOrder": 5
  },
  {
    "ID": 61837,
    "Description": 2018,
    "LocationAbbr": "CA",
    "LocationDesc": "California",
    "DataSource": "BRFSS",
    "Topic": "Obesity / Weight Status",
    "Data_Value": 15.2,
    "Sample_Size": "1,042",
    "Stratification1": "18 - 24",
    "StratificationId1": "AGEYR1824",
    "LocationDisplayOrder": 6
  },
  {
    "ID": 61584,
    "Description": 2018,
    "LocationAbbr": "CO",
    "LocationDesc": "Colorado",
    "DataSource": "BRFSS",
    "Topic": "Obesity / Weight Status",
    "Data_Value": 12,
    "Sample_Size": 520,
    "Stratification1": "18 - 24",
    "StratificationId1": "AGEYR1824",
    "LocationDisplayOrder": 8
  },
  {
    "ID": 61611,
    "Description": 2018,
    "LocationAbbr": "CT",
    "LocationDesc": "Connecticut",
    "DataSource": "BRFSS",
    "Topic": "Obesity / Weight Status",
    "Data_Value": 12.4,
    "Sample_Size": 405,
    "Stratification1": "18 - 24",
    "StratificationId1": "AGEYR1824",
    "LocationDisplayOrder": 9
  },
  {
    "ID": 61638,
    "Description": 2018,
    "LocationAbbr": "DE",
    "LocationDesc": "Delaware",
    "DataSource": "BRFSS",
    "Topic": "Obesity / Weight Status",
    "Data_Value": 18.4,
    "Sample_Size": 253,
    "Stratification1": "18 - 24",
    "StratificationId1": "AGEYR1824",
    "LocationDisplayOrder": 10
  },
  {
    "ID": 61665,
    "Description": 2018,
    "LocationAbbr": "DC",
    "LocationDesc": "District of Columbia",
    "DataSource": "BRFSS",
    "Topic": "Obesity / Weight Status",
    "Data_Value": 17.5,
    "Sample_Size": 161,
    "Stratification1": "18 - 24",
    "StratificationId1": "AGEYR1824",
    "LocationDisplayOrder": 11
  },
  {
    "ID": 61876,
    "Description": 2018,
    "LocationAbbr": "FL",
    "LocationDesc": "Florida",
    "DataSource": "BRFSS",
    "Topic": "Obesity / Weight Status",
    "Data_Value": 16.6,
    "Sample_Size": 762,
    "Stratification1": "18 - 24",
    "StratificationId1": "AGEYR1824",
    "LocationDisplayOrder": 12
  },
  {
    "ID": 61903,
    "Description": 2018,
    "LocationAbbr": "GA",
    "LocationDesc": "Georgia",
    "DataSource": "BRFSS",
    "Topic": "Obesity / Weight Status",
    "Data_Value": 19.8,
    "Sample_Size": 604,
    "Stratification1": "18 - 24",
    "StratificationId1": "AGEYR1824",
    "LocationDisplayOrder": 13
  },
  {
    "ID": 61930,
    "Description": 2018,
    "LocationAbbr": "HI",
    "LocationDesc": "Hawaii",
    "DataSource": "BRFSS",
    "Topic": "Obesity / Weight Status",
    "Data_Value": 20.6,
    "Sample_Size": 479,
    "Stratification1": "18 - 24",
    "StratificationId1": "AGEYR1824",
    "LocationDisplayOrder": 15
  },
  {
    "ID": 61217,
    "Description": 2018,
    "LocationAbbr": "ID",
    "LocationDesc": "Idaho",
    "DataSource": "BRFSS",
    "Topic": "Obesity / Weight Status",
    "Data_Value": 10.7,
    "Sample_Size": 246,
    "Stratification1": "18 - 24",
    "StratificationId1": "AGEYR1824",
    "LocationDisplayOrder": 16
  },
  {
    "ID": 61244,
    "Description": 2018,
    "LocationAbbr": "IL",
    "LocationDesc": "Illinois",
    "DataSource": "BRFSS",
    "Topic": "Obesity / Weight Status",
    "Data_Value": 16.8,
    "Sample_Size": 388,
    "Stratification1": "18 - 24",
    "StratificationId1": "AGEYR1824",
    "LocationDisplayOrder": 17
  },
  {
    "ID": 61271,
    "Description": 2018,
    "LocationAbbr": "IN",
    "LocationDesc": "Indiana",
    "DataSource": "BRFSS",
    "Topic": "Obesity / Weight Status",
    "Data_Value": 22.6,
    "Sample_Size": 340,
    "Stratification1": "18 - 24",
    "StratificationId1": "AGEYR1824",
    "LocationDisplayOrder": 18
  },
  {
    "ID": 61298,
    "Description": 2018,
    "LocationAbbr": "IA",
    "LocationDesc": "Iowa",
    "DataSource": "BRFSS",
    "Topic": "Obesity / Weight Status",
    "Data_Value": 20.9,
    "Sample_Size": 606,
    "Stratification1": "18 - 24",
    "StratificationId1": "AGEYR1824",
    "LocationDisplayOrder": 19
  },
  {
    "ID": 61970,
    "Description": 2018,
    "LocationAbbr": "KS",
    "LocationDesc": "Kansas",
    "DataSource": "BRFSS",
    "Topic": "Obesity / Weight Status",
    "Data_Value": 21.8,
    "Sample_Size": 606,
    "Stratification1": "18 - 24",
    "StratificationId1": "AGEYR1824",
    "LocationDisplayOrder": 20
  },
  {
    "ID": 61997,
    "Description": 2018,
    "LocationAbbr": "KY",
    "LocationDesc": "Kentucky",
    "DataSource": "BRFSS",
    "Topic": "Obesity / Weight Status",
    "Data_Value": 18.5,
    "Sample_Size": 529,
    "Stratification1": "18 - 24",
    "StratificationId1": "AGEYR1824",
    "LocationDisplayOrder": 21
  },
  {
    "ID": 62207,
    "Description": 2018,
    "LocationAbbr": "LA",
    "LocationDesc": "Louisiana",
    "DataSource": "BRFSS",
    "Topic": "Obesity / Weight Status",
    "Data_Value": 27.9,
    "Sample_Size": 326,
    "Stratification1": "18 - 24",
    "StratificationId1": "AGEYR1824",
    "LocationDisplayOrder": 22
  },
  {
    "ID": 62234,
    "Description": 2018,
    "LocationAbbr": "ME",
    "LocationDesc": "Maine",
    "DataSource": "BRFSS",
    "Topic": "Obesity / Weight Status",
    "Data_Value": 20.5,
    "Sample_Size": 295,
    "Stratification1": "18 - 24",
    "StratificationId1": "AGEYR1824",
    "LocationDisplayOrder": 23
  },
  {
    "ID": 62261,
    "Description": 2018,
    "LocationAbbr": "MD",
    "LocationDesc": "Maryland",
    "DataSource": "BRFSS",
    "Topic": "Obesity / Weight Status",
    "Data_Value": 18.1,
    "Sample_Size": 589,
    "Stratification1": "18 - 24",
    "StratificationId1": "AGEYR1824",
    "LocationDisplayOrder": 24
  },
  {
    "ID": 62288,
    "Description": 2018,
    "LocationAbbr": "MA",
    "LocationDesc": "Massachusetts",
    "DataSource": "BRFSS",
    "Topic": "Obesity / Weight Status",
    "Data_Value": 13,
    "Sample_Size": 459,
    "Stratification1": "18 - 24",
    "StratificationId1": "AGEYR1824",
    "LocationDisplayOrder": 25
  },
  {
    "ID": 62456,
    "Description": 2018,
    "LocationAbbr": "MI",
    "LocationDesc": "Michigan",
    "DataSource": "BRFSS",
    "Topic": "Obesity / Weight Status",
    "Data_Value": 18.9,
    "Sample_Size": 772,
    "Stratification1": "18 - 24",
    "StratificationId1": "AGEYR1824",
    "LocationDisplayOrder": 26
  },
  {
    "ID": 62483,
    "Description": 2018,
    "LocationAbbr": "MN",
    "LocationDesc": "Minnesota",
    "DataSource": "BRFSS",
    "Topic": "Obesity / Weight Status",
    "Data_Value": 19,
    "Sample_Size": "1,117",
    "Stratification1": "18 - 24",
    "StratificationId1": "AGEYR1824",
    "LocationDisplayOrder": 27
  },
  {
    "ID": 62510,
    "Description": 2018,
    "LocationAbbr": "MS",
    "LocationDesc": "Mississippi",
    "DataSource": "BRFSS",
    "Topic": "Obesity / Weight Status",
    "Data_Value": 29.5,
    "Sample_Size": 312,
    "Stratification1": "18 - 24",
    "StratificationId1": "AGEYR1824",
    "LocationDisplayOrder": 28
  },
  {
    "ID": 62917,
    "Description": 2018,
    "LocationAbbr": "MO",
    "LocationDesc": "Missouri",
    "DataSource": "BRFSS",
    "Topic": "Obesity / Weight Status",
    "Data_Value": 20.6,
    "Sample_Size": 270,
    "Stratification1": "18 - 24",
    "StratificationId1": "AGEYR1824",
    "LocationDisplayOrder": 29
  },
  {
    "ID": 62944,
    "Description": 2018,
    "LocationAbbr": "MT",
    "LocationDesc": "Montana",
    "DataSource": "BRFSS",
    "Topic": "Obesity / Weight Status",
    "Data_Value": 11.6,
    "Sample_Size": 276,
    "Stratification1": "18 - 24",
    "StratificationId1": "AGEYR1824",
    "LocationDisplayOrder": 30
  },
  {
    "ID": 62971,
    "Description": 2018,
    "LocationAbbr": "NE",
    "LocationDesc": "Nebraska",
    "DataSource": "BRFSS",
    "Topic": "Obesity / Weight Status",
    "Data_Value": 20.3,
    "Sample_Size": 857,
    "Stratification1": "18 - 24",
    "StratificationId1": "AGEYR1824",
    "LocationDisplayOrder": 31
  },
  {
    "ID": 62998,
    "Description": 2018,
    "LocationAbbr": "NV",
    "LocationDesc": "Nevada",
    "DataSource": "BRFSS",
    "Topic": "Obesity / Weight Status",
    "Data_Value": 10.2,
    "Sample_Size": 237,
    "Stratification1": "18 - 24",
    "StratificationId1": "AGEYR1824",
    "LocationDisplayOrder": 32
  },
  {
    "ID": 62549,
    "Description": 2018,
    "LocationAbbr": "NH",
    "LocationDesc": "New Hampshire",
    "DataSource": "BRFSS",
    "Topic": "Obesity / Weight Status",
    "Data_Value": 19.4,
    "Sample_Size": 159,
    "Stratification1": "18 - 24",
    "StratificationId1": "AGEYR1824",
    "LocationDisplayOrder": 33
  },
  {
    "ID": 62576,
    "Description": 2018,
    "LocationAbbr": "NJ",
    "LocationDesc": "New Jersey",
    "DataSource": "BRFSS",
    "Topic": "Obesity / Weight Status",
    "Data_Value": 12,
    "Sample_Size": 183,
    "Stratification1": "18 - 24",
    "StratificationId1": "AGEYR1824",
    "LocationDisplayOrder": 34
  },
  {
    "ID": 62603,
    "Description": 2018,
    "LocationAbbr": "NM",
    "LocationDesc": "New Mexico",
    "DataSource": "BRFSS",
    "Topic": "Obesity / Weight Status",
    "Data_Value": 25.8,
    "Sample_Size": 355,
    "Stratification1": "18 - 24",
    "StratificationId1": "AGEYR1824",
    "LocationDisplayOrder": 35
  },
  {
    "ID": 62109,
    "Description": 2018,
    "LocationAbbr": "NY",
    "LocationDesc": "New York",
    "DataSource": "BRFSS",
    "Topic": "Obesity / Weight Status",
    "Data_Value": 18,
    "Sample_Size": "1,982",
    "Stratification1": "18 - 24",
    "StratificationId1": "AGEYR1824",
    "LocationDisplayOrder": 36
  },
  {
    "ID": 62136,
    "Description": 2018,
    "LocationAbbr": "NC",
    "LocationDesc": "North Carolina",
    "DataSource": "BRFSS",
    "Topic": "Obesity / Weight Status",
    "Data_Value": 16.7,
    "Sample_Size": 341,
    "Stratification1": "18 - 24",
    "StratificationId1": "AGEYR1824",
    "LocationDisplayOrder": 37
  },
  {
    "ID": 62163,
    "Description": 2018,
    "LocationAbbr": "ND",
    "LocationDesc": "North Dakota",
    "DataSource": "BRFSS",
    "Topic": "Obesity / Weight Status",
    "Data_Value": 21.1,
    "Sample_Size": 240,
    "Stratification1": "18 - 24",
    "StratificationId1": "AGEYR1824",
    "LocationDisplayOrder": 38
  },
  {
    "ID": 62190,
    "Description": 2018,
    "LocationAbbr": "OH",
    "LocationDesc": "Ohio",
    "DataSource": "BRFSS",
    "Topic": "Obesity / Weight Status",
    "Data_Value": 20,
    "Sample_Size": 616,
    "Stratification1": "18 - 24",
    "StratificationId1": "AGEYR1824",
    "LocationDisplayOrder": 39
  },
  {
    "ID": 62313,
    "Description": 2018,
    "LocationAbbr": "OK",
    "LocationDesc": "Oklahoma",
    "DataSource": "BRFSS",
    "Topic": "Obesity / Weight Status",
    "Data_Value": 24.2,
    "Sample_Size": 241,
    "Stratification1": "18 - 24",
    "StratificationId1": "AGEYR1824",
    "LocationDisplayOrder": 40
  },
  {
    "ID": 62340,
    "Description": 2018,
    "LocationAbbr": "OR",
    "LocationDesc": "Oregon",
    "DataSource": "BRFSS",
    "Topic": "Obesity / Weight Status",
    "Data_Value": 14.9,
    "Sample_Size": 402,
    "Stratification1": "18 - 24",
    "StratificationId1": "AGEYR1824",
    "LocationDisplayOrder": 41
  },
  {
    "ID": 62367,
    "Description": 2018,
    "LocationAbbr": "PA",
    "LocationDesc": "Pennsylvania",
    "DataSource": "BRFSS",
    "Topic": "Obesity / Weight Status",
    "Data_Value": 16.1,
    "Sample_Size": 444,
    "Stratification1": "18 - 24",
    "StratificationId1": "AGEYR1824",
    "LocationDisplayOrder": 42
  },
  {
    "ID": 62629,
    "Description": 2018,
    "LocationAbbr": "RI",
    "LocationDesc": "Rhode Island",
    "DataSource": "BRFSS",
    "Topic": "Obesity / Weight Status",
    "Data_Value": 16.6,
    "Sample_Size": 223,
    "Stratification1": "18 - 24",
    "StratificationId1": "AGEYR1824",
    "LocationDisplayOrder": 44
  },
  {
    "ID": 62656,
    "Description": 2018,
    "LocationAbbr": "SC",
    "LocationDesc": "South Carolina",
    "DataSource": "BRFSS",
    "Topic": "Obesity / Weight Status",
    "Data_Value": 19.5,
    "Sample_Size": 420,
    "Stratification1": "18 - 24",
    "StratificationId1": "AGEYR1824",
    "LocationDisplayOrder": 45
  },
  {
    "ID": 62683,
    "Description": 2018,
    "LocationAbbr": "SD",
    "LocationDesc": "South Dakota",
    "DataSource": "BRFSS",
    "Topic": "Obesity / Weight Status",
    "Data_Value": 12.6,
    "Sample_Size": 337,
    "Stratification1": "18 - 24",
    "StratificationId1": "AGEYR1824",
    "LocationDisplayOrder": 46
  },
  {
    "ID": 62710,
    "Description": 2018,
    "LocationAbbr": "TN",
    "LocationDesc": "Tennessee",
    "DataSource": "BRFSS",
    "Topic": "Obesity / Weight Status",
    "Data_Value": 25.2,
    "Sample_Size": 275,
    "Stratification1": "18 - 24",
    "StratificationId1": "AGEYR1824",
    "LocationDisplayOrder": 47
  },
  {
    "ID": 62737,
    "Description": 2018,
    "LocationAbbr": "TX",
    "LocationDesc": "Texas",
    "DataSource": "BRFSS",
    "Topic": "Obesity / Weight Status",
    "Data_Value": 20.8,
    "Sample_Size": 661,
    "Stratification1": "18 - 24",
    "StratificationId1": "AGEYR1824",
    "LocationDisplayOrder": 48
  },
  {
    "ID": 62764,
    "Description": 2018,
    "LocationAbbr": "UT",
    "LocationDesc": "Utah",
    "DataSource": "BRFSS",
    "Topic": "Obesity / Weight Status",
    "Data_Value": 16.9,
    "Sample_Size": 977,
    "Stratification1": "18 - 24",
    "StratificationId1": "AGEYR1824",
    "LocationDisplayOrder": 49
  },
  {
    "ID": 62791,
    "Description": 2018,
    "LocationAbbr": "VT",
    "LocationDesc": "Vermont",
    "DataSource": "BRFSS",
    "Topic": "Obesity / Weight Status",
    "Data_Value": 19.3,
    "Sample_Size": 203,
    "Stratification1": "18 - 24",
    "StratificationId1": "AGEYR1824",
    "LocationDisplayOrder": 50
  },
  {
    "ID": 62818,
    "Description": 2018,
    "LocationAbbr": "VA",
    "LocationDesc": "Virginia",
    "DataSource": "BRFSS",
    "Topic": "Obesity / Weight Status",
    "Data_Value": 15.9,
    "Sample_Size": 529,
    "Stratification1": "18 - 24",
    "StratificationId1": "AGEYR1824",
    "LocationDisplayOrder": 51
  },
  {
    "ID": 62845,
    "Description": 2018,
    "LocationAbbr": "WA",
    "LocationDesc": "Washington",
    "DataSource": "BRFSS",
    "Topic": "Obesity / Weight Status",
    "Data_Value": 15.2,
    "Sample_Size": 620,
    "Stratification1": "18 - 24",
    "StratificationId1": "AGEYR1824",
    "LocationDisplayOrder": 53
  },
  {
    "ID": 62872,
    "Description": 2018,
    "LocationAbbr": "WV",
    "LocationDesc": "West Virginia",
    "DataSource": "BRFSS",
    "Topic": "Obesity / Weight Status",
    "Data_Value": 22.3,
    "Sample_Size": 197,
    "Stratification1": "18 - 24",
    "StratificationId1": "AGEYR1824",
    "LocationDisplayOrder": 54
  },
  {
    "ID": 62899,
    "Description": 2018,
    "LocationAbbr": "WI",
    "LocationDesc": "Wisconsin",
    "DataSource": "BRFSS",
    "Topic": "Obesity / Weight Status",
    "Data_Value": 24.3,
    "Sample_Size": 281,
    "Stratification1": "18 - 24",
    "StratificationId1": "AGEYR1824",
    "LocationDisplayOrder": 55
  },
  {
    "ID": 63022,
    "Description": 2018,
    "LocationAbbr": "WY",
    "LocationDesc": "Wyoming",
    "DataSource": "BRFSS",
    "Topic": "Obesity / Weight Status",
    "Data_Value": 12,
    "Sample_Size": 195,
    "Stratification1": "18 - 24",
    "StratificationId1": "AGEYR1824",
    "LocationDisplayOrder": 56
  },
  {
    "ID": 63049,
    "Description": 2018,
    "LocationAbbr": "GU",
    "LocationDesc": "Guam",
    "DataSource": "BRFSS",
    "Topic": "Obesity / Weight Status",
    "Data_Value": 23.9,
    "Sample_Size": 138,
    "Stratification1": "18 - 24",
    "StratificationId1": "AGEYR1824",
    "LocationDisplayOrder": 66
  },
  {
    "ID": 63076,
    "Description": 2018,
    "LocationAbbr": "PR",
    "LocationDesc": "Puerto Rico",
    "DataSource": "BRFSS",
    "Topic": "Obesity / Weight Status",
    "Data_Value": 18.8,
    "Sample_Size": 317,
    "Stratification1": "18 - 24",
    "StratificationId1": "AGEYR1824",
    "LocationDisplayOrder": 72
  },
  {
    "ID": 63104,
    "Description": 2018,
    "LocationAbbr": "VI",
    "LocationDesc": "Virgin Islands",
    "DataSource": "BRFSS",
    "Topic": "Obesity / Weight Status",
    "Data_Value": "~",
    "Sample_Size": "~",
    "Stratification1": "18 - 24",
    "StratificationId1": "AGEYR1824",
    "LocationDisplayOrder": 78
  },
  {
    "ID": "",
    "Description": "",
    "LocationAbbr": "",
    "LocationDesc": "",
    "DataSource": "",
    "Topic": "",
    "Data_Value": "",
    "Sample_Size": "",
    "Stratification1": "",
    "StratificationId1": "",
    "LocationDisplayOrder": ""
  },
  {
    "ID": "",
    "Description": "",
    "LocationAbbr": "",
    "LocationDesc": "",
    "DataSource": "",
    "Topic": "",
    "Data_Value": "",
    "Sample_Size": "",
    "Stratification1": "",
    "StratificationId1": "",
    "LocationDisplayOrder": ""
  },
  {
    "ID": "",
    "Description": "",
    "LocationAbbr": "",
    "LocationDesc": "",
    "DataSource": "",
    "Topic": "",
    "Data_Value": "",
    "Sample_Size": "",
    "Stratification1": "",
    "StratificationId1": "",
    "LocationDisplayOrder": ""
  },
  {
    "ID": "",
    "Description": "",
    "LocationAbbr": "",
    "LocationDesc": "",
    "DataSource": "",
    "Topic": "",
    "Data_Value": "",
    "Sample_Size": "",
    "Stratification1": "",
    "StratificationId1": "",
    "LocationDisplayOrder": ""
  },
  {
    "ID": "",
    "Description": "",
    "LocationAbbr": "",
    "LocationDesc": "",
    "DataSource": "",
    "Topic": "",
    "Data_Value": "",
    "Sample_Size": "",
    "Stratification1": "",
    "StratificationId1": "",
    "LocationDisplayOrder": ""
  },
  {
    "ID": "",
    "Description": "",
    "LocationAbbr": "",
    "LocationDesc": "",
    "DataSource": "",
    "Topic": "",
    "Data_Value": "",
    "Sample_Size": "",
    "Stratification1": "",
    "StratificationId1": "",
    "LocationDisplayOrder": ""
  },
  {
    "ID": "",
    "Description": "",
    "LocationAbbr": "",
    "LocationDesc": "",
    "DataSource": "",
    "Topic": "",
    "Data_Value": "",
    "Sample_Size": "",
    "Stratification1": "",
    "StratificationId1": "",
    "LocationDisplayOrder": ""
  },
  {
    "ID": "",
    "Description": "",
    "LocationAbbr": "",
    "LocationDesc": "",
    "DataSource": "",
    "Topic": "",
    "Data_Value": "",
    "Sample_Size": "",
    "Stratification1": "",
    "StratificationId1": "",
    "LocationDisplayOrder": ""
  },
  {
    "ID": "",
    "Description": "",
    "LocationAbbr": "",
    "LocationDesc": "",
    "DataSource": "",
    "Topic": "",
    "Data_Value": "",
    "Sample_Size": "",
    "Stratification1": "",
    "StratificationId1": "",
    "LocationDisplayOrder": ""
  },
  {
    "ID": "",
    "Description": "",
    "LocationAbbr": "",
    "LocationDesc": "",
    "DataSource": "",
    "Topic": "",
    "Data_Value": "",
    "Sample_Size": "",
    "Stratification1": "",
    "StratificationId1": "",
    "LocationDisplayOrder": ""
  }
]