[
  {
    "ID": 61114,
    "Description": 2018,
    "LocationAbbr": "US",
    "LocationDesc": "National",
    "DataSource": "BRFSS",
    "Topic": "Obesity / Weight Status",
    "Data_Value": 39.9,
    "Sample_Size": "32,628",
    "Stratification1": "Non-Hispanic Black",
    "StratificationId1": "RACEBLK",
    "LocationDisplayOrder": 0
  },
  {
    "ID": 61194,
    "Description": 2018,
    "LocationAbbr": "AL",
    "LocationDesc": "Alabama",
    "DataSource": "BRFSS",
    "Topic": "Obesity / Weight Status",
    "Data_Value": 43.9,
    "Sample_Size": "1,569",
    "Stratification1": "Non-Hispanic Black",
    "StratificationId1": "RACEBLK",
    "LocationDisplayOrder": 1
  },
  {
    "ID": 61770,
    "Description": 2018,
    "LocationAbbr": "AK",
    "LocationDesc": "Alaska",
    "DataSource": "BRFSS",
    "Topic": "Obesity / Weight Status",
    "Data_Value": "~",
    "Sample_Size": "~",
    "Stratification1": "Non-Hispanic Black",
    "StratificationId1": "RACEBLK",
    "LocationDisplayOrder": 2
  },
  {
    "ID": 61797,
    "Description": 2018,
    "LocationAbbr": "AZ",
    "LocationDesc": "Arizona",
    "DataSource": "BRFSS",
    "Topic": "Obesity / Weight Status",
    "Data_Value": 32.7,
    "Sample_Size": 146,
    "Stratification1": "Non-Hispanic Black",
    "StratificationId1": "RACEBLK",
    "LocationDisplayOrder": 4
  },
  {
    "ID": 61824,
    "Description": 2018,
    "LocationAbbr": "AR",
    "LocationDesc": "Arkansas",
    "DataSource": "BRFSS",
    "Topic": "Obesity / Weight Status",
    "Data_Value": 44,
    "Sample_Size": 768,
    "Stratification1": "Non-Hispanic Black",
    "StratificationId1": "RACEBLK",
    "LocationDisplayOrder": 5
  },
  {
    "ID": 61851,
    "Description": 2018,
    "LocationAbbr": "CA",
    "LocationDesc": "California",
    "DataSource": "BRFSS",
    "Topic": "Obesity / Weight Status",
    "Data_Value": 40.1,
    "Sample_Size": 556,
    "Stratification1": "Non-Hispanic Black",
    "StratificationId1": "RACEBLK",
    "LocationDisplayOrder": 6
  },
  {
    "ID": 61598,
    "Description": 2018,
    "LocationAbbr": "CO",
    "LocationDesc": "Colorado",
    "DataSource": "BRFSS",
    "Topic": "Obesity / Weight Status",
    "Data_Value": 31.1,
    "Sample_Size": 198,
    "Stratification1": "Non-Hispanic Black",
    "StratificationId1": "RACEBLK",
    "LocationDisplayOrder": 8
  },
  {
    "ID": 61625,
    "Description": 2018,
    "LocationAbbr": "CT",
    "LocationDesc": "Connecticut",
    "DataSource": "BRFSS",
    "Topic": "Obesity / Weight Status",
    "Data_Value": 36.5,
    "Sample_Size": 689,
    "Stratification1": "Non-Hispanic Black",
    "StratificationId1": "RACEBLK",
    "LocationDisplayOrder": 9
  },
  {
    "ID": 61652,
    "Description": 2018,
    "LocationAbbr": "DE",
    "LocationDesc": "Delaware",
    "DataSource": "BRFSS",
    "Topic": "Obesity / Weight Status",
    "Data_Value": 41,
    "Sample_Size": 643,
    "Stratification1": "Non-Hispanic Black",
    "StratificationId1": "RACEBLK",
    "LocationDisplayOrder": 10
  },
  {
    "ID": 61863,
    "Description": 2018,
    "LocationAbbr": "DC",
    "LocationDesc": "District of Columbia",
    "DataSource": "BRFSS",
    "Topic": "Obesity / Weight Status",
    "Data_Value": 37.4,
    "Sample_Size": "1,759",
    "Stratification1": "Non-Hispanic Black",
    "StratificationId1": "RACEBLK",
    "LocationDisplayOrder": 11
  },
  {
    "ID": 61890,
    "Description": 2018,
    "LocationAbbr": "FL",
    "LocationDesc": "Florida",
    "DataSource": "BRFSS",
    "Topic": "Obesity / Weight Status",
    "Data_Value": 37.9,
    "Sample_Size": "1,358",
    "Stratification1": "Non-Hispanic Black",
    "StratificationId1": "RACEBLK",
    "LocationDisplayOrder": 12
  },
  {
    "ID": 61917,
    "Description": 2018,
    "LocationAbbr": "GA",
    "LocationDesc": "Georgia",
    "DataSource": "BRFSS",
    "Topic": "Obesity / Weight Status",
    "Data_Value": 40.6,
    "Sample_Size": "2,024",
    "Stratification1": "Non-Hispanic Black",
    "StratificationId1": "RACEBLK",
    "LocationDisplayOrder": 13
  },
  {
    "ID": 61944,
    "Description": 2018,
    "LocationAbbr": "HI",
    "LocationDesc": "Hawaii",
    "DataSource": "BRFSS",
    "Topic": "Obesity / Weight Status",
    "Data_Value": 34.5,
    "Sample_Size": 79,
    "Stratification1": "Non-Hispanic Black",
    "StratificationId1": "RACEBLK",
    "LocationDisplayOrder": 15
  },
  {
    "ID": 61231,
    "Description": 2018,
    "LocationAbbr": "ID",
    "LocationDesc": "Idaho",
    "DataSource": "BRFSS",
    "Topic": "Obesity / Weight Status",
    "Data_Value": "~",
    "Sample_Size": "~",
    "Stratification1": "Non-Hispanic Black",
    "StratificationId1": "RACEBLK",
    "LocationDisplayOrder": 16
  },
  {
    "ID": 61258,
    "Description": 2018,
    "LocationAbbr": "IL",
    "LocationDesc": "Illinois",
    "DataSource": "BRFSS",
    "Topic": "Obesity / Weight Status",
    "Data_Value": 42.5,
    "Sample_Size": 648,
    "Stratification1": "Non-Hispanic Black",
    "StratificationId1": "RACEBLK",
    "LocationDisplayOrder": 17
  },
  {
    "ID": 61285,
    "Description": 2018,
    "LocationAbbr": "IN",
    "LocationDesc": "Indiana",
    "DataSource": "BRFSS",
    "Topic": "Obesity / Weight Status",
    "Data_Value": 39.4,
    "Sample_Size": 524,
    "Stratification1": "Non-Hispanic Black",
    "StratificationId1": "RACEBLK",
    "LocationDisplayOrder": 18
  },
  {
    "ID": 61957,
    "Description": 2018,
    "LocationAbbr": "IA",
    "LocationDesc": "Iowa",
    "DataSource": "BRFSS",
    "Topic": "Obesity / Weight Status",
    "Data_Value": 45.7,
    "Sample_Size": 140,
    "Stratification1": "Non-Hispanic Black",
    "StratificationId1": "RACEBLK",
    "LocationDisplayOrder": 19
  },
  {
    "ID": 61984,
    "Description": 2018,
    "LocationAbbr": "KS",
    "LocationDesc": "Kansas",
    "DataSource": "BRFSS",
    "Topic": "Obesity / Weight Status",
    "Data_Value": 41.2,
    "Sample_Size": 394,
    "Stratification1": "Non-Hispanic Black",
    "StratificationId1": "RACEBLK",
    "LocationDisplayOrder": 20
  },
  {
    "ID": 62011,
    "Description": 2018,
    "LocationAbbr": "KY",
    "LocationDesc": "Kentucky",
    "DataSource": "BRFSS",
    "Topic": "Obesity / Weight Status",
    "Data_Value": 41.7,
    "Sample_Size": 861,
    "Stratification1": "Non-Hispanic Black",
    "StratificationId1": "RACEBLK",
    "LocationDisplayOrder": 21
  },
  {
    "ID": 62221,
    "Description": 2018,
    "LocationAbbr": "LA",
    "LocationDesc": "Louisiana",
    "DataSource": "BRFSS",
    "Topic": "Obesity / Weight Status",
    "Data_Value": 46.2,
    "Sample_Size": "1,136",
    "Stratification1": "Non-Hispanic Black",
    "StratificationId1": "RACEBLK",
    "LocationDisplayOrder": 22
  },
  {
    "ID": 62248,
    "Description": 2018,
    "LocationAbbr": "ME",
    "LocationDesc": "Maine",
    "DataSource": "BRFSS",
    "Topic": "Obesity / Weight Status",
    "Data_Value": "~",
    "Sample_Size": "~",
    "Stratification1": "Non-Hispanic Black",
    "StratificationId1": "RACEBLK",
    "LocationDisplayOrder": 23
  },
  {
    "ID": 62275,
    "Description": 2018,
    "LocationAbbr": "MD",
    "LocationDesc": "Maryland",
    "DataSource": "BRFSS",
    "Topic": "Obesity / Weight Status",
    "Data_Value": 38.7,
    "Sample_Size": "3,025",
    "Stratification1": "Non-Hispanic Black",
    "StratificationId1": "RACEBLK",
    "LocationDisplayOrder": 24
  },
  {
    "ID": 62443,
    "Description": 2018,
    "LocationAbbr": "MA",
    "LocationDesc": "Massachusetts",
    "DataSource": "BRFSS",
    "Topic": "Obesity / Weight Status",
    "Data_Value": 26.8,
    "Sample_Size": 295,
    "Stratification1": "Non-Hispanic Black",
    "StratificationId1": "RACEBLK",
    "LocationDisplayOrder": 25
  },
  {
    "ID": 62470,
    "Description": 2018,
    "LocationAbbr": "MI",
    "LocationDesc": "Michigan",
    "DataSource": "BRFSS",
    "Topic": "Obesity / Weight Status",
    "Data_Value": 40.3,
    "Sample_Size": 888,
    "Stratification1": "Non-Hispanic Black",
    "StratificationId1": "RACEBLK",
    "LocationDisplayOrder": 26
  },
  {
    "ID": 62497,
    "Description": 2018,
    "LocationAbbr": "MN",
    "LocationDesc": "Minnesota",
    "DataSource": "BRFSS",
    "Topic": "Obesity / Weight Status",
    "Data_Value": 32.2,
    "Sample_Size": 468,
    "Stratification1": "Non-Hispanic Black",
    "StratificationId1": "RACEBLK",
    "LocationDisplayOrder": 27
  },
  {
    "ID": 62524,
    "Description": 2018,
    "LocationAbbr": "MS",
    "LocationDesc": "Mississippi",
    "DataSource": "BRFSS",
    "Topic": "Obesity / Weight Status",
    "Data_Value": 45.7,
    "Sample_Size": "2,108",
    "Stratification1": "Non-Hispanic Black",
    "StratificationId1": "RACEBLK",
    "LocationDisplayOrder": 28
  },
  {
    "ID": 62931,
    "Description": 2018,
    "LocationAbbr": "MO",
    "LocationDesc": "Missouri",
    "DataSource": "BRFSS",
    "Topic": "Obesity / Weight Status",
    "Data_Value": 45.3,
    "Sample_Size": 522,
    "Stratification1": "Non-Hispanic Black",
    "StratificationId1": "RACEBLK",
    "LocationDisplayOrder": 29
  },
  {
    "ID": 62958,
    "Description": 2018,
    "LocationAbbr": "MT",
    "LocationDesc": "Montana",
    "DataSource": "BRFSS",
    "Topic": "Obesity / Weight Status",
    "Data_Value": "~",
    "Sample_Size": "~",
    "Stratification1": "Non-Hispanic Black",
    "StratificationId1": "RACEBLK",
    "LocationDisplayOrder": 30
  },
  {
    "ID": 62985,
    "Description": 2018,
    "LocationAbbr": "NE",
    "LocationDesc": "Nebraska",
    "DataSource": "BRFSS",
    "Topic": "Obesity / Weight Status",
    "Data_Value": 42.8,
    "Sample_Size": 224,
    "Stratification1": "Non-Hispanic Black",
    "StratificationId1": "RACEBLK",
    "LocationDisplayOrder": 31
  },
  {
    "ID": 62536,
    "Description": 2018,
    "LocationAbbr": "NV",
    "LocationDesc": "Nevada",
    "DataSource": "BRFSS",
    "Topic": "Obesity / Weight Status",
    "Data_Value": 43.6,
    "Sample_Size": 126,
    "Stratification1": "Non-Hispanic Black",
    "StratificationId1": "RACEBLK",
    "LocationDisplayOrder": 32
  },
  {
    "ID": 62563,
    "Description": 2018,
    "LocationAbbr": "NH",
    "LocationDesc": "New Hampshire",
    "DataSource": "BRFSS",
    "Topic": "Obesity / Weight Status",
    "Data_Value": "~",
    "Sample_Size": "~",
    "Stratification1": "Non-Hispanic Black",
    "StratificationId1": "RACEBLK",
    "LocationDisplayOrder": 33
  },
  {
    "ID": 62590,
    "Description": 2018,
    "LocationAbbr": "NJ",
    "LocationDesc": "New Jersey",
    "DataSource": "BRFSS",
    "Topic": "Obesity / Weight Status",
    "Data_Value": 34.2,
    "Sample_Size": 317,
    "Stratification1": "Non-Hispanic Black",
    "StratificationId1": "RACEBLK",
    "LocationDisplayOrder": 34
  },
  {
    "ID": 62617,
    "Description": 2018,
    "LocationAbbr": "NM",
    "LocationDesc": "New Mexico",
    "DataSource": "BRFSS",
    "Topic": "Obesity / Weight Status",
    "Data_Value": 30.8,
    "Sample_Size": 75,
    "Stratification1": "Non-Hispanic Black",
    "StratificationId1": "RACEBLK",
    "LocationDisplayOrder": 35
  },
  {
    "ID": 62123,
    "Description": 2018,
    "LocationAbbr": "NY",
    "LocationDesc": "New York",
    "DataSource": "BRFSS",
    "Topic": "Obesity / Weight Status",
    "Data_Value": 33.1,
    "Sample_Size": "2,143",
    "Stratification1": "Non-Hispanic Black",
    "StratificationId1": "RACEBLK",
    "LocationDisplayOrder": 36
  },
  {
    "ID": 62150,
    "Description": 2018,
    "LocationAbbr": "NC",
    "LocationDesc": "North Carolina",
    "DataSource": "BRFSS",
    "Topic": "Obesity / Weight Status",
    "Data_Value": 44.8,
    "Sample_Size": 796,
    "Stratification1": "Non-Hispanic Black",
    "StratificationId1": "RACEBLK",
    "LocationDisplayOrder": 37
  },
  {
    "ID": 62177,
    "Description": 2018,
    "LocationAbbr": "ND",
    "LocationDesc": "North Dakota",
    "DataSource": "BRFSS",
    "Topic": "Obesity / Weight Status",
    "Data_Value": 29.2,
    "Sample_Size": 64,
    "Stratification1": "Non-Hispanic Black",
    "StratificationId1": "RACEBLK",
    "LocationDisplayOrder": 38
  },
  {
    "ID": 62300,
    "Description": 2018,
    "LocationAbbr": "OH",
    "LocationDesc": "Ohio",
    "DataSource": "BRFSS",
    "Topic": "Obesity / Weight Status",
    "Data_Value": 36.1,
    "Sample_Size": 723,
    "Stratification1": "Non-Hispanic Black",
    "StratificationId1": "RACEBLK",
    "LocationDisplayOrder": 39
  },
  {
    "ID": 62327,
    "Description": 2018,
    "LocationAbbr": "OK",
    "LocationDesc": "Oklahoma",
    "DataSource": "BRFSS",
    "Topic": "Obesity / Weight Status",
    "Data_Value": 43.4,
    "Sample_Size": 252,
    "Stratification1": "Non-Hispanic Black",
    "StratificationId1": "RACEBLK",
    "LocationDisplayOrder": 40
  },
  {
    "ID": 62354,
    "Description": 2018,
    "LocationAbbr": "OR",
    "LocationDesc": "Oregon",
    "DataSource": "BRFSS",
    "Topic": "Obesity / Weight Status",
    "Data_Value": 38.4,
    "Sample_Size": 59,
    "Stratification1": "Non-Hispanic Black",
    "StratificationId1": "RACEBLK",
    "LocationDisplayOrder": 41
  },
  {
    "ID": 62381,
    "Description": 2018,
    "LocationAbbr": "PA",
    "LocationDesc": "Pennsylvania",
    "DataSource": "BRFSS",
    "Topic": "Obesity / Weight Status",
    "Data_Value": 41.9,
    "Sample_Size": 615,
    "Stratification1": "Non-Hispanic Black",
    "StratificationId1": "RACEBLK",
    "LocationDisplayOrder": 42
  },
  {
    "ID": 62643,
    "Description": 2018,
    "LocationAbbr": "RI",
    "LocationDesc": "Rhode Island",
    "DataSource": "BRFSS",
    "Topic": "Obesity / Weight Status",
    "Data_Value": 37.4,
    "Sample_Size": 184,
    "Stratification1": "Non-Hispanic Black",
    "StratificationId1": "RACEBLK",
    "LocationDisplayOrder": 44
  },
  {
    "ID": 62670,
    "Description": 2018,
    "LocationAbbr": "SC",
    "LocationDesc": "South Carolina",
    "DataSource": "BRFSS",
    "Topic": "Obesity / Weight Status",
    "Data_Value": 41.8,
    "Sample_Size": "2,555",
    "Stratification1": "Non-Hispanic Black",
    "StratificationId1": "RACEBLK",
    "LocationDisplayOrder": 45
  },
  {
    "ID": 62697,
    "Description": 2018,
    "LocationAbbr": "SD",
    "LocationDesc": "South Dakota",
    "DataSource": "BRFSS",
    "Topic": "Obesity / Weight Status",
    "Data_Value": "~",
    "Sample_Size": "~",
    "Stratification1": "Non-Hispanic Black",
    "StratificationId1": "RACEBLK",
    "LocationDisplayOrder": 46
  },
  {
    "ID": 62724,
    "Description": 2018,
    "LocationAbbr": "TN",
    "LocationDesc": "Tennessee",
    "DataSource": "BRFSS",
    "Topic": "Obesity / Weight Status",
    "Data_Value": 42.7,
    "Sample_Size": 534,
    "Stratification1": "Non-Hispanic Black",
    "StratificationId1": "RACEBLK",
    "LocationDisplayOrder": 47
  },
  {
    "ID": 62751,
    "Description": 2018,
    "LocationAbbr": "TX",
    "LocationDesc": "Texas",
    "DataSource": "BRFSS",
    "Topic": "Obesity / Weight Status",
    "Data_Value": 39.6,
    "Sample_Size": 893,
    "Stratification1": "Non-Hispanic Black",
    "StratificationId1": "RACEBLK",
    "LocationDisplayOrder": 48
  },
  {
    "ID": 62778,
    "Description": 2018,
    "LocationAbbr": "UT",
    "LocationDesc": "Utah",
    "DataSource": "BRFSS",
    "Topic": "Obesity / Weight Status",
    "Data_Value": 40.9,
    "Sample_Size": 63,
    "Stratification1": "Non-Hispanic Black",
    "StratificationId1": "RACEBLK",
    "LocationDisplayOrder": 49
  },
  {
    "ID": 62805,
    "Description": 2018,
    "LocationAbbr": "VT",
    "LocationDesc": "Vermont",
    "DataSource": "BRFSS",
    "Topic": "Obesity / Weight Status",
    "Data_Value": "~",
    "Sample_Size": "~",
    "Stratification1": "Non-Hispanic Black",
    "StratificationId1": "RACEBLK",
    "LocationDisplayOrder": 50
  },
  {
    "ID": 62832,
    "Description": 2018,
    "LocationAbbr": "VA",
    "LocationDesc": "Virginia",
    "DataSource": "BRFSS",
    "Topic": "Obesity / Weight Status",
    "Data_Value": 40.2,
    "Sample_Size": "1,486",
    "Stratification1": "Non-Hispanic Black",
    "StratificationId1": "RACEBLK",
    "LocationDisplayOrder": 51
  },
  {
    "ID": 62859,
    "Description": 2018,
    "LocationAbbr": "WA",
    "LocationDesc": "Washington",
    "DataSource": "BRFSS",
    "Topic": "Obesity / Weight Status",
    "Data_Value": 34.6,
    "Sample_Size": 184,
    "Stratification1": "Non-Hispanic Black",
    "StratificationId1": "RACEBLK",
    "LocationDisplayOrder": 53
  },
  {
    "ID": 62886,
    "Description": 2018,
    "LocationAbbr": "WV",
    "LocationDesc": "West Virginia",
    "DataSource": "BRFSS",
    "Topic": "Obesity / Weight Status",
    "Data_Value": 43.5,
    "Sample_Size": 103,
    "Stratification1": "Non-Hispanic Black",
    "StratificationId1": "RACEBLK",
    "LocationDisplayOrder": 54
  },
  {
    "ID": 62913,
    "Description": 2018,
    "LocationAbbr": "WI",
    "LocationDesc": "Wisconsin",
    "DataSource": "BRFSS",
    "Topic": "Obesity / Weight Status",
    "Data_Value": 35.8,
    "Sample_Size": 193,
    "Stratification1": "Non-Hispanic Black",
    "StratificationId1": "RACEBLK",
    "LocationDisplayOrder": 55
  },
  {
    "ID": 63036,
    "Description": 2018,
    "LocationAbbr": "WY",
    "LocationDesc": "Wyoming",
    "DataSource": "BRFSS",
    "Topic": "Obesity / Weight Status",
    "Data_Value": "~",
    "Sample_Size": "~",
    "Stratification1": "Non-Hispanic Black",
    "StratificationId1": "RACEBLK",
    "LocationDisplayOrder": 56
  },
  {
    "ID": 63063,
    "Description": 2018,
    "LocationAbbr": "GU",
    "LocationDesc": "Guam",
    "DataSource": "BRFSS",
    "Topic": "Obesity / Weight Status",
    "Data_Value": "~",
    "Sample_Size": "~",
    "Stratification1": "Non-Hispanic Black",
    "StratificationId1": "RACEBLK",
    "LocationDisplayOrder": 66
  },
  {
    "ID": 63090,
    "Description": 2018,
    "LocationAbbr": "PR",
    "LocationDesc": "Puerto Rico",
    "DataSource": "BRFSS",
    "Topic": "Obesity / Weight Status",
    "Data_Value": "~",
    "Sample_Size": "~",
    "Stratification1": "Non-Hispanic Black",
    "StratificationId1": "RACEBLK",
    "LocationDisplayOrder": 72
  },
  {
    "ID": 62404,
    "Description": 2018,
    "LocationAbbr": "VI",
    "LocationDesc": "Virgin Islands",
    "DataSource": "BRFSS",
    "Topic": "Obesity / Weight Status",
    "Data_Value": "~",
    "Sample_Size": "~",
    "Stratification1": "Non-Hispanic Black",
    "StratificationId1": "RACEBLK",
    "LocationDisplayOrder": 78
  },
  {
    "ID": "",
    "Description": "",
    "LocationAbbr": "",
    "LocationDesc": "",
    "DataSource": "",
    "Topic": "",
    "Data_Value": "",
    "Sample_Size": "",
    "Stratification1": "",
    "StratificationId1": "",
    "LocationDisplayOrder": ""
  },
  {
    "ID": "",
    "Description": "",
    "LocationAbbr": "",
    "LocationDesc": "",
    "DataSource": "",
    "Topic": "",
    "Data_Value": "",
    "Sample_Size": "",
    "Stratification1": "",
    "StratificationId1": "",
    "LocationDisplayOrder": ""
  },
  {
    "ID": "",
    "Description": "",
    "LocationAbbr": "",
    "LocationDesc": "",
    "DataSource": "",
    "Topic": "",
    "Data_Value": "",
    "Sample_Size": "",
    "Stratification1": "",
    "StratificationId1": "",
    "LocationDisplayOrder": ""
  },
  {
    "ID": "",
    "Description": "",
    "LocationAbbr": "",
    "LocationDesc": "",
    "DataSource": "",
    "Topic": "",
    "Data_Value": "",
    "Sample_Size": "",
    "Stratification1": "",
    "StratificationId1": "",
    "LocationDisplayOrder": ""
  },
  {
    "ID": "",
    "Description": "",
    "LocationAbbr": "",
    "LocationDesc": "",
    "DataSource": "",
    "Topic": "",
    "Data_Value": "",
    "Sample_Size": "",
    "Stratification1": "",
    "StratificationId1": "",
    "LocationDisplayOrder": ""
  },
  {
    "ID": "",
    "Description": "",
    "LocationAbbr": "",
    "LocationDesc": "",
    "DataSource": "",
    "Topic": "",
    "Data_Value": "",
    "Sample_Size": "",
    "Stratification1": "",
    "StratificationId1": "",
    "LocationDisplayOrder": ""
  },
  {
    "ID": "",
    "Description": "",
    "LocationAbbr": "",
    "LocationDesc": "",
    "DataSource": "",
    "Topic": "",
    "Data_Value": "",
    "Sample_Size": "",
    "Stratification1": "",
    "StratificationId1": "",
    "LocationDisplayOrder": ""
  },
  {
    "ID": "",
    "Description": "",
    "LocationAbbr": "",
    "LocationDesc": "",
    "DataSource": "",
    "Topic": "",
    "Data_Value": "",
    "Sample_Size": "",
    "Stratification1": "",
    "StratificationId1": "",
    "LocationDisplayOrder": ""
  },
  {
    "ID": "",
    "Description": "",
    "LocationAbbr": "",
    "LocationDesc": "",
    "DataSource": "",
    "Topic": "",
    "Data_Value": "",
    "Sample_Size": "",
    "Stratification1": "",
    "StratificationId1": "",
    "LocationDisplayOrder": ""
  },
  {
    "ID": "",
    "Description": "",
    "LocationAbbr": "",
    "LocationDesc": "",
    "DataSource": "",
    "Topic": "",
    "Data_Value": "",
    "Sample_Size": "",
    "Stratification1": "",
    "StratificationId1": "",
    "LocationDisplayOrder": ""
  }
]