[
  {
    "ID": 61117,
    "Description": 2018,
    "LocationAbbr": "US",
    "LocationDesc": "National",
    "DataSource": "BRFSS",
    "Topic": "Obesity / Weight Status",
    "Data_Value": 35.2,
    "Sample_Size": "1,377",
    "Stratification1": "Hawaiian / Pacific Islander",
    "StratificationId1": "RACEHPI",
    "LocationDisplayOrder": 0
  },
  {
    "ID": 61197,
    "Description": 2018,
    "LocationAbbr": "AL",
    "LocationDesc": "Alabama",
    "DataSource": "BRFSS",
    "Topic": "Obesity / Weight Status",
    "Data_Value": "~",
    "Sample_Size": "~",
    "Stratification1": "Hawaiian / Pacific Islander",
    "StratificationId1": "RACEHPI",
    "LocationDisplayOrder": 1
  },
  {
    "ID": 61773,
    "Description": 2018,
    "LocationAbbr": "AK",
    "LocationDesc": "Alaska",
    "DataSource": "BRFSS",
    "Topic": "Obesity / Weight Status",
    "Data_Value": "~",
    "Sample_Size": "~",
    "Stratification1": "Hawaiian / Pacific Islander",
    "StratificationId1": "RACEHPI",
    "LocationDisplayOrder": 2
  },
  {
    "ID": 61800,
    "Description": 2018,
    "LocationAbbr": "AZ",
    "LocationDesc": "Arizona",
    "DataSource": "BRFSS",
    "Topic": "Obesity / Weight Status",
    "Data_Value": "~",
    "Sample_Size": "~",
    "Stratification1": "Hawaiian / Pacific Islander",
    "StratificationId1": "RACEHPI",
    "LocationDisplayOrder": 4
  },
  {
    "ID": 61827,
    "Description": 2018,
    "LocationAbbr": "AR",
    "LocationDesc": "Arkansas",
    "DataSource": "BRFSS",
    "Topic": "Obesity / Weight Status",
    "Data_Value": "~",
    "Sample_Size": "~",
    "Stratification1": "Hawaiian / Pacific Islander",
    "StratificationId1": "RACEHPI",
    "LocationDisplayOrder": 5
  },
  {
    "ID": 61574,
    "Description": 2018,
    "LocationAbbr": "CA",
    "LocationDesc": "California",
    "DataSource": "BRFSS",
    "Topic": "Obesity / Weight Status",
    "Data_Value": "~",
    "Sample_Size": "~",
    "Stratification1": "Hawaiian / Pacific Islander",
    "StratificationId1": "RACEHPI",
    "LocationDisplayOrder": 6
  },
  {
    "ID": 61601,
    "Description": 2018,
    "LocationAbbr": "CO",
    "LocationDesc": "Colorado",
    "DataSource": "BRFSS",
    "Topic": "Obesity / Weight Status",
    "Data_Value": "~",
    "Sample_Size": "~",
    "Stratification1": "Hawaiian / Pacific Islander",
    "StratificationId1": "RACEHPI",
    "LocationDisplayOrder": 8
  },
  {
    "ID": 61628,
    "Description": 2018,
    "LocationAbbr": "CT",
    "LocationDesc": "Connecticut",
    "DataSource": "BRFSS",
    "Topic": "Obesity / Weight Status",
    "Data_Value": "~",
    "Sample_Size": "~",
    "Stratification1": "Hawaiian / Pacific Islander",
    "StratificationId1": "RACEHPI",
    "LocationDisplayOrder": 9
  },
  {
    "ID": 61655,
    "Description": 2018,
    "LocationAbbr": "DE",
    "LocationDesc": "Delaware",
    "DataSource": "BRFSS",
    "Topic": "Obesity / Weight Status",
    "Data_Value": "~",
    "Sample_Size": "~",
    "Stratification1": "Hawaiian / Pacific Islander",
    "StratificationId1": "RACEHPI",
    "LocationDisplayOrder": 10
  },
  {
    "ID": 61866,
    "Description": 2018,
    "LocationAbbr": "DC",
    "LocationDesc": "District of Columbia",
    "DataSource": "BRFSS",
    "Topic": "Obesity / Weight Status",
    "Data_Value": "~",
    "Sample_Size": "~",
    "Stratification1": "Hawaiian / Pacific Islander",
    "StratificationId1": "RACEHPI",
    "LocationDisplayOrder": 11
  },
  {
    "ID": 61893,
    "Description": 2018,
    "LocationAbbr": "FL",
    "LocationDesc": "Florida",
    "DataSource": "BRFSS",
    "Topic": "Obesity / Weight Status",
    "Data_Value": "~",
    "Sample_Size": "~",
    "Stratification1": "Hawaiian / Pacific Islander",
    "StratificationId1": "RACEHPI",
    "LocationDisplayOrder": 12
  },
  {
    "ID": 61920,
    "Description": 2018,
    "LocationAbbr": "GA",
    "LocationDesc": "Georgia",
    "DataSource": "BRFSS",
    "Topic": "Obesity / Weight Status",
    "Data_Value": "~",
    "Sample_Size": "~",
    "Stratification1": "Hawaiian / Pacific Islander",
    "StratificationId1": "RACEHPI",
    "LocationDisplayOrder": 13
  },
  {
    "ID": 61947,
    "Description": 2018,
    "LocationAbbr": "HI",
    "LocationDesc": "Hawaii",
    "DataSource": "BRFSS",
    "Topic": "Obesity / Weight Status",
    "Data_Value": 45.2,
    "Sample_Size": 744,
    "Stratification1": "Hawaiian / Pacific Islander",
    "StratificationId1": "RACEHPI",
    "LocationDisplayOrder": 15
  },
  {
    "ID": 61234,
    "Description": 2018,
    "LocationAbbr": "ID",
    "LocationDesc": "Idaho",
    "DataSource": "BRFSS",
    "Topic": "Obesity / Weight Status",
    "Data_Value": "~",
    "Sample_Size": "~",
    "Stratification1": "Hawaiian / Pacific Islander",
    "StratificationId1": "RACEHPI",
    "LocationDisplayOrder": 16
  },
  {
    "ID": 61261,
    "Description": 2018,
    "LocationAbbr": "IL",
    "LocationDesc": "Illinois",
    "DataSource": "BRFSS",
    "Topic": "Obesity / Weight Status",
    "Data_Value": "~",
    "Sample_Size": "~",
    "Stratification1": "Hawaiian / Pacific Islander",
    "StratificationId1": "RACEHPI",
    "LocationDisplayOrder": 17
  },
  {
    "ID": 61288,
    "Description": 2018,
    "LocationAbbr": "IN",
    "LocationDesc": "Indiana",
    "DataSource": "BRFSS",
    "Topic": "Obesity / Weight Status",
    "Data_Value": "~",
    "Sample_Size": "~",
    "Stratification1": "Hawaiian / Pacific Islander",
    "StratificationId1": "RACEHPI",
    "LocationDisplayOrder": 18
  },
  {
    "ID": 61960,
    "Description": 2018,
    "LocationAbbr": "IA",
    "LocationDesc": "Iowa",
    "DataSource": "BRFSS",
    "Topic": "Obesity / Weight Status",
    "Data_Value": "~",
    "Sample_Size": "~",
    "Stratification1": "Hawaiian / Pacific Islander",
    "StratificationId1": "RACEHPI",
    "LocationDisplayOrder": 19
  },
  {
    "ID": 61987,
    "Description": 2018,
    "LocationAbbr": "KS",
    "LocationDesc": "Kansas",
    "DataSource": "BRFSS",
    "Topic": "Obesity / Weight Status",
    "Data_Value": "~",
    "Sample_Size": "~",
    "Stratification1": "Hawaiian / Pacific Islander",
    "StratificationId1": "RACEHPI",
    "LocationDisplayOrder": 20
  },
  {
    "ID": 62014,
    "Description": 2018,
    "LocationAbbr": "KY",
    "LocationDesc": "Kentucky",
    "DataSource": "BRFSS",
    "Topic": "Obesity / Weight Status",
    "Data_Value": "~",
    "Sample_Size": "~",
    "Stratification1": "Hawaiian / Pacific Islander",
    "StratificationId1": "RACEHPI",
    "LocationDisplayOrder": 21
  },
  {
    "ID": 62224,
    "Description": 2018,
    "LocationAbbr": "LA",
    "LocationDesc": "Louisiana",
    "DataSource": "BRFSS",
    "Topic": "Obesity / Weight Status",
    "Data_Value": "~",
    "Sample_Size": "~",
    "Stratification1": "Hawaiian / Pacific Islander",
    "StratificationId1": "RACEHPI",
    "LocationDisplayOrder": 22
  },
  {
    "ID": 62251,
    "Description": 2018,
    "LocationAbbr": "ME",
    "LocationDesc": "Maine",
    "DataSource": "BRFSS",
    "Topic": "Obesity / Weight Status",
    "Data_Value": "~",
    "Sample_Size": "~",
    "Stratification1": "Hawaiian / Pacific Islander",
    "StratificationId1": "RACEHPI",
    "LocationDisplayOrder": 23
  },
  {
    "ID": 62278,
    "Description": 2018,
    "LocationAbbr": "MD",
    "LocationDesc": "Maryland",
    "DataSource": "BRFSS",
    "Topic": "Obesity / Weight Status",
    "Data_Value": "~",
    "Sample_Size": "~",
    "Stratification1": "Hawaiian / Pacific Islander",
    "StratificationId1": "RACEHPI",
    "LocationDisplayOrder": 24
  },
  {
    "ID": 62446,
    "Description": 2018,
    "LocationAbbr": "MA",
    "LocationDesc": "Massachusetts",
    "DataSource": "BRFSS",
    "Topic": "Obesity / Weight Status",
    "Data_Value": "~",
    "Sample_Size": "~",
    "Stratification1": "Hawaiian / Pacific Islander",
    "StratificationId1": "RACEHPI",
    "LocationDisplayOrder": 25
  },
  {
    "ID": 62473,
    "Description": 2018,
    "LocationAbbr": "MI",
    "LocationDesc": "Michigan",
    "DataSource": "BRFSS",
    "Topic": "Obesity / Weight Status",
    "Data_Value": "~",
    "Sample_Size": "~",
    "Stratification1": "Hawaiian / Pacific Islander",
    "StratificationId1": "RACEHPI",
    "LocationDisplayOrder": 26
  },
  {
    "ID": 62500,
    "Description": 2018,
    "LocationAbbr": "MN",
    "LocationDesc": "Minnesota",
    "DataSource": "BRFSS",
    "Topic": "Obesity / Weight Status",
    "Data_Value": "~",
    "Sample_Size": "~",
    "Stratification1": "Hawaiian / Pacific Islander",
    "StratificationId1": "RACEHPI",
    "LocationDisplayOrder": 27
  },
  {
    "ID": 62527,
    "Description": 2018,
    "LocationAbbr": "MS",
    "LocationDesc": "Mississippi",
    "DataSource": "BRFSS",
    "Topic": "Obesity / Weight Status",
    "Data_Value": "~",
    "Sample_Size": "~",
    "Stratification1": "Hawaiian / Pacific Islander",
    "StratificationId1": "RACEHPI",
    "LocationDisplayOrder": 28
  },
  {
    "ID": 62934,
    "Description": 2018,
    "LocationAbbr": "MO",
    "LocationDesc": "Missouri",
    "DataSource": "BRFSS",
    "Topic": "Obesity / Weight Status",
    "Data_Value": "~",
    "Sample_Size": "~",
    "Stratification1": "Hawaiian / Pacific Islander",
    "StratificationId1": "RACEHPI",
    "LocationDisplayOrder": 29
  },
  {
    "ID": 62961,
    "Description": 2018,
    "LocationAbbr": "MT",
    "LocationDesc": "Montana",
    "DataSource": "BRFSS",
    "Topic": "Obesity / Weight Status",
    "Data_Value": "~",
    "Sample_Size": "~",
    "Stratification1": "Hawaiian / Pacific Islander",
    "StratificationId1": "RACEHPI",
    "LocationDisplayOrder": 30
  },
  {
    "ID": 62988,
    "Description": 2018,
    "LocationAbbr": "NE",
    "LocationDesc": "Nebraska",
    "DataSource": "BRFSS",
    "Topic": "Obesity / Weight Status",
    "Data_Value": "~",
    "Sample_Size": "~",
    "Stratification1": "Hawaiian / Pacific Islander",
    "StratificationId1": "RACEHPI",
    "LocationDisplayOrder": 31
  },
  {
    "ID": 62539,
    "Description": 2018,
    "LocationAbbr": "NV",
    "LocationDesc": "Nevada",
    "DataSource": "BRFSS",
    "Topic": "Obesity / Weight Status",
    "Data_Value": "~",
    "Sample_Size": "~",
    "Stratification1": "Hawaiian / Pacific Islander",
    "StratificationId1": "RACEHPI",
    "LocationDisplayOrder": 32
  },
  {
    "ID": 62566,
    "Description": 2018,
    "LocationAbbr": "NH",
    "LocationDesc": "New Hampshire",
    "DataSource": "BRFSS",
    "Topic": "Obesity / Weight Status",
    "Data_Value": "~",
    "Sample_Size": "~",
    "Stratification1": "Hawaiian / Pacific Islander",
    "StratificationId1": "RACEHPI",
    "LocationDisplayOrder": 33
  },
  {
    "ID": 62593,
    "Description": 2018,
    "LocationAbbr": "NJ",
    "LocationDesc": "New Jersey",
    "DataSource": "BRFSS",
    "Topic": "Obesity / Weight Status",
    "Data_Value": "~",
    "Sample_Size": "~",
    "Stratification1": "Hawaiian / Pacific Islander",
    "StratificationId1": "RACEHPI",
    "LocationDisplayOrder": 34
  },
  {
    "ID": 62620,
    "Description": 2018,
    "LocationAbbr": "NM",
    "LocationDesc": "New Mexico",
    "DataSource": "BRFSS",
    "Topic": "Obesity / Weight Status",
    "Data_Value": "~",
    "Sample_Size": "~",
    "Stratification1": "Hawaiian / Pacific Islander",
    "StratificationId1": "RACEHPI",
    "LocationDisplayOrder": 35
  },
  {
    "ID": 62126,
    "Description": 2018,
    "LocationAbbr": "NY",
    "LocationDesc": "New York",
    "DataSource": "BRFSS",
    "Topic": "Obesity / Weight Status",
    "Data_Value": 34.9,
    "Sample_Size": 75,
    "Stratification1": "Hawaiian / Pacific Islander",
    "StratificationId1": "RACEHPI",
    "LocationDisplayOrder": 36
  },
  {
    "ID": 62153,
    "Description": 2018,
    "LocationAbbr": "NC",
    "LocationDesc": "North Carolina",
    "DataSource": "BRFSS",
    "Topic": "Obesity / Weight Status",
    "Data_Value": "~",
    "Sample_Size": "~",
    "Stratification1": "Hawaiian / Pacific Islander",
    "StratificationId1": "RACEHPI",
    "LocationDisplayOrder": 37
  },
  {
    "ID": 62180,
    "Description": 2018,
    "LocationAbbr": "ND",
    "LocationDesc": "North Dakota",
    "DataSource": "BRFSS",
    "Topic": "Obesity / Weight Status",
    "Data_Value": "~",
    "Sample_Size": "~",
    "Stratification1": "Hawaiian / Pacific Islander",
    "StratificationId1": "RACEHPI",
    "LocationDisplayOrder": 38
  },
  {
    "ID": 62303,
    "Description": 2018,
    "LocationAbbr": "OH",
    "LocationDesc": "Ohio",
    "DataSource": "BRFSS",
    "Topic": "Obesity / Weight Status",
    "Data_Value": "~",
    "Sample_Size": "~",
    "Stratification1": "Hawaiian / Pacific Islander",
    "StratificationId1": "RACEHPI",
    "LocationDisplayOrder": 39
  },
  {
    "ID": 62330,
    "Description": 2018,
    "LocationAbbr": "OK",
    "LocationDesc": "Oklahoma",
    "DataSource": "BRFSS",
    "Topic": "Obesity / Weight Status",
    "Data_Value": "~",
    "Sample_Size": "~",
    "Stratification1": "Hawaiian / Pacific Islander",
    "StratificationId1": "RACEHPI",
    "LocationDisplayOrder": 40
  },
  {
    "ID": 62357,
    "Description": 2018,
    "LocationAbbr": "OR",
    "LocationDesc": "Oregon",
    "DataSource": "BRFSS",
    "Topic": "Obesity / Weight Status",
    "Data_Value": "~",
    "Sample_Size": "~",
    "Stratification1": "Hawaiian / Pacific Islander",
    "StratificationId1": "RACEHPI",
    "LocationDisplayOrder": 41
  },
  {
    "ID": 62384,
    "Description": 2018,
    "LocationAbbr": "PA",
    "LocationDesc": "Pennsylvania",
    "DataSource": "BRFSS",
    "Topic": "Obesity / Weight Status",
    "Data_Value": "~",
    "Sample_Size": "~",
    "Stratification1": "Hawaiian / Pacific Islander",
    "StratificationId1": "RACEHPI",
    "LocationDisplayOrder": 42
  },
  {
    "ID": 62646,
    "Description": 2018,
    "LocationAbbr": "RI",
    "LocationDesc": "Rhode Island",
    "DataSource": "BRFSS",
    "Topic": "Obesity / Weight Status",
    "Data_Value": "~",
    "Sample_Size": "~",
    "Stratification1": "Hawaiian / Pacific Islander",
    "StratificationId1": "RACEHPI",
    "LocationDisplayOrder": 44
  },
  {
    "ID": 62673,
    "Description": 2018,
    "LocationAbbr": "SC",
    "LocationDesc": "South Carolina",
    "DataSource": "BRFSS",
    "Topic": "Obesity / Weight Status",
    "Data_Value": "~",
    "Sample_Size": "~",
    "Stratification1": "Hawaiian / Pacific Islander",
    "StratificationId1": "RACEHPI",
    "LocationDisplayOrder": 45
  },
  {
    "ID": 62700,
    "Description": 2018,
    "LocationAbbr": "SD",
    "LocationDesc": "South Dakota",
    "DataSource": "BRFSS",
    "Topic": "Obesity / Weight Status",
    "Data_Value": "~",
    "Sample_Size": "~",
    "Stratification1": "Hawaiian / Pacific Islander",
    "StratificationId1": "RACEHPI",
    "LocationDisplayOrder": 46
  },
  {
    "ID": 62727,
    "Description": 2018,
    "LocationAbbr": "TN",
    "LocationDesc": "Tennessee",
    "DataSource": "BRFSS",
    "Topic": "Obesity / Weight Status",
    "Data_Value": "~",
    "Sample_Size": "~",
    "Stratification1": "Hawaiian / Pacific Islander",
    "StratificationId1": "RACEHPI",
    "LocationDisplayOrder": 47
  },
  {
    "ID": 62754,
    "Description": 2018,
    "LocationAbbr": "TX",
    "LocationDesc": "Texas",
    "DataSource": "BRFSS",
    "Topic": "Obesity / Weight Status",
    "Data_Value": "~",
    "Sample_Size": "~",
    "Stratification1": "Hawaiian / Pacific Islander",
    "StratificationId1": "RACEHPI",
    "LocationDisplayOrder": 48
  },
  {
    "ID": 62781,
    "Description": 2018,
    "LocationAbbr": "UT",
    "LocationDesc": "Utah",
    "DataSource": "BRFSS",
    "Topic": "Obesity / Weight Status",
    "Data_Value": "~",
    "Sample_Size": "~",
    "Stratification1": "Hawaiian / Pacific Islander",
    "StratificationId1": "RACEHPI",
    "LocationDisplayOrder": 49
  },
  {
    "ID": 62808,
    "Description": 2018,
    "LocationAbbr": "VT",
    "LocationDesc": "Vermont",
    "DataSource": "BRFSS",
    "Topic": "Obesity / Weight Status",
    "Data_Value": "~",
    "Sample_Size": "~",
    "Stratification1": "Hawaiian / Pacific Islander",
    "StratificationId1": "RACEHPI",
    "LocationDisplayOrder": 50
  },
  {
    "ID": 62835,
    "Description": 2018,
    "LocationAbbr": "VA",
    "LocationDesc": "Virginia",
    "DataSource": "BRFSS",
    "Topic": "Obesity / Weight Status",
    "Data_Value": "~",
    "Sample_Size": "~",
    "Stratification1": "Hawaiian / Pacific Islander",
    "StratificationId1": "RACEHPI",
    "LocationDisplayOrder": 51
  },
  {
    "ID": 62862,
    "Description": 2018,
    "LocationAbbr": "WA",
    "LocationDesc": "Washington",
    "DataSource": "BRFSS",
    "Topic": "Obesity / Weight Status",
    "Data_Value": 35.9,
    "Sample_Size": 51,
    "Stratification1": "Hawaiian / Pacific Islander",
    "StratificationId1": "RACEHPI",
    "LocationDisplayOrder": 53
  },
  {
    "ID": 62889,
    "Description": 2018,
    "LocationAbbr": "WV",
    "LocationDesc": "West Virginia",
    "DataSource": "BRFSS",
    "Topic": "Obesity / Weight Status",
    "Data_Value": "~",
    "Sample_Size": "~",
    "Stratification1": "Hawaiian / Pacific Islander",
    "StratificationId1": "RACEHPI",
    "LocationDisplayOrder": 54
  },
  {
    "ID": 63012,
    "Description": 2018,
    "LocationAbbr": "WI",
    "LocationDesc": "Wisconsin",
    "DataSource": "BRFSS",
    "Topic": "Obesity / Weight Status",
    "Data_Value": "~",
    "Sample_Size": "~",
    "Stratification1": "Hawaiian / Pacific Islander",
    "StratificationId1": "RACEHPI",
    "LocationDisplayOrder": 55
  },
  {
    "ID": 63039,
    "Description": 2018,
    "LocationAbbr": "WY",
    "LocationDesc": "Wyoming",
    "DataSource": "BRFSS",
    "Topic": "Obesity / Weight Status",
    "Data_Value": "~",
    "Sample_Size": "~",
    "Stratification1": "Hawaiian / Pacific Islander",
    "StratificationId1": "RACEHPI",
    "LocationDisplayOrder": 56
  },
  {
    "ID": 63066,
    "Description": 2018,
    "LocationAbbr": "GU",
    "LocationDesc": "Guam",
    "DataSource": "BRFSS",
    "Topic": "Obesity / Weight Status",
    "Data_Value": 41,
    "Sample_Size": 558,
    "Stratification1": "Hawaiian / Pacific Islander",
    "StratificationId1": "RACEHPI",
    "LocationDisplayOrder": 66
  },
  {
    "ID": 63093,
    "Description": 2018,
    "LocationAbbr": "PR",
    "LocationDesc": "Puerto Rico",
    "DataSource": "BRFSS",
    "Topic": "Obesity / Weight Status",
    "Data_Value": "~",
    "Sample_Size": "~",
    "Stratification1": "Hawaiian / Pacific Islander",
    "StratificationId1": "RACEHPI",
    "LocationDisplayOrder": 72
  },
  {
    "ID": 62407,
    "Description": 2018,
    "LocationAbbr": "VI",
    "LocationDesc": "Virgin Islands",
    "DataSource": "BRFSS",
    "Topic": "Obesity / Weight Status",
    "Data_Value": "~",
    "Sample_Size": "~",
    "Stratification1": "Hawaiian / Pacific Islander",
    "StratificationId1": "RACEHPI",
    "LocationDisplayOrder": 78
  },
  {
    "ID": "",
    "Description": "",
    "LocationAbbr": "",
    "LocationDesc": "",
    "DataSource": "",
    "Topic": "",
    "Data_Value": "",
    "Sample_Size": "",
    "Stratification1": "",
    "StratificationId1": "",
    "LocationDisplayOrder": ""
  },
  {
    "ID": "",
    "Description": "",
    "LocationAbbr": "",
    "LocationDesc": "",
    "DataSource": "",
    "Topic": "",
    "Data_Value": "",
    "Sample_Size": "",
    "Stratification1": "",
    "StratificationId1": "",
    "LocationDisplayOrder": ""
  },
  {
    "ID": "",
    "Description": "",
    "LocationAbbr": "",
    "LocationDesc": "",
    "DataSource": "",
    "Topic": "",
    "Data_Value": "",
    "Sample_Size": "",
    "Stratification1": "",
    "StratificationId1": "",
    "LocationDisplayOrder": ""
  },
  {
    "ID": "",
    "Description": "",
    "LocationAbbr": "",
    "LocationDesc": "",
    "DataSource": "",
    "Topic": "",
    "Data_Value": "",
    "Sample_Size": "",
    "Stratification1": "",
    "StratificationId1": "",
    "LocationDisplayOrder": ""
  },
  {
    "ID": "",
    "Description": "",
    "LocationAbbr": "",
    "LocationDesc": "",
    "DataSource": "",
    "Topic": "",
    "Data_Value": "",
    "Sample_Size": "",
    "Stratification1": "",
    "StratificationId1": "",
    "LocationDisplayOrder": ""
  },
  {
    "ID": "",
    "Description": "",
    "LocationAbbr": "",
    "LocationDesc": "",
    "DataSource": "",
    "Topic": "",
    "Data_Value": "",
    "Sample_Size": "",
    "Stratification1": "",
    "StratificationId1": "",
    "LocationDisplayOrder": ""
  },
  {
    "ID": "",
    "Description": "",
    "LocationAbbr": "",
    "LocationDesc": "",
    "DataSource": "",
    "Topic": "",
    "Data_Value": "",
    "Sample_Size": "",
    "Stratification1": "",
    "StratificationId1": "",
    "LocationDisplayOrder": ""
  },
  {
    "ID": "",
    "Description": "",
    "LocationAbbr": "",
    "LocationDesc": "",
    "DataSource": "",
    "Topic": "",
    "Data_Value": "",
    "Sample_Size": "",
    "Stratification1": "",
    "StratificationId1": "",
    "LocationDisplayOrder": ""
  },
  {
    "ID": "",
    "Description": "",
    "LocationAbbr": "",
    "LocationDesc": "",
    "DataSource": "",
    "Topic": "",
    "Data_Value": "",
    "Sample_Size": "",
    "Stratification1": "",
    "StratificationId1": "",
    "LocationDisplayOrder": ""
  },
  {
    "ID": "",
    "Description": "",
    "LocationAbbr": "",
    "LocationDesc": "",
    "DataSource": "",
    "Topic": "",
    "Data_Value": "",
    "Sample_Size": "",
    "Stratification1": "",
    "StratificationId1": "",
    "LocationDisplayOrder": ""
  }
]