[
  {
    "ID": 61563,
    "Description": 2018,
    "LocationAbbr": "US",
    "LocationDesc": "National",
    "DataSource": "BRFSS",
    "Topic": "Obesity / Weight Status",
    "Data_Value": 33.1,
    "Sample_Size": "107,339",
    "Stratification1": "High school graduate",
    "StratificationId1": "EDUHSGRAD",
    "LocationDisplayOrder": 0
  },
  {
    "ID": 61177,
    "Description": 2018,
    "LocationAbbr": "AL",
    "LocationDesc": "Alabama",
    "DataSource": "BRFSS",
    "Topic": "Obesity / Weight Status",
    "Data_Value": 36.6,
    "Sample_Size": "1,854",
    "Stratification1": "High school graduate",
    "StratificationId1": "EDUHSGRAD",
    "LocationDisplayOrder": 1
  },
  {
    "ID": 61204,
    "Description": 2018,
    "LocationAbbr": "AK",
    "LocationDesc": "Alaska",
    "DataSource": "BRFSS",
    "Topic": "Obesity / Weight Status",
    "Data_Value": 30.7,
    "Sample_Size": 734,
    "Stratification1": "High school graduate",
    "StratificationId1": "EDUHSGRAD",
    "LocationDisplayOrder": 2
  },
  {
    "ID": 61780,
    "Description": 2018,
    "LocationAbbr": "AZ",
    "LocationDesc": "Arizona",
    "DataSource": "BRFSS",
    "Topic": "Obesity / Weight Status",
    "Data_Value": 31.1,
    "Sample_Size": "1,852",
    "Stratification1": "High school graduate",
    "StratificationId1": "EDUHSGRAD",
    "LocationDisplayOrder": 4
  },
  {
    "ID": 61807,
    "Description": 2018,
    "LocationAbbr": "AR",
    "LocationDesc": "Arkansas",
    "DataSource": "BRFSS",
    "Topic": "Obesity / Weight Status",
    "Data_Value": 36.2,
    "Sample_Size": "1,705",
    "Stratification1": "High school graduate",
    "StratificationId1": "EDUHSGRAD",
    "LocationDisplayOrder": 5
  },
  {
    "ID": 61834,
    "Description": 2018,
    "LocationAbbr": "CA",
    "LocationDesc": "California",
    "DataSource": "BRFSS",
    "Topic": "Obesity / Weight Status",
    "Data_Value": 27.6,
    "Sample_Size": "2,096",
    "Stratification1": "High school graduate",
    "StratificationId1": "EDUHSGRAD",
    "LocationDisplayOrder": 6
  },
  {
    "ID": 61581,
    "Description": 2018,
    "LocationAbbr": "CO",
    "LocationDesc": "Colorado",
    "DataSource": "BRFSS",
    "Topic": "Obesity / Weight Status",
    "Data_Value": 25.7,
    "Sample_Size": "1,721",
    "Stratification1": "High school graduate",
    "StratificationId1": "EDUHSGRAD",
    "LocationDisplayOrder": 8
  },
  {
    "ID": 61608,
    "Description": 2018,
    "LocationAbbr": "CT",
    "LocationDesc": "Connecticut",
    "DataSource": "BRFSS",
    "Topic": "Obesity / Weight Status",
    "Data_Value": 30.5,
    "Sample_Size": "2,269",
    "Stratification1": "High school graduate",
    "StratificationId1": "EDUHSGRAD",
    "LocationDisplayOrder": 9
  },
  {
    "ID": 61635,
    "Description": 2018,
    "LocationAbbr": "DE",
    "LocationDesc": "Delaware",
    "DataSource": "BRFSS",
    "Topic": "Obesity / Weight Status",
    "Data_Value": 34.2,
    "Sample_Size": "1,326",
    "Stratification1": "High school graduate",
    "StratificationId1": "EDUHSGRAD",
    "LocationDisplayOrder": 10
  },
  {
    "ID": 61662,
    "Description": 2018,
    "LocationAbbr": "DC",
    "LocationDesc": "District of Columbia",
    "DataSource": "BRFSS",
    "Topic": "Obesity / Weight Status",
    "Data_Value": 35.8,
    "Sample_Size": 669,
    "Stratification1": "High school graduate",
    "StratificationId1": "EDUHSGRAD",
    "LocationDisplayOrder": 11
  },
  {
    "ID": 61873,
    "Description": 2018,
    "LocationAbbr": "FL",
    "LocationDesc": "Florida",
    "DataSource": "BRFSS",
    "Topic": "Obesity / Weight Status",
    "Data_Value": 31.9,
    "Sample_Size": "4,160",
    "Stratification1": "High school graduate",
    "StratificationId1": "EDUHSGRAD",
    "LocationDisplayOrder": 12
  },
  {
    "ID": 61900,
    "Description": 2018,
    "LocationAbbr": "GA",
    "LocationDesc": "Georgia",
    "DataSource": "BRFSS",
    "Topic": "Obesity / Weight Status",
    "Data_Value": 35,
    "Sample_Size": "2,113",
    "Stratification1": "High school graduate",
    "StratificationId1": "EDUHSGRAD",
    "LocationDisplayOrder": 13
  },
  {
    "ID": 61927,
    "Description": 2018,
    "LocationAbbr": "HI",
    "LocationDesc": "Hawaii",
    "DataSource": "BRFSS",
    "Topic": "Obesity / Weight Status",
    "Data_Value": 31.1,
    "Sample_Size": "1,910",
    "Stratification1": "High school graduate",
    "StratificationId1": "EDUHSGRAD",
    "LocationDisplayOrder": 15
  },
  {
    "ID": 61214,
    "Description": 2018,
    "LocationAbbr": "ID",
    "LocationDesc": "Idaho",
    "DataSource": "BRFSS",
    "Topic": "Obesity / Weight Status",
    "Data_Value": 24.8,
    "Sample_Size": 924,
    "Stratification1": "High school graduate",
    "StratificationId1": "EDUHSGRAD",
    "LocationDisplayOrder": 16
  },
  {
    "ID": 61241,
    "Description": 2018,
    "LocationAbbr": "IL",
    "LocationDesc": "Illinois",
    "DataSource": "BRFSS",
    "Topic": "Obesity / Weight Status",
    "Data_Value": 32.9,
    "Sample_Size": "1,175",
    "Stratification1": "High school graduate",
    "StratificationId1": "EDUHSGRAD",
    "LocationDisplayOrder": 17
  },
  {
    "ID": 61268,
    "Description": 2018,
    "LocationAbbr": "IN",
    "LocationDesc": "Indiana",
    "DataSource": "BRFSS",
    "Topic": "Obesity / Weight Status",
    "Data_Value": 36.6,
    "Sample_Size": "2,337",
    "Stratification1": "High school graduate",
    "StratificationId1": "EDUHSGRAD",
    "LocationDisplayOrder": 18
  },
  {
    "ID": 61295,
    "Description": 2018,
    "LocationAbbr": "IA",
    "LocationDesc": "Iowa",
    "DataSource": "BRFSS",
    "Topic": "Obesity / Weight Status",
    "Data_Value": 38,
    "Sample_Size": "2,654",
    "Stratification1": "High school graduate",
    "StratificationId1": "EDUHSGRAD",
    "LocationDisplayOrder": 19
  },
  {
    "ID": 61967,
    "Description": 2018,
    "LocationAbbr": "KS",
    "LocationDesc": "Kansas",
    "DataSource": "BRFSS",
    "Topic": "Obesity / Weight Status",
    "Data_Value": 37.3,
    "Sample_Size": "2,581",
    "Stratification1": "High school graduate",
    "StratificationId1": "EDUHSGRAD",
    "LocationDisplayOrder": 20
  },
  {
    "ID": 61994,
    "Description": 2018,
    "LocationAbbr": "KY",
    "LocationDesc": "Kentucky",
    "DataSource": "BRFSS",
    "Topic": "Obesity / Weight Status",
    "Data_Value": 37.7,
    "Sample_Size": "2,464",
    "Stratification1": "High school graduate",
    "StratificationId1": "EDUHSGRAD",
    "LocationDisplayOrder": 21
  },
  {
    "ID": 62204,
    "Description": 2018,
    "LocationAbbr": "LA",
    "LocationDesc": "Louisiana",
    "DataSource": "BRFSS",
    "Topic": "Obesity / Weight Status",
    "Data_Value": 40.4,
    "Sample_Size": "1,498",
    "Stratification1": "High school graduate",
    "StratificationId1": "EDUHSGRAD",
    "LocationDisplayOrder": 22
  },
  {
    "ID": 62231,
    "Description": 2018,
    "LocationAbbr": "ME",
    "LocationDesc": "Maine",
    "DataSource": "BRFSS",
    "Topic": "Obesity / Weight Status",
    "Data_Value": 33.2,
    "Sample_Size": "2,954",
    "Stratification1": "High school graduate",
    "StratificationId1": "EDUHSGRAD",
    "LocationDisplayOrder": 23
  },
  {
    "ID": 62258,
    "Description": 2018,
    "LocationAbbr": "MD",
    "LocationDesc": "Maryland",
    "DataSource": "BRFSS",
    "Topic": "Obesity / Weight Status",
    "Data_Value": 31.7,
    "Sample_Size": "4,052",
    "Stratification1": "High school graduate",
    "StratificationId1": "EDUHSGRAD",
    "LocationDisplayOrder": 24
  },
  {
    "ID": 62285,
    "Description": 2018,
    "LocationAbbr": "MA",
    "LocationDesc": "Massachusetts",
    "DataSource": "BRFSS",
    "Topic": "Obesity / Weight Status",
    "Data_Value": 29.4,
    "Sample_Size": "1,133",
    "Stratification1": "High school graduate",
    "StratificationId1": "EDUHSGRAD",
    "LocationDisplayOrder": 25
  },
  {
    "ID": 62453,
    "Description": 2018,
    "LocationAbbr": "MI",
    "LocationDesc": "Michigan",
    "DataSource": "BRFSS",
    "Topic": "Obesity / Weight Status",
    "Data_Value": 34.3,
    "Sample_Size": "2,455",
    "Stratification1": "High school graduate",
    "StratificationId1": "EDUHSGRAD",
    "LocationDisplayOrder": 26
  },
  {
    "ID": 62480,
    "Description": 2018,
    "LocationAbbr": "MN",
    "LocationDesc": "Minnesota",
    "DataSource": "BRFSS",
    "Topic": "Obesity / Weight Status",
    "Data_Value": 32.8,
    "Sample_Size": "3,716",
    "Stratification1": "High school graduate",
    "StratificationId1": "EDUHSGRAD",
    "LocationDisplayOrder": 27
  },
  {
    "ID": 62507,
    "Description": 2018,
    "LocationAbbr": "MS",
    "LocationDesc": "Mississippi",
    "DataSource": "BRFSS",
    "Topic": "Obesity / Weight Status",
    "Data_Value": 41.1,
    "Sample_Size": "1,660",
    "Stratification1": "High school graduate",
    "StratificationId1": "EDUHSGRAD",
    "LocationDisplayOrder": 28
  },
  {
    "ID": 62914,
    "Description": 2018,
    "LocationAbbr": "MO",
    "LocationDesc": "Missouri",
    "DataSource": "BRFSS",
    "Topic": "Obesity / Weight Status",
    "Data_Value": 34.3,
    "Sample_Size": "1,845",
    "Stratification1": "High school graduate",
    "StratificationId1": "EDUHSGRAD",
    "LocationDisplayOrder": 29
  },
  {
    "ID": 62941,
    "Description": 2018,
    "LocationAbbr": "MT",
    "LocationDesc": "Montana",
    "DataSource": "BRFSS",
    "Topic": "Obesity / Weight Status",
    "Data_Value": 26.4,
    "Sample_Size": "1,381",
    "Stratification1": "High school graduate",
    "StratificationId1": "EDUHSGRAD",
    "LocationDisplayOrder": 30
  },
  {
    "ID": 62968,
    "Description": 2018,
    "LocationAbbr": "NE",
    "LocationDesc": "Nebraska",
    "DataSource": "BRFSS",
    "Topic": "Obesity / Weight Status",
    "Data_Value": 36.1,
    "Sample_Size": "4,324",
    "Stratification1": "High school graduate",
    "StratificationId1": "EDUHSGRAD",
    "LocationDisplayOrder": 31
  },
  {
    "ID": 62995,
    "Description": 2018,
    "LocationAbbr": "NV",
    "LocationDesc": "Nevada",
    "DataSource": "BRFSS",
    "Topic": "Obesity / Weight Status",
    "Data_Value": 25.6,
    "Sample_Size": 786,
    "Stratification1": "High school graduate",
    "StratificationId1": "EDUHSGRAD",
    "LocationDisplayOrder": 32
  },
  {
    "ID": 62546,
    "Description": 2018,
    "LocationAbbr": "NH",
    "LocationDesc": "New Hampshire",
    "DataSource": "BRFSS",
    "Topic": "Obesity / Weight Status",
    "Data_Value": 33.9,
    "Sample_Size": "1,422",
    "Stratification1": "High school graduate",
    "StratificationId1": "EDUHSGRAD",
    "LocationDisplayOrder": 33
  },
  {
    "ID": 62573,
    "Description": 2018,
    "LocationAbbr": "NJ",
    "LocationDesc": "New Jersey",
    "DataSource": "BRFSS",
    "Topic": "Obesity / Weight Status",
    "Data_Value": 31.1,
    "Sample_Size": 677,
    "Stratification1": "High school graduate",
    "StratificationId1": "EDUHSGRAD",
    "LocationDisplayOrder": 34
  },
  {
    "ID": 62600,
    "Description": 2018,
    "LocationAbbr": "NM",
    "LocationDesc": "New Mexico",
    "DataSource": "BRFSS",
    "Topic": "Obesity / Weight Status",
    "Data_Value": 34.3,
    "Sample_Size": "1,679",
    "Stratification1": "High school graduate",
    "StratificationId1": "EDUHSGRAD",
    "LocationDisplayOrder": 35
  },
  {
    "ID": 62627,
    "Description": 2018,
    "LocationAbbr": "NY",
    "LocationDesc": "New York",
    "DataSource": "BRFSS",
    "Topic": "Obesity / Weight Status",
    "Data_Value": 31.2,
    "Sample_Size": "8,839",
    "Stratification1": "High school graduate",
    "StratificationId1": "EDUHSGRAD",
    "LocationDisplayOrder": 36
  },
  {
    "ID": 62133,
    "Description": 2018,
    "LocationAbbr": "NC",
    "LocationDesc": "North Carolina",
    "DataSource": "BRFSS",
    "Topic": "Obesity / Weight Status",
    "Data_Value": 32.5,
    "Sample_Size": "1,073",
    "Stratification1": "High school graduate",
    "StratificationId1": "EDUHSGRAD",
    "LocationDisplayOrder": 37
  },
  {
    "ID": 62160,
    "Description": 2018,
    "LocationAbbr": "ND",
    "LocationDesc": "North Dakota",
    "DataSource": "BRFSS",
    "Topic": "Obesity / Weight Status",
    "Data_Value": 38.2,
    "Sample_Size": "1,422",
    "Stratification1": "High school graduate",
    "StratificationId1": "EDUHSGRAD",
    "LocationDisplayOrder": 38
  },
  {
    "ID": 62187,
    "Description": 2018,
    "LocationAbbr": "OH",
    "LocationDesc": "Ohio",
    "DataSource": "BRFSS",
    "Topic": "Obesity / Weight Status",
    "Data_Value": 36.7,
    "Sample_Size": "4,297",
    "Stratification1": "High school graduate",
    "StratificationId1": "EDUHSGRAD",
    "LocationDisplayOrder": 39
  },
  {
    "ID": 62310,
    "Description": 2018,
    "LocationAbbr": "OK",
    "LocationDesc": "Oklahoma",
    "DataSource": "BRFSS",
    "Topic": "Obesity / Weight Status",
    "Data_Value": 34.1,
    "Sample_Size": "1,368",
    "Stratification1": "High school graduate",
    "StratificationId1": "EDUHSGRAD",
    "LocationDisplayOrder": 40
  },
  {
    "ID": 62337,
    "Description": 2018,
    "LocationAbbr": "OR",
    "LocationDesc": "Oregon",
    "DataSource": "BRFSS",
    "Topic": "Obesity / Weight Status",
    "Data_Value": 31.3,
    "Sample_Size": "1,290",
    "Stratification1": "High school graduate",
    "StratificationId1": "EDUHSGRAD",
    "LocationDisplayOrder": 41
  },
  {
    "ID": 62364,
    "Description": 2018,
    "LocationAbbr": "PA",
    "LocationDesc": "Pennsylvania",
    "DataSource": "BRFSS",
    "Topic": "Obesity / Weight Status",
    "Data_Value": 32.3,
    "Sample_Size": "1,719",
    "Stratification1": "High school graduate",
    "StratificationId1": "EDUHSGRAD",
    "LocationDisplayOrder": 42
  },
  {
    "ID": 62391,
    "Description": 2018,
    "LocationAbbr": "RI",
    "LocationDesc": "Rhode Island",
    "DataSource": "BRFSS",
    "Topic": "Obesity / Weight Status",
    "Data_Value": 30.7,
    "Sample_Size": "1,235",
    "Stratification1": "High school graduate",
    "StratificationId1": "EDUHSGRAD",
    "LocationDisplayOrder": 44
  },
  {
    "ID": 62653,
    "Description": 2018,
    "LocationAbbr": "SC",
    "LocationDesc": "South Carolina",
    "DataSource": "BRFSS",
    "Topic": "Obesity / Weight Status",
    "Data_Value": 36.8,
    "Sample_Size": "2,974",
    "Stratification1": "High school graduate",
    "StratificationId1": "EDUHSGRAD",
    "LocationDisplayOrder": 45
  },
  {
    "ID": 62680,
    "Description": 2018,
    "LocationAbbr": "SD",
    "LocationDesc": "South Dakota",
    "DataSource": "BRFSS",
    "Topic": "Obesity / Weight Status",
    "Data_Value": 28.3,
    "Sample_Size": "1,913",
    "Stratification1": "High school graduate",
    "StratificationId1": "EDUHSGRAD",
    "LocationDisplayOrder": 46
  },
  {
    "ID": 62707,
    "Description": 2018,
    "LocationAbbr": "TN",
    "LocationDesc": "Tennessee",
    "DataSource": "BRFSS",
    "Topic": "Obesity / Weight Status",
    "Data_Value": 37.5,
    "Sample_Size": "1,469",
    "Stratification1": "High school graduate",
    "StratificationId1": "EDUHSGRAD",
    "LocationDisplayOrder": 47
  },
  {
    "ID": 62734,
    "Description": 2018,
    "LocationAbbr": "TX",
    "LocationDesc": "Texas",
    "DataSource": "BRFSS",
    "Topic": "Obesity / Weight Status",
    "Data_Value": 36.1,
    "Sample_Size": "2,429",
    "Stratification1": "High school graduate",
    "StratificationId1": "EDUHSGRAD",
    "LocationDisplayOrder": 48
  },
  {
    "ID": 62761,
    "Description": 2018,
    "LocationAbbr": "UT",
    "LocationDesc": "Utah",
    "DataSource": "BRFSS",
    "Topic": "Obesity / Weight Status",
    "Data_Value": 31.2,
    "Sample_Size": "2,429",
    "Stratification1": "High school graduate",
    "StratificationId1": "EDUHSGRAD",
    "LocationDisplayOrder": 49
  },
  {
    "ID": 62788,
    "Description": 2018,
    "LocationAbbr": "VT",
    "LocationDesc": "Vermont",
    "DataSource": "BRFSS",
    "Topic": "Obesity / Weight Status",
    "Data_Value": 35.5,
    "Sample_Size": "1,598",
    "Stratification1": "High school graduate",
    "StratificationId1": "EDUHSGRAD",
    "LocationDisplayOrder": 50
  },
  {
    "ID": 62815,
    "Description": 2018,
    "LocationAbbr": "VA",
    "LocationDesc": "Virginia",
    "DataSource": "BRFSS",
    "Topic": "Obesity / Weight Status",
    "Data_Value": 32.8,
    "Sample_Size": "2,324",
    "Stratification1": "High school graduate",
    "StratificationId1": "EDUHSGRAD",
    "LocationDisplayOrder": 51
  },
  {
    "ID": 62842,
    "Description": 2018,
    "LocationAbbr": "WA",
    "LocationDesc": "Washington",
    "DataSource": "BRFSS",
    "Topic": "Obesity / Weight Status",
    "Data_Value": 31.8,
    "Sample_Size": "2,600",
    "Stratification1": "High school graduate",
    "StratificationId1": "EDUHSGRAD",
    "LocationDisplayOrder": 53
  },
  {
    "ID": 62869,
    "Description": 2018,
    "LocationAbbr": "WV",
    "LocationDesc": "West Virginia",
    "DataSource": "BRFSS",
    "Topic": "Obesity / Weight Status",
    "Data_Value": 40.7,
    "Sample_Size": "1,623",
    "Stratification1": "High school graduate",
    "StratificationId1": "EDUHSGRAD",
    "LocationDisplayOrder": 54
  },
  {
    "ID": 62896,
    "Description": 2018,
    "LocationAbbr": "WI",
    "LocationDesc": "Wisconsin",
    "DataSource": "BRFSS",
    "Topic": "Obesity / Weight Status",
    "Data_Value": 35.4,
    "Sample_Size": "1,422",
    "Stratification1": "High school graduate",
    "StratificationId1": "EDUHSGRAD",
    "LocationDisplayOrder": 55
  },
  {
    "ID": 63019,
    "Description": 2018,
    "LocationAbbr": "WY",
    "LocationDesc": "Wyoming",
    "DataSource": "BRFSS",
    "Topic": "Obesity / Weight Status",
    "Data_Value": 26.2,
    "Sample_Size": "1,189",
    "Stratification1": "High school graduate",
    "StratificationId1": "EDUHSGRAD",
    "LocationDisplayOrder": 56
  },
  {
    "ID": 63046,
    "Description": 2018,
    "LocationAbbr": "GU",
    "LocationDesc": "Guam",
    "DataSource": "BRFSS",
    "Topic": "Obesity / Weight Status",
    "Data_Value": 33.5,
    "Sample_Size": 529,
    "Stratification1": "High school graduate",
    "StratificationId1": "EDUHSGRAD",
    "LocationDisplayOrder": 66
  },
  {
    "ID": 63073,
    "Description": 2018,
    "LocationAbbr": "PR",
    "LocationDesc": "Puerto Rico",
    "DataSource": "BRFSS",
    "Topic": "Obesity / Weight Status",
    "Data_Value": 33.6,
    "Sample_Size": "1,212",
    "Stratification1": "High school graduate",
    "StratificationId1": "EDUHSGRAD",
    "LocationDisplayOrder": 72
  },
  {
    "ID": 63101,
    "Description": 2018,
    "LocationAbbr": "VI",
    "LocationDesc": "Virgin Islands",
    "DataSource": "BRFSS",
    "Topic": "Obesity / Weight Status",
    "Data_Value": "~",
    "Sample_Size": "~",
    "Stratification1": "High school graduate",
    "StratificationId1": "EDUHSGRAD",
    "LocationDisplayOrder": 78
  },
  {
    "ID": "",
    "Description": "",
    "LocationAbbr": "",
    "LocationDesc": "",
    "DataSource": "",
    "Topic": "",
    "Data_Value": "",
    "Sample_Size": "",
    "Stratification1": "",
    "StratificationId1": "",
    "LocationDisplayOrder": ""
  },
  {
    "ID": "",
    "Description": "",
    "LocationAbbr": "",
    "LocationDesc": "",
    "DataSource": "",
    "Topic": "",
    "Data_Value": "",
    "Sample_Size": "",
    "Stratification1": "",
    "StratificationId1": "",
    "LocationDisplayOrder": ""
  },
  {
    "ID": "",
    "Description": "",
    "LocationAbbr": "",
    "LocationDesc": "",
    "DataSource": "",
    "Topic": "",
    "Data_Value": "",
    "Sample_Size": "",
    "Stratification1": "",
    "StratificationId1": "",
    "LocationDisplayOrder": ""
  },
  {
    "ID": "",
    "Description": "",
    "LocationAbbr": "",
    "LocationDesc": "",
    "DataSource": "",
    "Topic": "",
    "Data_Value": "",
    "Sample_Size": "",
    "Stratification1": "",
    "StratificationId1": "",
    "LocationDisplayOrder": ""
  },
  {
    "ID": "",
    "Description": "",
    "LocationAbbr": "",
    "LocationDesc": "",
    "DataSource": "",
    "Topic": "",
    "Data_Value": "",
    "Sample_Size": "",
    "Stratification1": "",
    "StratificationId1": "",
    "LocationDisplayOrder": ""
  },
  {
    "ID": "",
    "Description": "",
    "LocationAbbr": "",
    "LocationDesc": "",
    "DataSource": "",
    "Topic": "",
    "Data_Value": "",
    "Sample_Size": "",
    "Stratification1": "",
    "StratificationId1": "",
    "LocationDisplayOrder": ""
  },
  {
    "ID": "",
    "Description": "",
    "LocationAbbr": "",
    "LocationDesc": "",
    "DataSource": "",
    "Topic": "",
    "Data_Value": "",
    "Sample_Size": "",
    "Stratification1": "",
    "StratificationId1": "",
    "LocationDisplayOrder": ""
  },
  {
    "ID": "",
    "Description": "",
    "LocationAbbr": "",
    "LocationDesc": "",
    "DataSource": "",
    "Topic": "",
    "Data_Value": "",
    "Sample_Size": "",
    "Stratification1": "",
    "StratificationId1": "",
    "LocationDisplayOrder": ""
  },
  {
    "ID": "",
    "Description": "",
    "LocationAbbr": "",
    "LocationDesc": "",
    "DataSource": "",
    "Topic": "",
    "Data_Value": "",
    "Sample_Size": "",
    "Stratification1": "",
    "StratificationId1": "",
    "LocationDisplayOrder": ""
  },
  {
    "ID": "",
    "Description": "",
    "LocationAbbr": "",
    "LocationDesc": "",
    "DataSource": "",
    "Topic": "",
    "Data_Value": "",
    "Sample_Size": "",
    "Stratification1": "",
    "StratificationId1": "",
    "LocationDisplayOrder": ""
  }
]