[
  {
    "ID": 61118,
    "Description": 2018,
    "LocationAbbr": "US",
    "LocationDesc": "National",
    "DataSource": "BRFSS",
    "Topic": "Obesity / Weight Status",
    "Data_Value": 39.1,
    "Sample_Size": "6,937",
    "Stratification1": "American Indian / Alaska Native",
    "StratificationId1": "RACENAA",
    "LocationDisplayOrder": 0
  },
  {
    "ID": 61198,
    "Description": 2018,
    "LocationAbbr": "AL",
    "LocationDesc": "Alabama",
    "DataSource": "BRFSS",
    "Topic": "Obesity / Weight Status",
    "Data_Value": 25.4,
    "Sample_Size": 68,
    "Stratification1": "American Indian / Alaska Native",
    "StratificationId1": "RACENAA",
    "LocationDisplayOrder": 1
  },
  {
    "ID": 61774,
    "Description": 2018,
    "LocationAbbr": "AK",
    "LocationDesc": "Alaska",
    "DataSource": "BRFSS",
    "Topic": "Obesity / Weight Status",
    "Data_Value": 29.1,
    "Sample_Size": 351,
    "Stratification1": "American Indian / Alaska Native",
    "StratificationId1": "RACENAA",
    "LocationDisplayOrder": 2
  },
  {
    "ID": 61801,
    "Description": 2018,
    "LocationAbbr": "AZ",
    "LocationDesc": "Arizona",
    "DataSource": "BRFSS",
    "Topic": "Obesity / Weight Status",
    "Data_Value": 48.6,
    "Sample_Size": 606,
    "Stratification1": "American Indian / Alaska Native",
    "StratificationId1": "RACENAA",
    "LocationDisplayOrder": 4
  },
  {
    "ID": 61828,
    "Description": 2018,
    "LocationAbbr": "AR",
    "LocationDesc": "Arkansas",
    "DataSource": "BRFSS",
    "Topic": "Obesity / Weight Status",
    "Data_Value": 40.3,
    "Sample_Size": 62,
    "Stratification1": "American Indian / Alaska Native",
    "StratificationId1": "RACENAA",
    "LocationDisplayOrder": 5
  },
  {
    "ID": 61575,
    "Description": 2018,
    "LocationAbbr": "CA",
    "LocationDesc": "California",
    "DataSource": "BRFSS",
    "Topic": "Obesity / Weight Status",
    "Data_Value": 34.5,
    "Sample_Size": 94,
    "Stratification1": "American Indian / Alaska Native",
    "StratificationId1": "RACENAA",
    "LocationDisplayOrder": 6
  },
  {
    "ID": 61602,
    "Description": 2018,
    "LocationAbbr": "CO",
    "LocationDesc": "Colorado",
    "DataSource": "BRFSS",
    "Topic": "Obesity / Weight Status",
    "Data_Value": 24.4,
    "Sample_Size": 61,
    "Stratification1": "American Indian / Alaska Native",
    "StratificationId1": "RACENAA",
    "LocationDisplayOrder": 8
  },
  {
    "ID": 61629,
    "Description": 2018,
    "LocationAbbr": "CT",
    "LocationDesc": "Connecticut",
    "DataSource": "BRFSS",
    "Topic": "Obesity / Weight Status",
    "Data_Value": "~",
    "Sample_Size": "~",
    "Stratification1": "American Indian / Alaska Native",
    "StratificationId1": "RACENAA",
    "LocationDisplayOrder": 9
  },
  {
    "ID": 61656,
    "Description": 2018,
    "LocationAbbr": "DE",
    "LocationDesc": "Delaware",
    "DataSource": "BRFSS",
    "Topic": "Obesity / Weight Status",
    "Data_Value": "~",
    "Sample_Size": "~",
    "Stratification1": "American Indian / Alaska Native",
    "StratificationId1": "RACENAA",
    "LocationDisplayOrder": 10
  },
  {
    "ID": 61867,
    "Description": 2018,
    "LocationAbbr": "DC",
    "LocationDesc": "District of Columbia",
    "DataSource": "BRFSS",
    "Topic": "Obesity / Weight Status",
    "Data_Value": "~",
    "Sample_Size": "~",
    "Stratification1": "American Indian / Alaska Native",
    "StratificationId1": "RACENAA",
    "LocationDisplayOrder": 11
  },
  {
    "ID": 61894,
    "Description": 2018,
    "LocationAbbr": "FL",
    "LocationDesc": "Florida",
    "DataSource": "BRFSS",
    "Topic": "Obesity / Weight Status",
    "Data_Value": 24.4,
    "Sample_Size": 177,
    "Stratification1": "American Indian / Alaska Native",
    "StratificationId1": "RACENAA",
    "LocationDisplayOrder": 12
  },
  {
    "ID": 61921,
    "Description": 2018,
    "LocationAbbr": "GA",
    "LocationDesc": "Georgia",
    "DataSource": "BRFSS",
    "Topic": "Obesity / Weight Status",
    "Data_Value": 17.5,
    "Sample_Size": 84,
    "Stratification1": "American Indian / Alaska Native",
    "StratificationId1": "RACENAA",
    "LocationDisplayOrder": 13
  },
  {
    "ID": 61208,
    "Description": 2018,
    "LocationAbbr": "HI",
    "LocationDesc": "Hawaii",
    "DataSource": "BRFSS",
    "Topic": "Obesity / Weight Status",
    "Data_Value": "~",
    "Sample_Size": "~",
    "Stratification1": "American Indian / Alaska Native",
    "StratificationId1": "RACENAA",
    "LocationDisplayOrder": 15
  },
  {
    "ID": 61235,
    "Description": 2018,
    "LocationAbbr": "ID",
    "LocationDesc": "Idaho",
    "DataSource": "BRFSS",
    "Topic": "Obesity / Weight Status",
    "Data_Value": "~",
    "Sample_Size": "~",
    "Stratification1": "American Indian / Alaska Native",
    "StratificationId1": "RACENAA",
    "LocationDisplayOrder": 16
  },
  {
    "ID": 61262,
    "Description": 2018,
    "LocationAbbr": "IL",
    "LocationDesc": "Illinois",
    "DataSource": "BRFSS",
    "Topic": "Obesity / Weight Status",
    "Data_Value": "~",
    "Sample_Size": "~",
    "Stratification1": "American Indian / Alaska Native",
    "StratificationId1": "RACENAA",
    "LocationDisplayOrder": 17
  },
  {
    "ID": 61289,
    "Description": 2018,
    "LocationAbbr": "IN",
    "LocationDesc": "Indiana",
    "DataSource": "BRFSS",
    "Topic": "Obesity / Weight Status",
    "Data_Value": 57,
    "Sample_Size": 54,
    "Stratification1": "American Indian / Alaska Native",
    "StratificationId1": "RACENAA",
    "LocationDisplayOrder": 18
  },
  {
    "ID": 61961,
    "Description": 2018,
    "LocationAbbr": "IA",
    "LocationDesc": "Iowa",
    "DataSource": "BRFSS",
    "Topic": "Obesity / Weight Status",
    "Data_Value": "~",
    "Sample_Size": "~",
    "Stratification1": "American Indian / Alaska Native",
    "StratificationId1": "RACENAA",
    "LocationDisplayOrder": 19
  },
  {
    "ID": 61988,
    "Description": 2018,
    "LocationAbbr": "KS",
    "LocationDesc": "Kansas",
    "DataSource": "BRFSS",
    "Topic": "Obesity / Weight Status",
    "Data_Value": 43.5,
    "Sample_Size": 115,
    "Stratification1": "American Indian / Alaska Native",
    "StratificationId1": "RACENAA",
    "LocationDisplayOrder": 20
  },
  {
    "ID": 62015,
    "Description": 2018,
    "LocationAbbr": "KY",
    "LocationDesc": "Kentucky",
    "DataSource": "BRFSS",
    "Topic": "Obesity / Weight Status",
    "Data_Value": 21.4,
    "Sample_Size": 82,
    "Stratification1": "American Indian / Alaska Native",
    "StratificationId1": "RACENAA",
    "LocationDisplayOrder": 21
  },
  {
    "ID": 62225,
    "Description": 2018,
    "LocationAbbr": "LA",
    "LocationDesc": "Louisiana",
    "DataSource": "BRFSS",
    "Topic": "Obesity / Weight Status",
    "Data_Value": 39.8,
    "Sample_Size": 63,
    "Stratification1": "American Indian / Alaska Native",
    "StratificationId1": "RACENAA",
    "LocationDisplayOrder": 22
  },
  {
    "ID": 62252,
    "Description": 2018,
    "LocationAbbr": "ME",
    "LocationDesc": "Maine",
    "DataSource": "BRFSS",
    "Topic": "Obesity / Weight Status",
    "Data_Value": 42.3,
    "Sample_Size": 97,
    "Stratification1": "American Indian / Alaska Native",
    "StratificationId1": "RACENAA",
    "LocationDisplayOrder": 23
  },
  {
    "ID": 62279,
    "Description": 2018,
    "LocationAbbr": "MD",
    "LocationDesc": "Maryland",
    "DataSource": "BRFSS",
    "Topic": "Obesity / Weight Status",
    "Data_Value": 41.8,
    "Sample_Size": 108,
    "Stratification1": "American Indian / Alaska Native",
    "StratificationId1": "RACENAA",
    "LocationDisplayOrder": 24
  },
  {
    "ID": 62447,
    "Description": 2018,
    "LocationAbbr": "MA",
    "LocationDesc": "Massachusetts",
    "DataSource": "BRFSS",
    "Topic": "Obesity / Weight Status",
    "Data_Value": "~",
    "Sample_Size": "~",
    "Stratification1": "American Indian / Alaska Native",
    "StratificationId1": "RACENAA",
    "LocationDisplayOrder": 25
  },
  {
    "ID": 62474,
    "Description": 2018,
    "LocationAbbr": "MI",
    "LocationDesc": "Michigan",
    "DataSource": "BRFSS",
    "Topic": "Obesity / Weight Status",
    "Data_Value": 32.6,
    "Sample_Size": 81,
    "Stratification1": "American Indian / Alaska Native",
    "StratificationId1": "RACENAA",
    "LocationDisplayOrder": 26
  },
  {
    "ID": 62501,
    "Description": 2018,
    "LocationAbbr": "MN",
    "LocationDesc": "Minnesota",
    "DataSource": "BRFSS",
    "Topic": "Obesity / Weight Status",
    "Data_Value": 50.2,
    "Sample_Size": 213,
    "Stratification1": "American Indian / Alaska Native",
    "StratificationId1": "RACENAA",
    "LocationDisplayOrder": 27
  },
  {
    "ID": 62528,
    "Description": 2018,
    "LocationAbbr": "MS",
    "LocationDesc": "Mississippi",
    "DataSource": "BRFSS",
    "Topic": "Obesity / Weight Status",
    "Data_Value": "~",
    "Sample_Size": "~",
    "Stratification1": "American Indian / Alaska Native",
    "StratificationId1": "RACENAA",
    "LocationDisplayOrder": 28
  },
  {
    "ID": 62935,
    "Description": 2018,
    "LocationAbbr": "MO",
    "LocationDesc": "Missouri",
    "DataSource": "BRFSS",
    "Topic": "Obesity / Weight Status",
    "Data_Value": 52.5,
    "Sample_Size": 50,
    "Stratification1": "American Indian / Alaska Native",
    "StratificationId1": "RACENAA",
    "LocationDisplayOrder": 29
  },
  {
    "ID": 62962,
    "Description": 2018,
    "LocationAbbr": "MT",
    "LocationDesc": "Montana",
    "DataSource": "BRFSS",
    "Topic": "Obesity / Weight Status",
    "Data_Value": 41.4,
    "Sample_Size": 535,
    "Stratification1": "American Indian / Alaska Native",
    "StratificationId1": "RACENAA",
    "LocationDisplayOrder": 30
  },
  {
    "ID": 62989,
    "Description": 2018,
    "LocationAbbr": "NE",
    "LocationDesc": "Nebraska",
    "DataSource": "BRFSS",
    "Topic": "Obesity / Weight Status",
    "Data_Value": 43.2,
    "Sample_Size": 167,
    "Stratification1": "American Indian / Alaska Native",
    "StratificationId1": "RACENAA",
    "LocationDisplayOrder": 31
  },
  {
    "ID": 62540,
    "Description": 2018,
    "LocationAbbr": "NV",
    "LocationDesc": "Nevada",
    "DataSource": "BRFSS",
    "Topic": "Obesity / Weight Status",
    "Data_Value": "~",
    "Sample_Size": "~",
    "Stratification1": "American Indian / Alaska Native",
    "StratificationId1": "RACENAA",
    "LocationDisplayOrder": 32
  },
  {
    "ID": 62567,
    "Description": 2018,
    "LocationAbbr": "NH",
    "LocationDesc": "New Hampshire",
    "DataSource": "BRFSS",
    "Topic": "Obesity / Weight Status",
    "Data_Value": "~",
    "Sample_Size": "~",
    "Stratification1": "American Indian / Alaska Native",
    "StratificationId1": "RACENAA",
    "LocationDisplayOrder": 33
  },
  {
    "ID": 62594,
    "Description": 2018,
    "LocationAbbr": "NJ",
    "LocationDesc": "New Jersey",
    "DataSource": "BRFSS",
    "Topic": "Obesity / Weight Status",
    "Data_Value": "~",
    "Sample_Size": "~",
    "Stratification1": "American Indian / Alaska Native",
    "StratificationId1": "RACENAA",
    "LocationDisplayOrder": 34
  },
  {
    "ID": 62621,
    "Description": 2018,
    "LocationAbbr": "NM",
    "LocationDesc": "New Mexico",
    "DataSource": "BRFSS",
    "Topic": "Obesity / Weight Status",
    "Data_Value": 41.6,
    "Sample_Size": 592,
    "Stratification1": "American Indian / Alaska Native",
    "StratificationId1": "RACENAA",
    "LocationDisplayOrder": 35
  },
  {
    "ID": 62127,
    "Description": 2018,
    "LocationAbbr": "NY",
    "LocationDesc": "New York",
    "DataSource": "BRFSS",
    "Topic": "Obesity / Weight Status",
    "Data_Value": 32.1,
    "Sample_Size": 309,
    "Stratification1": "American Indian / Alaska Native",
    "StratificationId1": "RACENAA",
    "LocationDisplayOrder": 36
  },
  {
    "ID": 62154,
    "Description": 2018,
    "LocationAbbr": "NC",
    "LocationDesc": "North Carolina",
    "DataSource": "BRFSS",
    "Topic": "Obesity / Weight Status",
    "Data_Value": 58.6,
    "Sample_Size": 82,
    "Stratification1": "American Indian / Alaska Native",
    "StratificationId1": "RACENAA",
    "LocationDisplayOrder": 37
  },
  {
    "ID": 62181,
    "Description": 2018,
    "LocationAbbr": "ND",
    "LocationDesc": "North Dakota",
    "DataSource": "BRFSS",
    "Topic": "Obesity / Weight Status",
    "Data_Value": 44.8,
    "Sample_Size": 168,
    "Stratification1": "American Indian / Alaska Native",
    "StratificationId1": "RACENAA",
    "LocationDisplayOrder": 38
  },
  {
    "ID": 62304,
    "Description": 2018,
    "LocationAbbr": "OH",
    "LocationDesc": "Ohio",
    "DataSource": "BRFSS",
    "Topic": "Obesity / Weight Status",
    "Data_Value": 16.7,
    "Sample_Size": 91,
    "Stratification1": "American Indian / Alaska Native",
    "StratificationId1": "RACENAA",
    "LocationDisplayOrder": 39
  },
  {
    "ID": 62331,
    "Description": 2018,
    "LocationAbbr": "OK",
    "LocationDesc": "Oklahoma",
    "DataSource": "BRFSS",
    "Topic": "Obesity / Weight Status",
    "Data_Value": 38,
    "Sample_Size": 323,
    "Stratification1": "American Indian / Alaska Native",
    "StratificationId1": "RACENAA",
    "LocationDisplayOrder": 40
  },
  {
    "ID": 62358,
    "Description": 2018,
    "LocationAbbr": "OR",
    "LocationDesc": "Oregon",
    "DataSource": "BRFSS",
    "Topic": "Obesity / Weight Status",
    "Data_Value": 43.3,
    "Sample_Size": 57,
    "Stratification1": "American Indian / Alaska Native",
    "StratificationId1": "RACENAA",
    "LocationDisplayOrder": 41
  },
  {
    "ID": 62385,
    "Description": 2018,
    "LocationAbbr": "PA",
    "LocationDesc": "Pennsylvania",
    "DataSource": "BRFSS",
    "Topic": "Obesity / Weight Status",
    "Data_Value": "~",
    "Sample_Size": "~",
    "Stratification1": "American Indian / Alaska Native",
    "StratificationId1": "RACENAA",
    "LocationDisplayOrder": 42
  },
  {
    "ID": 62647,
    "Description": 2018,
    "LocationAbbr": "RI",
    "LocationDesc": "Rhode Island",
    "DataSource": "BRFSS",
    "Topic": "Obesity / Weight Status",
    "Data_Value": "~",
    "Sample_Size": "~",
    "Stratification1": "American Indian / Alaska Native",
    "StratificationId1": "RACENAA",
    "LocationDisplayOrder": 44
  },
  {
    "ID": 62674,
    "Description": 2018,
    "LocationAbbr": "SC",
    "LocationDesc": "South Carolina",
    "DataSource": "BRFSS",
    "Topic": "Obesity / Weight Status",
    "Data_Value": 43.7,
    "Sample_Size": 80,
    "Stratification1": "American Indian / Alaska Native",
    "StratificationId1": "RACENAA",
    "LocationDisplayOrder": 45
  },
  {
    "ID": 62701,
    "Description": 2018,
    "LocationAbbr": "SD",
    "LocationDesc": "South Dakota",
    "DataSource": "BRFSS",
    "Topic": "Obesity / Weight Status",
    "Data_Value": 47.5,
    "Sample_Size": 933,
    "Stratification1": "American Indian / Alaska Native",
    "StratificationId1": "RACENAA",
    "LocationDisplayOrder": 46
  },
  {
    "ID": 62728,
    "Description": 2018,
    "LocationAbbr": "TN",
    "LocationDesc": "Tennessee",
    "DataSource": "BRFSS",
    "Topic": "Obesity / Weight Status",
    "Data_Value": "~",
    "Sample_Size": "~",
    "Stratification1": "American Indian / Alaska Native",
    "StratificationId1": "RACENAA",
    "LocationDisplayOrder": 47
  },
  {
    "ID": 62755,
    "Description": 2018,
    "LocationAbbr": "TX",
    "LocationDesc": "Texas",
    "DataSource": "BRFSS",
    "Topic": "Obesity / Weight Status",
    "Data_Value": 54.1,
    "Sample_Size": 104,
    "Stratification1": "American Indian / Alaska Native",
    "StratificationId1": "RACENAA",
    "LocationDisplayOrder": 48
  },
  {
    "ID": 62782,
    "Description": 2018,
    "LocationAbbr": "UT",
    "LocationDesc": "Utah",
    "DataSource": "BRFSS",
    "Topic": "Obesity / Weight Status",
    "Data_Value": 40.6,
    "Sample_Size": 124,
    "Stratification1": "American Indian / Alaska Native",
    "StratificationId1": "RACENAA",
    "LocationDisplayOrder": 49
  },
  {
    "ID": 62809,
    "Description": 2018,
    "LocationAbbr": "VT",
    "LocationDesc": "Vermont",
    "DataSource": "BRFSS",
    "Topic": "Obesity / Weight Status",
    "Data_Value": 37.7,
    "Sample_Size": 76,
    "Stratification1": "American Indian / Alaska Native",
    "StratificationId1": "RACENAA",
    "LocationDisplayOrder": 50
  },
  {
    "ID": 62836,
    "Description": 2018,
    "LocationAbbr": "VA",
    "LocationDesc": "Virginia",
    "DataSource": "BRFSS",
    "Topic": "Obesity / Weight Status",
    "Data_Value": 29.4,
    "Sample_Size": 87,
    "Stratification1": "American Indian / Alaska Native",
    "StratificationId1": "RACENAA",
    "LocationDisplayOrder": 51
  },
  {
    "ID": 62863,
    "Description": 2018,
    "LocationAbbr": "WA",
    "LocationDesc": "Washington",
    "DataSource": "BRFSS",
    "Topic": "Obesity / Weight Status",
    "Data_Value": 30.2,
    "Sample_Size": 136,
    "Stratification1": "American Indian / Alaska Native",
    "StratificationId1": "RACENAA",
    "LocationDisplayOrder": 53
  },
  {
    "ID": 62890,
    "Description": 2018,
    "LocationAbbr": "WV",
    "LocationDesc": "West Virginia",
    "DataSource": "BRFSS",
    "Topic": "Obesity / Weight Status",
    "Data_Value": "~",
    "Sample_Size": "~",
    "Stratification1": "American Indian / Alaska Native",
    "StratificationId1": "RACENAA",
    "LocationDisplayOrder": 54
  },
  {
    "ID": 63013,
    "Description": 2018,
    "LocationAbbr": "WI",
    "LocationDesc": "Wisconsin",
    "DataSource": "BRFSS",
    "Topic": "Obesity / Weight Status",
    "Data_Value": 46.8,
    "Sample_Size": 125,
    "Stratification1": "American Indian / Alaska Native",
    "StratificationId1": "RACENAA",
    "LocationDisplayOrder": 55
  },
  {
    "ID": 63040,
    "Description": 2018,
    "LocationAbbr": "WY",
    "LocationDesc": "Wyoming",
    "DataSource": "BRFSS",
    "Topic": "Obesity / Weight Status",
    "Data_Value": "~",
    "Sample_Size": "~",
    "Stratification1": "American Indian / Alaska Native",
    "StratificationId1": "RACENAA",
    "LocationDisplayOrder": 56
  },
  {
    "ID": 63067,
    "Description": 2018,
    "LocationAbbr": "GU",
    "LocationDesc": "Guam",
    "DataSource": "BRFSS",
    "Topic": "Obesity / Weight Status",
    "Data_Value": "~",
    "Sample_Size": "~",
    "Stratification1": "American Indian / Alaska Native",
    "StratificationId1": "RACENAA",
    "LocationDisplayOrder": 66
  },
  {
    "ID": 63094,
    "Description": 2018,
    "LocationAbbr": "PR",
    "LocationDesc": "Puerto Rico",
    "DataSource": "BRFSS",
    "Topic": "Obesity / Weight Status",
    "Data_Value": "~",
    "Sample_Size": "~",
    "Stratification1": "American Indian / Alaska Native",
    "StratificationId1": "RACENAA",
    "LocationDisplayOrder": 72
  },
  {
    "ID": 62408,
    "Description": 2018,
    "LocationAbbr": "VI",
    "LocationDesc": "Virgin Islands",
    "DataSource": "BRFSS",
    "Topic": "Obesity / Weight Status",
    "Data_Value": "~",
    "Sample_Size": "~",
    "Stratification1": "American Indian / Alaska Native",
    "StratificationId1": "RACENAA",
    "LocationDisplayOrder": 78
  },
  {
    "ID": "",
    "Description": "",
    "LocationAbbr": "",
    "LocationDesc": "",
    "DataSource": "",
    "Topic": "",
    "Data_Value": "",
    "Sample_Size": "",
    "Stratification1": "",
    "StratificationId1": "",
    "LocationDisplayOrder": ""
  },
  {
    "ID": "",
    "Description": "",
    "LocationAbbr": "",
    "LocationDesc": "",
    "DataSource": "",
    "Topic": "",
    "Data_Value": "",
    "Sample_Size": "",
    "Stratification1": "",
    "StratificationId1": "",
    "LocationDisplayOrder": ""
  },
  {
    "ID": "",
    "Description": "",
    "LocationAbbr": "",
    "LocationDesc": "",
    "DataSource": "",
    "Topic": "",
    "Data_Value": "",
    "Sample_Size": "",
    "Stratification1": "",
    "StratificationId1": "",
    "LocationDisplayOrder": ""
  },
  {
    "ID": "",
    "Description": "",
    "LocationAbbr": "",
    "LocationDesc": "",
    "DataSource": "",
    "Topic": "",
    "Data_Value": "",
    "Sample_Size": "",
    "Stratification1": "",
    "StratificationId1": "",
    "LocationDisplayOrder": ""
  },
  {
    "ID": "",
    "Description": "",
    "LocationAbbr": "",
    "LocationDesc": "",
    "DataSource": "",
    "Topic": "",
    "Data_Value": "",
    "Sample_Size": "",
    "Stratification1": "",
    "StratificationId1": "",
    "LocationDisplayOrder": ""
  },
  {
    "ID": "",
    "Description": "",
    "LocationAbbr": "",
    "LocationDesc": "",
    "DataSource": "",
    "Topic": "",
    "Data_Value": "",
    "Sample_Size": "",
    "Stratification1": "",
    "StratificationId1": "",
    "LocationDisplayOrder": ""
  },
  {
    "ID": "",
    "Description": "",
    "LocationAbbr": "",
    "LocationDesc": "",
    "DataSource": "",
    "Topic": "",
    "Data_Value": "",
    "Sample_Size": "",
    "Stratification1": "",
    "StratificationId1": "",
    "LocationDisplayOrder": ""
  },
  {
    "ID": "",
    "Description": "",
    "LocationAbbr": "",
    "LocationDesc": "",
    "DataSource": "",
    "Topic": "",
    "Data_Value": "",
    "Sample_Size": "",
    "Stratification1": "",
    "StratificationId1": "",
    "LocationDisplayOrder": ""
  },
  {
    "ID": "",
    "Description": "",
    "LocationAbbr": "",
    "LocationDesc": "",
    "DataSource": "",
    "Topic": "",
    "Data_Value": "",
    "Sample_Size": "",
    "Stratification1": "",
    "StratificationId1": "",
    "LocationDisplayOrder": ""
  },
  {
    "ID": "",
    "Description": "",
    "LocationAbbr": "",
    "LocationDesc": "",
    "DataSource": "",
    "Topic": "",
    "Data_Value": "",
    "Sample_Size": "",
    "Stratification1": "",
    "StratificationId1": "",
    "LocationDisplayOrder": ""
  }
]