[
  {
    "ID": 61115,
    "Description": 2018,
    "LocationAbbr": "US",
    "LocationDesc": "National",
    "DataSource": "BRFSS",
    "Topic": "Obesity / Weight Status",
    "Data_Value": 34.2,
    "Sample_Size": "27,006",
    "Stratification1": "Hispanic",
    "StratificationId1": "RACEHIS",
    "LocationDisplayOrder": 0
  },
  {
    "ID": 61195,
    "Description": 2018,
    "LocationAbbr": "AL",
    "LocationDesc": "Alabama",
    "DataSource": "BRFSS",
    "Topic": "Obesity / Weight Status",
    "Data_Value": 30.8,
    "Sample_Size": 78,
    "Stratification1": "Hispanic",
    "StratificationId1": "RACEHIS",
    "LocationDisplayOrder": 1
  },
  {
    "ID": 61771,
    "Description": 2018,
    "LocationAbbr": "AK",
    "LocationDesc": "Alaska",
    "DataSource": "BRFSS",
    "Topic": "Obesity / Weight Status",
    "Data_Value": 26.9,
    "Sample_Size": 88,
    "Stratification1": "Hispanic",
    "StratificationId1": "RACEHIS",
    "LocationDisplayOrder": 2
  },
  {
    "ID": 61798,
    "Description": 2018,
    "LocationAbbr": "AZ",
    "LocationDesc": "Arizona",
    "DataSource": "BRFSS",
    "Topic": "Obesity / Weight Status",
    "Data_Value": 33.9,
    "Sample_Size": "1,023",
    "Stratification1": "Hispanic",
    "StratificationId1": "RACEHIS",
    "LocationDisplayOrder": 4
  },
  {
    "ID": 61825,
    "Description": 2018,
    "LocationAbbr": "AR",
    "LocationDesc": "Arkansas",
    "DataSource": "BRFSS",
    "Topic": "Obesity / Weight Status",
    "Data_Value": 37.7,
    "Sample_Size": 80,
    "Stratification1": "Hispanic",
    "StratificationId1": "RACEHIS",
    "LocationDisplayOrder": 5
  },
  {
    "ID": 61852,
    "Description": 2018,
    "LocationAbbr": "CA",
    "LocationDesc": "California",
    "DataSource": "BRFSS",
    "Topic": "Obesity / Weight Status",
    "Data_Value": 33.3,
    "Sample_Size": "3,544",
    "Stratification1": "Hispanic",
    "StratificationId1": "RACEHIS",
    "LocationDisplayOrder": 6
  },
  {
    "ID": 61599,
    "Description": 2018,
    "LocationAbbr": "CO",
    "LocationDesc": "Colorado",
    "DataSource": "BRFSS",
    "Topic": "Obesity / Weight Status",
    "Data_Value": 29.8,
    "Sample_Size": "1,134",
    "Stratification1": "Hispanic",
    "StratificationId1": "RACEHIS",
    "LocationDisplayOrder": 8
  },
  {
    "ID": 61626,
    "Description": 2018,
    "LocationAbbr": "CT",
    "LocationDesc": "Connecticut",
    "DataSource": "BRFSS",
    "Topic": "Obesity / Weight Status",
    "Data_Value": 31.1,
    "Sample_Size": 710,
    "Stratification1": "Hispanic",
    "StratificationId1": "RACEHIS",
    "LocationDisplayOrder": 9
  },
  {
    "ID": 61653,
    "Description": 2018,
    "LocationAbbr": "DE",
    "LocationDesc": "Delaware",
    "DataSource": "BRFSS",
    "Topic": "Obesity / Weight Status",
    "Data_Value": 33.8,
    "Sample_Size": 330,
    "Stratification1": "Hispanic",
    "StratificationId1": "RACEHIS",
    "LocationDisplayOrder": 10
  },
  {
    "ID": 61864,
    "Description": 2018,
    "LocationAbbr": "DC",
    "LocationDesc": "District of Columbia",
    "DataSource": "BRFSS",
    "Topic": "Obesity / Weight Status",
    "Data_Value": 30.1,
    "Sample_Size": 169,
    "Stratification1": "Hispanic",
    "StratificationId1": "RACEHIS",
    "LocationDisplayOrder": 11
  },
  {
    "ID": 61891,
    "Description": 2018,
    "LocationAbbr": "FL",
    "LocationDesc": "Florida",
    "DataSource": "BRFSS",
    "Topic": "Obesity / Weight Status",
    "Data_Value": 33.7,
    "Sample_Size": "1,274",
    "Stratification1": "Hispanic",
    "StratificationId1": "RACEHIS",
    "LocationDisplayOrder": 12
  },
  {
    "ID": 61918,
    "Description": 2018,
    "LocationAbbr": "GA",
    "LocationDesc": "Georgia",
    "DataSource": "BRFSS",
    "Topic": "Obesity / Weight Status",
    "Data_Value": 30.2,
    "Sample_Size": 533,
    "Stratification1": "Hispanic",
    "StratificationId1": "RACEHIS",
    "LocationDisplayOrder": 13
  },
  {
    "ID": 61945,
    "Description": 2018,
    "LocationAbbr": "HI",
    "LocationDesc": "Hawaii",
    "DataSource": "BRFSS",
    "Topic": "Obesity / Weight Status",
    "Data_Value": 34,
    "Sample_Size": 654,
    "Stratification1": "Hispanic",
    "StratificationId1": "RACEHIS",
    "LocationDisplayOrder": 15
  },
  {
    "ID": 61232,
    "Description": 2018,
    "LocationAbbr": "ID",
    "LocationDesc": "Idaho",
    "DataSource": "BRFSS",
    "Topic": "Obesity / Weight Status",
    "Data_Value": 32.1,
    "Sample_Size": 226,
    "Stratification1": "Hispanic",
    "StratificationId1": "RACEHIS",
    "LocationDisplayOrder": 16
  },
  {
    "ID": 61259,
    "Description": 2018,
    "LocationAbbr": "IL",
    "LocationDesc": "Illinois",
    "DataSource": "BRFSS",
    "Topic": "Obesity / Weight Status",
    "Data_Value": 36.7,
    "Sample_Size": 700,
    "Stratification1": "Hispanic",
    "StratificationId1": "RACEHIS",
    "LocationDisplayOrder": 17
  },
  {
    "ID": 61286,
    "Description": 2018,
    "LocationAbbr": "IN",
    "LocationDesc": "Indiana",
    "DataSource": "BRFSS",
    "Topic": "Obesity / Weight Status",
    "Data_Value": 39.3,
    "Sample_Size": 214,
    "Stratification1": "Hispanic",
    "StratificationId1": "RACEHIS",
    "LocationDisplayOrder": 18
  },
  {
    "ID": 61958,
    "Description": 2018,
    "LocationAbbr": "IA",
    "LocationDesc": "Iowa",
    "DataSource": "BRFSS",
    "Topic": "Obesity / Weight Status",
    "Data_Value": 37.4,
    "Sample_Size": 350,
    "Stratification1": "Hispanic",
    "StratificationId1": "RACEHIS",
    "LocationDisplayOrder": 19
  },
  {
    "ID": 61985,
    "Description": 2018,
    "LocationAbbr": "KS",
    "LocationDesc": "Kansas",
    "DataSource": "BRFSS",
    "Topic": "Obesity / Weight Status",
    "Data_Value": 38,
    "Sample_Size": 466,
    "Stratification1": "Hispanic",
    "StratificationId1": "RACEHIS",
    "LocationDisplayOrder": 20
  },
  {
    "ID": 62012,
    "Description": 2018,
    "LocationAbbr": "KY",
    "LocationDesc": "Kentucky",
    "DataSource": "BRFSS",
    "Topic": "Obesity / Weight Status",
    "Data_Value": 34.1,
    "Sample_Size": 96,
    "Stratification1": "Hispanic",
    "StratificationId1": "RACEHIS",
    "LocationDisplayOrder": 21
  },
  {
    "ID": 62222,
    "Description": 2018,
    "LocationAbbr": "LA",
    "LocationDesc": "Louisiana",
    "DataSource": "BRFSS",
    "Topic": "Obesity / Weight Status",
    "Data_Value": 29.3,
    "Sample_Size": 143,
    "Stratification1": "Hispanic",
    "StratificationId1": "RACEHIS",
    "LocationDisplayOrder": 22
  },
  {
    "ID": 62249,
    "Description": 2018,
    "LocationAbbr": "ME",
    "LocationDesc": "Maine",
    "DataSource": "BRFSS",
    "Topic": "Obesity / Weight Status",
    "Data_Value": 19.9,
    "Sample_Size": 104,
    "Stratification1": "Hispanic",
    "StratificationId1": "RACEHIS",
    "LocationDisplayOrder": 23
  },
  {
    "ID": 62276,
    "Description": 2018,
    "LocationAbbr": "MD",
    "LocationDesc": "Maryland",
    "DataSource": "BRFSS",
    "Topic": "Obesity / Weight Status",
    "Data_Value": 30.8,
    "Sample_Size": 564,
    "Stratification1": "Hispanic",
    "StratificationId1": "RACEHIS",
    "LocationDisplayOrder": 24
  },
  {
    "ID": 62444,
    "Description": 2018,
    "LocationAbbr": "MA",
    "LocationDesc": "Massachusetts",
    "DataSource": "BRFSS",
    "Topic": "Obesity / Weight Status",
    "Data_Value": 30.2,
    "Sample_Size": 453,
    "Stratification1": "Hispanic",
    "StratificationId1": "RACEHIS",
    "LocationDisplayOrder": 25
  },
  {
    "ID": 62471,
    "Description": 2018,
    "LocationAbbr": "MI",
    "LocationDesc": "Michigan",
    "DataSource": "BRFSS",
    "Topic": "Obesity / Weight Status",
    "Data_Value": 35.5,
    "Sample_Size": 260,
    "Stratification1": "Hispanic",
    "StratificationId1": "RACEHIS",
    "LocationDisplayOrder": 26
  },
  {
    "ID": 62498,
    "Description": 2018,
    "LocationAbbr": "MN",
    "LocationDesc": "Minnesota",
    "DataSource": "BRFSS",
    "Topic": "Obesity / Weight Status",
    "Data_Value": 32.8,
    "Sample_Size": 480,
    "Stratification1": "Hispanic",
    "StratificationId1": "RACEHIS",
    "LocationDisplayOrder": 27
  },
  {
    "ID": 62525,
    "Description": 2018,
    "LocationAbbr": "MS",
    "LocationDesc": "Mississippi",
    "DataSource": "BRFSS",
    "Topic": "Obesity / Weight Status",
    "Data_Value": "~",
    "Sample_Size": "~",
    "Stratification1": "Hispanic",
    "StratificationId1": "RACEHIS",
    "LocationDisplayOrder": 28
  },
  {
    "ID": 62932,
    "Description": 2018,
    "LocationAbbr": "MO",
    "LocationDesc": "Missouri",
    "DataSource": "BRFSS",
    "Topic": "Obesity / Weight Status",
    "Data_Value": 50.9,
    "Sample_Size": 101,
    "Stratification1": "Hispanic",
    "StratificationId1": "RACEHIS",
    "LocationDisplayOrder": 29
  },
  {
    "ID": 62959,
    "Description": 2018,
    "LocationAbbr": "MT",
    "LocationDesc": "Montana",
    "DataSource": "BRFSS",
    "Topic": "Obesity / Weight Status",
    "Data_Value": 23.7,
    "Sample_Size": 102,
    "Stratification1": "Hispanic",
    "StratificationId1": "RACEHIS",
    "LocationDisplayOrder": 30
  },
  {
    "ID": 62986,
    "Description": 2018,
    "LocationAbbr": "NE",
    "LocationDesc": "Nebraska",
    "DataSource": "BRFSS",
    "Topic": "Obesity / Weight Status",
    "Data_Value": 34.3,
    "Sample_Size": 814,
    "Stratification1": "Hispanic",
    "StratificationId1": "RACEHIS",
    "LocationDisplayOrder": 31
  },
  {
    "ID": 62537,
    "Description": 2018,
    "LocationAbbr": "NV",
    "LocationDesc": "Nevada",
    "DataSource": "BRFSS",
    "Topic": "Obesity / Weight Status",
    "Data_Value": 33.5,
    "Sample_Size": 500,
    "Stratification1": "Hispanic",
    "StratificationId1": "RACEHIS",
    "LocationDisplayOrder": 32
  },
  {
    "ID": 62564,
    "Description": 2018,
    "LocationAbbr": "NH",
    "LocationDesc": "New Hampshire",
    "DataSource": "BRFSS",
    "Topic": "Obesity / Weight Status",
    "Data_Value": 21.7,
    "Sample_Size": 63,
    "Stratification1": "Hispanic",
    "StratificationId1": "RACEHIS",
    "LocationDisplayOrder": 33
  },
  {
    "ID": 62591,
    "Description": 2018,
    "LocationAbbr": "NJ",
    "LocationDesc": "New Jersey",
    "DataSource": "BRFSS",
    "Topic": "Obesity / Weight Status",
    "Data_Value": 26.2,
    "Sample_Size": 351,
    "Stratification1": "Hispanic",
    "StratificationId1": "RACEHIS",
    "LocationDisplayOrder": 34
  },
  {
    "ID": 62618,
    "Description": 2018,
    "LocationAbbr": "NM",
    "LocationDesc": "New Mexico",
    "DataSource": "BRFSS",
    "Topic": "Obesity / Weight Status",
    "Data_Value": 37.8,
    "Sample_Size": "1,991",
    "Stratification1": "Hispanic",
    "StratificationId1": "RACEHIS",
    "LocationDisplayOrder": 35
  },
  {
    "ID": 62124,
    "Description": 2018,
    "LocationAbbr": "NY",
    "LocationDesc": "New York",
    "DataSource": "BRFSS",
    "Topic": "Obesity / Weight Status",
    "Data_Value": 31.4,
    "Sample_Size": "2,463",
    "Stratification1": "Hispanic",
    "StratificationId1": "RACEHIS",
    "LocationDisplayOrder": 36
  },
  {
    "ID": 62151,
    "Description": 2018,
    "LocationAbbr": "NC",
    "LocationDesc": "North Carolina",
    "DataSource": "BRFSS",
    "Topic": "Obesity / Weight Status",
    "Data_Value": 30.6,
    "Sample_Size": 286,
    "Stratification1": "Hispanic",
    "StratificationId1": "RACEHIS",
    "LocationDisplayOrder": 37
  },
  {
    "ID": 62178,
    "Description": 2018,
    "LocationAbbr": "ND",
    "LocationDesc": "North Dakota",
    "DataSource": "BRFSS",
    "Topic": "Obesity / Weight Status",
    "Data_Value": 41,
    "Sample_Size": 64,
    "Stratification1": "Hispanic",
    "StratificationId1": "RACEHIS",
    "LocationDisplayOrder": 38
  },
  {
    "ID": 62301,
    "Description": 2018,
    "LocationAbbr": "OH",
    "LocationDesc": "Ohio",
    "DataSource": "BRFSS",
    "Topic": "Obesity / Weight Status",
    "Data_Value": 43.3,
    "Sample_Size": 191,
    "Stratification1": "Hispanic",
    "StratificationId1": "RACEHIS",
    "LocationDisplayOrder": 39
  },
  {
    "ID": 62328,
    "Description": 2018,
    "LocationAbbr": "OK",
    "LocationDesc": "Oklahoma",
    "DataSource": "BRFSS",
    "Topic": "Obesity / Weight Status",
    "Data_Value": 32.5,
    "Sample_Size": 246,
    "Stratification1": "Hispanic",
    "StratificationId1": "RACEHIS",
    "LocationDisplayOrder": 40
  },
  {
    "ID": 62355,
    "Description": 2018,
    "LocationAbbr": "OR",
    "LocationDesc": "Oregon",
    "DataSource": "BRFSS",
    "Topic": "Obesity / Weight Status",
    "Data_Value": 34.8,
    "Sample_Size": 427,
    "Stratification1": "Hispanic",
    "StratificationId1": "RACEHIS",
    "LocationDisplayOrder": 41
  },
  {
    "ID": 62382,
    "Description": 2018,
    "LocationAbbr": "PA",
    "LocationDesc": "Pennsylvania",
    "DataSource": "BRFSS",
    "Topic": "Obesity / Weight Status",
    "Data_Value": 34.9,
    "Sample_Size": 263,
    "Stratification1": "Hispanic",
    "StratificationId1": "RACEHIS",
    "LocationDisplayOrder": 42
  },
  {
    "ID": 62644,
    "Description": 2018,
    "LocationAbbr": "RI",
    "LocationDesc": "Rhode Island",
    "DataSource": "BRFSS",
    "Topic": "Obesity / Weight Status",
    "Data_Value": 32.2,
    "Sample_Size": 377,
    "Stratification1": "Hispanic",
    "StratificationId1": "RACEHIS",
    "LocationDisplayOrder": 44
  },
  {
    "ID": 62671,
    "Description": 2018,
    "LocationAbbr": "SC",
    "LocationDesc": "South Carolina",
    "DataSource": "BRFSS",
    "Topic": "Obesity / Weight Status",
    "Data_Value": 27.7,
    "Sample_Size": 252,
    "Stratification1": "Hispanic",
    "StratificationId1": "RACEHIS",
    "LocationDisplayOrder": 45
  },
  {
    "ID": 62698,
    "Description": 2018,
    "LocationAbbr": "SD",
    "LocationDesc": "South Dakota",
    "DataSource": "BRFSS",
    "Topic": "Obesity / Weight Status",
    "Data_Value": 26.6,
    "Sample_Size": 121,
    "Stratification1": "Hispanic",
    "StratificationId1": "RACEHIS",
    "LocationDisplayOrder": 46
  },
  {
    "ID": 62725,
    "Description": 2018,
    "LocationAbbr": "TN",
    "LocationDesc": "Tennessee",
    "DataSource": "BRFSS",
    "Topic": "Obesity / Weight Status",
    "Data_Value": 33.9,
    "Sample_Size": 106,
    "Stratification1": "Hispanic",
    "StratificationId1": "RACEHIS",
    "LocationDisplayOrder": 47
  },
  {
    "ID": 62752,
    "Description": 2018,
    "LocationAbbr": "TX",
    "LocationDesc": "Texas",
    "DataSource": "BRFSS",
    "Topic": "Obesity / Weight Status",
    "Data_Value": 38.6,
    "Sample_Size": "2,102",
    "Stratification1": "Hispanic",
    "StratificationId1": "RACEHIS",
    "LocationDisplayOrder": 48
  },
  {
    "ID": 62779,
    "Description": 2018,
    "LocationAbbr": "UT",
    "LocationDesc": "Utah",
    "DataSource": "BRFSS",
    "Topic": "Obesity / Weight Status",
    "Data_Value": 30,
    "Sample_Size": 780,
    "Stratification1": "Hispanic",
    "StratificationId1": "RACEHIS",
    "LocationDisplayOrder": 49
  },
  {
    "ID": 62806,
    "Description": 2018,
    "LocationAbbr": "VT",
    "LocationDesc": "Vermont",
    "DataSource": "BRFSS",
    "Topic": "Obesity / Weight Status",
    "Data_Value": 21.9,
    "Sample_Size": 69,
    "Stratification1": "Hispanic",
    "StratificationId1": "RACEHIS",
    "LocationDisplayOrder": 50
  },
  {
    "ID": 62833,
    "Description": 2018,
    "LocationAbbr": "VA",
    "LocationDesc": "Virginia",
    "DataSource": "BRFSS",
    "Topic": "Obesity / Weight Status",
    "Data_Value": 27.7,
    "Sample_Size": 435,
    "Stratification1": "Hispanic",
    "StratificationId1": "RACEHIS",
    "LocationDisplayOrder": 51
  },
  {
    "ID": 62860,
    "Description": 2018,
    "LocationAbbr": "WA",
    "LocationDesc": "Washington",
    "DataSource": "BRFSS",
    "Topic": "Obesity / Weight Status",
    "Data_Value": 36.8,
    "Sample_Size": 767,
    "Stratification1": "Hispanic",
    "StratificationId1": "RACEHIS",
    "LocationDisplayOrder": 53
  },
  {
    "ID": 62887,
    "Description": 2018,
    "LocationAbbr": "WV",
    "LocationDesc": "West Virginia",
    "DataSource": "BRFSS",
    "Topic": "Obesity / Weight Status",
    "Data_Value": "~",
    "Sample_Size": "~",
    "Stratification1": "Hispanic",
    "StratificationId1": "RACEHIS",
    "LocationDisplayOrder": 54
  },
  {
    "ID": 63010,
    "Description": 2018,
    "LocationAbbr": "WI",
    "LocationDesc": "Wisconsin",
    "DataSource": "BRFSS",
    "Topic": "Obesity / Weight Status",
    "Data_Value": 40.3,
    "Sample_Size": 141,
    "Stratification1": "Hispanic",
    "StratificationId1": "RACEHIS",
    "LocationDisplayOrder": 55
  },
  {
    "ID": 63037,
    "Description": 2018,
    "LocationAbbr": "WY",
    "LocationDesc": "Wyoming",
    "DataSource": "BRFSS",
    "Topic": "Obesity / Weight Status",
    "Data_Value": 33.9,
    "Sample_Size": 230,
    "Stratification1": "Hispanic",
    "StratificationId1": "RACEHIS",
    "LocationDisplayOrder": 56
  },
  {
    "ID": 63064,
    "Description": 2018,
    "LocationAbbr": "GU",
    "LocationDesc": "Guam",
    "DataSource": "BRFSS",
    "Topic": "Obesity / Weight Status",
    "Data_Value": 34.1,
    "Sample_Size": 138,
    "Stratification1": "Hispanic",
    "StratificationId1": "RACEHIS",
    "LocationDisplayOrder": 66
  },
  {
    "ID": 63091,
    "Description": 2018,
    "LocationAbbr": "PR",
    "LocationDesc": "Puerto Rico",
    "DataSource": "BRFSS",
    "Topic": "Obesity / Weight Status",
    "Data_Value": 32.8,
    "Sample_Size": "4,595",
    "Stratification1": "Hispanic",
    "StratificationId1": "RACEHIS",
    "LocationDisplayOrder": 72
  },
  {
    "ID": 62405,
    "Description": 2018,
    "LocationAbbr": "VI",
    "LocationDesc": "Virgin Islands",
    "DataSource": "BRFSS",
    "Topic": "Obesity / Weight Status",
    "Data_Value": "~",
    "Sample_Size": "~",
    "Stratification1": "Hispanic",
    "StratificationId1": "RACEHIS",
    "LocationDisplayOrder": 78
  },
  {
    "ID": "",
    "Description": "",
    "LocationAbbr": "",
    "LocationDesc": "",
    "DataSource": "",
    "Topic": "",
    "Data_Value": "",
    "Sample_Size": "",
    "Stratification1": "",
    "StratificationId1": "",
    "LocationDisplayOrder": ""
  },
  {
    "ID": "",
    "Description": "",
    "LocationAbbr": "",
    "LocationDesc": "",
    "DataSource": "",
    "Topic": "",
    "Data_Value": "",
    "Sample_Size": "",
    "Stratification1": "",
    "StratificationId1": "",
    "LocationDisplayOrder": ""
  },
  {
    "ID": "",
    "Description": "",
    "LocationAbbr": "",
    "LocationDesc": "",
    "DataSource": "",
    "Topic": "",
    "Data_Value": "",
    "Sample_Size": "",
    "Stratification1": "",
    "StratificationId1": "",
    "LocationDisplayOrder": ""
  },
  {
    "ID": "",
    "Description": "",
    "LocationAbbr": "",
    "LocationDesc": "",
    "DataSource": "",
    "Topic": "",
    "Data_Value": "",
    "Sample_Size": "",
    "Stratification1": "",
    "StratificationId1": "",
    "LocationDisplayOrder": ""
  },
  {
    "ID": "",
    "Description": "",
    "LocationAbbr": "",
    "LocationDesc": "",
    "DataSource": "",
    "Topic": "",
    "Data_Value": "",
    "Sample_Size": "",
    "Stratification1": "",
    "StratificationId1": "",
    "LocationDisplayOrder": ""
  },
  {
    "ID": "",
    "Description": "",
    "LocationAbbr": "",
    "LocationDesc": "",
    "DataSource": "",
    "Topic": "",
    "Data_Value": "",
    "Sample_Size": "",
    "Stratification1": "",
    "StratificationId1": "",
    "LocationDisplayOrder": ""
  },
  {
    "ID": "",
    "Description": "",
    "LocationAbbr": "",
    "LocationDesc": "",
    "DataSource": "",
    "Topic": "",
    "Data_Value": "",
    "Sample_Size": "",
    "Stratification1": "",
    "StratificationId1": "",
    "LocationDisplayOrder": ""
  },
  {
    "ID": "",
    "Description": "",
    "LocationAbbr": "",
    "LocationDesc": "",
    "DataSource": "",
    "Topic": "",
    "Data_Value": "",
    "Sample_Size": "",
    "Stratification1": "",
    "StratificationId1": "",
    "LocationDisplayOrder": ""
  },
  {
    "ID": "",
    "Description": "",
    "LocationAbbr": "",
    "LocationDesc": "",
    "DataSource": "",
    "Topic": "",
    "Data_Value": "",
    "Sample_Size": "",
    "Stratification1": "",
    "StratificationId1": "",
    "LocationDisplayOrder": ""
  },
  {
    "ID": "",
    "Description": "",
    "LocationAbbr": "",
    "LocationDesc": "",
    "DataSource": "",
    "Topic": "",
    "Data_Value": "",
    "Sample_Size": "",
    "Stratification1": "",
    "StratificationId1": "",
    "LocationDisplayOrder": ""
  }
]