[
  {
    "ID": 61116,
    "Description": 2018,
    "LocationAbbr": "US",
    "LocationDesc": "National",
    "DataSource": "BRFSS",
    "Topic": "Obesity / Weight Status",
    "Data_Value": 11.5,
    "Sample_Size": "8,341",
    "Stratification1": "Asian",
    "StratificationId1": "RACEASN",
    "LocationDisplayOrder": 0
  },
  {
    "ID": 61196,
    "Description": 2018,
    "LocationAbbr": "AL",
    "LocationDesc": "Alabama",
    "DataSource": "BRFSS",
    "Topic": "Obesity / Weight Status",
    "Data_Value": "~",
    "Sample_Size": "~",
    "Stratification1": "Asian",
    "StratificationId1": "RACEASN",
    "LocationDisplayOrder": 1
  },
  {
    "ID": 61772,
    "Description": 2018,
    "LocationAbbr": "AK",
    "LocationDesc": "Alaska",
    "DataSource": "BRFSS",
    "Topic": "Obesity / Weight Status",
    "Data_Value": 28.1,
    "Sample_Size": 61,
    "Stratification1": "Asian",
    "StratificationId1": "RACEASN",
    "LocationDisplayOrder": 2
  },
  {
    "ID": 61799,
    "Description": 2018,
    "LocationAbbr": "AZ",
    "LocationDesc": "Arizona",
    "DataSource": "BRFSS",
    "Topic": "Obesity / Weight Status",
    "Data_Value": 8.1,
    "Sample_Size": 88,
    "Stratification1": "Asian",
    "StratificationId1": "RACEASN",
    "LocationDisplayOrder": 4
  },
  {
    "ID": 61826,
    "Description": 2018,
    "LocationAbbr": "AR",
    "LocationDesc": "Arkansas",
    "DataSource": "BRFSS",
    "Topic": "Obesity / Weight Status",
    "Data_Value": "~",
    "Sample_Size": "~",
    "Stratification1": "Asian",
    "StratificationId1": "RACEASN",
    "LocationDisplayOrder": 5
  },
  {
    "ID": 61573,
    "Description": 2018,
    "LocationAbbr": "CA",
    "LocationDesc": "California",
    "DataSource": "BRFSS",
    "Topic": "Obesity / Weight Status",
    "Data_Value": 10.9,
    "Sample_Size": 866,
    "Stratification1": "Asian",
    "StratificationId1": "RACEASN",
    "LocationDisplayOrder": 6
  },
  {
    "ID": 61600,
    "Description": 2018,
    "LocationAbbr": "CO",
    "LocationDesc": "Colorado",
    "DataSource": "BRFSS",
    "Topic": "Obesity / Weight Status",
    "Data_Value": 6.4,
    "Sample_Size": 118,
    "Stratification1": "Asian",
    "StratificationId1": "RACEASN",
    "LocationDisplayOrder": 8
  },
  {
    "ID": 61627,
    "Description": 2018,
    "LocationAbbr": "CT",
    "LocationDesc": "Connecticut",
    "DataSource": "BRFSS",
    "Topic": "Obesity / Weight Status",
    "Data_Value": 10.9,
    "Sample_Size": 204,
    "Stratification1": "Asian",
    "StratificationId1": "RACEASN",
    "LocationDisplayOrder": 9
  },
  {
    "ID": 61654,
    "Description": 2018,
    "LocationAbbr": "DE",
    "LocationDesc": "Delaware",
    "DataSource": "BRFSS",
    "Topic": "Obesity / Weight Status",
    "Data_Value": 12.6,
    "Sample_Size": 92,
    "Stratification1": "Asian",
    "StratificationId1": "RACEASN",
    "LocationDisplayOrder": 10
  },
  {
    "ID": 61865,
    "Description": 2018,
    "LocationAbbr": "DC",
    "LocationDesc": "District of Columbia",
    "DataSource": "BRFSS",
    "Topic": "Obesity / Weight Status",
    "Data_Value": 9.5,
    "Sample_Size": 98,
    "Stratification1": "Asian",
    "StratificationId1": "RACEASN",
    "LocationDisplayOrder": 11
  },
  {
    "ID": 61892,
    "Description": 2018,
    "LocationAbbr": "FL",
    "LocationDesc": "Florida",
    "DataSource": "BRFSS",
    "Topic": "Obesity / Weight Status",
    "Data_Value": 14.5,
    "Sample_Size": 135,
    "Stratification1": "Asian",
    "StratificationId1": "RACEASN",
    "LocationDisplayOrder": 12
  },
  {
    "ID": 61919,
    "Description": 2018,
    "LocationAbbr": "GA",
    "LocationDesc": "Georgia",
    "DataSource": "BRFSS",
    "Topic": "Obesity / Weight Status",
    "Data_Value": 12.2,
    "Sample_Size": 166,
    "Stratification1": "Asian",
    "StratificationId1": "RACEASN",
    "LocationDisplayOrder": 13
  },
  {
    "ID": 61946,
    "Description": 2018,
    "LocationAbbr": "HI",
    "LocationDesc": "Hawaii",
    "DataSource": "BRFSS",
    "Topic": "Obesity / Weight Status",
    "Data_Value": 17.5,
    "Sample_Size": "2,082",
    "Stratification1": "Asian",
    "StratificationId1": "RACEASN",
    "LocationDisplayOrder": 15
  },
  {
    "ID": 61233,
    "Description": 2018,
    "LocationAbbr": "ID",
    "LocationDesc": "Idaho",
    "DataSource": "BRFSS",
    "Topic": "Obesity / Weight Status",
    "Data_Value": "~",
    "Sample_Size": "~",
    "Stratification1": "Asian",
    "StratificationId1": "RACEASN",
    "LocationDisplayOrder": 16
  },
  {
    "ID": 61260,
    "Description": 2018,
    "LocationAbbr": "IL",
    "LocationDesc": "Illinois",
    "DataSource": "BRFSS",
    "Topic": "Obesity / Weight Status",
    "Data_Value": 10.2,
    "Sample_Size": 185,
    "Stratification1": "Asian",
    "StratificationId1": "RACEASN",
    "LocationDisplayOrder": 17
  },
  {
    "ID": 61287,
    "Description": 2018,
    "LocationAbbr": "IN",
    "LocationDesc": "Indiana",
    "DataSource": "BRFSS",
    "Topic": "Obesity / Weight Status",
    "Data_Value": 15.2,
    "Sample_Size": 60,
    "Stratification1": "Asian",
    "StratificationId1": "RACEASN",
    "LocationDisplayOrder": 18
  },
  {
    "ID": 61959,
    "Description": 2018,
    "LocationAbbr": "IA",
    "LocationDesc": "Iowa",
    "DataSource": "BRFSS",
    "Topic": "Obesity / Weight Status",
    "Data_Value": 25.4,
    "Sample_Size": 78,
    "Stratification1": "Asian",
    "StratificationId1": "RACEASN",
    "LocationDisplayOrder": 19
  },
  {
    "ID": 61986,
    "Description": 2018,
    "LocationAbbr": "KS",
    "LocationDesc": "Kansas",
    "DataSource": "BRFSS",
    "Topic": "Obesity / Weight Status",
    "Data_Value": 16.4,
    "Sample_Size": 108,
    "Stratification1": "Asian",
    "StratificationId1": "RACEASN",
    "LocationDisplayOrder": 20
  },
  {
    "ID": 62013,
    "Description": 2018,
    "LocationAbbr": "KY",
    "LocationDesc": "Kentucky",
    "DataSource": "BRFSS",
    "Topic": "Obesity / Weight Status",
    "Data_Value": "~",
    "Sample_Size": "~",
    "Stratification1": "Asian",
    "StratificationId1": "RACEASN",
    "LocationDisplayOrder": 21
  },
  {
    "ID": 62223,
    "Description": 2018,
    "LocationAbbr": "LA",
    "LocationDesc": "Louisiana",
    "DataSource": "BRFSS",
    "Topic": "Obesity / Weight Status",
    "Data_Value": "~",
    "Sample_Size": "~",
    "Stratification1": "Asian",
    "StratificationId1": "RACEASN",
    "LocationDisplayOrder": 22
  },
  {
    "ID": 62250,
    "Description": 2018,
    "LocationAbbr": "ME",
    "LocationDesc": "Maine",
    "DataSource": "BRFSS",
    "Topic": "Obesity / Weight Status",
    "Data_Value": "~",
    "Sample_Size": "~",
    "Stratification1": "Asian",
    "StratificationId1": "RACEASN",
    "LocationDisplayOrder": 23
  },
  {
    "ID": 62277,
    "Description": 2018,
    "LocationAbbr": "MD",
    "LocationDesc": "Maryland",
    "DataSource": "BRFSS",
    "Topic": "Obesity / Weight Status",
    "Data_Value": 12.8,
    "Sample_Size": 335,
    "Stratification1": "Asian",
    "StratificationId1": "RACEASN",
    "LocationDisplayOrder": 24
  },
  {
    "ID": 62445,
    "Description": 2018,
    "LocationAbbr": "MA",
    "LocationDesc": "Massachusetts",
    "DataSource": "BRFSS",
    "Topic": "Obesity / Weight Status",
    "Data_Value": 6.5,
    "Sample_Size": 188,
    "Stratification1": "Asian",
    "StratificationId1": "RACEASN",
    "LocationDisplayOrder": 25
  },
  {
    "ID": 62472,
    "Description": 2018,
    "LocationAbbr": "MI",
    "LocationDesc": "Michigan",
    "DataSource": "BRFSS",
    "Topic": "Obesity / Weight Status",
    "Data_Value": 8,
    "Sample_Size": 156,
    "Stratification1": "Asian",
    "StratificationId1": "RACEASN",
    "LocationDisplayOrder": 26
  },
  {
    "ID": 62499,
    "Description": 2018,
    "LocationAbbr": "MN",
    "LocationDesc": "Minnesota",
    "DataSource": "BRFSS",
    "Topic": "Obesity / Weight Status",
    "Data_Value": 20.1,
    "Sample_Size": 327,
    "Stratification1": "Asian",
    "StratificationId1": "RACEASN",
    "LocationDisplayOrder": 27
  },
  {
    "ID": 62526,
    "Description": 2018,
    "LocationAbbr": "MS",
    "LocationDesc": "Mississippi",
    "DataSource": "BRFSS",
    "Topic": "Obesity / Weight Status",
    "Data_Value": "~",
    "Sample_Size": "~",
    "Stratification1": "Asian",
    "StratificationId1": "RACEASN",
    "LocationDisplayOrder": 28
  },
  {
    "ID": 62933,
    "Description": 2018,
    "LocationAbbr": "MO",
    "LocationDesc": "Missouri",
    "DataSource": "BRFSS",
    "Topic": "Obesity / Weight Status",
    "Data_Value": "~",
    "Sample_Size": "~",
    "Stratification1": "Asian",
    "StratificationId1": "RACEASN",
    "LocationDisplayOrder": 29
  },
  {
    "ID": 62960,
    "Description": 2018,
    "LocationAbbr": "MT",
    "LocationDesc": "Montana",
    "DataSource": "BRFSS",
    "Topic": "Obesity / Weight Status",
    "Data_Value": "~",
    "Sample_Size": "~",
    "Stratification1": "Asian",
    "StratificationId1": "RACEASN",
    "LocationDisplayOrder": 30
  },
  {
    "ID": 62987,
    "Description": 2018,
    "LocationAbbr": "NE",
    "LocationDesc": "Nebraska",
    "DataSource": "BRFSS",
    "Topic": "Obesity / Weight Status",
    "Data_Value": 8.3,
    "Sample_Size": 69,
    "Stratification1": "Asian",
    "StratificationId1": "RACEASN",
    "LocationDisplayOrder": 31
  },
  {
    "ID": 62538,
    "Description": 2018,
    "LocationAbbr": "NV",
    "LocationDesc": "Nevada",
    "DataSource": "BRFSS",
    "Topic": "Obesity / Weight Status",
    "Data_Value": 14.8,
    "Sample_Size": 78,
    "Stratification1": "Asian",
    "StratificationId1": "RACEASN",
    "LocationDisplayOrder": 32
  },
  {
    "ID": 62565,
    "Description": 2018,
    "LocationAbbr": "NH",
    "LocationDesc": "New Hampshire",
    "DataSource": "BRFSS",
    "Topic": "Obesity / Weight Status",
    "Data_Value": "~",
    "Sample_Size": "~",
    "Stratification1": "Asian",
    "StratificationId1": "RACEASN",
    "LocationDisplayOrder": 33
  },
  {
    "ID": 62592,
    "Description": 2018,
    "LocationAbbr": "NJ",
    "LocationDesc": "New Jersey",
    "DataSource": "BRFSS",
    "Topic": "Obesity / Weight Status",
    "Data_Value": 12.3,
    "Sample_Size": 138,
    "Stratification1": "Asian",
    "StratificationId1": "RACEASN",
    "LocationDisplayOrder": 34
  },
  {
    "ID": 62619,
    "Description": 2018,
    "LocationAbbr": "NM",
    "LocationDesc": "New Mexico",
    "DataSource": "BRFSS",
    "Topic": "Obesity / Weight Status",
    "Data_Value": "~",
    "Sample_Size": "~",
    "Stratification1": "Asian",
    "StratificationId1": "RACEASN",
    "LocationDisplayOrder": 35
  },
  {
    "ID": 62125,
    "Description": 2018,
    "LocationAbbr": "NY",
    "LocationDesc": "New York",
    "DataSource": "BRFSS",
    "Topic": "Obesity / Weight Status",
    "Data_Value": 12.4,
    "Sample_Size": 845,
    "Stratification1": "Asian",
    "StratificationId1": "RACEASN",
    "LocationDisplayOrder": 36
  },
  {
    "ID": 62152,
    "Description": 2018,
    "LocationAbbr": "NC",
    "LocationDesc": "North Carolina",
    "DataSource": "BRFSS",
    "Topic": "Obesity / Weight Status",
    "Data_Value": "~",
    "Sample_Size": "~",
    "Stratification1": "Asian",
    "StratificationId1": "RACEASN",
    "LocationDisplayOrder": 37
  },
  {
    "ID": 62179,
    "Description": 2018,
    "LocationAbbr": "ND",
    "LocationDesc": "North Dakota",
    "DataSource": "BRFSS",
    "Topic": "Obesity / Weight Status",
    "Data_Value": "~",
    "Sample_Size": "~",
    "Stratification1": "Asian",
    "StratificationId1": "RACEASN",
    "LocationDisplayOrder": 38
  },
  {
    "ID": 62302,
    "Description": 2018,
    "LocationAbbr": "OH",
    "LocationDesc": "Ohio",
    "DataSource": "BRFSS",
    "Topic": "Obesity / Weight Status",
    "Data_Value": 7.3,
    "Sample_Size": 84,
    "Stratification1": "Asian",
    "StratificationId1": "RACEASN",
    "LocationDisplayOrder": 39
  },
  {
    "ID": 62329,
    "Description": 2018,
    "LocationAbbr": "OK",
    "LocationDesc": "Oklahoma",
    "DataSource": "BRFSS",
    "Topic": "Obesity / Weight Status",
    "Data_Value": 2.6,
    "Sample_Size": 51,
    "Stratification1": "Asian",
    "StratificationId1": "RACEASN",
    "LocationDisplayOrder": 40
  },
  {
    "ID": 62356,
    "Description": 2018,
    "LocationAbbr": "OR",
    "LocationDesc": "Oregon",
    "DataSource": "BRFSS",
    "Topic": "Obesity / Weight Status",
    "Data_Value": 9.8,
    "Sample_Size": 80,
    "Stratification1": "Asian",
    "StratificationId1": "RACEASN",
    "LocationDisplayOrder": 41
  },
  {
    "ID": 62383,
    "Description": 2018,
    "LocationAbbr": "PA",
    "LocationDesc": "Pennsylvania",
    "DataSource": "BRFSS",
    "Topic": "Obesity / Weight Status",
    "Data_Value": 7.6,
    "Sample_Size": 125,
    "Stratification1": "Asian",
    "StratificationId1": "RACEASN",
    "LocationDisplayOrder": 42
  },
  {
    "ID": 62645,
    "Description": 2018,
    "LocationAbbr": "RI",
    "LocationDesc": "Rhode Island",
    "DataSource": "BRFSS",
    "Topic": "Obesity / Weight Status",
    "Data_Value": 10.9,
    "Sample_Size": 64,
    "Stratification1": "Asian",
    "StratificationId1": "RACEASN",
    "LocationDisplayOrder": 44
  },
  {
    "ID": 62672,
    "Description": 2018,
    "LocationAbbr": "SC",
    "LocationDesc": "South Carolina",
    "DataSource": "BRFSS",
    "Topic": "Obesity / Weight Status",
    "Data_Value": 26.6,
    "Sample_Size": 53,
    "Stratification1": "Asian",
    "StratificationId1": "RACEASN",
    "LocationDisplayOrder": 45
  },
  {
    "ID": 62699,
    "Description": 2018,
    "LocationAbbr": "SD",
    "LocationDesc": "South Dakota",
    "DataSource": "BRFSS",
    "Topic": "Obesity / Weight Status",
    "Data_Value": "~",
    "Sample_Size": "~",
    "Stratification1": "Asian",
    "StratificationId1": "RACEASN",
    "LocationDisplayOrder": 46
  },
  {
    "ID": 62726,
    "Description": 2018,
    "LocationAbbr": "TN",
    "LocationDesc": "Tennessee",
    "DataSource": "BRFSS",
    "Topic": "Obesity / Weight Status",
    "Data_Value": "~",
    "Sample_Size": "~",
    "Stratification1": "Asian",
    "StratificationId1": "RACEASN",
    "LocationDisplayOrder": 47
  },
  {
    "ID": 62753,
    "Description": 2018,
    "LocationAbbr": "TX",
    "LocationDesc": "Texas",
    "DataSource": "BRFSS",
    "Topic": "Obesity / Weight Status",
    "Data_Value": 10.1,
    "Sample_Size": 215,
    "Stratification1": "Asian",
    "StratificationId1": "RACEASN",
    "LocationDisplayOrder": 48
  },
  {
    "ID": 62780,
    "Description": 2018,
    "LocationAbbr": "UT",
    "LocationDesc": "Utah",
    "DataSource": "BRFSS",
    "Topic": "Obesity / Weight Status",
    "Data_Value": 15.3,
    "Sample_Size": 105,
    "Stratification1": "Asian",
    "StratificationId1": "RACEASN",
    "LocationDisplayOrder": 49
  },
  {
    "ID": 62807,
    "Description": 2018,
    "LocationAbbr": "VT",
    "LocationDesc": "Vermont",
    "DataSource": "BRFSS",
    "Topic": "Obesity / Weight Status",
    "Data_Value": "~",
    "Sample_Size": "~",
    "Stratification1": "Asian",
    "StratificationId1": "RACEASN",
    "LocationDisplayOrder": 50
  },
  {
    "ID": 62834,
    "Description": 2018,
    "LocationAbbr": "VA",
    "LocationDesc": "Virginia",
    "DataSource": "BRFSS",
    "Topic": "Obesity / Weight Status",
    "Data_Value": 13.4,
    "Sample_Size": 202,
    "Stratification1": "Asian",
    "StratificationId1": "RACEASN",
    "LocationDisplayOrder": 51
  },
  {
    "ID": 62861,
    "Description": 2018,
    "LocationAbbr": "WA",
    "LocationDesc": "Washington",
    "DataSource": "BRFSS",
    "Topic": "Obesity / Weight Status",
    "Data_Value": 9.8,
    "Sample_Size": 352,
    "Stratification1": "Asian",
    "StratificationId1": "RACEASN",
    "LocationDisplayOrder": 53
  },
  {
    "ID": 62888,
    "Description": 2018,
    "LocationAbbr": "WV",
    "LocationDesc": "West Virginia",
    "DataSource": "BRFSS",
    "Topic": "Obesity / Weight Status",
    "Data_Value": "~",
    "Sample_Size": "~",
    "Stratification1": "Asian",
    "StratificationId1": "RACEASN",
    "LocationDisplayOrder": 54
  },
  {
    "ID": 63011,
    "Description": 2018,
    "LocationAbbr": "WI",
    "LocationDesc": "Wisconsin",
    "DataSource": "BRFSS",
    "Topic": "Obesity / Weight Status",
    "Data_Value": "~",
    "Sample_Size": "~",
    "Stratification1": "Asian",
    "StratificationId1": "RACEASN",
    "LocationDisplayOrder": 55
  },
  {
    "ID": 63038,
    "Description": 2018,
    "LocationAbbr": "WY",
    "LocationDesc": "Wyoming",
    "DataSource": "BRFSS",
    "Topic": "Obesity / Weight Status",
    "Data_Value": "~",
    "Sample_Size": "~",
    "Stratification1": "Asian",
    "StratificationId1": "RACEASN",
    "LocationDisplayOrder": 56
  },
  {
    "ID": 63065,
    "Description": 2018,
    "LocationAbbr": "GU",
    "LocationDesc": "Guam",
    "DataSource": "BRFSS",
    "Topic": "Obesity / Weight Status",
    "Data_Value": 13,
    "Sample_Size": 484,
    "Stratification1": "Asian",
    "StratificationId1": "RACEASN",
    "LocationDisplayOrder": 66
  },
  {
    "ID": 63092,
    "Description": 2018,
    "LocationAbbr": "PR",
    "LocationDesc": "Puerto Rico",
    "DataSource": "BRFSS",
    "Topic": "Obesity / Weight Status",
    "Data_Value": "~",
    "Sample_Size": "~",
    "Stratification1": "Asian",
    "StratificationId1": "RACEASN",
    "LocationDisplayOrder": 72
  },
  {
    "ID": 62406,
    "Description": 2018,
    "LocationAbbr": "VI",
    "LocationDesc": "Virgin Islands",
    "DataSource": "BRFSS",
    "Topic": "Obesity / Weight Status",
    "Data_Value": "~",
    "Sample_Size": "~",
    "Stratification1": "Asian",
    "StratificationId1": "RACEASN",
    "LocationDisplayOrder": 78
  },
  {
    "ID": "",
    "Description": "",
    "LocationAbbr": "",
    "LocationDesc": "",
    "DataSource": "",
    "Topic": "",
    "Data_Value": "",
    "Sample_Size": "",
    "Stratification1": "",
    "StratificationId1": "",
    "LocationDisplayOrder": ""
  },
  {
    "ID": "",
    "Description": "",
    "LocationAbbr": "",
    "LocationDesc": "",
    "DataSource": "",
    "Topic": "",
    "Data_Value": "",
    "Sample_Size": "",
    "Stratification1": "",
    "StratificationId1": "",
    "LocationDisplayOrder": ""
  },
  {
    "ID": "",
    "Description": "",
    "LocationAbbr": "",
    "LocationDesc": "",
    "DataSource": "",
    "Topic": "",
    "Data_Value": "",
    "Sample_Size": "",
    "Stratification1": "",
    "StratificationId1": "",
    "LocationDisplayOrder": ""
  },
  {
    "ID": "",
    "Description": "",
    "LocationAbbr": "",
    "LocationDesc": "",
    "DataSource": "",
    "Topic": "",
    "Data_Value": "",
    "Sample_Size": "",
    "Stratification1": "",
    "StratificationId1": "",
    "LocationDisplayOrder": ""
  },
  {
    "ID": "",
    "Description": "",
    "LocationAbbr": "",
    "LocationDesc": "",
    "DataSource": "",
    "Topic": "",
    "Data_Value": "",
    "Sample_Size": "",
    "Stratification1": "",
    "StratificationId1": "",
    "LocationDisplayOrder": ""
  },
  {
    "ID": "",
    "Description": "",
    "LocationAbbr": "",
    "LocationDesc": "",
    "DataSource": "",
    "Topic": "",
    "Data_Value": "",
    "Sample_Size": "",
    "Stratification1": "",
    "StratificationId1": "",
    "LocationDisplayOrder": ""
  },
  {
    "ID": "",
    "Description": "",
    "LocationAbbr": "",
    "LocationDesc": "",
    "DataSource": "",
    "Topic": "",
    "Data_Value": "",
    "Sample_Size": "",
    "Stratification1": "",
    "StratificationId1": "",
    "LocationDisplayOrder": ""
  },
  {
    "ID": "",
    "Description": "",
    "LocationAbbr": "",
    "LocationDesc": "",
    "DataSource": "",
    "Topic": "",
    "Data_Value": "",
    "Sample_Size": "",
    "Stratification1": "",
    "StratificationId1": "",
    "LocationDisplayOrder": ""
  },
  {
    "ID": "",
    "Description": "",
    "LocationAbbr": "",
    "LocationDesc": "",
    "DataSource": "",
    "Topic": "",
    "Data_Value": "",
    "Sample_Size": "",
    "Stratification1": "",
    "StratificationId1": "",
    "LocationDisplayOrder": ""
  },
  {
    "ID": "",
    "Description": "",
    "LocationAbbr": "",
    "LocationDesc": "",
    "DataSource": "",
    "Topic": "",
    "Data_Value": "",
    "Sample_Size": "",
    "Stratification1": "",
    "StratificationId1": "",
    "LocationDisplayOrder": ""
  }
]