[
  {
    "ID": 61561,
    "Description": 2018,
    "LocationAbbr": "US",
    "LocationDesc": "National",
    "DataSource": "BRFSS",
    "Topic": "Obesity / Weight Status",
    "Data_Value": 31.3,
    "Sample_Size": "209,072",
    "Stratification1": "Female",
    "StratificationId1": "FEMALE",
    "LocationDisplayOrder": 0
  },
  {
    "ID": 61175,
    "Description": 2018,
    "LocationAbbr": "AL",
    "LocationDesc": "Alabama",
    "DataSource": "BRFSS",
    "Topic": "Obesity / Weight Status",
    "Data_Value": 37.8,
    "Sample_Size": "3,517",
    "Stratification1": "Female",
    "StratificationId1": "FEMALE",
    "LocationDisplayOrder": 1
  },
  {
    "ID": 61202,
    "Description": 2018,
    "LocationAbbr": "AK",
    "LocationDesc": "Alaska",
    "DataSource": "BRFSS",
    "Topic": "Obesity / Weight Status",
    "Data_Value": 28.5,
    "Sample_Size": "1,256",
    "Stratification1": "Female",
    "StratificationId1": "FEMALE",
    "LocationDisplayOrder": 2
  },
  {
    "ID": 61778,
    "Description": 2018,
    "LocationAbbr": "AZ",
    "LocationDesc": "Arizona",
    "DataSource": "BRFSS",
    "Topic": "Obesity / Weight Status",
    "Data_Value": 28,
    "Sample_Size": "3,920",
    "Stratification1": "Female",
    "StratificationId1": "FEMALE",
    "LocationDisplayOrder": 4
  },
  {
    "ID": 61805,
    "Description": 2018,
    "LocationAbbr": "AR",
    "LocationDesc": "Arkansas",
    "DataSource": "BRFSS",
    "Topic": "Obesity / Weight Status",
    "Data_Value": 39.4,
    "Sample_Size": "3,052",
    "Stratification1": "Female",
    "StratificationId1": "FEMALE",
    "LocationDisplayOrder": 5
  },
  {
    "ID": 61832,
    "Description": 2018,
    "LocationAbbr": "CA",
    "LocationDesc": "California",
    "DataSource": "BRFSS",
    "Topic": "Obesity / Weight Status",
    "Data_Value": 25.6,
    "Sample_Size": "5,122",
    "Stratification1": "Female",
    "StratificationId1": "FEMALE",
    "LocationDisplayOrder": 6
  },
  {
    "ID": 61579,
    "Description": 2018,
    "LocationAbbr": "CO",
    "LocationDesc": "Colorado",
    "DataSource": "BRFSS",
    "Topic": "Obesity / Weight Status",
    "Data_Value": 24.2,
    "Sample_Size": "4,114",
    "Stratification1": "Female",
    "StratificationId1": "FEMALE",
    "LocationDisplayOrder": 8
  },
  {
    "ID": 61606,
    "Description": 2018,
    "LocationAbbr": "CT",
    "LocationDesc": "Connecticut",
    "DataSource": "BRFSS",
    "Topic": "Obesity / Weight Status",
    "Data_Value": 26.4,
    "Sample_Size": "5,204",
    "Stratification1": "Female",
    "StratificationId1": "FEMALE",
    "LocationDisplayOrder": 9
  },
  {
    "ID": 61633,
    "Description": 2018,
    "LocationAbbr": "DE",
    "LocationDesc": "Delaware",
    "DataSource": "BRFSS",
    "Topic": "Obesity / Weight Status",
    "Data_Value": 33.5,
    "Sample_Size": "2,510",
    "Stratification1": "Female",
    "StratificationId1": "FEMALE",
    "LocationDisplayOrder": 10
  },
  {
    "ID": 61660,
    "Description": 2018,
    "LocationAbbr": "DC",
    "LocationDesc": "District of Columbia",
    "DataSource": "BRFSS",
    "Topic": "Obesity / Weight Status",
    "Data_Value": 28,
    "Sample_Size": "2,193",
    "Stratification1": "Female",
    "StratificationId1": "FEMALE",
    "LocationDisplayOrder": 11
  },
  {
    "ID": 61871,
    "Description": 2018,
    "LocationAbbr": "FL",
    "LocationDesc": "Florida",
    "DataSource": "BRFSS",
    "Topic": "Obesity / Weight Status",
    "Data_Value": 30.2,
    "Sample_Size": "7,407",
    "Stratification1": "Female",
    "StratificationId1": "FEMALE",
    "LocationDisplayOrder": 12
  },
  {
    "ID": 61898,
    "Description": 2018,
    "LocationAbbr": "GA",
    "LocationDesc": "Georgia",
    "DataSource": "BRFSS",
    "Topic": "Obesity / Weight Status",
    "Data_Value": 33.3,
    "Sample_Size": "4,493",
    "Stratification1": "Female",
    "StratificationId1": "FEMALE",
    "LocationDisplayOrder": 13
  },
  {
    "ID": 61925,
    "Description": 2018,
    "LocationAbbr": "HI",
    "LocationDesc": "Hawaii",
    "DataSource": "BRFSS",
    "Topic": "Obesity / Weight Status",
    "Data_Value": 23,
    "Sample_Size": "3,786",
    "Stratification1": "Female",
    "StratificationId1": "FEMALE",
    "LocationDisplayOrder": 15
  },
  {
    "ID": 61212,
    "Description": 2018,
    "LocationAbbr": "ID",
    "LocationDesc": "Idaho",
    "DataSource": "BRFSS",
    "Topic": "Obesity / Weight Status",
    "Data_Value": 27.1,
    "Sample_Size": "1,657",
    "Stratification1": "Female",
    "StratificationId1": "FEMALE",
    "LocationDisplayOrder": 16
  },
  {
    "ID": 61239,
    "Description": 2018,
    "LocationAbbr": "IL",
    "LocationDesc": "Illinois",
    "DataSource": "BRFSS",
    "Topic": "Obesity / Weight Status",
    "Data_Value": 33.2,
    "Sample_Size": "2,521",
    "Stratification1": "Female",
    "StratificationId1": "FEMALE",
    "LocationDisplayOrder": 17
  },
  {
    "ID": 61266,
    "Description": 2018,
    "LocationAbbr": "IN",
    "LocationDesc": "Indiana",
    "DataSource": "BRFSS",
    "Topic": "Obesity / Weight Status",
    "Data_Value": 34.2,
    "Sample_Size": "3,814",
    "Stratification1": "Female",
    "StratificationId1": "FEMALE",
    "LocationDisplayOrder": 18
  },
  {
    "ID": 61293,
    "Description": 2018,
    "LocationAbbr": "IA",
    "LocationDesc": "Iowa",
    "DataSource": "BRFSS",
    "Topic": "Obesity / Weight Status",
    "Data_Value": 34.6,
    "Sample_Size": "4,229",
    "Stratification1": "Female",
    "StratificationId1": "FEMALE",
    "LocationDisplayOrder": 19
  },
  {
    "ID": 61965,
    "Description": 2018,
    "LocationAbbr": "KS",
    "LocationDesc": "Kansas",
    "DataSource": "BRFSS",
    "Topic": "Obesity / Weight Status",
    "Data_Value": 35.6,
    "Sample_Size": "5,129",
    "Stratification1": "Female",
    "StratificationId1": "FEMALE",
    "LocationDisplayOrder": 20
  },
  {
    "ID": 61992,
    "Description": 2018,
    "LocationAbbr": "KY",
    "LocationDesc": "Kentucky",
    "DataSource": "BRFSS",
    "Topic": "Obesity / Weight Status",
    "Data_Value": 36.8,
    "Sample_Size": "4,475",
    "Stratification1": "Female",
    "StratificationId1": "FEMALE",
    "LocationDisplayOrder": 21
  },
  {
    "ID": 62202,
    "Description": 2018,
    "LocationAbbr": "LA",
    "LocationDesc": "Louisiana",
    "DataSource": "BRFSS",
    "Topic": "Obesity / Weight Status",
    "Data_Value": 39.5,
    "Sample_Size": "2,569",
    "Stratification1": "Female",
    "StratificationId1": "FEMALE",
    "LocationDisplayOrder": 22
  },
  {
    "ID": 62229,
    "Description": 2018,
    "LocationAbbr": "ME",
    "LocationDesc": "Maine",
    "DataSource": "BRFSS",
    "Topic": "Obesity / Weight Status",
    "Data_Value": 29.2,
    "Sample_Size": "5,721",
    "Stratification1": "Female",
    "StratificationId1": "FEMALE",
    "LocationDisplayOrder": 23
  },
  {
    "ID": 62256,
    "Description": 2018,
    "LocationAbbr": "MD",
    "LocationDesc": "Maryland",
    "DataSource": "BRFSS",
    "Topic": "Obesity / Weight Status",
    "Data_Value": 33.1,
    "Sample_Size": "8,871",
    "Stratification1": "Female",
    "StratificationId1": "FEMALE",
    "LocationDisplayOrder": 24
  },
  {
    "ID": 62283,
    "Description": 2018,
    "LocationAbbr": "MA",
    "LocationDesc": "Massachusetts",
    "DataSource": "BRFSS",
    "Topic": "Obesity / Weight Status",
    "Data_Value": 24.3,
    "Sample_Size": "3,154",
    "Stratification1": "Female",
    "StratificationId1": "FEMALE",
    "LocationDisplayOrder": 25
  },
  {
    "ID": 62451,
    "Description": 2018,
    "LocationAbbr": "MI",
    "LocationDesc": "Michigan",
    "DataSource": "BRFSS",
    "Topic": "Obesity / Weight Status",
    "Data_Value": 34.6,
    "Sample_Size": "4,919",
    "Stratification1": "Female",
    "StratificationId1": "FEMALE",
    "LocationDisplayOrder": 26
  },
  {
    "ID": 62478,
    "Description": 2018,
    "LocationAbbr": "MN",
    "LocationDesc": "Minnesota",
    "DataSource": "BRFSS",
    "Topic": "Obesity / Weight Status",
    "Data_Value": 27.5,
    "Sample_Size": "7,673",
    "Stratification1": "Female",
    "StratificationId1": "FEMALE",
    "LocationDisplayOrder": 27
  },
  {
    "ID": 62505,
    "Description": 2018,
    "LocationAbbr": "MS",
    "LocationDesc": "Mississippi",
    "DataSource": "BRFSS",
    "Topic": "Obesity / Weight Status",
    "Data_Value": 42.6,
    "Sample_Size": "3,201",
    "Stratification1": "Female",
    "StratificationId1": "FEMALE",
    "LocationDisplayOrder": 28
  },
  {
    "ID": 62532,
    "Description": 2018,
    "LocationAbbr": "MO",
    "LocationDesc": "Missouri",
    "DataSource": "BRFSS",
    "Topic": "Obesity / Weight Status",
    "Data_Value": 35.7,
    "Sample_Size": "3,205",
    "Stratification1": "Female",
    "StratificationId1": "FEMALE",
    "LocationDisplayOrder": 29
  },
  {
    "ID": 62939,
    "Description": 2018,
    "LocationAbbr": "MT",
    "LocationDesc": "Montana",
    "DataSource": "BRFSS",
    "Topic": "Obesity / Weight Status",
    "Data_Value": 25.8,
    "Sample_Size": "2,467",
    "Stratification1": "Female",
    "StratificationId1": "FEMALE",
    "LocationDisplayOrder": 30
  },
  {
    "ID": 62966,
    "Description": 2018,
    "LocationAbbr": "NE",
    "LocationDesc": "Nebraska",
    "DataSource": "BRFSS",
    "Topic": "Obesity / Weight Status",
    "Data_Value": 33.8,
    "Sample_Size": "7,331",
    "Stratification1": "Female",
    "StratificationId1": "FEMALE",
    "LocationDisplayOrder": 31
  },
  {
    "ID": 62993,
    "Description": 2018,
    "LocationAbbr": "NV",
    "LocationDesc": "Nevada",
    "DataSource": "BRFSS",
    "Topic": "Obesity / Weight Status",
    "Data_Value": 29.2,
    "Sample_Size": "1,538",
    "Stratification1": "Female",
    "StratificationId1": "FEMALE",
    "LocationDisplayOrder": 32
  },
  {
    "ID": 62544,
    "Description": 2018,
    "LocationAbbr": "NH",
    "LocationDesc": "New Hampshire",
    "DataSource": "BRFSS",
    "Topic": "Obesity / Weight Status",
    "Data_Value": 28.1,
    "Sample_Size": "2,764",
    "Stratification1": "Female",
    "StratificationId1": "FEMALE",
    "LocationDisplayOrder": 33
  },
  {
    "ID": 62571,
    "Description": 2018,
    "LocationAbbr": "NJ",
    "LocationDesc": "New Jersey",
    "DataSource": "BRFSS",
    "Topic": "Obesity / Weight Status",
    "Data_Value": 25.5,
    "Sample_Size": "1,383",
    "Stratification1": "Female",
    "StratificationId1": "FEMALE",
    "LocationDisplayOrder": 34
  },
  {
    "ID": 62598,
    "Description": 2018,
    "LocationAbbr": "NM",
    "LocationDesc": "New Mexico",
    "DataSource": "BRFSS",
    "Topic": "Obesity / Weight Status",
    "Data_Value": 33.5,
    "Sample_Size": "3,293",
    "Stratification1": "Female",
    "StratificationId1": "FEMALE",
    "LocationDisplayOrder": 35
  },
  {
    "ID": 62625,
    "Description": 2018,
    "LocationAbbr": "NY",
    "LocationDesc": "New York",
    "DataSource": "BRFSS",
    "Topic": "Obesity / Weight Status",
    "Data_Value": 27.3,
    "Sample_Size": "16,247",
    "Stratification1": "Female",
    "StratificationId1": "FEMALE",
    "LocationDisplayOrder": 36
  },
  {
    "ID": 62131,
    "Description": 2018,
    "LocationAbbr": "NC",
    "LocationDesc": "North Carolina",
    "DataSource": "BRFSS",
    "Topic": "Obesity / Weight Status",
    "Data_Value": 33.9,
    "Sample_Size": "2,216",
    "Stratification1": "Female",
    "StratificationId1": "FEMALE",
    "LocationDisplayOrder": 37
  },
  {
    "ID": 62158,
    "Description": 2018,
    "LocationAbbr": "ND",
    "LocationDesc": "North Dakota",
    "DataSource": "BRFSS",
    "Topic": "Obesity / Weight Status",
    "Data_Value": 34.2,
    "Sample_Size": "2,608",
    "Stratification1": "Female",
    "StratificationId1": "FEMALE",
    "LocationDisplayOrder": 38
  },
  {
    "ID": 62185,
    "Description": 2018,
    "LocationAbbr": "OH",
    "LocationDesc": "Ohio",
    "DataSource": "BRFSS",
    "Topic": "Obesity / Weight Status",
    "Data_Value": 34.3,
    "Sample_Size": "6,672",
    "Stratification1": "Female",
    "StratificationId1": "FEMALE",
    "LocationDisplayOrder": 39
  },
  {
    "ID": 62308,
    "Description": 2018,
    "LocationAbbr": "OK",
    "LocationDesc": "Oklahoma",
    "DataSource": "BRFSS",
    "Topic": "Obesity / Weight Status",
    "Data_Value": 37,
    "Sample_Size": "2,757",
    "Stratification1": "Female",
    "StratificationId1": "FEMALE",
    "LocationDisplayOrder": 40
  },
  {
    "ID": 62335,
    "Description": 2018,
    "LocationAbbr": "OR",
    "LocationDesc": "Oregon",
    "DataSource": "BRFSS",
    "Topic": "Obesity / Weight Status",
    "Data_Value": 30.8,
    "Sample_Size": "2,839",
    "Stratification1": "Female",
    "StratificationId1": "FEMALE",
    "LocationDisplayOrder": 41
  },
  {
    "ID": 62362,
    "Description": 2018,
    "LocationAbbr": "PA",
    "LocationDesc": "Pennsylvania",
    "DataSource": "BRFSS",
    "Topic": "Obesity / Weight Status",
    "Data_Value": 30.8,
    "Sample_Size": "2,857",
    "Stratification1": "Female",
    "StratificationId1": "FEMALE",
    "LocationDisplayOrder": 42
  },
  {
    "ID": 62389,
    "Description": 2018,
    "LocationAbbr": "RI",
    "LocationDesc": "Rhode Island",
    "DataSource": "BRFSS",
    "Topic": "Obesity / Weight Status",
    "Data_Value": 27.1,
    "Sample_Size": "2,764",
    "Stratification1": "Female",
    "StratificationId1": "FEMALE",
    "LocationDisplayOrder": 44
  },
  {
    "ID": 62651,
    "Description": 2018,
    "LocationAbbr": "SC",
    "LocationDesc": "South Carolina",
    "DataSource": "BRFSS",
    "Topic": "Obesity / Weight Status",
    "Data_Value": 36.2,
    "Sample_Size": "5,901",
    "Stratification1": "Female",
    "StratificationId1": "FEMALE",
    "LocationDisplayOrder": 45
  },
  {
    "ID": 62678,
    "Description": 2018,
    "LocationAbbr": "SD",
    "LocationDesc": "South Dakota",
    "DataSource": "BRFSS",
    "Topic": "Obesity / Weight Status",
    "Data_Value": 28.7,
    "Sample_Size": "3,500",
    "Stratification1": "Female",
    "StratificationId1": "FEMALE",
    "LocationDisplayOrder": 46
  },
  {
    "ID": 62705,
    "Description": 2018,
    "LocationAbbr": "TN",
    "LocationDesc": "Tennessee",
    "DataSource": "BRFSS",
    "Topic": "Obesity / Weight Status",
    "Data_Value": 35.3,
    "Sample_Size": "2,522",
    "Stratification1": "Female",
    "StratificationId1": "FEMALE",
    "LocationDisplayOrder": 47
  },
  {
    "ID": 62732,
    "Description": 2018,
    "LocationAbbr": "TX",
    "LocationDesc": "Texas",
    "DataSource": "BRFSS",
    "Topic": "Obesity / Weight Status",
    "Data_Value": 36.2,
    "Sample_Size": "5,451",
    "Stratification1": "Female",
    "StratificationId1": "FEMALE",
    "LocationDisplayOrder": 48
  },
  {
    "ID": 62759,
    "Description": 2018,
    "LocationAbbr": "UT",
    "LocationDesc": "Utah",
    "DataSource": "BRFSS",
    "Topic": "Obesity / Weight Status",
    "Data_Value": 26.8,
    "Sample_Size": "4,685",
    "Stratification1": "Female",
    "StratificationId1": "FEMALE",
    "LocationDisplayOrder": 49
  },
  {
    "ID": 62786,
    "Description": 2018,
    "LocationAbbr": "VT",
    "LocationDesc": "Vermont",
    "DataSource": "BRFSS",
    "Topic": "Obesity / Weight Status",
    "Data_Value": 27.2,
    "Sample_Size": "3,191",
    "Stratification1": "Female",
    "StratificationId1": "FEMALE",
    "LocationDisplayOrder": 50
  },
  {
    "ID": 62813,
    "Description": 2018,
    "LocationAbbr": "VA",
    "LocationDesc": "Virginia",
    "DataSource": "BRFSS",
    "Topic": "Obesity / Weight Status",
    "Data_Value": 30.2,
    "Sample_Size": "5,102",
    "Stratification1": "Female",
    "StratificationId1": "FEMALE",
    "LocationDisplayOrder": 51
  },
  {
    "ID": 62840,
    "Description": 2018,
    "LocationAbbr": "WA",
    "LocationDesc": "Washington",
    "DataSource": "BRFSS",
    "Topic": "Obesity / Weight Status",
    "Data_Value": 28,
    "Sample_Size": "6,131",
    "Stratification1": "Female",
    "StratificationId1": "FEMALE",
    "LocationDisplayOrder": 53
  },
  {
    "ID": 62867,
    "Description": 2018,
    "LocationAbbr": "WV",
    "LocationDesc": "West Virginia",
    "DataSource": "BRFSS",
    "Topic": "Obesity / Weight Status",
    "Data_Value": 38.5,
    "Sample_Size": "2,545",
    "Stratification1": "Female",
    "StratificationId1": "FEMALE",
    "LocationDisplayOrder": 54
  },
  {
    "ID": 62894,
    "Description": 2018,
    "LocationAbbr": "WI",
    "LocationDesc": "Wisconsin",
    "DataSource": "BRFSS",
    "Topic": "Obesity / Weight Status",
    "Data_Value": 33.1,
    "Sample_Size": "2,344",
    "Stratification1": "Female",
    "StratificationId1": "FEMALE",
    "LocationDisplayOrder": 55
  },
  {
    "ID": 63017,
    "Description": 2018,
    "LocationAbbr": "WY",
    "LocationDesc": "Wyoming",
    "DataSource": "BRFSS",
    "Topic": "Obesity / Weight Status",
    "Data_Value": 27.8,
    "Sample_Size": "2,252",
    "Stratification1": "Female",
    "StratificationId1": "FEMALE",
    "LocationDisplayOrder": 56
  },
  {
    "ID": 63044,
    "Description": 2018,
    "LocationAbbr": "GU",
    "LocationDesc": "Guam",
    "DataSource": "BRFSS",
    "Topic": "Obesity / Weight Status",
    "Data_Value": 30.8,
    "Sample_Size": 824,
    "Stratification1": "Female",
    "StratificationId1": "FEMALE",
    "LocationDisplayOrder": 66
  },
  {
    "ID": 63071,
    "Description": 2018,
    "LocationAbbr": "PR",
    "LocationDesc": "Puerto Rico",
    "DataSource": "BRFSS",
    "Topic": "Obesity / Weight Status",
    "Data_Value": 32.7,
    "Sample_Size": "2,830",
    "Stratification1": "Female",
    "StratificationId1": "FEMALE",
    "LocationDisplayOrder": 72
  },
  {
    "ID": 63099,
    "Description": 2018,
    "LocationAbbr": "VI",
    "LocationDesc": "Virgin Islands",
    "DataSource": "BRFSS",
    "Topic": "Obesity / Weight Status",
    "Data_Value": "~",
    "Sample_Size": "~",
    "Stratification1": "Female",
    "StratificationId1": "FEMALE",
    "LocationDisplayOrder": 78
  },
  {
    "ID": "",
    "Description": "",
    "LocationAbbr": "",
    "LocationDesc": "",
    "DataSource": "",
    "Topic": "",
    "Data_Value": "",
    "Sample_Size": "",
    "Stratification1": "",
    "StratificationId1": "",
    "LocationDisplayOrder": ""
  },
  {
    "ID": "",
    "Description": "",
    "LocationAbbr": "",
    "LocationDesc": "",
    "DataSource": "",
    "Topic": "",
    "Data_Value": "",
    "Sample_Size": "",
    "Stratification1": "",
    "StratificationId1": "",
    "LocationDisplayOrder": ""
  },
  {
    "ID": "",
    "Description": "",
    "LocationAbbr": "",
    "LocationDesc": "",
    "DataSource": "",
    "Topic": "",
    "Data_Value": "",
    "Sample_Size": "",
    "Stratification1": "",
    "StratificationId1": "",
    "LocationDisplayOrder": ""
  },
  {
    "ID": "",
    "Description": "",
    "LocationAbbr": "",
    "LocationDesc": "",
    "DataSource": "",
    "Topic": "",
    "Data_Value": "",
    "Sample_Size": "",
    "Stratification1": "",
    "StratificationId1": "",
    "LocationDisplayOrder": ""
  },
  {
    "ID": "",
    "Description": "",
    "LocationAbbr": "",
    "LocationDesc": "",
    "DataSource": "",
    "Topic": "",
    "Data_Value": "",
    "Sample_Size": "",
    "Stratification1": "",
    "StratificationId1": "",
    "LocationDisplayOrder": ""
  },
  {
    "ID": "",
    "Description": "",
    "LocationAbbr": "",
    "LocationDesc": "",
    "DataSource": "",
    "Topic": "",
    "Data_Value": "",
    "Sample_Size": "",
    "Stratification1": "",
    "StratificationId1": "",
    "LocationDisplayOrder": ""
  },
  {
    "ID": "",
    "Description": "",
    "LocationAbbr": "",
    "LocationDesc": "",
    "DataSource": "",
    "Topic": "",
    "Data_Value": "",
    "Sample_Size": "",
    "Stratification1": "",
    "StratificationId1": "",
    "LocationDisplayOrder": ""
  },
  {
    "ID": "",
    "Description": "",
    "LocationAbbr": "",
    "LocationDesc": "",
    "DataSource": "",
    "Topic": "",
    "Data_Value": "",
    "Sample_Size": "",
    "Stratification1": "",
    "StratificationId1": "",
    "LocationDisplayOrder": ""
  },
  {
    "ID": "",
    "Description": "",
    "LocationAbbr": "",
    "LocationDesc": "",
    "DataSource": "",
    "Topic": "",
    "Data_Value": "",
    "Sample_Size": "",
    "Stratification1": "",
    "StratificationId1": "",
    "LocationDisplayOrder": ""
  },
  {
    "ID": "",
    "Description": "",
    "LocationAbbr": "",
    "LocationDesc": "",
    "DataSource": "",
    "Topic": "",
    "Data_Value": "",
    "Sample_Size": "",
    "Stratification1": "",
    "StratificationId1": "",
    "LocationDisplayOrder": ""
  }
]