[
  {
    "ID": 61567,
    "Description": 2018,
    "LocationAbbr": "US",
    "LocationDesc": "National",
    "DataSource": "BRFSS",
    "Topic": "Obesity / Weight Status",
    "Data_Value": 29.5,
    "Sample_Size": "41,186",
    "Stratification1": "25 - 34",
    "StratificationId1": "AGEYR2534",
    "LocationDisplayOrder": 0
  },
  {
    "ID": 61181,
    "Description": 2018,
    "LocationAbbr": "AL",
    "LocationDesc": "Alabama",
    "DataSource": "BRFSS",
    "Topic": "Obesity / Weight Status",
    "Data_Value": 38.1,
    "Sample_Size": 562,
    "Stratification1": "25 - 34",
    "StratificationId1": "AGEYR2534",
    "LocationDisplayOrder": 1
  },
  {
    "ID": 61757,
    "Description": 2018,
    "LocationAbbr": "AK",
    "LocationDesc": "Alaska",
    "DataSource": "BRFSS",
    "Topic": "Obesity / Weight Status",
    "Data_Value": 29.3,
    "Sample_Size": 290,
    "Stratification1": "25 - 34",
    "StratificationId1": "AGEYR2534",
    "LocationDisplayOrder": 2
  },
  {
    "ID": 61784,
    "Description": 2018,
    "LocationAbbr": "AZ",
    "LocationDesc": "Arizona",
    "DataSource": "BRFSS",
    "Topic": "Obesity / Weight Status",
    "Data_Value": 33,
    "Sample_Size": 736,
    "Stratification1": "25 - 34",
    "StratificationId1": "AGEYR2534",
    "LocationDisplayOrder": 4
  },
  {
    "ID": 61811,
    "Description": 2018,
    "LocationAbbr": "AR",
    "LocationDesc": "Arkansas",
    "DataSource": "BRFSS",
    "Topic": "Obesity / Weight Status",
    "Data_Value": 39.6,
    "Sample_Size": 341,
    "Stratification1": "25 - 34",
    "StratificationId1": "AGEYR2534",
    "LocationDisplayOrder": 5
  },
  {
    "ID": 61838,
    "Description": 2018,
    "LocationAbbr": "CA",
    "LocationDesc": "California",
    "DataSource": "BRFSS",
    "Topic": "Obesity / Weight Status",
    "Data_Value": 25.4,
    "Sample_Size": "1,754",
    "Stratification1": "25 - 34",
    "StratificationId1": "AGEYR2534",
    "LocationDisplayOrder": 6
  },
  {
    "ID": 61585,
    "Description": 2018,
    "LocationAbbr": "CO",
    "LocationDesc": "Colorado",
    "DataSource": "BRFSS",
    "Topic": "Obesity / Weight Status",
    "Data_Value": 22,
    "Sample_Size": 971,
    "Stratification1": "25 - 34",
    "StratificationId1": "AGEYR2534",
    "LocationDisplayOrder": 8
  },
  {
    "ID": 61612,
    "Description": 2018,
    "LocationAbbr": "CT",
    "LocationDesc": "Connecticut",
    "DataSource": "BRFSS",
    "Topic": "Obesity / Weight Status",
    "Data_Value": 27.1,
    "Sample_Size": 772,
    "Stratification1": "25 - 34",
    "StratificationId1": "AGEYR2534",
    "LocationDisplayOrder": 9
  },
  {
    "ID": 61639,
    "Description": 2018,
    "LocationAbbr": "DE",
    "LocationDesc": "Delaware",
    "DataSource": "BRFSS",
    "Topic": "Obesity / Weight Status",
    "Data_Value": 30.2,
    "Sample_Size": 423,
    "Stratification1": "25 - 34",
    "StratificationId1": "AGEYR2534",
    "LocationDisplayOrder": 10
  },
  {
    "ID": 61666,
    "Description": 2018,
    "LocationAbbr": "DC",
    "LocationDesc": "District of Columbia",
    "DataSource": "BRFSS",
    "Topic": "Obesity / Weight Status",
    "Data_Value": 19,
    "Sample_Size": 429,
    "Stratification1": "25 - 34",
    "StratificationId1": "AGEYR2534",
    "LocationDisplayOrder": 11
  },
  {
    "ID": 61877,
    "Description": 2018,
    "LocationAbbr": "FL",
    "LocationDesc": "Florida",
    "DataSource": "BRFSS",
    "Topic": "Obesity / Weight Status",
    "Data_Value": 30.3,
    "Sample_Size": "1,388",
    "Stratification1": "25 - 34",
    "StratificationId1": "AGEYR2534",
    "LocationDisplayOrder": 12
  },
  {
    "ID": 61904,
    "Description": 2018,
    "LocationAbbr": "GA",
    "LocationDesc": "Georgia",
    "DataSource": "BRFSS",
    "Topic": "Obesity / Weight Status",
    "Data_Value": 32.7,
    "Sample_Size": 914,
    "Stratification1": "25 - 34",
    "StratificationId1": "AGEYR2534",
    "LocationDisplayOrder": 13
  },
  {
    "ID": 61931,
    "Description": 2018,
    "LocationAbbr": "HI",
    "LocationDesc": "Hawaii",
    "DataSource": "BRFSS",
    "Topic": "Obesity / Weight Status",
    "Data_Value": 25.9,
    "Sample_Size": 859,
    "Stratification1": "25 - 34",
    "StratificationId1": "AGEYR2534",
    "LocationDisplayOrder": 15
  },
  {
    "ID": 61218,
    "Description": 2018,
    "LocationAbbr": "ID",
    "LocationDesc": "Idaho",
    "DataSource": "BRFSS",
    "Topic": "Obesity / Weight Status",
    "Data_Value": 27.8,
    "Sample_Size": 385,
    "Stratification1": "25 - 34",
    "StratificationId1": "AGEYR2534",
    "LocationDisplayOrder": 16
  },
  {
    "ID": 61245,
    "Description": 2018,
    "LocationAbbr": "IL",
    "LocationDesc": "Illinois",
    "DataSource": "BRFSS",
    "Topic": "Obesity / Weight Status",
    "Data_Value": 27.4,
    "Sample_Size": 657,
    "Stratification1": "25 - 34",
    "StratificationId1": "AGEYR2534",
    "LocationDisplayOrder": 17
  },
  {
    "ID": 61272,
    "Description": 2018,
    "LocationAbbr": "IN",
    "LocationDesc": "Indiana",
    "DataSource": "BRFSS",
    "Topic": "Obesity / Weight Status",
    "Data_Value": 31.8,
    "Sample_Size": 581,
    "Stratification1": "25 - 34",
    "StratificationId1": "AGEYR2534",
    "LocationDisplayOrder": 18
  },
  {
    "ID": 61299,
    "Description": 2018,
    "LocationAbbr": "IA",
    "LocationDesc": "Iowa",
    "DataSource": "BRFSS",
    "Topic": "Obesity / Weight Status",
    "Data_Value": 34.6,
    "Sample_Size": 908,
    "Stratification1": "25 - 34",
    "StratificationId1": "AGEYR2534",
    "LocationDisplayOrder": 19
  },
  {
    "ID": 61971,
    "Description": 2018,
    "LocationAbbr": "KS",
    "LocationDesc": "Kansas",
    "DataSource": "BRFSS",
    "Topic": "Obesity / Weight Status",
    "Data_Value": 32.9,
    "Sample_Size": 986,
    "Stratification1": "25 - 34",
    "StratificationId1": "AGEYR2534",
    "LocationDisplayOrder": 20
  },
  {
    "ID": 61998,
    "Description": 2018,
    "LocationAbbr": "KY",
    "LocationDesc": "Kentucky",
    "DataSource": "BRFSS",
    "Topic": "Obesity / Weight Status",
    "Data_Value": 37,
    "Sample_Size": 789,
    "Stratification1": "25 - 34",
    "StratificationId1": "AGEYR2534",
    "LocationDisplayOrder": 21
  },
  {
    "ID": 62208,
    "Description": 2018,
    "LocationAbbr": "LA",
    "LocationDesc": "Louisiana",
    "DataSource": "BRFSS",
    "Topic": "Obesity / Weight Status",
    "Data_Value": 33.9,
    "Sample_Size": 594,
    "Stratification1": "25 - 34",
    "StratificationId1": "AGEYR2534",
    "LocationDisplayOrder": 22
  },
  {
    "ID": 62235,
    "Description": 2018,
    "LocationAbbr": "ME",
    "LocationDesc": "Maine",
    "DataSource": "BRFSS",
    "Topic": "Obesity / Weight Status",
    "Data_Value": 27.7,
    "Sample_Size": 664,
    "Stratification1": "25 - 34",
    "StratificationId1": "AGEYR2534",
    "LocationDisplayOrder": 23
  },
  {
    "ID": 62262,
    "Description": 2018,
    "LocationAbbr": "MD",
    "LocationDesc": "Maryland",
    "DataSource": "BRFSS",
    "Topic": "Obesity / Weight Status",
    "Data_Value": 27.4,
    "Sample_Size": "1,163",
    "Stratification1": "25 - 34",
    "StratificationId1": "AGEYR2534",
    "LocationDisplayOrder": 24
  },
  {
    "ID": 62289,
    "Description": 2018,
    "LocationAbbr": "MA",
    "LocationDesc": "Massachusetts",
    "DataSource": "BRFSS",
    "Topic": "Obesity / Weight Status",
    "Data_Value": 25.7,
    "Sample_Size": 723,
    "Stratification1": "25 - 34",
    "StratificationId1": "AGEYR2534",
    "LocationDisplayOrder": 25
  },
  {
    "ID": 62457,
    "Description": 2018,
    "LocationAbbr": "MI",
    "LocationDesc": "Michigan",
    "DataSource": "BRFSS",
    "Topic": "Obesity / Weight Status",
    "Data_Value": 31.4,
    "Sample_Size": "1,108",
    "Stratification1": "25 - 34",
    "StratificationId1": "AGEYR2534",
    "LocationDisplayOrder": 26
  },
  {
    "ID": 62484,
    "Description": 2018,
    "LocationAbbr": "MN",
    "LocationDesc": "Minnesota",
    "DataSource": "BRFSS",
    "Topic": "Obesity / Weight Status",
    "Data_Value": 26.9,
    "Sample_Size": "1,814",
    "Stratification1": "25 - 34",
    "StratificationId1": "AGEYR2534",
    "LocationDisplayOrder": 27
  },
  {
    "ID": 62511,
    "Description": 2018,
    "LocationAbbr": "MS",
    "LocationDesc": "Mississippi",
    "DataSource": "BRFSS",
    "Topic": "Obesity / Weight Status",
    "Data_Value": 38.5,
    "Sample_Size": 552,
    "Stratification1": "25 - 34",
    "StratificationId1": "AGEYR2534",
    "LocationDisplayOrder": 28
  },
  {
    "ID": 62918,
    "Description": 2018,
    "LocationAbbr": "MO",
    "LocationDesc": "Missouri",
    "DataSource": "BRFSS",
    "Topic": "Obesity / Weight Status",
    "Data_Value": 35.1,
    "Sample_Size": 512,
    "Stratification1": "25 - 34",
    "StratificationId1": "AGEYR2534",
    "LocationDisplayOrder": 29
  },
  {
    "ID": 62945,
    "Description": 2018,
    "LocationAbbr": "MT",
    "LocationDesc": "Montana",
    "DataSource": "BRFSS",
    "Topic": "Obesity / Weight Status",
    "Data_Value": 28.9,
    "Sample_Size": 452,
    "Stratification1": "25 - 34",
    "StratificationId1": "AGEYR2534",
    "LocationDisplayOrder": 30
  },
  {
    "ID": 62972,
    "Description": 2018,
    "LocationAbbr": "NE",
    "LocationDesc": "Nebraska",
    "DataSource": "BRFSS",
    "Topic": "Obesity / Weight Status",
    "Data_Value": 32.1,
    "Sample_Size": "1,396",
    "Stratification1": "25 - 34",
    "StratificationId1": "AGEYR2534",
    "LocationDisplayOrder": 31
  },
  {
    "ID": 62999,
    "Description": 2018,
    "LocationAbbr": "NV",
    "LocationDesc": "Nevada",
    "DataSource": "BRFSS",
    "Topic": "Obesity / Weight Status",
    "Data_Value": 29.6,
    "Sample_Size": 380,
    "Stratification1": "25 - 34",
    "StratificationId1": "AGEYR2534",
    "LocationDisplayOrder": 32
  },
  {
    "ID": 62550,
    "Description": 2018,
    "LocationAbbr": "NH",
    "LocationDesc": "New Hampshire",
    "DataSource": "BRFSS",
    "Topic": "Obesity / Weight Status",
    "Data_Value": 24.7,
    "Sample_Size": 325,
    "Stratification1": "25 - 34",
    "StratificationId1": "AGEYR2534",
    "LocationDisplayOrder": 33
  },
  {
    "ID": 62577,
    "Description": 2018,
    "LocationAbbr": "NJ",
    "LocationDesc": "New Jersey",
    "DataSource": "BRFSS",
    "Topic": "Obesity / Weight Status",
    "Data_Value": 21.8,
    "Sample_Size": 357,
    "Stratification1": "25 - 34",
    "StratificationId1": "AGEYR2534",
    "LocationDisplayOrder": 34
  },
  {
    "ID": 62604,
    "Description": 2018,
    "LocationAbbr": "NM",
    "LocationDesc": "New Mexico",
    "DataSource": "BRFSS",
    "Topic": "Obesity / Weight Status",
    "Data_Value": 35.5,
    "Sample_Size": 661,
    "Stratification1": "25 - 34",
    "StratificationId1": "AGEYR2534",
    "LocationDisplayOrder": 35
  },
  {
    "ID": 62110,
    "Description": 2018,
    "LocationAbbr": "NY",
    "LocationDesc": "New York",
    "DataSource": "BRFSS",
    "Topic": "Obesity / Weight Status",
    "Data_Value": 25.2,
    "Sample_Size": "3,664",
    "Stratification1": "25 - 34",
    "StratificationId1": "AGEYR2534",
    "LocationDisplayOrder": 36
  },
  {
    "ID": 62137,
    "Description": 2018,
    "LocationAbbr": "NC",
    "LocationDesc": "North Carolina",
    "DataSource": "BRFSS",
    "Topic": "Obesity / Weight Status",
    "Data_Value": 31.6,
    "Sample_Size": 549,
    "Stratification1": "25 - 34",
    "StratificationId1": "AGEYR2534",
    "LocationDisplayOrder": 37
  },
  {
    "ID": 62164,
    "Description": 2018,
    "LocationAbbr": "ND",
    "LocationDesc": "North Dakota",
    "DataSource": "BRFSS",
    "Topic": "Obesity / Weight Status",
    "Data_Value": 35.7,
    "Sample_Size": 436,
    "Stratification1": "25 - 34",
    "StratificationId1": "AGEYR2534",
    "LocationDisplayOrder": 38
  },
  {
    "ID": 62191,
    "Description": 2018,
    "LocationAbbr": "OH",
    "LocationDesc": "Ohio",
    "DataSource": "BRFSS",
    "Topic": "Obesity / Weight Status",
    "Data_Value": 31,
    "Sample_Size": "1,067",
    "Stratification1": "25 - 34",
    "StratificationId1": "AGEYR2534",
    "LocationDisplayOrder": 39
  },
  {
    "ID": 62314,
    "Description": 2018,
    "LocationAbbr": "OK",
    "LocationDesc": "Oklahoma",
    "DataSource": "BRFSS",
    "Topic": "Obesity / Weight Status",
    "Data_Value": 35.4,
    "Sample_Size": 498,
    "Stratification1": "25 - 34",
    "StratificationId1": "AGEYR2534",
    "LocationDisplayOrder": 40
  },
  {
    "ID": 62341,
    "Description": 2018,
    "LocationAbbr": "OR",
    "LocationDesc": "Oregon",
    "DataSource": "BRFSS",
    "Topic": "Obesity / Weight Status",
    "Data_Value": 29.5,
    "Sample_Size": 715,
    "Stratification1": "25 - 34",
    "StratificationId1": "AGEYR2534",
    "LocationDisplayOrder": 41
  },
  {
    "ID": 62368,
    "Description": 2018,
    "LocationAbbr": "PA",
    "LocationDesc": "Pennsylvania",
    "DataSource": "BRFSS",
    "Topic": "Obesity / Weight Status",
    "Data_Value": 27.6,
    "Sample_Size": 759,
    "Stratification1": "25 - 34",
    "StratificationId1": "AGEYR2534",
    "LocationDisplayOrder": 42
  },
  {
    "ID": 62630,
    "Description": 2018,
    "LocationAbbr": "RI",
    "LocationDesc": "Rhode Island",
    "DataSource": "BRFSS",
    "Topic": "Obesity / Weight Status",
    "Data_Value": 27.5,
    "Sample_Size": 451,
    "Stratification1": "25 - 34",
    "StratificationId1": "AGEYR2534",
    "LocationDisplayOrder": 44
  },
  {
    "ID": 62657,
    "Description": 2018,
    "LocationAbbr": "SC",
    "LocationDesc": "South Carolina",
    "DataSource": "BRFSS",
    "Topic": "Obesity / Weight Status",
    "Data_Value": 32.3,
    "Sample_Size": 701,
    "Stratification1": "25 - 34",
    "StratificationId1": "AGEYR2534",
    "LocationDisplayOrder": 45
  },
  {
    "ID": 62684,
    "Description": 2018,
    "LocationAbbr": "SD",
    "LocationDesc": "South Dakota",
    "DataSource": "BRFSS",
    "Topic": "Obesity / Weight Status",
    "Data_Value": 27,
    "Sample_Size": 634,
    "Stratification1": "25 - 34",
    "StratificationId1": "AGEYR2534",
    "LocationDisplayOrder": 46
  },
  {
    "ID": 62711,
    "Description": 2018,
    "LocationAbbr": "TN",
    "LocationDesc": "Tennessee",
    "DataSource": "BRFSS",
    "Topic": "Obesity / Weight Status",
    "Data_Value": 29.2,
    "Sample_Size": 559,
    "Stratification1": "25 - 34",
    "StratificationId1": "AGEYR2534",
    "LocationDisplayOrder": 47
  },
  {
    "ID": 62738,
    "Description": 2018,
    "LocationAbbr": "TX",
    "LocationDesc": "Texas",
    "DataSource": "BRFSS",
    "Topic": "Obesity / Weight Status",
    "Data_Value": 32.4,
    "Sample_Size": "1,314",
    "Stratification1": "25 - 34",
    "StratificationId1": "AGEYR2534",
    "LocationDisplayOrder": 48
  },
  {
    "ID": 62765,
    "Description": 2018,
    "LocationAbbr": "UT",
    "LocationDesc": "Utah",
    "DataSource": "BRFSS",
    "Topic": "Obesity / Weight Status",
    "Data_Value": 25.7,
    "Sample_Size": "1,480",
    "Stratification1": "25 - 34",
    "StratificationId1": "AGEYR2534",
    "LocationDisplayOrder": 49
  },
  {
    "ID": 62792,
    "Description": 2018,
    "LocationAbbr": "VT",
    "LocationDesc": "Vermont",
    "DataSource": "BRFSS",
    "Topic": "Obesity / Weight Status",
    "Data_Value": 26.7,
    "Sample_Size": 460,
    "Stratification1": "25 - 34",
    "StratificationId1": "AGEYR2534",
    "LocationDisplayOrder": 50
  },
  {
    "ID": 62819,
    "Description": 2018,
    "LocationAbbr": "VA",
    "LocationDesc": "Virginia",
    "DataSource": "BRFSS",
    "Topic": "Obesity / Weight Status",
    "Data_Value": 30,
    "Sample_Size": 998,
    "Stratification1": "25 - 34",
    "StratificationId1": "AGEYR2534",
    "LocationDisplayOrder": 51
  },
  {
    "ID": 62846,
    "Description": 2018,
    "LocationAbbr": "WA",
    "LocationDesc": "Washington",
    "DataSource": "BRFSS",
    "Topic": "Obesity / Weight Status",
    "Data_Value": 29.9,
    "Sample_Size": "1,272",
    "Stratification1": "25 - 34",
    "StratificationId1": "AGEYR2534",
    "LocationDisplayOrder": 53
  },
  {
    "ID": 62873,
    "Description": 2018,
    "LocationAbbr": "WV",
    "LocationDesc": "West Virginia",
    "DataSource": "BRFSS",
    "Topic": "Obesity / Weight Status",
    "Data_Value": 40.8,
    "Sample_Size": 378,
    "Stratification1": "25 - 34",
    "StratificationId1": "AGEYR2534",
    "LocationDisplayOrder": 54
  },
  {
    "ID": 62900,
    "Description": 2018,
    "LocationAbbr": "WI",
    "LocationDesc": "Wisconsin",
    "DataSource": "BRFSS",
    "Topic": "Obesity / Weight Status",
    "Data_Value": 34.4,
    "Sample_Size": 477,
    "Stratification1": "25 - 34",
    "StratificationId1": "AGEYR2534",
    "LocationDisplayOrder": 55
  },
  {
    "ID": 63023,
    "Description": 2018,
    "LocationAbbr": "WY",
    "LocationDesc": "Wyoming",
    "DataSource": "BRFSS",
    "Topic": "Obesity / Weight Status",
    "Data_Value": 22.3,
    "Sample_Size": 328,
    "Stratification1": "25 - 34",
    "StratificationId1": "AGEYR2534",
    "LocationDisplayOrder": 56
  },
  {
    "ID": 63050,
    "Description": 2018,
    "LocationAbbr": "GU",
    "LocationDesc": "Guam",
    "DataSource": "BRFSS",
    "Topic": "Obesity / Weight Status",
    "Data_Value": 36,
    "Sample_Size": 206,
    "Stratification1": "25 - 34",
    "StratificationId1": "AGEYR2534",
    "LocationDisplayOrder": 66
  },
  {
    "ID": 63077,
    "Description": 2018,
    "LocationAbbr": "PR",
    "LocationDesc": "Puerto Rico",
    "DataSource": "BRFSS",
    "Topic": "Obesity / Weight Status",
    "Data_Value": 35.9,
    "Sample_Size": 615,
    "Stratification1": "25 - 34",
    "StratificationId1": "AGEYR2534",
    "LocationDisplayOrder": 72
  },
  {
    "ID": 63105,
    "Description": 2018,
    "LocationAbbr": "VI",
    "LocationDesc": "Virgin Islands",
    "DataSource": "BRFSS",
    "Topic": "Obesity / Weight Status",
    "Data_Value": "~",
    "Sample_Size": "~",
    "Stratification1": "25 - 34",
    "StratificationId1": "AGEYR2534",
    "LocationDisplayOrder": 78
  },
  {
    "ID": "",
    "Description": "",
    "LocationAbbr": "",
    "LocationDesc": "",
    "DataSource": "",
    "Topic": "",
    "Data_Value": "",
    "Sample_Size": "",
    "Stratification1": "",
    "StratificationId1": "",
    "LocationDisplayOrder": ""
  },
  {
    "ID": "",
    "Description": "",
    "LocationAbbr": "",
    "LocationDesc": "",
    "DataSource": "",
    "Topic": "",
    "Data_Value": "",
    "Sample_Size": "",
    "Stratification1": "",
    "StratificationId1": "",
    "LocationDisplayOrder": ""
  },
  {
    "ID": "",
    "Description": "",
    "LocationAbbr": "",
    "LocationDesc": "",
    "DataSource": "",
    "Topic": "",
    "Data_Value": "",
    "Sample_Size": "",
    "Stratification1": "",
    "StratificationId1": "",
    "LocationDisplayOrder": ""
  },
  {
    "ID": "",
    "Description": "",
    "LocationAbbr": "",
    "LocationDesc": "",
    "DataSource": "",
    "Topic": "",
    "Data_Value": "",
    "Sample_Size": "",
    "Stratification1": "",
    "StratificationId1": "",
    "LocationDisplayOrder": ""
  },
  {
    "ID": "",
    "Description": "",
    "LocationAbbr": "",
    "LocationDesc": "",
    "DataSource": "",
    "Topic": "",
    "Data_Value": "",
    "Sample_Size": "",
    "Stratification1": "",
    "StratificationId1": "",
    "LocationDisplayOrder": ""
  },
  {
    "ID": "",
    "Description": "",
    "LocationAbbr": "",
    "LocationDesc": "",
    "DataSource": "",
    "Topic": "",
    "Data_Value": "",
    "Sample_Size": "",
    "Stratification1": "",
    "StratificationId1": "",
    "LocationDisplayOrder": ""
  },
  {
    "ID": "",
    "Description": "",
    "LocationAbbr": "",
    "LocationDesc": "",
    "DataSource": "",
    "Topic": "",
    "Data_Value": "",
    "Sample_Size": "",
    "Stratification1": "",
    "StratificationId1": "",
    "LocationDisplayOrder": ""
  },
  {
    "ID": "",
    "Description": "",
    "LocationAbbr": "",
    "LocationDesc": "",
    "DataSource": "",
    "Topic": "",
    "Data_Value": "",
    "Sample_Size": "",
    "Stratification1": "",
    "StratificationId1": "",
    "LocationDisplayOrder": ""
  },
  {
    "ID": "",
    "Description": "",
    "LocationAbbr": "",
    "LocationDesc": "",
    "DataSource": "",
    "Topic": "",
    "Data_Value": "",
    "Sample_Size": "",
    "Stratification1": "",
    "StratificationId1": "",
    "LocationDisplayOrder": ""
  },
  {
    "ID": "",
    "Description": "",
    "LocationAbbr": "",
    "LocationDesc": "",
    "DataSource": "",
    "Topic": "",
    "Data_Value": "",
    "Sample_Size": "",
    "Stratification1": "",
    "StratificationId1": "",
    "LocationDisplayOrder": ""
  }
]