[
  {
    "ID": 61562,
    "Description": 2018,
    "LocationAbbr": "US",
    "LocationDesc": "National",
    "DataSource": "BRFSS",
    "Topic": "Obesity / Weight Status",
    "Data_Value": 35,
    "Sample_Size": "27,552",
    "Stratification1": "Less than high school",
    "StratificationId1": "EDUHS",
    "LocationDisplayOrder": 0
  },
  {
    "ID": 61176,
    "Description": 2018,
    "LocationAbbr": "AL",
    "LocationDesc": "Alabama",
    "DataSource": "BRFSS",
    "Topic": "Obesity / Weight Status",
    "Data_Value": 39.2,
    "Sample_Size": 649,
    "Stratification1": "Less than high school",
    "StratificationId1": "EDUHS",
    "LocationDisplayOrder": 1
  },
  {
    "ID": 61203,
    "Description": 2018,
    "LocationAbbr": "AK",
    "LocationDesc": "Alaska",
    "DataSource": "BRFSS",
    "Topic": "Obesity / Weight Status",
    "Data_Value": 30.7,
    "Sample_Size": 165,
    "Stratification1": "Less than high school",
    "StratificationId1": "EDUHS",
    "LocationDisplayOrder": 2
  },
  {
    "ID": 61779,
    "Description": 2018,
    "LocationAbbr": "AZ",
    "LocationDesc": "Arizona",
    "DataSource": "BRFSS",
    "Topic": "Obesity / Weight Status",
    "Data_Value": 38.4,
    "Sample_Size": 508,
    "Stratification1": "Less than high school",
    "StratificationId1": "EDUHS",
    "LocationDisplayOrder": 4
  },
  {
    "ID": 61806,
    "Description": 2018,
    "LocationAbbr": "AR",
    "LocationDesc": "Arkansas",
    "DataSource": "BRFSS",
    "Topic": "Obesity / Weight Status",
    "Data_Value": 36.4,
    "Sample_Size": 486,
    "Stratification1": "Less than high school",
    "StratificationId1": "EDUHS",
    "LocationDisplayOrder": 5
  },
  {
    "ID": 61833,
    "Description": 2018,
    "LocationAbbr": "CA",
    "LocationDesc": "California",
    "DataSource": "BRFSS",
    "Topic": "Obesity / Weight Status",
    "Data_Value": 34.4,
    "Sample_Size": "1,404",
    "Stratification1": "Less than high school",
    "StratificationId1": "EDUHS",
    "LocationDisplayOrder": 6
  },
  {
    "ID": 61580,
    "Description": 2018,
    "LocationAbbr": "CO",
    "LocationDesc": "Colorado",
    "DataSource": "BRFSS",
    "Topic": "Obesity / Weight Status",
    "Data_Value": 29.4,
    "Sample_Size": 511,
    "Stratification1": "Less than high school",
    "StratificationId1": "EDUHS",
    "LocationDisplayOrder": 8
  },
  {
    "ID": 61607,
    "Description": 2018,
    "LocationAbbr": "CT",
    "LocationDesc": "Connecticut",
    "DataSource": "BRFSS",
    "Topic": "Obesity / Weight Status",
    "Data_Value": 31.2,
    "Sample_Size": 478,
    "Stratification1": "Less than high school",
    "StratificationId1": "EDUHS",
    "LocationDisplayOrder": 9
  },
  {
    "ID": 61634,
    "Description": 2018,
    "LocationAbbr": "DE",
    "LocationDesc": "Delaware",
    "DataSource": "BRFSS",
    "Topic": "Obesity / Weight Status",
    "Data_Value": 42.1,
    "Sample_Size": 351,
    "Stratification1": "Less than high school",
    "StratificationId1": "EDUHS",
    "LocationDisplayOrder": 10
  },
  {
    "ID": 61661,
    "Description": 2018,
    "LocationAbbr": "DC",
    "LocationDesc": "District of Columbia",
    "DataSource": "BRFSS",
    "Topic": "Obesity / Weight Status",
    "Data_Value": 39.5,
    "Sample_Size": 227,
    "Stratification1": "Less than high school",
    "StratificationId1": "EDUHS",
    "LocationDisplayOrder": 11
  },
  {
    "ID": 61872,
    "Description": 2018,
    "LocationAbbr": "FL",
    "LocationDesc": "Florida",
    "DataSource": "BRFSS",
    "Topic": "Obesity / Weight Status",
    "Data_Value": 37.2,
    "Sample_Size": "1,230",
    "Stratification1": "Less than high school",
    "StratificationId1": "EDUHS",
    "LocationDisplayOrder": 12
  },
  {
    "ID": 61899,
    "Description": 2018,
    "LocationAbbr": "GA",
    "LocationDesc": "Georgia",
    "DataSource": "BRFSS",
    "Topic": "Obesity / Weight Status",
    "Data_Value": 36.9,
    "Sample_Size": 757,
    "Stratification1": "Less than high school",
    "StratificationId1": "EDUHS",
    "LocationDisplayOrder": 13
  },
  {
    "ID": 61926,
    "Description": 2018,
    "LocationAbbr": "HI",
    "LocationDesc": "Hawaii",
    "DataSource": "BRFSS",
    "Topic": "Obesity / Weight Status",
    "Data_Value": 28,
    "Sample_Size": 314,
    "Stratification1": "Less than high school",
    "StratificationId1": "EDUHS",
    "LocationDisplayOrder": 15
  },
  {
    "ID": 61213,
    "Description": 2018,
    "LocationAbbr": "ID",
    "LocationDesc": "Idaho",
    "DataSource": "BRFSS",
    "Topic": "Obesity / Weight Status",
    "Data_Value": 32.7,
    "Sample_Size": 249,
    "Stratification1": "Less than high school",
    "StratificationId1": "EDUHS",
    "LocationDisplayOrder": 16
  },
  {
    "ID": 61240,
    "Description": 2018,
    "LocationAbbr": "IL",
    "LocationDesc": "Illinois",
    "DataSource": "BRFSS",
    "Topic": "Obesity / Weight Status",
    "Data_Value": 36.7,
    "Sample_Size": 382,
    "Stratification1": "Less than high school",
    "StratificationId1": "EDUHS",
    "LocationDisplayOrder": 17
  },
  {
    "ID": 61267,
    "Description": 2018,
    "LocationAbbr": "IN",
    "LocationDesc": "Indiana",
    "DataSource": "BRFSS",
    "Topic": "Obesity / Weight Status",
    "Data_Value": 34.6,
    "Sample_Size": 542,
    "Stratification1": "Less than high school",
    "StratificationId1": "EDUHS",
    "LocationDisplayOrder": 18
  },
  {
    "ID": 61294,
    "Description": 2018,
    "LocationAbbr": "IA",
    "LocationDesc": "Iowa",
    "DataSource": "BRFSS",
    "Topic": "Obesity / Weight Status",
    "Data_Value": 38.4,
    "Sample_Size": 444,
    "Stratification1": "Less than high school",
    "StratificationId1": "EDUHS",
    "LocationDisplayOrder": 19
  },
  {
    "ID": 61966,
    "Description": 2018,
    "LocationAbbr": "KS",
    "LocationDesc": "Kansas",
    "DataSource": "BRFSS",
    "Topic": "Obesity / Weight Status",
    "Data_Value": 32.4,
    "Sample_Size": 485,
    "Stratification1": "Less than high school",
    "StratificationId1": "EDUHS",
    "LocationDisplayOrder": 20
  },
  {
    "ID": 61993,
    "Description": 2018,
    "LocationAbbr": "KY",
    "LocationDesc": "Kentucky",
    "DataSource": "BRFSS",
    "Topic": "Obesity / Weight Status",
    "Data_Value": 37.8,
    "Sample_Size": 717,
    "Stratification1": "Less than high school",
    "StratificationId1": "EDUHS",
    "LocationDisplayOrder": 21
  },
  {
    "ID": 62203,
    "Description": 2018,
    "LocationAbbr": "LA",
    "LocationDesc": "Louisiana",
    "DataSource": "BRFSS",
    "Topic": "Obesity / Weight Status",
    "Data_Value": 36,
    "Sample_Size": 442,
    "Stratification1": "Less than high school",
    "StratificationId1": "EDUHS",
    "LocationDisplayOrder": 22
  },
  {
    "ID": 62230,
    "Description": 2018,
    "LocationAbbr": "ME",
    "LocationDesc": "Maine",
    "DataSource": "BRFSS",
    "Topic": "Obesity / Weight Status",
    "Data_Value": 34.6,
    "Sample_Size": 532,
    "Stratification1": "Less than high school",
    "StratificationId1": "EDUHS",
    "LocationDisplayOrder": 23
  },
  {
    "ID": 62257,
    "Description": 2018,
    "LocationAbbr": "MD",
    "LocationDesc": "Maryland",
    "DataSource": "BRFSS",
    "Topic": "Obesity / Weight Status",
    "Data_Value": 35.1,
    "Sample_Size": 833,
    "Stratification1": "Less than high school",
    "StratificationId1": "EDUHS",
    "LocationDisplayOrder": 24
  },
  {
    "ID": 62284,
    "Description": 2018,
    "LocationAbbr": "MA",
    "LocationDesc": "Massachusetts",
    "DataSource": "BRFSS",
    "Topic": "Obesity / Weight Status",
    "Data_Value": 29,
    "Sample_Size": 282,
    "Stratification1": "Less than high school",
    "StratificationId1": "EDUHS",
    "LocationDisplayOrder": 25
  },
  {
    "ID": 62452,
    "Description": 2018,
    "LocationAbbr": "MI",
    "LocationDesc": "Michigan",
    "DataSource": "BRFSS",
    "Topic": "Obesity / Weight Status",
    "Data_Value": 34.9,
    "Sample_Size": 449,
    "Stratification1": "Less than high school",
    "StratificationId1": "EDUHS",
    "LocationDisplayOrder": 26
  },
  {
    "ID": 62479,
    "Description": 2018,
    "LocationAbbr": "MN",
    "LocationDesc": "Minnesota",
    "DataSource": "BRFSS",
    "Topic": "Obesity / Weight Status",
    "Data_Value": 33.4,
    "Sample_Size": 568,
    "Stratification1": "Less than high school",
    "StratificationId1": "EDUHS",
    "LocationDisplayOrder": 27
  },
  {
    "ID": 62506,
    "Description": 2018,
    "LocationAbbr": "MS",
    "LocationDesc": "Mississippi",
    "DataSource": "BRFSS",
    "Topic": "Obesity / Weight Status",
    "Data_Value": 38.4,
    "Sample_Size": 697,
    "Stratification1": "Less than high school",
    "StratificationId1": "EDUHS",
    "LocationDisplayOrder": 28
  },
  {
    "ID": 62533,
    "Description": 2018,
    "LocationAbbr": "MO",
    "LocationDesc": "Missouri",
    "DataSource": "BRFSS",
    "Topic": "Obesity / Weight Status",
    "Data_Value": 37.9,
    "Sample_Size": 463,
    "Stratification1": "Less than high school",
    "StratificationId1": "EDUHS",
    "LocationDisplayOrder": 29
  },
  {
    "ID": 62940,
    "Description": 2018,
    "LocationAbbr": "MT",
    "LocationDesc": "Montana",
    "DataSource": "BRFSS",
    "Topic": "Obesity / Weight Status",
    "Data_Value": 25.8,
    "Sample_Size": 300,
    "Stratification1": "Less than high school",
    "StratificationId1": "EDUHS",
    "LocationDisplayOrder": 30
  },
  {
    "ID": 62967,
    "Description": 2018,
    "LocationAbbr": "NE",
    "LocationDesc": "Nebraska",
    "DataSource": "BRFSS",
    "Topic": "Obesity / Weight Status",
    "Data_Value": 39.5,
    "Sample_Size": 857,
    "Stratification1": "Less than high school",
    "StratificationId1": "EDUHS",
    "LocationDisplayOrder": 31
  },
  {
    "ID": 62994,
    "Description": 2018,
    "LocationAbbr": "NV",
    "LocationDesc": "Nevada",
    "DataSource": "BRFSS",
    "Topic": "Obesity / Weight Status",
    "Data_Value": 33.6,
    "Sample_Size": 254,
    "Stratification1": "Less than high school",
    "StratificationId1": "EDUHS",
    "LocationDisplayOrder": 32
  },
  {
    "ID": 62545,
    "Description": 2018,
    "LocationAbbr": "NH",
    "LocationDesc": "New Hampshire",
    "DataSource": "BRFSS",
    "Topic": "Obesity / Weight Status",
    "Data_Value": 42,
    "Sample_Size": 234,
    "Stratification1": "Less than high school",
    "StratificationId1": "EDUHS",
    "LocationDisplayOrder": 33
  },
  {
    "ID": 62572,
    "Description": 2018,
    "LocationAbbr": "NJ",
    "LocationDesc": "New Jersey",
    "DataSource": "BRFSS",
    "Topic": "Obesity / Weight Status",
    "Data_Value": 26.6,
    "Sample_Size": 140,
    "Stratification1": "Less than high school",
    "StratificationId1": "EDUHS",
    "LocationDisplayOrder": 34
  },
  {
    "ID": 62599,
    "Description": 2018,
    "LocationAbbr": "NM",
    "LocationDesc": "New Mexico",
    "DataSource": "BRFSS",
    "Topic": "Obesity / Weight Status",
    "Data_Value": 39.1,
    "Sample_Size": 721,
    "Stratification1": "Less than high school",
    "StratificationId1": "EDUHS",
    "LocationDisplayOrder": 35
  },
  {
    "ID": 62626,
    "Description": 2018,
    "LocationAbbr": "NY",
    "LocationDesc": "New York",
    "DataSource": "BRFSS",
    "Topic": "Obesity / Weight Status",
    "Data_Value": 31.6,
    "Sample_Size": "2,338",
    "Stratification1": "Less than high school",
    "StratificationId1": "EDUHS",
    "LocationDisplayOrder": 36
  },
  {
    "ID": 62132,
    "Description": 2018,
    "LocationAbbr": "NC",
    "LocationDesc": "North Carolina",
    "DataSource": "BRFSS",
    "Topic": "Obesity / Weight Status",
    "Data_Value": 37.8,
    "Sample_Size": 433,
    "Stratification1": "Less than high school",
    "StratificationId1": "EDUHS",
    "LocationDisplayOrder": 37
  },
  {
    "ID": 62159,
    "Description": 2018,
    "LocationAbbr": "ND",
    "LocationDesc": "North Dakota",
    "DataSource": "BRFSS",
    "Topic": "Obesity / Weight Status",
    "Data_Value": 33.4,
    "Sample_Size": 263,
    "Stratification1": "Less than high school",
    "StratificationId1": "EDUHS",
    "LocationDisplayOrder": 38
  },
  {
    "ID": 62186,
    "Description": 2018,
    "LocationAbbr": "OH",
    "LocationDesc": "Ohio",
    "DataSource": "BRFSS",
    "Topic": "Obesity / Weight Status",
    "Data_Value": 32.2,
    "Sample_Size": 811,
    "Stratification1": "Less than high school",
    "StratificationId1": "EDUHS",
    "LocationDisplayOrder": 39
  },
  {
    "ID": 62309,
    "Description": 2018,
    "LocationAbbr": "OK",
    "LocationDesc": "Oklahoma",
    "DataSource": "BRFSS",
    "Topic": "Obesity / Weight Status",
    "Data_Value": 33.2,
    "Sample_Size": 357,
    "Stratification1": "Less than high school",
    "StratificationId1": "EDUHS",
    "LocationDisplayOrder": 40
  },
  {
    "ID": 62336,
    "Description": 2018,
    "LocationAbbr": "OR",
    "LocationDesc": "Oregon",
    "DataSource": "BRFSS",
    "Topic": "Obesity / Weight Status",
    "Data_Value": 35.5,
    "Sample_Size": 320,
    "Stratification1": "Less than high school",
    "StratificationId1": "EDUHS",
    "LocationDisplayOrder": 41
  },
  {
    "ID": 62363,
    "Description": 2018,
    "LocationAbbr": "PA",
    "LocationDesc": "Pennsylvania",
    "DataSource": "BRFSS",
    "Topic": "Obesity / Weight Status",
    "Data_Value": 26.9,
    "Sample_Size": 313,
    "Stratification1": "Less than high school",
    "StratificationId1": "EDUHS",
    "LocationDisplayOrder": 42
  },
  {
    "ID": 62390,
    "Description": 2018,
    "LocationAbbr": "RI",
    "LocationDesc": "Rhode Island",
    "DataSource": "BRFSS",
    "Topic": "Obesity / Weight Status",
    "Data_Value": 35.5,
    "Sample_Size": 349,
    "Stratification1": "Less than high school",
    "StratificationId1": "EDUHS",
    "LocationDisplayOrder": 44
  },
  {
    "ID": 62652,
    "Description": 2018,
    "LocationAbbr": "SC",
    "LocationDesc": "South Carolina",
    "DataSource": "BRFSS",
    "Topic": "Obesity / Weight Status",
    "Data_Value": 36.9,
    "Sample_Size": 995,
    "Stratification1": "Less than high school",
    "StratificationId1": "EDUHS",
    "LocationDisplayOrder": 45
  },
  {
    "ID": 62679,
    "Description": 2018,
    "LocationAbbr": "SD",
    "LocationDesc": "South Dakota",
    "DataSource": "BRFSS",
    "Topic": "Obesity / Weight Status",
    "Data_Value": 30.5,
    "Sample_Size": 386,
    "Stratification1": "Less than high school",
    "StratificationId1": "EDUHS",
    "LocationDisplayOrder": 46
  },
  {
    "ID": 62706,
    "Description": 2018,
    "LocationAbbr": "TN",
    "LocationDesc": "Tennessee",
    "DataSource": "BRFSS",
    "Topic": "Obesity / Weight Status",
    "Data_Value": 34.6,
    "Sample_Size": 448,
    "Stratification1": "Less than high school",
    "StratificationId1": "EDUHS",
    "LocationDisplayOrder": 47
  },
  {
    "ID": 62733,
    "Description": 2018,
    "LocationAbbr": "TX",
    "LocationDesc": "Texas",
    "DataSource": "BRFSS",
    "Topic": "Obesity / Weight Status",
    "Data_Value": 39.6,
    "Sample_Size": "1,007",
    "Stratification1": "Less than high school",
    "StratificationId1": "EDUHS",
    "LocationDisplayOrder": 48
  },
  {
    "ID": 62760,
    "Description": 2018,
    "LocationAbbr": "UT",
    "LocationDesc": "Utah",
    "DataSource": "BRFSS",
    "Topic": "Obesity / Weight Status",
    "Data_Value": 29.1,
    "Sample_Size": 453,
    "Stratification1": "Less than high school",
    "StratificationId1": "EDUHS",
    "LocationDisplayOrder": 49
  },
  {
    "ID": 62787,
    "Description": 2018,
    "LocationAbbr": "VT",
    "LocationDesc": "Vermont",
    "DataSource": "BRFSS",
    "Topic": "Obesity / Weight Status",
    "Data_Value": 32.3,
    "Sample_Size": 280,
    "Stratification1": "Less than high school",
    "StratificationId1": "EDUHS",
    "LocationDisplayOrder": 50
  },
  {
    "ID": 62814,
    "Description": 2018,
    "LocationAbbr": "VA",
    "LocationDesc": "Virginia",
    "DataSource": "BRFSS",
    "Topic": "Obesity / Weight Status",
    "Data_Value": 34.1,
    "Sample_Size": 650,
    "Stratification1": "Less than high school",
    "StratificationId1": "EDUHS",
    "LocationDisplayOrder": 51
  },
  {
    "ID": 62841,
    "Description": 2018,
    "LocationAbbr": "WA",
    "LocationDesc": "Washington",
    "DataSource": "BRFSS",
    "Topic": "Obesity / Weight Status",
    "Data_Value": 31.4,
    "Sample_Size": 618,
    "Stratification1": "Less than high school",
    "StratificationId1": "EDUHS",
    "LocationDisplayOrder": 53
  },
  {
    "ID": 62868,
    "Description": 2018,
    "LocationAbbr": "WV",
    "LocationDesc": "West Virginia",
    "DataSource": "BRFSS",
    "Topic": "Obesity / Weight Status",
    "Data_Value": 41.8,
    "Sample_Size": 443,
    "Stratification1": "Less than high school",
    "StratificationId1": "EDUHS",
    "LocationDisplayOrder": 54
  },
  {
    "ID": 62895,
    "Description": 2018,
    "LocationAbbr": "WI",
    "LocationDesc": "Wisconsin",
    "DataSource": "BRFSS",
    "Topic": "Obesity / Weight Status",
    "Data_Value": 30.2,
    "Sample_Size": 224,
    "Stratification1": "Less than high school",
    "StratificationId1": "EDUHS",
    "LocationDisplayOrder": 55
  },
  {
    "ID": 63018,
    "Description": 2018,
    "LocationAbbr": "WY",
    "LocationDesc": "Wyoming",
    "DataSource": "BRFSS",
    "Topic": "Obesity / Weight Status",
    "Data_Value": 30.2,
    "Sample_Size": 193,
    "Stratification1": "Less than high school",
    "StratificationId1": "EDUHS",
    "LocationDisplayOrder": 56
  },
  {
    "ID": 63045,
    "Description": 2018,
    "LocationAbbr": "GU",
    "LocationDesc": "Guam",
    "DataSource": "BRFSS",
    "Topic": "Obesity / Weight Status",
    "Data_Value": 30.8,
    "Sample_Size": 132,
    "Stratification1": "Less than high school",
    "StratificationId1": "EDUHS",
    "LocationDisplayOrder": 66
  },
  {
    "ID": 63072,
    "Description": 2018,
    "LocationAbbr": "PR",
    "LocationDesc": "Puerto Rico",
    "DataSource": "BRFSS",
    "Topic": "Obesity / Weight Status",
    "Data_Value": 35.3,
    "Sample_Size": 659,
    "Stratification1": "Less than high school",
    "StratificationId1": "EDUHS",
    "LocationDisplayOrder": 72
  },
  {
    "ID": 63100,
    "Description": 2018,
    "LocationAbbr": "VI",
    "LocationDesc": "Virgin Islands",
    "DataSource": "BRFSS",
    "Topic": "Obesity / Weight Status",
    "Data_Value": "~",
    "Sample_Size": "~",
    "Stratification1": "Less than high school",
    "StratificationId1": "EDUHS",
    "LocationDisplayOrder": 78
  },
  {
    "ID": "",
    "Description": "",
    "LocationAbbr": "",
    "LocationDesc": "",
    "DataSource": "",
    "Topic": "",
    "Data_Value": "",
    "Sample_Size": "",
    "Stratification1": "",
    "StratificationId1": "",
    "LocationDisplayOrder": ""
  },
  {
    "ID": "",
    "Description": "",
    "LocationAbbr": "",
    "LocationDesc": "",
    "DataSource": "",
    "Topic": "",
    "Data_Value": "",
    "Sample_Size": "",
    "Stratification1": "",
    "StratificationId1": "",
    "LocationDisplayOrder": ""
  },
  {
    "ID": "",
    "Description": "",
    "LocationAbbr": "",
    "LocationDesc": "",
    "DataSource": "",
    "Topic": "",
    "Data_Value": "",
    "Sample_Size": "",
    "Stratification1": "",
    "StratificationId1": "",
    "LocationDisplayOrder": ""
  },
  {
    "ID": "",
    "Description": "",
    "LocationAbbr": "",
    "LocationDesc": "",
    "DataSource": "",
    "Topic": "",
    "Data_Value": "",
    "Sample_Size": "",
    "Stratification1": "",
    "StratificationId1": "",
    "LocationDisplayOrder": ""
  },
  {
    "ID": "",
    "Description": "",
    "LocationAbbr": "",
    "LocationDesc": "",
    "DataSource": "",
    "Topic": "",
    "Data_Value": "",
    "Sample_Size": "",
    "Stratification1": "",
    "StratificationId1": "",
    "LocationDisplayOrder": ""
  },
  {
    "ID": "",
    "Description": "",
    "LocationAbbr": "",
    "LocationDesc": "",
    "DataSource": "",
    "Topic": "",
    "Data_Value": "",
    "Sample_Size": "",
    "Stratification1": "",
    "StratificationId1": "",
    "LocationDisplayOrder": ""
  },
  {
    "ID": "",
    "Description": "",
    "LocationAbbr": "",
    "LocationDesc": "",
    "DataSource": "",
    "Topic": "",
    "Data_Value": "",
    "Sample_Size": "",
    "Stratification1": "",
    "StratificationId1": "",
    "LocationDisplayOrder": ""
  },
  {
    "ID": "",
    "Description": "",
    "LocationAbbr": "",
    "LocationDesc": "",
    "DataSource": "",
    "Topic": "",
    "Data_Value": "",
    "Sample_Size": "",
    "Stratification1": "",
    "StratificationId1": "",
    "LocationDisplayOrder": ""
  },
  {
    "ID": "",
    "Description": "",
    "LocationAbbr": "",
    "LocationDesc": "",
    "DataSource": "",
    "Topic": "",
    "Data_Value": "",
    "Sample_Size": "",
    "Stratification1": "",
    "StratificationId1": "",
    "LocationDisplayOrder": ""
  },
  {
    "ID": "",
    "Description": "",
    "LocationAbbr": "",
    "LocationDesc": "",
    "DataSource": "",
    "Topic": "",
    "Data_Value": "",
    "Sample_Size": "",
    "Stratification1": "",
    "StratificationId1": "",
    "LocationDisplayOrder": ""
  }
]