[
  {
    "ID": 61110,
    "Description": 2018,
    "LocationAbbr": "US",
    "LocationDesc": "National",
    "DataSource": "BRFSS",
    "Topic": "Obesity / Weight Status",
    "Data_Value": 33.7,
    "Sample_Size": "55,168",
    "Stratification1": "$50,000 - $74,999",
    "StratificationId1": "INC5075",
    "LocationDisplayOrder": 0
  },
  {
    "ID": 61190,
    "Description": 2018,
    "LocationAbbr": "AL",
    "LocationDesc": "Alabama",
    "DataSource": "BRFSS",
    "Topic": "Obesity / Weight Status",
    "Data_Value": 38.6,
    "Sample_Size": 758,
    "Stratification1": "$50,000 - $74,999",
    "StratificationId1": "INC5075",
    "LocationDisplayOrder": 1
  },
  {
    "ID": 61766,
    "Description": 2018,
    "LocationAbbr": "AK",
    "LocationDesc": "Alaska",
    "DataSource": "BRFSS",
    "Topic": "Obesity / Weight Status",
    "Data_Value": 25.1,
    "Sample_Size": 362,
    "Stratification1": "$50,000 - $74,999",
    "StratificationId1": "INC5075",
    "LocationDisplayOrder": 2
  },
  {
    "ID": 61793,
    "Description": 2018,
    "LocationAbbr": "AZ",
    "LocationDesc": "Arizona",
    "DataSource": "BRFSS",
    "Topic": "Obesity / Weight Status",
    "Data_Value": 29.6,
    "Sample_Size": "1,070",
    "Stratification1": "$50,000 - $74,999",
    "StratificationId1": "INC5075",
    "LocationDisplayOrder": 4
  },
  {
    "ID": 61820,
    "Description": 2018,
    "LocationAbbr": "AR",
    "LocationDesc": "Arkansas",
    "DataSource": "BRFSS",
    "Topic": "Obesity / Weight Status",
    "Data_Value": 39.7,
    "Sample_Size": 624,
    "Stratification1": "$50,000 - $74,999",
    "StratificationId1": "INC5075",
    "LocationDisplayOrder": 5
  },
  {
    "ID": 61847,
    "Description": 2018,
    "LocationAbbr": "CA",
    "LocationDesc": "California",
    "DataSource": "BRFSS",
    "Topic": "Obesity / Weight Status",
    "Data_Value": 29.3,
    "Sample_Size": "1,294",
    "Stratification1": "$50,000 - $74,999",
    "StratificationId1": "INC5075",
    "LocationDisplayOrder": 6
  },
  {
    "ID": 61594,
    "Description": 2018,
    "LocationAbbr": "CO",
    "LocationDesc": "Colorado",
    "DataSource": "BRFSS",
    "Topic": "Obesity / Weight Status",
    "Data_Value": 22.9,
    "Sample_Size": "1,149",
    "Stratification1": "$50,000 - $74,999",
    "StratificationId1": "INC5075",
    "LocationDisplayOrder": 8
  },
  {
    "ID": 61621,
    "Description": 2018,
    "LocationAbbr": "CT",
    "LocationDesc": "Connecticut",
    "DataSource": "BRFSS",
    "Topic": "Obesity / Weight Status",
    "Data_Value": 29.8,
    "Sample_Size": "1,251",
    "Stratification1": "$50,000 - $74,999",
    "StratificationId1": "INC5075",
    "LocationDisplayOrder": 9
  },
  {
    "ID": 61648,
    "Description": 2018,
    "LocationAbbr": "DE",
    "LocationDesc": "Delaware",
    "DataSource": "BRFSS",
    "Topic": "Obesity / Weight Status",
    "Data_Value": 33.3,
    "Sample_Size": 621,
    "Stratification1": "$50,000 - $74,999",
    "StratificationId1": "INC5075",
    "LocationDisplayOrder": 10
  },
  {
    "ID": 61859,
    "Description": 2018,
    "LocationAbbr": "DC",
    "LocationDesc": "District of Columbia",
    "DataSource": "BRFSS",
    "Topic": "Obesity / Weight Status",
    "Data_Value": 27.1,
    "Sample_Size": 399,
    "Stratification1": "$50,000 - $74,999",
    "StratificationId1": "INC5075",
    "LocationDisplayOrder": 11
  },
  {
    "ID": 61886,
    "Description": 2018,
    "LocationAbbr": "FL",
    "LocationDesc": "Florida",
    "DataSource": "BRFSS",
    "Topic": "Obesity / Weight Status",
    "Data_Value": 34.2,
    "Sample_Size": "1,752",
    "Stratification1": "$50,000 - $74,999",
    "StratificationId1": "INC5075",
    "LocationDisplayOrder": 12
  },
  {
    "ID": 61913,
    "Description": 2018,
    "LocationAbbr": "GA",
    "LocationDesc": "Georgia",
    "DataSource": "BRFSS",
    "Topic": "Obesity / Weight Status",
    "Data_Value": 34.7,
    "Sample_Size": "1,021",
    "Stratification1": "$50,000 - $74,999",
    "StratificationId1": "INC5075",
    "LocationDisplayOrder": 13
  },
  {
    "ID": 61940,
    "Description": 2018,
    "LocationAbbr": "HI",
    "LocationDesc": "Hawaii",
    "DataSource": "BRFSS",
    "Topic": "Obesity / Weight Status",
    "Data_Value": 26.1,
    "Sample_Size": "1,054",
    "Stratification1": "$50,000 - $74,999",
    "StratificationId1": "INC5075",
    "LocationDisplayOrder": 15
  },
  {
    "ID": 61227,
    "Description": 2018,
    "LocationAbbr": "ID",
    "LocationDesc": "Idaho",
    "DataSource": "BRFSS",
    "Topic": "Obesity / Weight Status",
    "Data_Value": 28.9,
    "Sample_Size": 554,
    "Stratification1": "$50,000 - $74,999",
    "StratificationId1": "INC5075",
    "LocationDisplayOrder": 16
  },
  {
    "ID": 61254,
    "Description": 2018,
    "LocationAbbr": "IL",
    "LocationDesc": "Illinois",
    "DataSource": "BRFSS",
    "Topic": "Obesity / Weight Status",
    "Data_Value": 32.8,
    "Sample_Size": 701,
    "Stratification1": "$50,000 - $74,999",
    "StratificationId1": "INC5075",
    "LocationDisplayOrder": 17
  },
  {
    "ID": 61281,
    "Description": 2018,
    "LocationAbbr": "IN",
    "LocationDesc": "Indiana",
    "DataSource": "BRFSS",
    "Topic": "Obesity / Weight Status",
    "Data_Value": 37.1,
    "Sample_Size": 967,
    "Stratification1": "$50,000 - $74,999",
    "StratificationId1": "INC5075",
    "LocationDisplayOrder": 18
  },
  {
    "ID": 61953,
    "Description": 2018,
    "LocationAbbr": "IA",
    "LocationDesc": "Iowa",
    "DataSource": "BRFSS",
    "Topic": "Obesity / Weight Status",
    "Data_Value": 36.1,
    "Sample_Size": "1,396",
    "Stratification1": "$50,000 - $74,999",
    "StratificationId1": "INC5075",
    "LocationDisplayOrder": 19
  },
  {
    "ID": 61980,
    "Description": 2018,
    "LocationAbbr": "KS",
    "LocationDesc": "Kansas",
    "DataSource": "BRFSS",
    "Topic": "Obesity / Weight Status",
    "Data_Value": 37.1,
    "Sample_Size": "1,529",
    "Stratification1": "$50,000 - $74,999",
    "StratificationId1": "INC5075",
    "LocationDisplayOrder": 20
  },
  {
    "ID": 62007,
    "Description": 2018,
    "LocationAbbr": "KY",
    "LocationDesc": "Kentucky",
    "DataSource": "BRFSS",
    "Topic": "Obesity / Weight Status",
    "Data_Value": 39.8,
    "Sample_Size": "1,107",
    "Stratification1": "$50,000 - $74,999",
    "StratificationId1": "INC5075",
    "LocationDisplayOrder": 21
  },
  {
    "ID": 62217,
    "Description": 2018,
    "LocationAbbr": "LA",
    "LocationDesc": "Louisiana",
    "DataSource": "BRFSS",
    "Topic": "Obesity / Weight Status",
    "Data_Value": 39.6,
    "Sample_Size": 579,
    "Stratification1": "$50,000 - $74,999",
    "StratificationId1": "INC5075",
    "LocationDisplayOrder": 22
  },
  {
    "ID": 62244,
    "Description": 2018,
    "LocationAbbr": "ME",
    "LocationDesc": "Maine",
    "DataSource": "BRFSS",
    "Topic": "Obesity / Weight Status",
    "Data_Value": 30.2,
    "Sample_Size": "1,527",
    "Stratification1": "$50,000 - $74,999",
    "StratificationId1": "INC5075",
    "LocationDisplayOrder": 23
  },
  {
    "ID": 62271,
    "Description": 2018,
    "LocationAbbr": "MD",
    "LocationDesc": "Maryland",
    "DataSource": "BRFSS",
    "Topic": "Obesity / Weight Status",
    "Data_Value": 30,
    "Sample_Size": "2,136",
    "Stratification1": "$50,000 - $74,999",
    "StratificationId1": "INC5075",
    "LocationDisplayOrder": 24
  },
  {
    "ID": 62439,
    "Description": 2018,
    "LocationAbbr": "MA",
    "LocationDesc": "Massachusetts",
    "DataSource": "BRFSS",
    "Topic": "Obesity / Weight Status",
    "Data_Value": 26.9,
    "Sample_Size": 751,
    "Stratification1": "$50,000 - $74,999",
    "StratificationId1": "INC5075",
    "LocationDisplayOrder": 25
  },
  {
    "ID": 62466,
    "Description": 2018,
    "LocationAbbr": "MI",
    "LocationDesc": "Michigan",
    "DataSource": "BRFSS",
    "Topic": "Obesity / Weight Status",
    "Data_Value": 33.3,
    "Sample_Size": "1,356",
    "Stratification1": "$50,000 - $74,999",
    "StratificationId1": "INC5075",
    "LocationDisplayOrder": 26
  },
  {
    "ID": 62493,
    "Description": 2018,
    "LocationAbbr": "MN",
    "LocationDesc": "Minnesota",
    "DataSource": "BRFSS",
    "Topic": "Obesity / Weight Status",
    "Data_Value": 31.8,
    "Sample_Size": "2,448",
    "Stratification1": "$50,000 - $74,999",
    "StratificationId1": "INC5075",
    "LocationDisplayOrder": 27
  },
  {
    "ID": 62520,
    "Description": 2018,
    "LocationAbbr": "MS",
    "LocationDesc": "Mississippi",
    "DataSource": "BRFSS",
    "Topic": "Obesity / Weight Status",
    "Data_Value": 39.9,
    "Sample_Size": 552,
    "Stratification1": "$50,000 - $74,999",
    "StratificationId1": "INC5075",
    "LocationDisplayOrder": 28
  },
  {
    "ID": 62927,
    "Description": 2018,
    "LocationAbbr": "MO",
    "LocationDesc": "Missouri",
    "DataSource": "BRFSS",
    "Topic": "Obesity / Weight Status",
    "Data_Value": 37.6,
    "Sample_Size": 792,
    "Stratification1": "$50,000 - $74,999",
    "StratificationId1": "INC5075",
    "LocationDisplayOrder": 29
  },
  {
    "ID": 62954,
    "Description": 2018,
    "LocationAbbr": "MT",
    "LocationDesc": "Montana",
    "DataSource": "BRFSS",
    "Topic": "Obesity / Weight Status",
    "Data_Value": 30,
    "Sample_Size": 717,
    "Stratification1": "$50,000 - $74,999",
    "StratificationId1": "INC5075",
    "LocationDisplayOrder": 30
  },
  {
    "ID": 62981,
    "Description": 2018,
    "LocationAbbr": "NE",
    "LocationDesc": "Nebraska",
    "DataSource": "BRFSS",
    "Topic": "Obesity / Weight Status",
    "Data_Value": 36.9,
    "Sample_Size": "2,183",
    "Stratification1": "$50,000 - $74,999",
    "StratificationId1": "INC5075",
    "LocationDisplayOrder": 31
  },
  {
    "ID": 63008,
    "Description": 2018,
    "LocationAbbr": "NV",
    "LocationDesc": "Nevada",
    "DataSource": "BRFSS",
    "Topic": "Obesity / Weight Status",
    "Data_Value": 31.5,
    "Sample_Size": 432,
    "Stratification1": "$50,000 - $74,999",
    "StratificationId1": "INC5075",
    "LocationDisplayOrder": 32
  },
  {
    "ID": 62559,
    "Description": 2018,
    "LocationAbbr": "NH",
    "LocationDesc": "New Hampshire",
    "DataSource": "BRFSS",
    "Topic": "Obesity / Weight Status",
    "Data_Value": 28.3,
    "Sample_Size": 762,
    "Stratification1": "$50,000 - $74,999",
    "StratificationId1": "INC5075",
    "LocationDisplayOrder": 33
  },
  {
    "ID": 62586,
    "Description": 2018,
    "LocationAbbr": "NJ",
    "LocationDesc": "New Jersey",
    "DataSource": "BRFSS",
    "Topic": "Obesity / Weight Status",
    "Data_Value": 29.2,
    "Sample_Size": 352,
    "Stratification1": "$50,000 - $74,999",
    "StratificationId1": "INC5075",
    "LocationDisplayOrder": 34
  },
  {
    "ID": 62613,
    "Description": 2018,
    "LocationAbbr": "NM",
    "LocationDesc": "New Mexico",
    "DataSource": "BRFSS",
    "Topic": "Obesity / Weight Status",
    "Data_Value": 36.2,
    "Sample_Size": 795,
    "Stratification1": "$50,000 - $74,999",
    "StratificationId1": "INC5075",
    "LocationDisplayOrder": 35
  },
  {
    "ID": 62119,
    "Description": 2018,
    "LocationAbbr": "NY",
    "LocationDesc": "New York",
    "DataSource": "BRFSS",
    "Topic": "Obesity / Weight Status",
    "Data_Value": 30.5,
    "Sample_Size": "4,191",
    "Stratification1": "$50,000 - $74,999",
    "StratificationId1": "INC5075",
    "LocationDisplayOrder": 36
  },
  {
    "ID": 62146,
    "Description": 2018,
    "LocationAbbr": "NC",
    "LocationDesc": "North Carolina",
    "DataSource": "BRFSS",
    "Topic": "Obesity / Weight Status",
    "Data_Value": 35.3,
    "Sample_Size": 600,
    "Stratification1": "$50,000 - $74,999",
    "StratificationId1": "INC5075",
    "LocationDisplayOrder": 37
  },
  {
    "ID": 62173,
    "Description": 2018,
    "LocationAbbr": "ND",
    "LocationDesc": "North Dakota",
    "DataSource": "BRFSS",
    "Topic": "Obesity / Weight Status",
    "Data_Value": 36.2,
    "Sample_Size": 826,
    "Stratification1": "$50,000 - $74,999",
    "StratificationId1": "INC5075",
    "LocationDisplayOrder": 38
  },
  {
    "ID": 62200,
    "Description": 2018,
    "LocationAbbr": "OH",
    "LocationDesc": "Ohio",
    "DataSource": "BRFSS",
    "Topic": "Obesity / Weight Status",
    "Data_Value": 36.5,
    "Sample_Size": "1,638",
    "Stratification1": "$50,000 - $74,999",
    "StratificationId1": "INC5075",
    "LocationDisplayOrder": 39
  },
  {
    "ID": 62323,
    "Description": 2018,
    "LocationAbbr": "OK",
    "LocationDesc": "Oklahoma",
    "DataSource": "BRFSS",
    "Topic": "Obesity / Weight Status",
    "Data_Value": 34.6,
    "Sample_Size": 768,
    "Stratification1": "$50,000 - $74,999",
    "StratificationId1": "INC5075",
    "LocationDisplayOrder": 40
  },
  {
    "ID": 62350,
    "Description": 2018,
    "LocationAbbr": "OR",
    "LocationDesc": "Oregon",
    "DataSource": "BRFSS",
    "Topic": "Obesity / Weight Status",
    "Data_Value": 32.7,
    "Sample_Size": 766,
    "Stratification1": "$50,000 - $74,999",
    "StratificationId1": "INC5075",
    "LocationDisplayOrder": 41
  },
  {
    "ID": 62377,
    "Description": 2018,
    "LocationAbbr": "PA",
    "LocationDesc": "Pennsylvania",
    "DataSource": "BRFSS",
    "Topic": "Obesity / Weight Status",
    "Data_Value": 32.5,
    "Sample_Size": 799,
    "Stratification1": "$50,000 - $74,999",
    "StratificationId1": "INC5075",
    "LocationDisplayOrder": 42
  },
  {
    "ID": 62639,
    "Description": 2018,
    "LocationAbbr": "RI",
    "LocationDesc": "Rhode Island",
    "DataSource": "BRFSS",
    "Topic": "Obesity / Weight Status",
    "Data_Value": 23.7,
    "Sample_Size": 661,
    "Stratification1": "$50,000 - $74,999",
    "StratificationId1": "INC5075",
    "LocationDisplayOrder": 44
  },
  {
    "ID": 62666,
    "Description": 2018,
    "LocationAbbr": "SC",
    "LocationDesc": "South Carolina",
    "DataSource": "BRFSS",
    "Topic": "Obesity / Weight Status",
    "Data_Value": 35,
    "Sample_Size": "1,372",
    "Stratification1": "$50,000 - $74,999",
    "StratificationId1": "INC5075",
    "LocationDisplayOrder": 45
  },
  {
    "ID": 62693,
    "Description": 2018,
    "LocationAbbr": "SD",
    "LocationDesc": "South Dakota",
    "DataSource": "BRFSS",
    "Topic": "Obesity / Weight Status",
    "Data_Value": 29.2,
    "Sample_Size": 992,
    "Stratification1": "$50,000 - $74,999",
    "StratificationId1": "INC5075",
    "LocationDisplayOrder": 46
  },
  {
    "ID": 62720,
    "Description": 2018,
    "LocationAbbr": "TN",
    "LocationDesc": "Tennessee",
    "DataSource": "BRFSS",
    "Topic": "Obesity / Weight Status",
    "Data_Value": 39.3,
    "Sample_Size": 608,
    "Stratification1": "$50,000 - $74,999",
    "StratificationId1": "INC5075",
    "LocationDisplayOrder": 47
  },
  {
    "ID": 62747,
    "Description": 2018,
    "LocationAbbr": "TX",
    "LocationDesc": "Texas",
    "DataSource": "BRFSS",
    "Topic": "Obesity / Weight Status",
    "Data_Value": 40.4,
    "Sample_Size": "1,300",
    "Stratification1": "$50,000 - $74,999",
    "StratificationId1": "INC5075",
    "LocationDisplayOrder": 48
  },
  {
    "ID": 62774,
    "Description": 2018,
    "LocationAbbr": "UT",
    "LocationDesc": "Utah",
    "DataSource": "BRFSS",
    "Topic": "Obesity / Weight Status",
    "Data_Value": 30.3,
    "Sample_Size": "1,637",
    "Stratification1": "$50,000 - $74,999",
    "StratificationId1": "INC5075",
    "LocationDisplayOrder": 49
  },
  {
    "ID": 62801,
    "Description": 2018,
    "LocationAbbr": "VT",
    "LocationDesc": "Vermont",
    "DataSource": "BRFSS",
    "Topic": "Obesity / Weight Status",
    "Data_Value": 32,
    "Sample_Size": 976,
    "Stratification1": "$50,000 - $74,999",
    "StratificationId1": "INC5075",
    "LocationDisplayOrder": 50
  },
  {
    "ID": 62828,
    "Description": 2018,
    "LocationAbbr": "VA",
    "LocationDesc": "Virginia",
    "DataSource": "BRFSS",
    "Topic": "Obesity / Weight Status",
    "Data_Value": 35.9,
    "Sample_Size": "1,258",
    "Stratification1": "$50,000 - $74,999",
    "StratificationId1": "INC5075",
    "LocationDisplayOrder": 51
  },
  {
    "ID": 62855,
    "Description": 2018,
    "LocationAbbr": "WA",
    "LocationDesc": "Washington",
    "DataSource": "BRFSS",
    "Topic": "Obesity / Weight Status",
    "Data_Value": 32.6,
    "Sample_Size": "1,767",
    "Stratification1": "$50,000 - $74,999",
    "StratificationId1": "INC5075",
    "LocationDisplayOrder": 53
  },
  {
    "ID": 62882,
    "Description": 2018,
    "LocationAbbr": "WV",
    "LocationDesc": "West Virginia",
    "DataSource": "BRFSS",
    "Topic": "Obesity / Weight Status",
    "Data_Value": 40,
    "Sample_Size": 551,
    "Stratification1": "$50,000 - $74,999",
    "StratificationId1": "INC5075",
    "LocationDisplayOrder": 54
  },
  {
    "ID": 62909,
    "Description": 2018,
    "LocationAbbr": "WI",
    "LocationDesc": "Wisconsin",
    "DataSource": "BRFSS",
    "Topic": "Obesity / Weight Status",
    "Data_Value": 34.8,
    "Sample_Size": 783,
    "Stratification1": "$50,000 - $74,999",
    "StratificationId1": "INC5075",
    "LocationDisplayOrder": 55
  },
  {
    "ID": 63032,
    "Description": 2018,
    "LocationAbbr": "WY",
    "LocationDesc": "Wyoming",
    "DataSource": "BRFSS",
    "Topic": "Obesity / Weight Status",
    "Data_Value": 31.7,
    "Sample_Size": 684,
    "Stratification1": "$50,000 - $74,999",
    "StratificationId1": "INC5075",
    "LocationDisplayOrder": 56
  },
  {
    "ID": 63059,
    "Description": 2018,
    "LocationAbbr": "GU",
    "LocationDesc": "Guam",
    "DataSource": "BRFSS",
    "Topic": "Obesity / Weight Status",
    "Data_Value": 31.7,
    "Sample_Size": 204,
    "Stratification1": "$50,000 - $74,999",
    "StratificationId1": "INC5075",
    "LocationDisplayOrder": 66
  },
  {
    "ID": 63086,
    "Description": 2018,
    "LocationAbbr": "PR",
    "LocationDesc": "Puerto Rico",
    "DataSource": "BRFSS",
    "Topic": "Obesity / Weight Status",
    "Data_Value": 32.6,
    "Sample_Size": 170,
    "Stratification1": "$50,000 - $74,999",
    "StratificationId1": "INC5075",
    "LocationDisplayOrder": 72
  },
  {
    "ID": 62400,
    "Description": 2018,
    "LocationAbbr": "VI",
    "LocationDesc": "Virgin Islands",
    "DataSource": "BRFSS",
    "Topic": "Obesity / Weight Status",
    "Data_Value": "~",
    "Sample_Size": "~",
    "Stratification1": "$50,000 - $74,999",
    "StratificationId1": "INC5075",
    "LocationDisplayOrder": 78
  },
  {
    "ID": "",
    "Description": "",
    "LocationAbbr": "",
    "LocationDesc": "",
    "DataSource": "",
    "Topic": "",
    "Data_Value": "",
    "Sample_Size": "",
    "Stratification1": "",
    "StratificationId1": "",
    "LocationDisplayOrder": ""
  },
  {
    "ID": "",
    "Description": "",
    "LocationAbbr": "",
    "LocationDesc": "",
    "DataSource": "",
    "Topic": "",
    "Data_Value": "",
    "Sample_Size": "",
    "Stratification1": "",
    "StratificationId1": "",
    "LocationDisplayOrder": ""
  },
  {
    "ID": "",
    "Description": "",
    "LocationAbbr": "",
    "LocationDesc": "",
    "DataSource": "",
    "Topic": "",
    "Data_Value": "",
    "Sample_Size": "",
    "Stratification1": "",
    "StratificationId1": "",
    "LocationDisplayOrder": ""
  },
  {
    "ID": "",
    "Description": "",
    "LocationAbbr": "",
    "LocationDesc": "",
    "DataSource": "",
    "Topic": "",
    "Data_Value": "",
    "Sample_Size": "",
    "Stratification1": "",
    "StratificationId1": "",
    "LocationDisplayOrder": ""
  },
  {
    "ID": "",
    "Description": "",
    "LocationAbbr": "",
    "LocationDesc": "",
    "DataSource": "",
    "Topic": "",
    "Data_Value": "",
    "Sample_Size": "",
    "Stratification1": "",
    "StratificationId1": "",
    "LocationDisplayOrder": ""
  },
  {
    "ID": "",
    "Description": "",
    "LocationAbbr": "",
    "LocationDesc": "",
    "DataSource": "",
    "Topic": "",
    "Data_Value": "",
    "Sample_Size": "",
    "Stratification1": "",
    "StratificationId1": "",
    "LocationDisplayOrder": ""
  },
  {
    "ID": "",
    "Description": "",
    "LocationAbbr": "",
    "LocationDesc": "",
    "DataSource": "",
    "Topic": "",
    "Data_Value": "",
    "Sample_Size": "",
    "Stratification1": "",
    "StratificationId1": "",
    "LocationDisplayOrder": ""
  },
  {
    "ID": "",
    "Description": "",
    "LocationAbbr": "",
    "LocationDesc": "",
    "DataSource": "",
    "Topic": "",
    "Data_Value": "",
    "Sample_Size": "",
    "Stratification1": "",
    "StratificationId1": "",
    "LocationDisplayOrder": ""
  },
  {
    "ID": "",
    "Description": "",
    "LocationAbbr": "",
    "LocationDesc": "",
    "DataSource": "",
    "Topic": "",
    "Data_Value": "",
    "Sample_Size": "",
    "Stratification1": "",
    "StratificationId1": "",
    "LocationDisplayOrder": ""
  },
  {
    "ID": "",
    "Description": "",
    "LocationAbbr": "",
    "LocationDesc": "",
    "DataSource": "",
    "Topic": "",
    "Data_Value": "",
    "Sample_Size": "",
    "Stratification1": "",
    "StratificationId1": "",
    "LocationDisplayOrder": ""
  }
]