[
  {
    "ID": 61109,
    "Description": 2018,
    "LocationAbbr": "US",
    "LocationDesc": "National",
    "DataSource": "BRFSS",
    "Topic": "Obesity / Weight Status",
    "Data_Value": 32.7,
    "Sample_Size": "46,643",
    "Stratification1": "$35,000 - $49,999",
    "StratificationId1": "INC3550",
    "LocationDisplayOrder": 0
  },
  {
    "ID": 61189,
    "Description": 2018,
    "LocationAbbr": "AL",
    "LocationDesc": "Alabama",
    "DataSource": "BRFSS",
    "Topic": "Obesity / Weight Status",
    "Data_Value": 37.7,
    "Sample_Size": 688,
    "Stratification1": "$35,000 - $49,999",
    "StratificationId1": "INC3550",
    "LocationDisplayOrder": 1
  },
  {
    "ID": 61765,
    "Description": 2018,
    "LocationAbbr": "AK",
    "LocationDesc": "Alaska",
    "DataSource": "BRFSS",
    "Topic": "Obesity / Weight Status",
    "Data_Value": 26.7,
    "Sample_Size": 261,
    "Stratification1": "$35,000 - $49,999",
    "StratificationId1": "INC3550",
    "LocationDisplayOrder": 2
  },
  {
    "ID": 61792,
    "Description": 2018,
    "LocationAbbr": "AZ",
    "LocationDesc": "Arizona",
    "DataSource": "BRFSS",
    "Topic": "Obesity / Weight Status",
    "Data_Value": 29.4,
    "Sample_Size": 892,
    "Stratification1": "$35,000 - $49,999",
    "StratificationId1": "INC3550",
    "LocationDisplayOrder": 4
  },
  {
    "ID": 61819,
    "Description": 2018,
    "LocationAbbr": "AR",
    "LocationDesc": "Arkansas",
    "DataSource": "BRFSS",
    "Topic": "Obesity / Weight Status",
    "Data_Value": 36.5,
    "Sample_Size": 636,
    "Stratification1": "$35,000 - $49,999",
    "StratificationId1": "INC3550",
    "LocationDisplayOrder": 5
  },
  {
    "ID": 61846,
    "Description": 2018,
    "LocationAbbr": "CA",
    "LocationDesc": "California",
    "DataSource": "BRFSS",
    "Topic": "Obesity / Weight Status",
    "Data_Value": 27,
    "Sample_Size": "1,073",
    "Stratification1": "$35,000 - $49,999",
    "StratificationId1": "INC3550",
    "LocationDisplayOrder": 6
  },
  {
    "ID": 61593,
    "Description": 2018,
    "LocationAbbr": "CO",
    "LocationDesc": "Colorado",
    "DataSource": "BRFSS",
    "Topic": "Obesity / Weight Status",
    "Data_Value": 23.6,
    "Sample_Size": 976,
    "Stratification1": "$35,000 - $49,999",
    "StratificationId1": "INC3550",
    "LocationDisplayOrder": 8
  },
  {
    "ID": 61620,
    "Description": 2018,
    "LocationAbbr": "CT",
    "LocationDesc": "Connecticut",
    "DataSource": "BRFSS",
    "Topic": "Obesity / Weight Status",
    "Data_Value": 31.5,
    "Sample_Size": 866,
    "Stratification1": "$35,000 - $49,999",
    "StratificationId1": "INC3550",
    "LocationDisplayOrder": 9
  },
  {
    "ID": 61647,
    "Description": 2018,
    "LocationAbbr": "DE",
    "LocationDesc": "Delaware",
    "DataSource": "BRFSS",
    "Topic": "Obesity / Weight Status",
    "Data_Value": 33.5,
    "Sample_Size": 539,
    "Stratification1": "$35,000 - $49,999",
    "StratificationId1": "INC3550",
    "LocationDisplayOrder": 10
  },
  {
    "ID": 61858,
    "Description": 2018,
    "LocationAbbr": "DC",
    "LocationDesc": "District of Columbia",
    "DataSource": "BRFSS",
    "Topic": "Obesity / Weight Status",
    "Data_Value": 34.9,
    "Sample_Size": 298,
    "Stratification1": "$35,000 - $49,999",
    "StratificationId1": "INC3550",
    "LocationDisplayOrder": 11
  },
  {
    "ID": 61885,
    "Description": 2018,
    "LocationAbbr": "FL",
    "LocationDesc": "Florida",
    "DataSource": "BRFSS",
    "Topic": "Obesity / Weight Status",
    "Data_Value": 32,
    "Sample_Size": "1,729",
    "Stratification1": "$35,000 - $49,999",
    "StratificationId1": "INC3550",
    "LocationDisplayOrder": 12
  },
  {
    "ID": 61912,
    "Description": 2018,
    "LocationAbbr": "GA",
    "LocationDesc": "Georgia",
    "DataSource": "BRFSS",
    "Topic": "Obesity / Weight Status",
    "Data_Value": 33.3,
    "Sample_Size": 935,
    "Stratification1": "$35,000 - $49,999",
    "StratificationId1": "INC3550",
    "LocationDisplayOrder": 13
  },
  {
    "ID": 61939,
    "Description": 2018,
    "LocationAbbr": "HI",
    "LocationDesc": "Hawaii",
    "DataSource": "BRFSS",
    "Topic": "Obesity / Weight Status",
    "Data_Value": 21.8,
    "Sample_Size": 868,
    "Stratification1": "$35,000 - $49,999",
    "StratificationId1": "INC3550",
    "LocationDisplayOrder": 15
  },
  {
    "ID": 61226,
    "Description": 2018,
    "LocationAbbr": "ID",
    "LocationDesc": "Idaho",
    "DataSource": "BRFSS",
    "Topic": "Obesity / Weight Status",
    "Data_Value": 29.5,
    "Sample_Size": 487,
    "Stratification1": "$35,000 - $49,999",
    "StratificationId1": "INC3550",
    "LocationDisplayOrder": 16
  },
  {
    "ID": 61253,
    "Description": 2018,
    "LocationAbbr": "IL",
    "LocationDesc": "Illinois",
    "DataSource": "BRFSS",
    "Topic": "Obesity / Weight Status",
    "Data_Value": 29.8,
    "Sample_Size": 561,
    "Stratification1": "$35,000 - $49,999",
    "StratificationId1": "INC3550",
    "LocationDisplayOrder": 17
  },
  {
    "ID": 61280,
    "Description": 2018,
    "LocationAbbr": "IN",
    "LocationDesc": "Indiana",
    "DataSource": "BRFSS",
    "Topic": "Obesity / Weight Status",
    "Data_Value": 33.3,
    "Sample_Size": 855,
    "Stratification1": "$35,000 - $49,999",
    "StratificationId1": "INC3550",
    "LocationDisplayOrder": 18
  },
  {
    "ID": 61952,
    "Description": 2018,
    "LocationAbbr": "IA",
    "LocationDesc": "Iowa",
    "DataSource": "BRFSS",
    "Topic": "Obesity / Weight Status",
    "Data_Value": 40.7,
    "Sample_Size": "1,125",
    "Stratification1": "$35,000 - $49,999",
    "StratificationId1": "INC3550",
    "LocationDisplayOrder": 19
  },
  {
    "ID": 61979,
    "Description": 2018,
    "LocationAbbr": "KS",
    "LocationDesc": "Kansas",
    "DataSource": "BRFSS",
    "Topic": "Obesity / Weight Status",
    "Data_Value": 33.3,
    "Sample_Size": "1,336",
    "Stratification1": "$35,000 - $49,999",
    "StratificationId1": "INC3550",
    "LocationDisplayOrder": 20
  },
  {
    "ID": 62006,
    "Description": 2018,
    "LocationAbbr": "KY",
    "LocationDesc": "Kentucky",
    "DataSource": "BRFSS",
    "Topic": "Obesity / Weight Status",
    "Data_Value": 37.8,
    "Sample_Size": 980,
    "Stratification1": "$35,000 - $49,999",
    "StratificationId1": "INC3550",
    "LocationDisplayOrder": 21
  },
  {
    "ID": 62216,
    "Description": 2018,
    "LocationAbbr": "LA",
    "LocationDesc": "Louisiana",
    "DataSource": "BRFSS",
    "Topic": "Obesity / Weight Status",
    "Data_Value": 39.7,
    "Sample_Size": 524,
    "Stratification1": "$35,000 - $49,999",
    "StratificationId1": "INC3550",
    "LocationDisplayOrder": 22
  },
  {
    "ID": 62243,
    "Description": 2018,
    "LocationAbbr": "ME",
    "LocationDesc": "Maine",
    "DataSource": "BRFSS",
    "Topic": "Obesity / Weight Status",
    "Data_Value": 33.3,
    "Sample_Size": "1,376",
    "Stratification1": "$35,000 - $49,999",
    "StratificationId1": "INC3550",
    "LocationDisplayOrder": 23
  },
  {
    "ID": 62270,
    "Description": 2018,
    "LocationAbbr": "MD",
    "LocationDesc": "Maryland",
    "DataSource": "BRFSS",
    "Topic": "Obesity / Weight Status",
    "Data_Value": 35.8,
    "Sample_Size": "1,512",
    "Stratification1": "$35,000 - $49,999",
    "StratificationId1": "INC3550",
    "LocationDisplayOrder": 24
  },
  {
    "ID": 62297,
    "Description": 2018,
    "LocationAbbr": "MA",
    "LocationDesc": "Massachusetts",
    "DataSource": "BRFSS",
    "Topic": "Obesity / Weight Status",
    "Data_Value": 24.9,
    "Sample_Size": 586,
    "Stratification1": "$35,000 - $49,999",
    "StratificationId1": "INC3550",
    "LocationDisplayOrder": 25
  },
  {
    "ID": 62465,
    "Description": 2018,
    "LocationAbbr": "MI",
    "LocationDesc": "Michigan",
    "DataSource": "BRFSS",
    "Topic": "Obesity / Weight Status",
    "Data_Value": 36.3,
    "Sample_Size": "1,169",
    "Stratification1": "$35,000 - $49,999",
    "StratificationId1": "INC3550",
    "LocationDisplayOrder": 26
  },
  {
    "ID": 62492,
    "Description": 2018,
    "LocationAbbr": "MN",
    "LocationDesc": "Minnesota",
    "DataSource": "BRFSS",
    "Topic": "Obesity / Weight Status",
    "Data_Value": 31.9,
    "Sample_Size": "1,858",
    "Stratification1": "$35,000 - $49,999",
    "StratificationId1": "INC3550",
    "LocationDisplayOrder": 27
  },
  {
    "ID": 62519,
    "Description": 2018,
    "LocationAbbr": "MS",
    "LocationDesc": "Mississippi",
    "DataSource": "BRFSS",
    "Topic": "Obesity / Weight Status",
    "Data_Value": 39.7,
    "Sample_Size": 637,
    "Stratification1": "$35,000 - $49,999",
    "StratificationId1": "INC3550",
    "LocationDisplayOrder": 28
  },
  {
    "ID": 62926,
    "Description": 2018,
    "LocationAbbr": "MO",
    "LocationDesc": "Missouri",
    "DataSource": "BRFSS",
    "Topic": "Obesity / Weight Status",
    "Data_Value": 40.1,
    "Sample_Size": 711,
    "Stratification1": "$35,000 - $49,999",
    "StratificationId1": "INC3550",
    "LocationDisplayOrder": 29
  },
  {
    "ID": 62953,
    "Description": 2018,
    "LocationAbbr": "MT",
    "LocationDesc": "Montana",
    "DataSource": "BRFSS",
    "Topic": "Obesity / Weight Status",
    "Data_Value": 27.8,
    "Sample_Size": 641,
    "Stratification1": "$35,000 - $49,999",
    "StratificationId1": "INC3550",
    "LocationDisplayOrder": 30
  },
  {
    "ID": 62980,
    "Description": 2018,
    "LocationAbbr": "NE",
    "LocationDesc": "Nebraska",
    "DataSource": "BRFSS",
    "Topic": "Obesity / Weight Status",
    "Data_Value": 37.5,
    "Sample_Size": "2,070",
    "Stratification1": "$35,000 - $49,999",
    "StratificationId1": "INC3550",
    "LocationDisplayOrder": 31
  },
  {
    "ID": 63007,
    "Description": 2018,
    "LocationAbbr": "NV",
    "LocationDesc": "Nevada",
    "DataSource": "BRFSS",
    "Topic": "Obesity / Weight Status",
    "Data_Value": 32.8,
    "Sample_Size": 347,
    "Stratification1": "$35,000 - $49,999",
    "StratificationId1": "INC3550",
    "LocationDisplayOrder": 32
  },
  {
    "ID": 62558,
    "Description": 2018,
    "LocationAbbr": "NH",
    "LocationDesc": "New Hampshire",
    "DataSource": "BRFSS",
    "Topic": "Obesity / Weight Status",
    "Data_Value": 30.7,
    "Sample_Size": 607,
    "Stratification1": "$35,000 - $49,999",
    "StratificationId1": "INC3550",
    "LocationDisplayOrder": 33
  },
  {
    "ID": 62585,
    "Description": 2018,
    "LocationAbbr": "NJ",
    "LocationDesc": "New Jersey",
    "DataSource": "BRFSS",
    "Topic": "Obesity / Weight Status",
    "Data_Value": 28.8,
    "Sample_Size": 250,
    "Stratification1": "$35,000 - $49,999",
    "StratificationId1": "INC3550",
    "LocationDisplayOrder": 34
  },
  {
    "ID": 62612,
    "Description": 2018,
    "LocationAbbr": "NM",
    "LocationDesc": "New Mexico",
    "DataSource": "BRFSS",
    "Topic": "Obesity / Weight Status",
    "Data_Value": 29.2,
    "Sample_Size": 717,
    "Stratification1": "$35,000 - $49,999",
    "StratificationId1": "INC3550",
    "LocationDisplayOrder": 35
  },
  {
    "ID": 62118,
    "Description": 2018,
    "LocationAbbr": "NY",
    "LocationDesc": "New York",
    "DataSource": "BRFSS",
    "Topic": "Obesity / Weight Status",
    "Data_Value": 30.9,
    "Sample_Size": "3,444",
    "Stratification1": "$35,000 - $49,999",
    "StratificationId1": "INC3550",
    "LocationDisplayOrder": 36
  },
  {
    "ID": 62145,
    "Description": 2018,
    "LocationAbbr": "NC",
    "LocationDesc": "North Carolina",
    "DataSource": "BRFSS",
    "Topic": "Obesity / Weight Status",
    "Data_Value": 35.1,
    "Sample_Size": 513,
    "Stratification1": "$35,000 - $49,999",
    "StratificationId1": "INC3550",
    "LocationDisplayOrder": 37
  },
  {
    "ID": 62172,
    "Description": 2018,
    "LocationAbbr": "ND",
    "LocationDesc": "North Dakota",
    "DataSource": "BRFSS",
    "Topic": "Obesity / Weight Status",
    "Data_Value": 34.4,
    "Sample_Size": 669,
    "Stratification1": "$35,000 - $49,999",
    "StratificationId1": "INC3550",
    "LocationDisplayOrder": 38
  },
  {
    "ID": 62199,
    "Description": 2018,
    "LocationAbbr": "OH",
    "LocationDesc": "Ohio",
    "DataSource": "BRFSS",
    "Topic": "Obesity / Weight Status",
    "Data_Value": 34.8,
    "Sample_Size": "1,480",
    "Stratification1": "$35,000 - $49,999",
    "StratificationId1": "INC3550",
    "LocationDisplayOrder": 39
  },
  {
    "ID": 62322,
    "Description": 2018,
    "LocationAbbr": "OK",
    "LocationDesc": "Oklahoma",
    "DataSource": "BRFSS",
    "Topic": "Obesity / Weight Status",
    "Data_Value": 38.4,
    "Sample_Size": 651,
    "Stratification1": "$35,000 - $49,999",
    "StratificationId1": "INC3550",
    "LocationDisplayOrder": 40
  },
  {
    "ID": 62349,
    "Description": 2018,
    "LocationAbbr": "OR",
    "LocationDesc": "Oregon",
    "DataSource": "BRFSS",
    "Topic": "Obesity / Weight Status",
    "Data_Value": 33.5,
    "Sample_Size": 645,
    "Stratification1": "$35,000 - $49,999",
    "StratificationId1": "INC3550",
    "LocationDisplayOrder": 41
  },
  {
    "ID": 62376,
    "Description": 2018,
    "LocationAbbr": "PA",
    "LocationDesc": "Pennsylvania",
    "DataSource": "BRFSS",
    "Topic": "Obesity / Weight Status",
    "Data_Value": 35.5,
    "Sample_Size": 646,
    "Stratification1": "$35,000 - $49,999",
    "StratificationId1": "INC3550",
    "LocationDisplayOrder": 42
  },
  {
    "ID": 62638,
    "Description": 2018,
    "LocationAbbr": "RI",
    "LocationDesc": "Rhode Island",
    "DataSource": "BRFSS",
    "Topic": "Obesity / Weight Status",
    "Data_Value": 30.6,
    "Sample_Size": 500,
    "Stratification1": "$35,000 - $49,999",
    "StratificationId1": "INC3550",
    "LocationDisplayOrder": 44
  },
  {
    "ID": 62665,
    "Description": 2018,
    "LocationAbbr": "SC",
    "LocationDesc": "South Carolina",
    "DataSource": "BRFSS",
    "Topic": "Obesity / Weight Status",
    "Data_Value": 35.1,
    "Sample_Size": "1,258",
    "Stratification1": "$35,000 - $49,999",
    "StratificationId1": "INC3550",
    "LocationDisplayOrder": 45
  },
  {
    "ID": 62692,
    "Description": 2018,
    "LocationAbbr": "SD",
    "LocationDesc": "South Dakota",
    "DataSource": "BRFSS",
    "Topic": "Obesity / Weight Status",
    "Data_Value": 26.4,
    "Sample_Size": 966,
    "Stratification1": "$35,000 - $49,999",
    "StratificationId1": "INC3550",
    "LocationDisplayOrder": 46
  },
  {
    "ID": 62719,
    "Description": 2018,
    "LocationAbbr": "TN",
    "LocationDesc": "Tennessee",
    "DataSource": "BRFSS",
    "Topic": "Obesity / Weight Status",
    "Data_Value": 35.9,
    "Sample_Size": 593,
    "Stratification1": "$35,000 - $49,999",
    "StratificationId1": "INC3550",
    "LocationDisplayOrder": 47
  },
  {
    "ID": 62746,
    "Description": 2018,
    "LocationAbbr": "TX",
    "LocationDesc": "Texas",
    "DataSource": "BRFSS",
    "Topic": "Obesity / Weight Status",
    "Data_Value": 33.3,
    "Sample_Size": "1,039",
    "Stratification1": "$35,000 - $49,999",
    "StratificationId1": "INC3550",
    "LocationDisplayOrder": 48
  },
  {
    "ID": 62773,
    "Description": 2018,
    "LocationAbbr": "UT",
    "LocationDesc": "Utah",
    "DataSource": "BRFSS",
    "Topic": "Obesity / Weight Status",
    "Data_Value": 29.5,
    "Sample_Size": "1,127",
    "Stratification1": "$35,000 - $49,999",
    "StratificationId1": "INC3550",
    "LocationDisplayOrder": 49
  },
  {
    "ID": 62800,
    "Description": 2018,
    "LocationAbbr": "VT",
    "LocationDesc": "Vermont",
    "DataSource": "BRFSS",
    "Topic": "Obesity / Weight Status",
    "Data_Value": 30.5,
    "Sample_Size": 762,
    "Stratification1": "$35,000 - $49,999",
    "StratificationId1": "INC3550",
    "LocationDisplayOrder": 50
  },
  {
    "ID": 62827,
    "Description": 2018,
    "LocationAbbr": "VA",
    "LocationDesc": "Virginia",
    "DataSource": "BRFSS",
    "Topic": "Obesity / Weight Status",
    "Data_Value": 33.6,
    "Sample_Size": "1,002",
    "Stratification1": "$35,000 - $49,999",
    "StratificationId1": "INC3550",
    "LocationDisplayOrder": 51
  },
  {
    "ID": 62854,
    "Description": 2018,
    "LocationAbbr": "WA",
    "LocationDesc": "Washington",
    "DataSource": "BRFSS",
    "Topic": "Obesity / Weight Status",
    "Data_Value": 32.2,
    "Sample_Size": "1,445",
    "Stratification1": "$35,000 - $49,999",
    "StratificationId1": "INC3550",
    "LocationDisplayOrder": 53
  },
  {
    "ID": 62881,
    "Description": 2018,
    "LocationAbbr": "WV",
    "LocationDesc": "West Virginia",
    "DataSource": "BRFSS",
    "Topic": "Obesity / Weight Status",
    "Data_Value": 41.1,
    "Sample_Size": 636,
    "Stratification1": "$35,000 - $49,999",
    "StratificationId1": "INC3550",
    "LocationDisplayOrder": 54
  },
  {
    "ID": 62908,
    "Description": 2018,
    "LocationAbbr": "WI",
    "LocationDesc": "Wisconsin",
    "DataSource": "BRFSS",
    "Topic": "Obesity / Weight Status",
    "Data_Value": 36.9,
    "Sample_Size": 605,
    "Stratification1": "$35,000 - $49,999",
    "StratificationId1": "INC3550",
    "LocationDisplayOrder": 55
  },
  {
    "ID": 63031,
    "Description": 2018,
    "LocationAbbr": "WY",
    "LocationDesc": "Wyoming",
    "DataSource": "BRFSS",
    "Topic": "Obesity / Weight Status",
    "Data_Value": 26.4,
    "Sample_Size": 552,
    "Stratification1": "$35,000 - $49,999",
    "StratificationId1": "INC3550",
    "LocationDisplayOrder": 56
  },
  {
    "ID": 63058,
    "Description": 2018,
    "LocationAbbr": "GU",
    "LocationDesc": "Guam",
    "DataSource": "BRFSS",
    "Topic": "Obesity / Weight Status",
    "Data_Value": 34.2,
    "Sample_Size": 187,
    "Stratification1": "$35,000 - $49,999",
    "StratificationId1": "INC3550",
    "LocationDisplayOrder": 66
  },
  {
    "ID": 63085,
    "Description": 2018,
    "LocationAbbr": "PR",
    "LocationDesc": "Puerto Rico",
    "DataSource": "BRFSS",
    "Topic": "Obesity / Weight Status",
    "Data_Value": 36.4,
    "Sample_Size": 290,
    "Stratification1": "$35,000 - $49,999",
    "StratificationId1": "INC3550",
    "LocationDisplayOrder": 72
  },
  {
    "ID": 62399,
    "Description": 2018,
    "LocationAbbr": "VI",
    "LocationDesc": "Virgin Islands",
    "DataSource": "BRFSS",
    "Topic": "Obesity / Weight Status",
    "Data_Value": "~",
    "Sample_Size": "~",
    "Stratification1": "$35,000 - $49,999",
    "StratificationId1": "INC3550",
    "LocationDisplayOrder": 78
  },
  {
    "ID": "",
    "Description": "",
    "LocationAbbr": "",
    "LocationDesc": "",
    "DataSource": "",
    "Topic": "",
    "Data_Value": "",
    "Sample_Size": "",
    "Stratification1": "",
    "StratificationId1": "",
    "LocationDisplayOrder": ""
  },
  {
    "ID": "",
    "Description": "",
    "LocationAbbr": "",
    "LocationDesc": "",
    "DataSource": "",
    "Topic": "",
    "Data_Value": "",
    "Sample_Size": "",
    "Stratification1": "",
    "StratificationId1": "",
    "LocationDisplayOrder": ""
  },
  {
    "ID": "",
    "Description": "",
    "LocationAbbr": "",
    "LocationDesc": "",
    "DataSource": "",
    "Topic": "",
    "Data_Value": "",
    "Sample_Size": "",
    "Stratification1": "",
    "StratificationId1": "",
    "LocationDisplayOrder": ""
  },
  {
    "ID": "",
    "Description": "",
    "LocationAbbr": "",
    "LocationDesc": "",
    "DataSource": "",
    "Topic": "",
    "Data_Value": "",
    "Sample_Size": "",
    "Stratification1": "",
    "StratificationId1": "",
    "LocationDisplayOrder": ""
  },
  {
    "ID": "",
    "Description": "",
    "LocationAbbr": "",
    "LocationDesc": "",
    "DataSource": "",
    "Topic": "",
    "Data_Value": "",
    "Sample_Size": "",
    "Stratification1": "",
    "StratificationId1": "",
    "LocationDisplayOrder": ""
  },
  {
    "ID": "",
    "Description": "",
    "LocationAbbr": "",
    "LocationDesc": "",
    "DataSource": "",
    "Topic": "",
    "Data_Value": "",
    "Sample_Size": "",
    "Stratification1": "",
    "StratificationId1": "",
    "LocationDisplayOrder": ""
  },
  {
    "ID": "",
    "Description": "",
    "LocationAbbr": "",
    "LocationDesc": "",
    "DataSource": "",
    "Topic": "",
    "Data_Value": "",
    "Sample_Size": "",
    "Stratification1": "",
    "StratificationId1": "",
    "LocationDisplayOrder": ""
  },
  {
    "ID": "",
    "Description": "",
    "LocationAbbr": "",
    "LocationDesc": "",
    "DataSource": "",
    "Topic": "",
    "Data_Value": "",
    "Sample_Size": "",
    "Stratification1": "",
    "StratificationId1": "",
    "LocationDisplayOrder": ""
  },
  {
    "ID": "",
    "Description": "",
    "LocationAbbr": "",
    "LocationDesc": "",
    "DataSource": "",
    "Topic": "",
    "Data_Value": "",
    "Sample_Size": "",
    "Stratification1": "",
    "StratificationId1": "",
    "LocationDisplayOrder": ""
  },
  {
    "ID": "",
    "Description": "",
    "LocationAbbr": "",
    "LocationDesc": "",
    "DataSource": "",
    "Topic": "",
    "Data_Value": "",
    "Sample_Size": "",
    "Stratification1": "",
    "StratificationId1": "",
    "LocationDisplayOrder": ""
  }
]