[
  {
    "ID": 61107,
    "Description": 2018,
    "LocationAbbr": "US",
    "LocationDesc": "National",
    "DataSource": "BRFSS",
    "Topic": "Obesity / Weight Status",
    "Data_Value": 35.6,
    "Sample_Size": "52,704",
    "Stratification1": "$15,000 - $24,999",
    "StratificationId1": "INC1525",
    "LocationDisplayOrder": 0
  },
  {
    "ID": 61187,
    "Description": 2018,
    "LocationAbbr": "AL",
    "LocationDesc": "Alabama",
    "DataSource": "BRFSS",
    "Topic": "Obesity / Weight Status",
    "Data_Value": 38.4,
    "Sample_Size": 937,
    "Stratification1": "$15,000 - $24,999",
    "StratificationId1": "INC1525",
    "LocationDisplayOrder": 1
  },
  {
    "ID": 61763,
    "Description": 2018,
    "LocationAbbr": "AK",
    "LocationDesc": "Alaska",
    "DataSource": "BRFSS",
    "Topic": "Obesity / Weight Status",
    "Data_Value": 25.2,
    "Sample_Size": 292,
    "Stratification1": "$15,000 - $24,999",
    "StratificationId1": "INC1525",
    "LocationDisplayOrder": 2
  },
  {
    "ID": 61790,
    "Description": 2018,
    "LocationAbbr": "AZ",
    "LocationDesc": "Arizona",
    "DataSource": "BRFSS",
    "Topic": "Obesity / Weight Status",
    "Data_Value": 35.1,
    "Sample_Size": "1,141",
    "Stratification1": "$15,000 - $24,999",
    "StratificationId1": "INC1525",
    "LocationDisplayOrder": 4
  },
  {
    "ID": 61817,
    "Description": 2018,
    "LocationAbbr": "AR",
    "LocationDesc": "Arkansas",
    "DataSource": "BRFSS",
    "Topic": "Obesity / Weight Status",
    "Data_Value": 37.3,
    "Sample_Size": 903,
    "Stratification1": "$15,000 - $24,999",
    "StratificationId1": "INC1525",
    "LocationDisplayOrder": 5
  },
  {
    "ID": 61844,
    "Description": 2018,
    "LocationAbbr": "CA",
    "LocationDesc": "California",
    "DataSource": "BRFSS",
    "Topic": "Obesity / Weight Status",
    "Data_Value": 32,
    "Sample_Size": "1,223",
    "Stratification1": "$15,000 - $24,999",
    "StratificationId1": "INC1525",
    "LocationDisplayOrder": 6
  },
  {
    "ID": 61591,
    "Description": 2018,
    "LocationAbbr": "CO",
    "LocationDesc": "Colorado",
    "DataSource": "BRFSS",
    "Topic": "Obesity / Weight Status",
    "Data_Value": 28.4,
    "Sample_Size": 892,
    "Stratification1": "$15,000 - $24,999",
    "StratificationId1": "INC1525",
    "LocationDisplayOrder": 8
  },
  {
    "ID": 61618,
    "Description": 2018,
    "LocationAbbr": "CT",
    "LocationDesc": "Connecticut",
    "DataSource": "BRFSS",
    "Topic": "Obesity / Weight Status",
    "Data_Value": 29.9,
    "Sample_Size": 963,
    "Stratification1": "$15,000 - $24,999",
    "StratificationId1": "INC1525",
    "LocationDisplayOrder": 9
  },
  {
    "ID": 61645,
    "Description": 2018,
    "LocationAbbr": "DE",
    "LocationDesc": "Delaware",
    "DataSource": "BRFSS",
    "Topic": "Obesity / Weight Status",
    "Data_Value": 37.4,
    "Sample_Size": 688,
    "Stratification1": "$15,000 - $24,999",
    "StratificationId1": "INC1525",
    "LocationDisplayOrder": 10
  },
  {
    "ID": 61856,
    "Description": 2018,
    "LocationAbbr": "DC",
    "LocationDesc": "District of Columbia",
    "DataSource": "BRFSS",
    "Topic": "Obesity / Weight Status",
    "Data_Value": 36.1,
    "Sample_Size": 427,
    "Stratification1": "$15,000 - $24,999",
    "StratificationId1": "INC1525",
    "LocationDisplayOrder": 11
  },
  {
    "ID": 61883,
    "Description": 2018,
    "LocationAbbr": "FL",
    "LocationDesc": "Florida",
    "DataSource": "BRFSS",
    "Topic": "Obesity / Weight Status",
    "Data_Value": 36.1,
    "Sample_Size": "2,422",
    "Stratification1": "$15,000 - $24,999",
    "StratificationId1": "INC1525",
    "LocationDisplayOrder": 12
  },
  {
    "ID": 61910,
    "Description": 2018,
    "LocationAbbr": "GA",
    "LocationDesc": "Georgia",
    "DataSource": "BRFSS",
    "Topic": "Obesity / Weight Status",
    "Data_Value": 35.6,
    "Sample_Size": "1,228",
    "Stratification1": "$15,000 - $24,999",
    "StratificationId1": "INC1525",
    "LocationDisplayOrder": 13
  },
  {
    "ID": 61937,
    "Description": 2018,
    "LocationAbbr": "HI",
    "LocationDesc": "Hawaii",
    "DataSource": "BRFSS",
    "Topic": "Obesity / Weight Status",
    "Data_Value": 28.7,
    "Sample_Size": "1,022",
    "Stratification1": "$15,000 - $24,999",
    "StratificationId1": "INC1525",
    "LocationDisplayOrder": 15
  },
  {
    "ID": 61224,
    "Description": 2018,
    "LocationAbbr": "ID",
    "LocationDesc": "Idaho",
    "DataSource": "BRFSS",
    "Topic": "Obesity / Weight Status",
    "Data_Value": 32.9,
    "Sample_Size": 500,
    "Stratification1": "$15,000 - $24,999",
    "StratificationId1": "INC1525",
    "LocationDisplayOrder": 16
  },
  {
    "ID": 61251,
    "Description": 2018,
    "LocationAbbr": "IL",
    "LocationDesc": "Illinois",
    "DataSource": "BRFSS",
    "Topic": "Obesity / Weight Status",
    "Data_Value": 39.6,
    "Sample_Size": 693,
    "Stratification1": "$15,000 - $24,999",
    "StratificationId1": "INC1525",
    "LocationDisplayOrder": 17
  },
  {
    "ID": 61278,
    "Description": 2018,
    "LocationAbbr": "IN",
    "LocationDesc": "Indiana",
    "DataSource": "BRFSS",
    "Topic": "Obesity / Weight Status",
    "Data_Value": 37.4,
    "Sample_Size": 960,
    "Stratification1": "$15,000 - $24,999",
    "StratificationId1": "INC1525",
    "LocationDisplayOrder": 18
  },
  {
    "ID": 61950,
    "Description": 2018,
    "LocationAbbr": "IA",
    "LocationDesc": "Iowa",
    "DataSource": "BRFSS",
    "Topic": "Obesity / Weight Status",
    "Data_Value": 41,
    "Sample_Size": "1,056",
    "Stratification1": "$15,000 - $24,999",
    "StratificationId1": "INC1525",
    "LocationDisplayOrder": 19
  },
  {
    "ID": 61977,
    "Description": 2018,
    "LocationAbbr": "KS",
    "LocationDesc": "Kansas",
    "DataSource": "BRFSS",
    "Topic": "Obesity / Weight Status",
    "Data_Value": 38.3,
    "Sample_Size": "1,213",
    "Stratification1": "$15,000 - $24,999",
    "StratificationId1": "INC1525",
    "LocationDisplayOrder": 20
  },
  {
    "ID": 62004,
    "Description": 2018,
    "LocationAbbr": "KY",
    "LocationDesc": "Kentucky",
    "DataSource": "BRFSS",
    "Topic": "Obesity / Weight Status",
    "Data_Value": 41.3,
    "Sample_Size": "1,074",
    "Stratification1": "$15,000 - $24,999",
    "StratificationId1": "INC1525",
    "LocationDisplayOrder": 21
  },
  {
    "ID": 62214,
    "Description": 2018,
    "LocationAbbr": "LA",
    "LocationDesc": "Louisiana",
    "DataSource": "BRFSS",
    "Topic": "Obesity / Weight Status",
    "Data_Value": 41.5,
    "Sample_Size": 734,
    "Stratification1": "$15,000 - $24,999",
    "StratificationId1": "INC1525",
    "LocationDisplayOrder": 22
  },
  {
    "ID": 62241,
    "Description": 2018,
    "LocationAbbr": "ME",
    "LocationDesc": "Maine",
    "DataSource": "BRFSS",
    "Topic": "Obesity / Weight Status",
    "Data_Value": 35.4,
    "Sample_Size": "1,363",
    "Stratification1": "$15,000 - $24,999",
    "StratificationId1": "INC1525",
    "LocationDisplayOrder": 23
  },
  {
    "ID": 62268,
    "Description": 2018,
    "LocationAbbr": "MD",
    "LocationDesc": "Maryland",
    "DataSource": "BRFSS",
    "Topic": "Obesity / Weight Status",
    "Data_Value": 35.2,
    "Sample_Size": "1,559",
    "Stratification1": "$15,000 - $24,999",
    "StratificationId1": "INC1525",
    "LocationDisplayOrder": 24
  },
  {
    "ID": 62295,
    "Description": 2018,
    "LocationAbbr": "MA",
    "LocationDesc": "Massachusetts",
    "DataSource": "BRFSS",
    "Topic": "Obesity / Weight Status",
    "Data_Value": 32.5,
    "Sample_Size": 493,
    "Stratification1": "$15,000 - $24,999",
    "StratificationId1": "INC1525",
    "LocationDisplayOrder": 25
  },
  {
    "ID": 62463,
    "Description": 2018,
    "LocationAbbr": "MI",
    "LocationDesc": "Michigan",
    "DataSource": "BRFSS",
    "Topic": "Obesity / Weight Status",
    "Data_Value": 40.1,
    "Sample_Size": "1,197",
    "Stratification1": "$15,000 - $24,999",
    "StratificationId1": "INC1525",
    "LocationDisplayOrder": 26
  },
  {
    "ID": 62490,
    "Description": 2018,
    "LocationAbbr": "MN",
    "LocationDesc": "Minnesota",
    "DataSource": "BRFSS",
    "Topic": "Obesity / Weight Status",
    "Data_Value": 32.6,
    "Sample_Size": "1,681",
    "Stratification1": "$15,000 - $24,999",
    "StratificationId1": "INC1525",
    "LocationDisplayOrder": 27
  },
  {
    "ID": 62517,
    "Description": 2018,
    "LocationAbbr": "MS",
    "LocationDesc": "Mississippi",
    "DataSource": "BRFSS",
    "Topic": "Obesity / Weight Status",
    "Data_Value": 44,
    "Sample_Size": "1,099",
    "Stratification1": "$15,000 - $24,999",
    "StratificationId1": "INC1525",
    "LocationDisplayOrder": 28
  },
  {
    "ID": 62924,
    "Description": 2018,
    "LocationAbbr": "MO",
    "LocationDesc": "Missouri",
    "DataSource": "BRFSS",
    "Topic": "Obesity / Weight Status",
    "Data_Value": 36.7,
    "Sample_Size": 827,
    "Stratification1": "$15,000 - $24,999",
    "StratificationId1": "INC1525",
    "LocationDisplayOrder": 29
  },
  {
    "ID": 62951,
    "Description": 2018,
    "LocationAbbr": "MT",
    "LocationDesc": "Montana",
    "DataSource": "BRFSS",
    "Topic": "Obesity / Weight Status",
    "Data_Value": 26.5,
    "Sample_Size": 689,
    "Stratification1": "$15,000 - $24,999",
    "StratificationId1": "INC1525",
    "LocationDisplayOrder": 30
  },
  {
    "ID": 62978,
    "Description": 2018,
    "LocationAbbr": "NE",
    "LocationDesc": "Nebraska",
    "DataSource": "BRFSS",
    "Topic": "Obesity / Weight Status",
    "Data_Value": 38.8,
    "Sample_Size": "1,911",
    "Stratification1": "$15,000 - $24,999",
    "StratificationId1": "INC1525",
    "LocationDisplayOrder": 31
  },
  {
    "ID": 63005,
    "Description": 2018,
    "LocationAbbr": "NV",
    "LocationDesc": "Nevada",
    "DataSource": "BRFSS",
    "Topic": "Obesity / Weight Status",
    "Data_Value": 27.9,
    "Sample_Size": 377,
    "Stratification1": "$15,000 - $24,999",
    "StratificationId1": "INC1525",
    "LocationDisplayOrder": 32
  },
  {
    "ID": 62556,
    "Description": 2018,
    "LocationAbbr": "NH",
    "LocationDesc": "New Hampshire",
    "DataSource": "BRFSS",
    "Topic": "Obesity / Weight Status",
    "Data_Value": 39,
    "Sample_Size": 604,
    "Stratification1": "$15,000 - $24,999",
    "StratificationId1": "INC1525",
    "LocationDisplayOrder": 33
  },
  {
    "ID": 62583,
    "Description": 2018,
    "LocationAbbr": "NJ",
    "LocationDesc": "New Jersey",
    "DataSource": "BRFSS",
    "Topic": "Obesity / Weight Status",
    "Data_Value": 31.8,
    "Sample_Size": 314,
    "Stratification1": "$15,000 - $24,999",
    "StratificationId1": "INC1525",
    "LocationDisplayOrder": 34
  },
  {
    "ID": 62610,
    "Description": 2018,
    "LocationAbbr": "NM",
    "LocationDesc": "New Mexico",
    "DataSource": "BRFSS",
    "Topic": "Obesity / Weight Status",
    "Data_Value": 38,
    "Sample_Size": "1,160",
    "Stratification1": "$15,000 - $24,999",
    "StratificationId1": "INC1525",
    "LocationDisplayOrder": 35
  },
  {
    "ID": 62116,
    "Description": 2018,
    "LocationAbbr": "NY",
    "LocationDesc": "New York",
    "DataSource": "BRFSS",
    "Topic": "Obesity / Weight Status",
    "Data_Value": 30.7,
    "Sample_Size": "4,506",
    "Stratification1": "$15,000 - $24,999",
    "StratificationId1": "INC1525",
    "LocationDisplayOrder": 36
  },
  {
    "ID": 62143,
    "Description": 2018,
    "LocationAbbr": "NC",
    "LocationDesc": "North Carolina",
    "DataSource": "BRFSS",
    "Topic": "Obesity / Weight Status",
    "Data_Value": 35,
    "Sample_Size": 641,
    "Stratification1": "$15,000 - $24,999",
    "StratificationId1": "INC1525",
    "LocationDisplayOrder": 37
  },
  {
    "ID": 62170,
    "Description": 2018,
    "LocationAbbr": "ND",
    "LocationDesc": "North Dakota",
    "DataSource": "BRFSS",
    "Topic": "Obesity / Weight Status",
    "Data_Value": 38.1,
    "Sample_Size": 596,
    "Stratification1": "$15,000 - $24,999",
    "StratificationId1": "INC1525",
    "LocationDisplayOrder": 38
  },
  {
    "ID": 62197,
    "Description": 2018,
    "LocationAbbr": "OH",
    "LocationDesc": "Ohio",
    "DataSource": "BRFSS",
    "Topic": "Obesity / Weight Status",
    "Data_Value": 38.2,
    "Sample_Size": "1,965",
    "Stratification1": "$15,000 - $24,999",
    "StratificationId1": "INC1525",
    "LocationDisplayOrder": 39
  },
  {
    "ID": 62320,
    "Description": 2018,
    "LocationAbbr": "OK",
    "LocationDesc": "Oklahoma",
    "DataSource": "BRFSS",
    "Topic": "Obesity / Weight Status",
    "Data_Value": 38.3,
    "Sample_Size": 724,
    "Stratification1": "$15,000 - $24,999",
    "StratificationId1": "INC1525",
    "LocationDisplayOrder": 40
  },
  {
    "ID": 62347,
    "Description": 2018,
    "LocationAbbr": "OR",
    "LocationDesc": "Oregon",
    "DataSource": "BRFSS",
    "Topic": "Obesity / Weight Status",
    "Data_Value": 33.7,
    "Sample_Size": 731,
    "Stratification1": "$15,000 - $24,999",
    "StratificationId1": "INC1525",
    "LocationDisplayOrder": 41
  },
  {
    "ID": 62374,
    "Description": 2018,
    "LocationAbbr": "PA",
    "LocationDesc": "Pennsylvania",
    "DataSource": "BRFSS",
    "Topic": "Obesity / Weight Status",
    "Data_Value": 32.1,
    "Sample_Size": 722,
    "Stratification1": "$15,000 - $24,999",
    "StratificationId1": "INC1525",
    "LocationDisplayOrder": 42
  },
  {
    "ID": 62636,
    "Description": 2018,
    "LocationAbbr": "RI",
    "LocationDesc": "Rhode Island",
    "DataSource": "BRFSS",
    "Topic": "Obesity / Weight Status",
    "Data_Value": 32,
    "Sample_Size": 661,
    "Stratification1": "$15,000 - $24,999",
    "StratificationId1": "INC1525",
    "LocationDisplayOrder": 44
  },
  {
    "ID": 62663,
    "Description": 2018,
    "LocationAbbr": "SC",
    "LocationDesc": "South Carolina",
    "DataSource": "BRFSS",
    "Topic": "Obesity / Weight Status",
    "Data_Value": 39.2,
    "Sample_Size": "1,561",
    "Stratification1": "$15,000 - $24,999",
    "StratificationId1": "INC1525",
    "LocationDisplayOrder": 45
  },
  {
    "ID": 62690,
    "Description": 2018,
    "LocationAbbr": "SD",
    "LocationDesc": "South Dakota",
    "DataSource": "BRFSS",
    "Topic": "Obesity / Weight Status",
    "Data_Value": 34.5,
    "Sample_Size": 738,
    "Stratification1": "$15,000 - $24,999",
    "StratificationId1": "INC1525",
    "LocationDisplayOrder": 46
  },
  {
    "ID": 62717,
    "Description": 2018,
    "LocationAbbr": "TN",
    "LocationDesc": "Tennessee",
    "DataSource": "BRFSS",
    "Topic": "Obesity / Weight Status",
    "Data_Value": 38.1,
    "Sample_Size": 772,
    "Stratification1": "$15,000 - $24,999",
    "StratificationId1": "INC1525",
    "LocationDisplayOrder": 47
  },
  {
    "ID": 62744,
    "Description": 2018,
    "LocationAbbr": "TX",
    "LocationDesc": "Texas",
    "DataSource": "BRFSS",
    "Topic": "Obesity / Weight Status",
    "Data_Value": 38.1,
    "Sample_Size": "1,415",
    "Stratification1": "$15,000 - $24,999",
    "StratificationId1": "INC1525",
    "LocationDisplayOrder": 48
  },
  {
    "ID": 62771,
    "Description": 2018,
    "LocationAbbr": "UT",
    "LocationDesc": "Utah",
    "DataSource": "BRFSS",
    "Topic": "Obesity / Weight Status",
    "Data_Value": 29.7,
    "Sample_Size": 897,
    "Stratification1": "$15,000 - $24,999",
    "StratificationId1": "INC1525",
    "LocationDisplayOrder": 49
  },
  {
    "ID": 62798,
    "Description": 2018,
    "LocationAbbr": "VT",
    "LocationDesc": "Vermont",
    "DataSource": "BRFSS",
    "Topic": "Obesity / Weight Status",
    "Data_Value": 31.6,
    "Sample_Size": 724,
    "Stratification1": "$15,000 - $24,999",
    "StratificationId1": "INC1525",
    "LocationDisplayOrder": 50
  },
  {
    "ID": 62825,
    "Description": 2018,
    "LocationAbbr": "VA",
    "LocationDesc": "Virginia",
    "DataSource": "BRFSS",
    "Topic": "Obesity / Weight Status",
    "Data_Value": 38.6,
    "Sample_Size": "1,138",
    "Stratification1": "$15,000 - $24,999",
    "StratificationId1": "INC1525",
    "LocationDisplayOrder": 51
  },
  {
    "ID": 62852,
    "Description": 2018,
    "LocationAbbr": "WA",
    "LocationDesc": "Washington",
    "DataSource": "BRFSS",
    "Topic": "Obesity / Weight Status",
    "Data_Value": 30.6,
    "Sample_Size": "1,293",
    "Stratification1": "$15,000 - $24,999",
    "StratificationId1": "INC1525",
    "LocationDisplayOrder": 53
  },
  {
    "ID": 62879,
    "Description": 2018,
    "LocationAbbr": "WV",
    "LocationDesc": "West Virginia",
    "DataSource": "BRFSS",
    "Topic": "Obesity / Weight Status",
    "Data_Value": 42.5,
    "Sample_Size": 794,
    "Stratification1": "$15,000 - $24,999",
    "StratificationId1": "INC1525",
    "LocationDisplayOrder": 54
  },
  {
    "ID": 62906,
    "Description": 2018,
    "LocationAbbr": "WI",
    "LocationDesc": "Wisconsin",
    "DataSource": "BRFSS",
    "Topic": "Obesity / Weight Status",
    "Data_Value": 35.2,
    "Sample_Size": 594,
    "Stratification1": "$15,000 - $24,999",
    "StratificationId1": "INC1525",
    "LocationDisplayOrder": 55
  },
  {
    "ID": 63029,
    "Description": 2018,
    "LocationAbbr": "WY",
    "LocationDesc": "Wyoming",
    "DataSource": "BRFSS",
    "Topic": "Obesity / Weight Status",
    "Data_Value": 30.9,
    "Sample_Size": 590,
    "Stratification1": "$15,000 - $24,999",
    "StratificationId1": "INC1525",
    "LocationDisplayOrder": 56
  },
  {
    "ID": 63056,
    "Description": 2018,
    "LocationAbbr": "GU",
    "LocationDesc": "Guam",
    "DataSource": "BRFSS",
    "Topic": "Obesity / Weight Status",
    "Data_Value": 31.5,
    "Sample_Size": 239,
    "Stratification1": "$15,000 - $24,999",
    "StratificationId1": "INC1525",
    "LocationDisplayOrder": 66
  },
  {
    "ID": 63083,
    "Description": 2018,
    "LocationAbbr": "PR",
    "LocationDesc": "Puerto Rico",
    "DataSource": "BRFSS",
    "Topic": "Obesity / Weight Status",
    "Data_Value": 33.2,
    "Sample_Size": "1,244",
    "Stratification1": "$15,000 - $24,999",
    "StratificationId1": "INC1525",
    "LocationDisplayOrder": 72
  },
  {
    "ID": 62397,
    "Description": 2018,
    "LocationAbbr": "VI",
    "LocationDesc": "Virgin Islands",
    "DataSource": "BRFSS",
    "Topic": "Obesity / Weight Status",
    "Data_Value": "~",
    "Sample_Size": "~",
    "Stratification1": "$15,000 - $24,999",
    "StratificationId1": "INC1525",
    "LocationDisplayOrder": 78
  },
  {
    "ID": "",
    "Description": "",
    "LocationAbbr": "",
    "LocationDesc": "",
    "DataSource": "",
    "Topic": "",
    "Data_Value": "",
    "Sample_Size": "",
    "Stratification1": "",
    "StratificationId1": "",
    "LocationDisplayOrder": ""
  },
  {
    "ID": "",
    "Description": "",
    "LocationAbbr": "",
    "LocationDesc": "",
    "DataSource": "",
    "Topic": "",
    "Data_Value": "",
    "Sample_Size": "",
    "Stratification1": "",
    "StratificationId1": "",
    "LocationDisplayOrder": ""
  },
  {
    "ID": "",
    "Description": "",
    "LocationAbbr": "",
    "LocationDesc": "",
    "DataSource": "",
    "Topic": "",
    "Data_Value": "",
    "Sample_Size": "",
    "Stratification1": "",
    "StratificationId1": "",
    "LocationDisplayOrder": ""
  },
  {
    "ID": "",
    "Description": "",
    "LocationAbbr": "",
    "LocationDesc": "",
    "DataSource": "",
    "Topic": "",
    "Data_Value": "",
    "Sample_Size": "",
    "Stratification1": "",
    "StratificationId1": "",
    "LocationDisplayOrder": ""
  },
  {
    "ID": "",
    "Description": "",
    "LocationAbbr": "",
    "LocationDesc": "",
    "DataSource": "",
    "Topic": "",
    "Data_Value": "",
    "Sample_Size": "",
    "Stratification1": "",
    "StratificationId1": "",
    "LocationDisplayOrder": ""
  },
  {
    "ID": "",
    "Description": "",
    "LocationAbbr": "",
    "LocationDesc": "",
    "DataSource": "",
    "Topic": "",
    "Data_Value": "",
    "Sample_Size": "",
    "Stratification1": "",
    "StratificationId1": "",
    "LocationDisplayOrder": ""
  },
  {
    "ID": "",
    "Description": "",
    "LocationAbbr": "",
    "LocationDesc": "",
    "DataSource": "",
    "Topic": "",
    "Data_Value": "",
    "Sample_Size": "",
    "Stratification1": "",
    "StratificationId1": "",
    "LocationDisplayOrder": ""
  },
  {
    "ID": "",
    "Description": "",
    "LocationAbbr": "",
    "LocationDesc": "",
    "DataSource": "",
    "Topic": "",
    "Data_Value": "",
    "Sample_Size": "",
    "Stratification1": "",
    "StratificationId1": "",
    "LocationDisplayOrder": ""
  },
  {
    "ID": "",
    "Description": "",
    "LocationAbbr": "",
    "LocationDesc": "",
    "DataSource": "",
    "Topic": "",
    "Data_Value": "",
    "Sample_Size": "",
    "Stratification1": "",
    "StratificationId1": "",
    "LocationDisplayOrder": ""
  },
  {
    "ID": "",
    "Description": "",
    "LocationAbbr": "",
    "LocationDesc": "",
    "DataSource": "",
    "Topic": "",
    "Data_Value": "",
    "Sample_Size": "",
    "Stratification1": "",
    "StratificationId1": "",
    "LocationDisplayOrder": ""
  }
]