[
  {
    "ID": 61569,
    "Description": 2018,
    "LocationAbbr": "US",
    "LocationDesc": "National",
    "DataSource": "BRFSS",
    "Topic": "Obesity / Weight Status",
    "Data_Value": 36.9,
    "Sample_Size": "60,363",
    "Stratification1": "45 - 54",
    "StratificationId1": "AGEYR4554",
    "LocationDisplayOrder": 0
  },
  {
    "ID": 61183,
    "Description": 2018,
    "LocationAbbr": "AL",
    "LocationDesc": "Alabama",
    "DataSource": "BRFSS",
    "Topic": "Obesity / Weight Status",
    "Data_Value": 39.8,
    "Sample_Size": 969,
    "Stratification1": "45 - 54",
    "StratificationId1": "AGEYR4554",
    "LocationDisplayOrder": 1
  },
  {
    "ID": 61759,
    "Description": 2018,
    "LocationAbbr": "AK",
    "LocationDesc": "Alaska",
    "DataSource": "BRFSS",
    "Topic": "Obesity / Weight Status",
    "Data_Value": 34.2,
    "Sample_Size": 379,
    "Stratification1": "45 - 54",
    "StratificationId1": "AGEYR4554",
    "LocationDisplayOrder": 2
  },
  {
    "ID": 61786,
    "Description": 2018,
    "LocationAbbr": "AZ",
    "LocationDesc": "Arizona",
    "DataSource": "BRFSS",
    "Topic": "Obesity / Weight Status",
    "Data_Value": 36.7,
    "Sample_Size": "1,025",
    "Stratification1": "45 - 54",
    "StratificationId1": "AGEYR4554",
    "LocationDisplayOrder": 4
  },
  {
    "ID": 61813,
    "Description": 2018,
    "LocationAbbr": "AR",
    "LocationDesc": "Arkansas",
    "DataSource": "BRFSS",
    "Topic": "Obesity / Weight Status",
    "Data_Value": 45.7,
    "Sample_Size": 600,
    "Stratification1": "45 - 54",
    "StratificationId1": "AGEYR4554",
    "LocationDisplayOrder": 5
  },
  {
    "ID": 61840,
    "Description": 2018,
    "LocationAbbr": "CA",
    "LocationDesc": "California",
    "DataSource": "BRFSS",
    "Topic": "Obesity / Weight Status",
    "Data_Value": 30.6,
    "Sample_Size": "1,748",
    "Stratification1": "45 - 54",
    "StratificationId1": "AGEYR4554",
    "LocationDisplayOrder": 6
  },
  {
    "ID": 61587,
    "Description": 2018,
    "LocationAbbr": "CO",
    "LocationDesc": "Colorado",
    "DataSource": "BRFSS",
    "Topic": "Obesity / Weight Status",
    "Data_Value": 29.2,
    "Sample_Size": "1,235",
    "Stratification1": "45 - 54",
    "StratificationId1": "AGEYR4554",
    "LocationDisplayOrder": 8
  },
  {
    "ID": 61614,
    "Description": 2018,
    "LocationAbbr": "CT",
    "LocationDesc": "Connecticut",
    "DataSource": "BRFSS",
    "Topic": "Obesity / Weight Status",
    "Data_Value": 33.5,
    "Sample_Size": "1,684",
    "Stratification1": "45 - 54",
    "StratificationId1": "AGEYR4554",
    "LocationDisplayOrder": 9
  },
  {
    "ID": 61641,
    "Description": 2018,
    "LocationAbbr": "DE",
    "LocationDesc": "Delaware",
    "DataSource": "BRFSS",
    "Topic": "Obesity / Weight Status",
    "Data_Value": 39.7,
    "Sample_Size": 721,
    "Stratification1": "45 - 54",
    "StratificationId1": "AGEYR4554",
    "LocationDisplayOrder": 10
  },
  {
    "ID": 61668,
    "Description": 2018,
    "LocationAbbr": "DC",
    "LocationDesc": "District of Columbia",
    "DataSource": "BRFSS",
    "Topic": "Obesity / Weight Status",
    "Data_Value": 32.9,
    "Sample_Size": 649,
    "Stratification1": "45 - 54",
    "StratificationId1": "AGEYR4554",
    "LocationDisplayOrder": 11
  },
  {
    "ID": 61879,
    "Description": 2018,
    "LocationAbbr": "FL",
    "LocationDesc": "Florida",
    "DataSource": "BRFSS",
    "Topic": "Obesity / Weight Status",
    "Data_Value": 39.4,
    "Sample_Size": "1,983",
    "Stratification1": "45 - 54",
    "StratificationId1": "AGEYR4554",
    "LocationDisplayOrder": 12
  },
  {
    "ID": 61906,
    "Description": 2018,
    "LocationAbbr": "GA",
    "LocationDesc": "Georgia",
    "DataSource": "BRFSS",
    "Topic": "Obesity / Weight Status",
    "Data_Value": 38.7,
    "Sample_Size": "1,337",
    "Stratification1": "45 - 54",
    "StratificationId1": "AGEYR4554",
    "LocationDisplayOrder": 13
  },
  {
    "ID": 61933,
    "Description": 2018,
    "LocationAbbr": "HI",
    "LocationDesc": "Hawaii",
    "DataSource": "BRFSS",
    "Topic": "Obesity / Weight Status",
    "Data_Value": 31.1,
    "Sample_Size": "1,183",
    "Stratification1": "45 - 54",
    "StratificationId1": "AGEYR4554",
    "LocationDisplayOrder": 15
  },
  {
    "ID": 61220,
    "Description": 2018,
    "LocationAbbr": "ID",
    "LocationDesc": "Idaho",
    "DataSource": "BRFSS",
    "Topic": "Obesity / Weight Status",
    "Data_Value": 36.4,
    "Sample_Size": 441,
    "Stratification1": "45 - 54",
    "StratificationId1": "AGEYR4554",
    "LocationDisplayOrder": 16
  },
  {
    "ID": 61247,
    "Description": 2018,
    "LocationAbbr": "IL",
    "LocationDesc": "Illinois",
    "DataSource": "BRFSS",
    "Topic": "Obesity / Weight Status",
    "Data_Value": 35.7,
    "Sample_Size": 821,
    "Stratification1": "45 - 54",
    "StratificationId1": "AGEYR4554",
    "LocationDisplayOrder": 17
  },
  {
    "ID": 61274,
    "Description": 2018,
    "LocationAbbr": "IN",
    "LocationDesc": "Indiana",
    "DataSource": "BRFSS",
    "Topic": "Obesity / Weight Status",
    "Data_Value": 40.6,
    "Sample_Size": "1,071",
    "Stratification1": "45 - 54",
    "StratificationId1": "AGEYR4554",
    "LocationDisplayOrder": 18
  },
  {
    "ID": 61301,
    "Description": 2018,
    "LocationAbbr": "IA",
    "LocationDesc": "Iowa",
    "DataSource": "BRFSS",
    "Topic": "Obesity / Weight Status",
    "Data_Value": 41.4,
    "Sample_Size": "1,302",
    "Stratification1": "45 - 54",
    "StratificationId1": "AGEYR4554",
    "LocationDisplayOrder": 19
  },
  {
    "ID": 61973,
    "Description": 2018,
    "LocationAbbr": "KS",
    "LocationDesc": "Kansas",
    "DataSource": "BRFSS",
    "Topic": "Obesity / Weight Status",
    "Data_Value": 40.7,
    "Sample_Size": "1,469",
    "Stratification1": "45 - 54",
    "StratificationId1": "AGEYR4554",
    "LocationDisplayOrder": 20
  },
  {
    "ID": 62000,
    "Description": 2018,
    "LocationAbbr": "KY",
    "LocationDesc": "Kentucky",
    "DataSource": "BRFSS",
    "Topic": "Obesity / Weight Status",
    "Data_Value": 45.4,
    "Sample_Size": "1,344",
    "Stratification1": "45 - 54",
    "StratificationId1": "AGEYR4554",
    "LocationDisplayOrder": 21
  },
  {
    "ID": 62210,
    "Description": 2018,
    "LocationAbbr": "LA",
    "LocationDesc": "Louisiana",
    "DataSource": "BRFSS",
    "Topic": "Obesity / Weight Status",
    "Data_Value": 45.8,
    "Sample_Size": 816,
    "Stratification1": "45 - 54",
    "StratificationId1": "AGEYR4554",
    "LocationDisplayOrder": 22
  },
  {
    "ID": 62237,
    "Description": 2018,
    "LocationAbbr": "ME",
    "LocationDesc": "Maine",
    "DataSource": "BRFSS",
    "Topic": "Obesity / Weight Status",
    "Data_Value": 38.6,
    "Sample_Size": "1,402",
    "Stratification1": "45 - 54",
    "StratificationId1": "AGEYR4554",
    "LocationDisplayOrder": 23
  },
  {
    "ID": 62264,
    "Description": 2018,
    "LocationAbbr": "MD",
    "LocationDesc": "Maryland",
    "DataSource": "BRFSS",
    "Topic": "Obesity / Weight Status",
    "Data_Value": 36.9,
    "Sample_Size": "2,528",
    "Stratification1": "45 - 54",
    "StratificationId1": "AGEYR4554",
    "LocationDisplayOrder": 24
  },
  {
    "ID": 62291,
    "Description": 2018,
    "LocationAbbr": "MA",
    "LocationDesc": "Massachusetts",
    "DataSource": "BRFSS",
    "Topic": "Obesity / Weight Status",
    "Data_Value": 29.4,
    "Sample_Size": 989,
    "Stratification1": "45 - 54",
    "StratificationId1": "AGEYR4554",
    "LocationDisplayOrder": 25
  },
  {
    "ID": 62459,
    "Description": 2018,
    "LocationAbbr": "MI",
    "LocationDesc": "Michigan",
    "DataSource": "BRFSS",
    "Topic": "Obesity / Weight Status",
    "Data_Value": 38.9,
    "Sample_Size": "1,475",
    "Stratification1": "45 - 54",
    "StratificationId1": "AGEYR4554",
    "LocationDisplayOrder": 26
  },
  {
    "ID": 62486,
    "Description": 2018,
    "LocationAbbr": "MN",
    "LocationDesc": "Minnesota",
    "DataSource": "BRFSS",
    "Topic": "Obesity / Weight Status",
    "Data_Value": 35.7,
    "Sample_Size": "2,555",
    "Stratification1": "45 - 54",
    "StratificationId1": "AGEYR4554",
    "LocationDisplayOrder": 27
  },
  {
    "ID": 62513,
    "Description": 2018,
    "LocationAbbr": "MS",
    "LocationDesc": "Mississippi",
    "DataSource": "BRFSS",
    "Topic": "Obesity / Weight Status",
    "Data_Value": 46.3,
    "Sample_Size": 897,
    "Stratification1": "45 - 54",
    "StratificationId1": "AGEYR4554",
    "LocationDisplayOrder": 28
  },
  {
    "ID": 62920,
    "Description": 2018,
    "LocationAbbr": "MO",
    "LocationDesc": "Missouri",
    "DataSource": "BRFSS",
    "Topic": "Obesity / Weight Status",
    "Data_Value": 41.7,
    "Sample_Size": 758,
    "Stratification1": "45 - 54",
    "StratificationId1": "AGEYR4554",
    "LocationDisplayOrder": 29
  },
  {
    "ID": 62947,
    "Description": 2018,
    "LocationAbbr": "MT",
    "LocationDesc": "Montana",
    "DataSource": "BRFSS",
    "Topic": "Obesity / Weight Status",
    "Data_Value": 31.7,
    "Sample_Size": 627,
    "Stratification1": "45 - 54",
    "StratificationId1": "AGEYR4554",
    "LocationDisplayOrder": 30
  },
  {
    "ID": 62974,
    "Description": 2018,
    "LocationAbbr": "NE",
    "LocationDesc": "Nebraska",
    "DataSource": "BRFSS",
    "Topic": "Obesity / Weight Status",
    "Data_Value": 41,
    "Sample_Size": "1,845",
    "Stratification1": "45 - 54",
    "StratificationId1": "AGEYR4554",
    "LocationDisplayOrder": 31
  },
  {
    "ID": 63001,
    "Description": 2018,
    "LocationAbbr": "NV",
    "LocationDesc": "Nevada",
    "DataSource": "BRFSS",
    "Topic": "Obesity / Weight Status",
    "Data_Value": 37.6,
    "Sample_Size": 464,
    "Stratification1": "45 - 54",
    "StratificationId1": "AGEYR4554",
    "LocationDisplayOrder": 32
  },
  {
    "ID": 62552,
    "Description": 2018,
    "LocationAbbr": "NH",
    "LocationDesc": "New Hampshire",
    "DataSource": "BRFSS",
    "Topic": "Obesity / Weight Status",
    "Data_Value": 34,
    "Sample_Size": 806,
    "Stratification1": "45 - 54",
    "StratificationId1": "AGEYR4554",
    "LocationDisplayOrder": 33
  },
  {
    "ID": 62579,
    "Description": 2018,
    "LocationAbbr": "NJ",
    "LocationDesc": "New Jersey",
    "DataSource": "BRFSS",
    "Topic": "Obesity / Weight Status",
    "Data_Value": 26,
    "Sample_Size": 457,
    "Stratification1": "45 - 54",
    "StratificationId1": "AGEYR4554",
    "LocationDisplayOrder": 34
  },
  {
    "ID": 62606,
    "Description": 2018,
    "LocationAbbr": "NM",
    "LocationDesc": "New Mexico",
    "DataSource": "BRFSS",
    "Topic": "Obesity / Weight Status",
    "Data_Value": 39.7,
    "Sample_Size": 891,
    "Stratification1": "45 - 54",
    "StratificationId1": "AGEYR4554",
    "LocationDisplayOrder": 35
  },
  {
    "ID": 62112,
    "Description": 2018,
    "LocationAbbr": "NY",
    "LocationDesc": "New York",
    "DataSource": "BRFSS",
    "Topic": "Obesity / Weight Status",
    "Data_Value": 32.4,
    "Sample_Size": "5,312",
    "Stratification1": "45 - 54",
    "StratificationId1": "AGEYR4554",
    "LocationDisplayOrder": 36
  },
  {
    "ID": 62139,
    "Description": 2018,
    "LocationAbbr": "NC",
    "LocationDesc": "North Carolina",
    "DataSource": "BRFSS",
    "Topic": "Obesity / Weight Status",
    "Data_Value": 44.5,
    "Sample_Size": 730,
    "Stratification1": "45 - 54",
    "StratificationId1": "AGEYR4554",
    "LocationDisplayOrder": 37
  },
  {
    "ID": 62166,
    "Description": 2018,
    "LocationAbbr": "ND",
    "LocationDesc": "North Dakota",
    "DataSource": "BRFSS",
    "Topic": "Obesity / Weight Status",
    "Data_Value": 41.7,
    "Sample_Size": 677,
    "Stratification1": "45 - 54",
    "StratificationId1": "AGEYR4554",
    "LocationDisplayOrder": 38
  },
  {
    "ID": 62193,
    "Description": 2018,
    "LocationAbbr": "OH",
    "LocationDesc": "Ohio",
    "DataSource": "BRFSS",
    "Topic": "Obesity / Weight Status",
    "Data_Value": 38.9,
    "Sample_Size": "1,766",
    "Stratification1": "45 - 54",
    "StratificationId1": "AGEYR4554",
    "LocationDisplayOrder": 39
  },
  {
    "ID": 62316,
    "Description": 2018,
    "LocationAbbr": "OK",
    "LocationDesc": "Oklahoma",
    "DataSource": "BRFSS",
    "Topic": "Obesity / Weight Status",
    "Data_Value": 40.8,
    "Sample_Size": 661,
    "Stratification1": "45 - 54",
    "StratificationId1": "AGEYR4554",
    "LocationDisplayOrder": 40
  },
  {
    "ID": 62343,
    "Description": 2018,
    "LocationAbbr": "OR",
    "LocationDesc": "Oregon",
    "DataSource": "BRFSS",
    "Topic": "Obesity / Weight Status",
    "Data_Value": 37.7,
    "Sample_Size": 914,
    "Stratification1": "45 - 54",
    "StratificationId1": "AGEYR4554",
    "LocationDisplayOrder": 41
  },
  {
    "ID": 62370,
    "Description": 2018,
    "LocationAbbr": "PA",
    "LocationDesc": "Pennsylvania",
    "DataSource": "BRFSS",
    "Topic": "Obesity / Weight Status",
    "Data_Value": 40.3,
    "Sample_Size": 940,
    "Stratification1": "45 - 54",
    "StratificationId1": "AGEYR4554",
    "LocationDisplayOrder": 42
  },
  {
    "ID": 62632,
    "Description": 2018,
    "LocationAbbr": "RI",
    "LocationDesc": "Rhode Island",
    "DataSource": "BRFSS",
    "Topic": "Obesity / Weight Status",
    "Data_Value": 33,
    "Sample_Size": 828,
    "Stratification1": "45 - 54",
    "StratificationId1": "AGEYR4554",
    "LocationDisplayOrder": 44
  },
  {
    "ID": 62659,
    "Description": 2018,
    "LocationAbbr": "SC",
    "LocationDesc": "South Carolina",
    "DataSource": "BRFSS",
    "Topic": "Obesity / Weight Status",
    "Data_Value": 43.6,
    "Sample_Size": "1,344",
    "Stratification1": "45 - 54",
    "StratificationId1": "AGEYR4554",
    "LocationDisplayOrder": 45
  },
  {
    "ID": 62686,
    "Description": 2018,
    "LocationAbbr": "SD",
    "LocationDesc": "South Dakota",
    "DataSource": "BRFSS",
    "Topic": "Obesity / Weight Status",
    "Data_Value": 36.2,
    "Sample_Size": 944,
    "Stratification1": "45 - 54",
    "StratificationId1": "AGEYR4554",
    "LocationDisplayOrder": 46
  },
  {
    "ID": 62713,
    "Description": 2018,
    "LocationAbbr": "TN",
    "LocationDesc": "Tennessee",
    "DataSource": "BRFSS",
    "Topic": "Obesity / Weight Status",
    "Data_Value": 41.9,
    "Sample_Size": 758,
    "Stratification1": "45 - 54",
    "StratificationId1": "AGEYR4554",
    "LocationDisplayOrder": 47
  },
  {
    "ID": 62740,
    "Description": 2018,
    "LocationAbbr": "TX",
    "LocationDesc": "Texas",
    "DataSource": "BRFSS",
    "Topic": "Obesity / Weight Status",
    "Data_Value": 38.6,
    "Sample_Size": "1,472",
    "Stratification1": "45 - 54",
    "StratificationId1": "AGEYR4554",
    "LocationDisplayOrder": 48
  },
  {
    "ID": 62767,
    "Description": 2018,
    "LocationAbbr": "UT",
    "LocationDesc": "Utah",
    "DataSource": "BRFSS",
    "Topic": "Obesity / Weight Status",
    "Data_Value": 34,
    "Sample_Size": "1,506",
    "Stratification1": "45 - 54",
    "StratificationId1": "AGEYR4554",
    "LocationDisplayOrder": 49
  },
  {
    "ID": 62794,
    "Description": 2018,
    "LocationAbbr": "VT",
    "LocationDesc": "Vermont",
    "DataSource": "BRFSS",
    "Topic": "Obesity / Weight Status",
    "Data_Value": 33.8,
    "Sample_Size": 961,
    "Stratification1": "45 - 54",
    "StratificationId1": "AGEYR4554",
    "LocationDisplayOrder": 50
  },
  {
    "ID": 62821,
    "Description": 2018,
    "LocationAbbr": "VA",
    "LocationDesc": "Virginia",
    "DataSource": "BRFSS",
    "Topic": "Obesity / Weight Status",
    "Data_Value": 37.6,
    "Sample_Size": "1,568",
    "Stratification1": "45 - 54",
    "StratificationId1": "AGEYR4554",
    "LocationDisplayOrder": 51
  },
  {
    "ID": 62848,
    "Description": 2018,
    "LocationAbbr": "WA",
    "LocationDesc": "Washington",
    "DataSource": "BRFSS",
    "Topic": "Obesity / Weight Status",
    "Data_Value": 34.7,
    "Sample_Size": "1,583",
    "Stratification1": "45 - 54",
    "StratificationId1": "AGEYR4554",
    "LocationDisplayOrder": 53
  },
  {
    "ID": 62875,
    "Description": 2018,
    "LocationAbbr": "WV",
    "LocationDesc": "West Virginia",
    "DataSource": "BRFSS",
    "Topic": "Obesity / Weight Status",
    "Data_Value": 48.2,
    "Sample_Size": 731,
    "Stratification1": "45 - 54",
    "StratificationId1": "AGEYR4554",
    "LocationDisplayOrder": 54
  },
  {
    "ID": 62902,
    "Description": 2018,
    "LocationAbbr": "WI",
    "LocationDesc": "Wisconsin",
    "DataSource": "BRFSS",
    "Topic": "Obesity / Weight Status",
    "Data_Value": 33.5,
    "Sample_Size": 715,
    "Stratification1": "45 - 54",
    "StratificationId1": "AGEYR4554",
    "LocationDisplayOrder": 55
  },
  {
    "ID": 63025,
    "Description": 2018,
    "LocationAbbr": "WY",
    "LocationDesc": "Wyoming",
    "DataSource": "BRFSS",
    "Topic": "Obesity / Weight Status",
    "Data_Value": 39.9,
    "Sample_Size": 482,
    "Stratification1": "45 - 54",
    "StratificationId1": "AGEYR4554",
    "LocationDisplayOrder": 56
  },
  {
    "ID": 63052,
    "Description": 2018,
    "LocationAbbr": "GU",
    "LocationDesc": "Guam",
    "DataSource": "BRFSS",
    "Topic": "Obesity / Weight Status",
    "Data_Value": 32.3,
    "Sample_Size": 307,
    "Stratification1": "45 - 54",
    "StratificationId1": "AGEYR4554",
    "LocationDisplayOrder": 66
  },
  {
    "ID": 63079,
    "Description": 2018,
    "LocationAbbr": "PR",
    "LocationDesc": "Puerto Rico",
    "DataSource": "BRFSS",
    "Topic": "Obesity / Weight Status",
    "Data_Value": 40.4,
    "Sample_Size": 833,
    "Stratification1": "45 - 54",
    "StratificationId1": "AGEYR4554",
    "LocationDisplayOrder": 72
  },
  {
    "ID": 62393,
    "Description": 2018,
    "LocationAbbr": "VI",
    "LocationDesc": "Virgin Islands",
    "DataSource": "BRFSS",
    "Topic": "Obesity / Weight Status",
    "Data_Value": "~",
    "Sample_Size": "~",
    "Stratification1": "45 - 54",
    "StratificationId1": "AGEYR4554",
    "LocationDisplayOrder": 78
  },
  {
    "ID": "",
    "Description": "",
    "LocationAbbr": "",
    "LocationDesc": "",
    "DataSource": "",
    "Topic": "",
    "Data_Value": "",
    "Sample_Size": "",
    "Stratification1": "",
    "StratificationId1": "",
    "LocationDisplayOrder": ""
  },
  {
    "ID": "",
    "Description": "",
    "LocationAbbr": "",
    "LocationDesc": "",
    "DataSource": "",
    "Topic": "",
    "Data_Value": "",
    "Sample_Size": "",
    "Stratification1": "",
    "StratificationId1": "",
    "LocationDisplayOrder": ""
  },
  {
    "ID": "",
    "Description": "",
    "LocationAbbr": "",
    "LocationDesc": "",
    "DataSource": "",
    "Topic": "",
    "Data_Value": "",
    "Sample_Size": "",
    "Stratification1": "",
    "StratificationId1": "",
    "LocationDisplayOrder": ""
  },
  {
    "ID": "",
    "Description": "",
    "LocationAbbr": "",
    "LocationDesc": "",
    "DataSource": "",
    "Topic": "",
    "Data_Value": "",
    "Sample_Size": "",
    "Stratification1": "",
    "StratificationId1": "",
    "LocationDisplayOrder": ""
  },
  {
    "ID": "",
    "Description": "",
    "LocationAbbr": "",
    "LocationDesc": "",
    "DataSource": "",
    "Topic": "",
    "Data_Value": "",
    "Sample_Size": "",
    "Stratification1": "",
    "StratificationId1": "",
    "LocationDisplayOrder": ""
  },
  {
    "ID": "",
    "Description": "",
    "LocationAbbr": "",
    "LocationDesc": "",
    "DataSource": "",
    "Topic": "",
    "Data_Value": "",
    "Sample_Size": "",
    "Stratification1": "",
    "StratificationId1": "",
    "LocationDisplayOrder": ""
  },
  {
    "ID": "",
    "Description": "",
    "LocationAbbr": "",
    "LocationDesc": "",
    "DataSource": "",
    "Topic": "",
    "Data_Value": "",
    "Sample_Size": "",
    "Stratification1": "",
    "StratificationId1": "",
    "LocationDisplayOrder": ""
  },
  {
    "ID": "",
    "Description": "",
    "LocationAbbr": "",
    "LocationDesc": "",
    "DataSource": "",
    "Topic": "",
    "Data_Value": "",
    "Sample_Size": "",
    "Stratification1": "",
    "StratificationId1": "",
    "LocationDisplayOrder": ""
  },
  {
    "ID": "",
    "Description": "",
    "LocationAbbr": "",
    "LocationDesc": "",
    "DataSource": "",
    "Topic": "",
    "Data_Value": "",
    "Sample_Size": "",
    "Stratification1": "",
    "StratificationId1": "",
    "LocationDisplayOrder": ""
  },
  {
    "ID": "",
    "Description": "",
    "LocationAbbr": "",
    "LocationDesc": "",
    "DataSource": "",
    "Topic": "",
    "Data_Value": "",
    "Sample_Size": "",
    "Stratification1": "",
    "StratificationId1": "",
    "LocationDisplayOrder": ""
  }
]