[
  {
    "ID": 450,
    "Description": 2012,
    "LocationAbbr": "US",
    "LocationDesc": "National",
    "DataSource": "BRFSS",
    "Topic": "Obesity / Weight Status",
    "Data_Value": 29.7,
    "Sample_Size": "8,459",
    "Stratification1": "2 or more races",
    "StratificationId1": "RACE2PLUS",
    "LocationDisplayOrder": 0
  },
  {
    "ID": 9729,
    "Description": 2012,
    "LocationAbbr": "AL",
    "LocationDesc": "Alabama",
    "DataSource": "BRFSS",
    "Topic": "Obesity / Weight Status",
    "Data_Value": 18.5,
    "Sample_Size": 87,
    "Stratification1": "2 or more races",
    "StratificationId1": "RACE2PLUS",
    "LocationDisplayOrder": 1
  },
  {
    "ID": 15894,
    "Description": 2012,
    "LocationAbbr": "AK",
    "LocationDesc": "Alaska",
    "DataSource": "BRFSS",
    "Topic": "Obesity / Weight Status",
    "Data_Value": 22.4,
    "Sample_Size": 154,
    "Stratification1": "2 or more races",
    "StratificationId1": "RACE2PLUS",
    "LocationDisplayOrder": 2
  },
  {
    "ID": 19550,
    "Description": 2012,
    "LocationAbbr": "AZ",
    "LocationDesc": "Arizona",
    "DataSource": "BRFSS",
    "Topic": "Obesity / Weight Status",
    "Data_Value": 31.6,
    "Sample_Size": 97,
    "Stratification1": "2 or more races",
    "StratificationId1": "RACE2PLUS",
    "LocationDisplayOrder": 4
  },
  {
    "ID": 11277,
    "Description": 2012,
    "LocationAbbr": "AR",
    "LocationDesc": "Arkansas",
    "DataSource": "BRFSS",
    "Topic": "Obesity / Weight Status",
    "Data_Value": 33,
    "Sample_Size": 72,
    "Stratification1": "2 or more races",
    "StratificationId1": "RACE2PLUS",
    "LocationDisplayOrder": 5
  },
  {
    "ID": 5264,
    "Description": 2012,
    "LocationAbbr": "CA",
    "LocationDesc": "California",
    "DataSource": "BRFSS",
    "Topic": "Obesity / Weight Status",
    "Data_Value": 28.8,
    "Sample_Size": 359,
    "Stratification1": "2 or more races",
    "StratificationId1": "RACE2PLUS",
    "LocationDisplayOrder": 6
  },
  {
    "ID": 5179,
    "Description": 2012,
    "LocationAbbr": "CO",
    "LocationDesc": "Colorado",
    "DataSource": "BRFSS",
    "Topic": "Obesity / Weight Status",
    "Data_Value": 19,
    "Sample_Size": 189,
    "Stratification1": "2 or more races",
    "StratificationId1": "RACE2PLUS",
    "LocationDisplayOrder": 8
  },
  {
    "ID": 23577,
    "Description": 2012,
    "LocationAbbr": "CT",
    "LocationDesc": "Connecticut",
    "DataSource": "BRFSS",
    "Topic": "Obesity / Weight Status",
    "Data_Value": 44.2,
    "Sample_Size": 72,
    "Stratification1": "2 or more races",
    "StratificationId1": "RACE2PLUS",
    "LocationDisplayOrder": 9
  },
  {
    "ID": 17423,
    "Description": 2012,
    "LocationAbbr": "DE",
    "LocationDesc": "Delaware",
    "DataSource": "BRFSS",
    "Topic": "Obesity / Weight Status",
    "Data_Value": 26.6,
    "Sample_Size": 103,
    "Stratification1": "2 or more races",
    "StratificationId1": "RACE2PLUS",
    "LocationDisplayOrder": 10
  },
  {
    "ID": 1684,
    "Description": 2012,
    "LocationAbbr": "DC",
    "LocationDesc": "District of Columbia",
    "DataSource": "BRFSS",
    "Topic": "Obesity / Weight Status",
    "Data_Value": 34.2,
    "Sample_Size": 56,
    "Stratification1": "2 or more races",
    "StratificationId1": "RACE2PLUS",
    "LocationDisplayOrder": 11
  },
  {
    "ID": 26042,
    "Description": 2012,
    "LocationAbbr": "FL",
    "LocationDesc": "Florida",
    "DataSource": "BRFSS",
    "Topic": "Obesity / Weight Status",
    "Data_Value": 22.9,
    "Sample_Size": 129,
    "Stratification1": "2 or more races",
    "StratificationId1": "RACE2PLUS",
    "LocationDisplayOrder": 12
  },
  {
    "ID": 37259,
    "Description": 2012,
    "LocationAbbr": "GA",
    "LocationDesc": "Georgia",
    "DataSource": "BRFSS",
    "Topic": "Obesity / Weight Status",
    "Data_Value": 36.8,
    "Sample_Size": 80,
    "Stratification1": "2 or more races",
    "StratificationId1": "RACE2PLUS",
    "LocationDisplayOrder": 13
  },
  {
    "ID": 30680,
    "Description": 2012,
    "LocationAbbr": "HI",
    "LocationDesc": "Hawaii",
    "DataSource": "BRFSS",
    "Topic": "Obesity / Weight Status",
    "Data_Value": 34.1,
    "Sample_Size": "1,697",
    "Stratification1": "2 or more races",
    "StratificationId1": "RACE2PLUS",
    "LocationDisplayOrder": 15
  },
  {
    "ID": 23032,
    "Description": 2012,
    "LocationAbbr": "ID",
    "LocationDesc": "Idaho",
    "DataSource": "BRFSS",
    "Topic": "Obesity / Weight Status",
    "Data_Value": 32.5,
    "Sample_Size": 65,
    "Stratification1": "2 or more races",
    "StratificationId1": "RACE2PLUS",
    "LocationDisplayOrder": 16
  },
  {
    "ID": 22660,
    "Description": 2012,
    "LocationAbbr": "IL",
    "LocationDesc": "Illinois",
    "DataSource": "BRFSS",
    "Topic": "Obesity / Weight Status",
    "Data_Value": 20,
    "Sample_Size": 78,
    "Stratification1": "2 or more races",
    "StratificationId1": "RACE2PLUS",
    "LocationDisplayOrder": 17
  },
  {
    "ID": 9610,
    "Description": 2012,
    "LocationAbbr": "IN",
    "LocationDesc": "Indiana",
    "DataSource": "BRFSS",
    "Topic": "Obesity / Weight Status",
    "Data_Value": 42.6,
    "Sample_Size": 129,
    "Stratification1": "2 or more races",
    "StratificationId1": "RACE2PLUS",
    "LocationDisplayOrder": 18
  },
  {
    "ID": 15666,
    "Description": 2012,
    "LocationAbbr": "IA",
    "LocationDesc": "Iowa",
    "DataSource": "BRFSS",
    "Topic": "Obesity / Weight Status",
    "Data_Value": 35.4,
    "Sample_Size": 53,
    "Stratification1": "2 or more races",
    "StratificationId1": "RACE2PLUS",
    "LocationDisplayOrder": 19
  },
  {
    "ID": 32999,
    "Description": 2012,
    "LocationAbbr": "KS",
    "LocationDesc": "Kansas",
    "DataSource": "BRFSS",
    "Topic": "Obesity / Weight Status",
    "Data_Value": 35,
    "Sample_Size": 147,
    "Stratification1": "2 or more races",
    "StratificationId1": "RACE2PLUS",
    "LocationDisplayOrder": 20
  },
  {
    "ID": 17986,
    "Description": 2012,
    "LocationAbbr": "KY",
    "LocationDesc": "Kentucky",
    "DataSource": "BRFSS",
    "Topic": "Obesity / Weight Status",
    "Data_Value": 27.1,
    "Sample_Size": 215,
    "Stratification1": "2 or more races",
    "StratificationId1": "RACE2PLUS",
    "LocationDisplayOrder": 21
  },
  {
    "ID": 34239,
    "Description": 2012,
    "LocationAbbr": "LA",
    "LocationDesc": "Louisiana",
    "DataSource": "BRFSS",
    "Topic": "Obesity / Weight Status",
    "Data_Value": 30.9,
    "Sample_Size": 75,
    "Stratification1": "2 or more races",
    "StratificationId1": "RACE2PLUS",
    "LocationDisplayOrder": 22
  },
  {
    "ID": 27786,
    "Description": 2012,
    "LocationAbbr": "ME",
    "LocationDesc": "Maine",
    "DataSource": "BRFSS",
    "Topic": "Obesity / Weight Status",
    "Data_Value": 30.3,
    "Sample_Size": 121,
    "Stratification1": "2 or more races",
    "StratificationId1": "RACE2PLUS",
    "LocationDisplayOrder": 23
  },
  {
    "ID": 11862,
    "Description": 2012,
    "LocationAbbr": "MD",
    "LocationDesc": "Maryland",
    "DataSource": "BRFSS",
    "Topic": "Obesity / Weight Status",
    "Data_Value": 29,
    "Sample_Size": 141,
    "Stratification1": "2 or more races",
    "StratificationId1": "RACE2PLUS",
    "LocationDisplayOrder": 24
  },
  {
    "ID": 20460,
    "Description": 2012,
    "LocationAbbr": "MA",
    "LocationDesc": "Massachusetts",
    "DataSource": "BRFSS",
    "Topic": "Obesity / Weight Status",
    "Data_Value": 26.5,
    "Sample_Size": 274,
    "Stratification1": "2 or more races",
    "StratificationId1": "RACE2PLUS",
    "LocationDisplayOrder": 25
  },
  {
    "ID": 20496,
    "Description": 2012,
    "LocationAbbr": "MI",
    "LocationDesc": "Michigan",
    "DataSource": "BRFSS",
    "Topic": "Obesity / Weight Status",
    "Data_Value": 35.3,
    "Sample_Size": 249,
    "Stratification1": "2 or more races",
    "StratificationId1": "RACE2PLUS",
    "LocationDisplayOrder": 26
  },
  {
    "ID": 2933,
    "Description": 2012,
    "LocationAbbr": "MN",
    "LocationDesc": "Minnesota",
    "DataSource": "BRFSS",
    "Topic": "Obesity / Weight Status",
    "Data_Value": 27,
    "Sample_Size": 99,
    "Stratification1": "2 or more races",
    "StratificationId1": "RACE2PLUS",
    "LocationDisplayOrder": 27
  },
  {
    "ID": 21752,
    "Description": 2012,
    "LocationAbbr": "MS",
    "LocationDesc": "Mississippi",
    "DataSource": "BRFSS",
    "Topic": "Obesity / Weight Status",
    "Data_Value": 19.9,
    "Sample_Size": 50,
    "Stratification1": "2 or more races",
    "StratificationId1": "RACE2PLUS",
    "LocationDisplayOrder": 28
  },
  {
    "ID": 12164,
    "Description": 2012,
    "LocationAbbr": "MO",
    "LocationDesc": "Missouri",
    "DataSource": "BRFSS",
    "Topic": "Obesity / Weight Status",
    "Data_Value": 30.2,
    "Sample_Size": 148,
    "Stratification1": "2 or more races",
    "StratificationId1": "RACE2PLUS",
    "LocationDisplayOrder": 29
  },
  {
    "ID": 3173,
    "Description": 2012,
    "LocationAbbr": "MT",
    "LocationDesc": "Montana",
    "DataSource": "BRFSS",
    "Topic": "Obesity / Weight Status",
    "Data_Value": 25.9,
    "Sample_Size": 184,
    "Stratification1": "2 or more races",
    "StratificationId1": "RACE2PLUS",
    "LocationDisplayOrder": 30
  },
  {
    "ID": 21484,
    "Description": 2012,
    "LocationAbbr": "NE",
    "LocationDesc": "Nebraska",
    "DataSource": "BRFSS",
    "Topic": "Obesity / Weight Status",
    "Data_Value": 32,
    "Sample_Size": 166,
    "Stratification1": "2 or more races",
    "StratificationId1": "RACE2PLUS",
    "LocationDisplayOrder": 31
  },
  {
    "ID": 4359,
    "Description": 2012,
    "LocationAbbr": "NV",
    "LocationDesc": "Nevada",
    "DataSource": "BRFSS",
    "Topic": "Obesity / Weight Status",
    "Data_Value": 25.7,
    "Sample_Size": 183,
    "Stratification1": "2 or more races",
    "StratificationId1": "RACE2PLUS",
    "LocationDisplayOrder": 32
  },
  {
    "ID": 6270,
    "Description": 2012,
    "LocationAbbr": "NH",
    "LocationDesc": "New Hampshire",
    "DataSource": "BRFSS",
    "Topic": "Obesity / Weight Status",
    "Data_Value": 20.8,
    "Sample_Size": 54,
    "Stratification1": "2 or more races",
    "StratificationId1": "RACE2PLUS",
    "LocationDisplayOrder": 33
  },
  {
    "ID": 11381,
    "Description": 2012,
    "LocationAbbr": "NJ",
    "LocationDesc": "New Jersey",
    "DataSource": "BRFSS",
    "Topic": "Obesity / Weight Status",
    "Data_Value": 26.2,
    "Sample_Size": 96,
    "Stratification1": "2 or more races",
    "StratificationId1": "RACE2PLUS",
    "LocationDisplayOrder": 34
  },
  {
    "ID": 9892,
    "Description": 2012,
    "LocationAbbr": "NM",
    "LocationDesc": "New Mexico",
    "DataSource": "BRFSS",
    "Topic": "Obesity / Weight Status",
    "Data_Value": 23.5,
    "Sample_Size": 97,
    "Stratification1": "2 or more races",
    "StratificationId1": "RACE2PLUS",
    "LocationDisplayOrder": 35
  },
  {
    "ID": 7425,
    "Description": 2012,
    "LocationAbbr": "NY",
    "LocationDesc": "New York",
    "DataSource": "BRFSS",
    "Topic": "Obesity / Weight Status",
    "Data_Value": 36.3,
    "Sample_Size": 78,
    "Stratification1": "2 or more races",
    "StratificationId1": "RACE2PLUS",
    "LocationDisplayOrder": 36
  },
  {
    "ID": 24312,
    "Description": 2012,
    "LocationAbbr": "NC",
    "LocationDesc": "North Carolina",
    "DataSource": "BRFSS",
    "Topic": "Obesity / Weight Status",
    "Data_Value": 31.7,
    "Sample_Size": 158,
    "Stratification1": "2 or more races",
    "StratificationId1": "RACE2PLUS",
    "LocationDisplayOrder": 37
  },
  {
    "ID": 29506,
    "Description": 2012,
    "LocationAbbr": "ND",
    "LocationDesc": "North Dakota",
    "DataSource": "BRFSS",
    "Topic": "Obesity / Weight Status",
    "Data_Value": "~",
    "Sample_Size": "~",
    "Stratification1": "2 or more races",
    "StratificationId1": "RACE2PLUS",
    "LocationDisplayOrder": 38
  },
  {
    "ID": 30902,
    "Description": 2012,
    "LocationAbbr": "OH",
    "LocationDesc": "Ohio",
    "DataSource": "BRFSS",
    "Topic": "Obesity / Weight Status",
    "Data_Value": 32.9,
    "Sample_Size": 143,
    "Stratification1": "2 or more races",
    "StratificationId1": "RACE2PLUS",
    "LocationDisplayOrder": 39
  },
  {
    "ID": 12860,
    "Description": 2012,
    "LocationAbbr": "OK",
    "LocationDesc": "Oklahoma",
    "DataSource": "BRFSS",
    "Topic": "Obesity / Weight Status",
    "Data_Value": 36.4,
    "Sample_Size": 514,
    "Stratification1": "2 or more races",
    "StratificationId1": "RACE2PLUS",
    "LocationDisplayOrder": 40
  },
  {
    "ID": 21019,
    "Description": 2012,
    "LocationAbbr": "OR",
    "LocationDesc": "Oregon",
    "DataSource": "BRFSS",
    "Topic": "Obesity / Weight Status",
    "Data_Value": 28.9,
    "Sample_Size": 375,
    "Stratification1": "2 or more races",
    "StratificationId1": "RACE2PLUS",
    "LocationDisplayOrder": 41
  },
  {
    "ID": 32372,
    "Description": 2012,
    "LocationAbbr": "PA",
    "LocationDesc": "Pennsylvania",
    "DataSource": "BRFSS",
    "Topic": "Obesity / Weight Status",
    "Data_Value": 31.1,
    "Sample_Size": 212,
    "Stratification1": "2 or more races",
    "StratificationId1": "RACE2PLUS",
    "LocationDisplayOrder": 42
  },
  {
    "ID": 28146,
    "Description": 2012,
    "LocationAbbr": "RI",
    "LocationDesc": "Rhode Island",
    "DataSource": "BRFSS",
    "Topic": "Obesity / Weight Status",
    "Data_Value": "~",
    "Sample_Size": "~",
    "Stratification1": "2 or more races",
    "StratificationId1": "RACE2PLUS",
    "LocationDisplayOrder": 44
  },
  {
    "ID": 12222,
    "Description": 2012,
    "LocationAbbr": "SC",
    "LocationDesc": "South Carolina",
    "DataSource": "BRFSS",
    "Topic": "Obesity / Weight Status",
    "Data_Value": 27.2,
    "Sample_Size": 180,
    "Stratification1": "2 or more races",
    "StratificationId1": "RACE2PLUS",
    "LocationDisplayOrder": 45
  },
  {
    "ID": 20350,
    "Description": 2012,
    "LocationAbbr": "SD",
    "LocationDesc": "South Dakota",
    "DataSource": "BRFSS",
    "Topic": "Obesity / Weight Status",
    "Data_Value": 26.6,
    "Sample_Size": 122,
    "Stratification1": "2 or more races",
    "StratificationId1": "RACE2PLUS",
    "LocationDisplayOrder": 46
  },
  {
    "ID": 4125,
    "Description": 2012,
    "LocationAbbr": "TN",
    "LocationDesc": "Tennessee",
    "DataSource": "BRFSS",
    "Topic": "Obesity / Weight Status",
    "Data_Value": 24.8,
    "Sample_Size": 63,
    "Stratification1": "2 or more races",
    "StratificationId1": "RACE2PLUS",
    "LocationDisplayOrder": 47
  },
  {
    "ID": 11571,
    "Description": 2012,
    "LocationAbbr": "TX",
    "LocationDesc": "Texas",
    "DataSource": "BRFSS",
    "Topic": "Obesity / Weight Status",
    "Data_Value": 26.8,
    "Sample_Size": 111,
    "Stratification1": "2 or more races",
    "StratificationId1": "RACE2PLUS",
    "LocationDisplayOrder": 48
  },
  {
    "ID": 29773,
    "Description": 2012,
    "LocationAbbr": "UT",
    "LocationDesc": "Utah",
    "DataSource": "BRFSS",
    "Topic": "Obesity / Weight Status",
    "Data_Value": 23.7,
    "Sample_Size": 94,
    "Stratification1": "2 or more races",
    "StratificationId1": "RACE2PLUS",
    "LocationDisplayOrder": 49
  },
  {
    "ID": 15751,
    "Description": 2012,
    "LocationAbbr": "VT",
    "LocationDesc": "Vermont",
    "DataSource": "BRFSS",
    "Topic": "Obesity / Weight Status",
    "Data_Value": 24.5,
    "Sample_Size": 58,
    "Stratification1": "2 or more races",
    "StratificationId1": "RACE2PLUS",
    "LocationDisplayOrder": 50
  },
  {
    "ID": 19714,
    "Description": 2012,
    "LocationAbbr": "VA",
    "LocationDesc": "Virginia",
    "DataSource": "BRFSS",
    "Topic": "Obesity / Weight Status",
    "Data_Value": 34.3,
    "Sample_Size": 86,
    "Stratification1": "2 or more races",
    "StratificationId1": "RACE2PLUS",
    "LocationDisplayOrder": 51
  },
  {
    "ID": 12903,
    "Description": 2012,
    "LocationAbbr": "WA",
    "LocationDesc": "Washington",
    "DataSource": "BRFSS",
    "Topic": "Obesity / Weight Status",
    "Data_Value": 32.5,
    "Sample_Size": 265,
    "Stratification1": "2 or more races",
    "StratificationId1": "RACE2PLUS",
    "LocationDisplayOrder": 53
  },
  {
    "ID": 9501,
    "Description": 2012,
    "LocationAbbr": "WV",
    "LocationDesc": "West Virginia",
    "DataSource": "BRFSS",
    "Topic": "Obesity / Weight Status",
    "Data_Value": 32.9,
    "Sample_Size": 92,
    "Stratification1": "2 or more races",
    "StratificationId1": "RACE2PLUS",
    "LocationDisplayOrder": 54
  },
  {
    "ID": 29182,
    "Description": 2012,
    "LocationAbbr": "WI",
    "LocationDesc": "Wisconsin",
    "DataSource": "BRFSS",
    "Topic": "Obesity / Weight Status",
    "Data_Value": "~",
    "Sample_Size": "~",
    "Stratification1": "2 or more races",
    "StratificationId1": "RACE2PLUS",
    "LocationDisplayOrder": 55
  },
  {
    "ID": 36763,
    "Description": 2012,
    "LocationAbbr": "WY",
    "LocationDesc": "Wyoming",
    "DataSource": "BRFSS",
    "Topic": "Obesity / Weight Status",
    "Data_Value": 37.4,
    "Sample_Size": 65,
    "Stratification1": "2 or more races",
    "StratificationId1": "RACE2PLUS",
    "LocationDisplayOrder": 56
  },
  {
    "ID": "",
    "Description": "",
    "LocationAbbr": "",
    "LocationDesc": "",
    "DataSource": "",
    "Topic": "",
    "Data_Value": "",
    "Sample_Size": "",
    "Stratification1": "",
    "StratificationId1": "",
    "LocationDisplayOrder": ""
  },
  {
    "ID": "",
    "Description": "",
    "LocationAbbr": "",
    "LocationDesc": "",
    "DataSource": "",
    "Topic": "",
    "Data_Value": "",
    "Sample_Size": "",
    "Stratification1": "",
    "StratificationId1": "",
    "LocationDisplayOrder": ""
  },
  {
    "ID": "",
    "Description": "",
    "LocationAbbr": "",
    "LocationDesc": "",
    "DataSource": "",
    "Topic": "",
    "Data_Value": "",
    "Sample_Size": "",
    "Stratification1": "",
    "StratificationId1": "",
    "LocationDisplayOrder": ""
  },
  {
    "ID": "",
    "Description": "",
    "LocationAbbr": "",
    "LocationDesc": "",
    "DataSource": "",
    "Topic": "",
    "Data_Value": "",
    "Sample_Size": "",
    "Stratification1": "",
    "StratificationId1": "",
    "LocationDisplayOrder": ""
  },
  {
    "ID": "",
    "Description": "",
    "LocationAbbr": "",
    "LocationDesc": "",
    "DataSource": "",
    "Topic": "",
    "Data_Value": "",
    "Sample_Size": "",
    "Stratification1": "",
    "StratificationId1": "",
    "LocationDisplayOrder": ""
  },
  {
    "ID": "",
    "Description": "",
    "LocationAbbr": "",
    "LocationDesc": "",
    "DataSource": "",
    "Topic": "",
    "Data_Value": "",
    "Sample_Size": "",
    "Stratification1": "",
    "StratificationId1": "",
    "LocationDisplayOrder": ""
  },
  {
    "ID": "",
    "Description": "",
    "LocationAbbr": "",
    "LocationDesc": "",
    "DataSource": "",
    "Topic": "",
    "Data_Value": "",
    "Sample_Size": "",
    "Stratification1": "",
    "StratificationId1": "",
    "LocationDisplayOrder": ""
  },
  {
    "ID": "",
    "Description": "",
    "LocationAbbr": "",
    "LocationDesc": "",
    "DataSource": "",
    "Topic": "",
    "Data_Value": "",
    "Sample_Size": "",
    "Stratification1": "",
    "StratificationId1": "",
    "LocationDisplayOrder": ""
  },
  {
    "ID": "",
    "Description": "",
    "LocationAbbr": "",
    "LocationDesc": "",
    "DataSource": "",
    "Topic": "",
    "Data_Value": "",
    "Sample_Size": "",
    "Stratification1": "",
    "StratificationId1": "",
    "LocationDisplayOrder": ""
  },
  {
    "ID": "",
    "Description": "",
    "LocationAbbr": "",
    "LocationDesc": "",
    "DataSource": "",
    "Topic": "",
    "Data_Value": "",
    "Sample_Size": "",
    "Stratification1": "",
    "StratificationId1": "",
    "LocationDisplayOrder": ""
  }
]