[
  {
    "ID": 1358,
    "Description": 2012,
    "LocationAbbr": "US",
    "LocationDesc": "National",
    "DataSource": "BRFSS",
    "Topic": "Obesity / Weight Status",
    "Data_Value": 30.3,
    "Sample_Size": "26,522",
    "Stratification1": "Hispanic",
    "StratificationId1": "RACEHIS",
    "LocationDisplayOrder": 0
  },
  {
    "ID": 18183,
    "Description": 2012,
    "LocationAbbr": "AL",
    "LocationDesc": "Alabama",
    "DataSource": "BRFSS",
    "Topic": "Obesity / Weight Status",
    "Data_Value": 24.1,
    "Sample_Size": 132,
    "Stratification1": "Hispanic",
    "StratificationId1": "RACEHIS",
    "LocationDisplayOrder": 1
  },
  {
    "ID": 23765,
    "Description": 2012,
    "LocationAbbr": "AK",
    "LocationDesc": "Alaska",
    "DataSource": "BRFSS",
    "Topic": "Obesity / Weight Status",
    "Data_Value": 21.1,
    "Sample_Size": 122,
    "Stratification1": "Hispanic",
    "StratificationId1": "RACEHIS",
    "LocationDisplayOrder": 2
  },
  {
    "ID": 15569,
    "Description": 2012,
    "LocationAbbr": "AZ",
    "LocationDesc": "Arizona",
    "DataSource": "BRFSS",
    "Topic": "Obesity / Weight Status",
    "Data_Value": 30.9,
    "Sample_Size": "1,050",
    "Stratification1": "Hispanic",
    "StratificationId1": "RACEHIS",
    "LocationDisplayOrder": 4
  },
  {
    "ID": 2065,
    "Description": 2012,
    "LocationAbbr": "AR",
    "LocationDesc": "Arkansas",
    "DataSource": "BRFSS",
    "Topic": "Obesity / Weight Status",
    "Data_Value": 41,
    "Sample_Size": 144,
    "Stratification1": "Hispanic",
    "StratificationId1": "RACEHIS",
    "LocationDisplayOrder": 5
  },
  {
    "ID": 14255,
    "Description": 2012,
    "LocationAbbr": "CA",
    "LocationDesc": "California",
    "DataSource": "BRFSS",
    "Topic": "Obesity / Weight Status",
    "Data_Value": 31.1,
    "Sample_Size": "3,267",
    "Stratification1": "Hispanic",
    "StratificationId1": "RACEHIS",
    "LocationDisplayOrder": 6
  },
  {
    "ID": 31024,
    "Description": 2012,
    "LocationAbbr": "CO",
    "LocationDesc": "Colorado",
    "DataSource": "BRFSS",
    "Topic": "Obesity / Weight Status",
    "Data_Value": 26.9,
    "Sample_Size": "1,386",
    "Stratification1": "Hispanic",
    "StratificationId1": "RACEHIS",
    "LocationDisplayOrder": 8
  },
  {
    "ID": 26548,
    "Description": 2012,
    "LocationAbbr": "CT",
    "LocationDesc": "Connecticut",
    "DataSource": "BRFSS",
    "Topic": "Obesity / Weight Status",
    "Data_Value": 32.2,
    "Sample_Size": 597,
    "Stratification1": "Hispanic",
    "StratificationId1": "RACEHIS",
    "LocationDisplayOrder": 9
  },
  {
    "ID": 33009,
    "Description": 2012,
    "LocationAbbr": "DE",
    "LocationDesc": "Delaware",
    "DataSource": "BRFSS",
    "Topic": "Obesity / Weight Status",
    "Data_Value": 28.6,
    "Sample_Size": 148,
    "Stratification1": "Hispanic",
    "StratificationId1": "RACEHIS",
    "LocationDisplayOrder": 10
  },
  {
    "ID": 36841,
    "Description": 2012,
    "LocationAbbr": "DC",
    "LocationDesc": "District of Columbia",
    "DataSource": "BRFSS",
    "Topic": "Obesity / Weight Status",
    "Data_Value": 24.9,
    "Sample_Size": 130,
    "Stratification1": "Hispanic",
    "StratificationId1": "RACEHIS",
    "LocationDisplayOrder": 11
  },
  {
    "ID": 34425,
    "Description": 2012,
    "LocationAbbr": "FL",
    "LocationDesc": "Florida",
    "DataSource": "BRFSS",
    "Topic": "Obesity / Weight Status",
    "Data_Value": 25.1,
    "Sample_Size": 839,
    "Stratification1": "Hispanic",
    "StratificationId1": "RACEHIS",
    "LocationDisplayOrder": 12
  },
  {
    "ID": 12679,
    "Description": 2012,
    "LocationAbbr": "GA",
    "LocationDesc": "Georgia",
    "DataSource": "BRFSS",
    "Topic": "Obesity / Weight Status",
    "Data_Value": 29.2,
    "Sample_Size": 193,
    "Stratification1": "Hispanic",
    "StratificationId1": "RACEHIS",
    "LocationDisplayOrder": 13
  },
  {
    "ID": 38578,
    "Description": 2012,
    "LocationAbbr": "HI",
    "LocationDesc": "Hawaii",
    "DataSource": "BRFSS",
    "Topic": "Obesity / Weight Status",
    "Data_Value": 28,
    "Sample_Size": 517,
    "Stratification1": "Hispanic",
    "StratificationId1": "RACEHIS",
    "LocationDisplayOrder": 15
  },
  {
    "ID": 16850,
    "Description": 2012,
    "LocationAbbr": "ID",
    "LocationDesc": "Idaho",
    "DataSource": "BRFSS",
    "Topic": "Obesity / Weight Status",
    "Data_Value": 31.6,
    "Sample_Size": 238,
    "Stratification1": "Hispanic",
    "StratificationId1": "RACEHIS",
    "LocationDisplayOrder": 16
  },
  {
    "ID": 16881,
    "Description": 2012,
    "LocationAbbr": "IL",
    "LocationDesc": "Illinois",
    "DataSource": "BRFSS",
    "Topic": "Obesity / Weight Status",
    "Data_Value": 28.3,
    "Sample_Size": 371,
    "Stratification1": "Hispanic",
    "StratificationId1": "RACEHIS",
    "LocationDisplayOrder": 17
  },
  {
    "ID": 16306,
    "Description": 2012,
    "LocationAbbr": "IN",
    "LocationDesc": "Indiana",
    "DataSource": "BRFSS",
    "Topic": "Obesity / Weight Status",
    "Data_Value": 30.3,
    "Sample_Size": 274,
    "Stratification1": "Hispanic",
    "StratificationId1": "RACEHIS",
    "LocationDisplayOrder": 18
  },
  {
    "ID": 16261,
    "Description": 2012,
    "LocationAbbr": "IA",
    "LocationDesc": "Iowa",
    "DataSource": "BRFSS",
    "Topic": "Obesity / Weight Status",
    "Data_Value": 39.4,
    "Sample_Size": 200,
    "Stratification1": "Hispanic",
    "StratificationId1": "RACEHIS",
    "LocationDisplayOrder": 19
  },
  {
    "ID": 19352,
    "Description": 2012,
    "LocationAbbr": "KS",
    "LocationDesc": "Kansas",
    "DataSource": "BRFSS",
    "Topic": "Obesity / Weight Status",
    "Data_Value": 35.9,
    "Sample_Size": 396,
    "Stratification1": "Hispanic",
    "StratificationId1": "RACEHIS",
    "LocationDisplayOrder": 20
  },
  {
    "ID": 12107,
    "Description": 2012,
    "LocationAbbr": "KY",
    "LocationDesc": "Kentucky",
    "DataSource": "BRFSS",
    "Topic": "Obesity / Weight Status",
    "Data_Value": 22.2,
    "Sample_Size": 152,
    "Stratification1": "Hispanic",
    "StratificationId1": "RACEHIS",
    "LocationDisplayOrder": 21
  },
  {
    "ID": 31761,
    "Description": 2012,
    "LocationAbbr": "LA",
    "LocationDesc": "Louisiana",
    "DataSource": "BRFSS",
    "Topic": "Obesity / Weight Status",
    "Data_Value": 35.1,
    "Sample_Size": 174,
    "Stratification1": "Hispanic",
    "StratificationId1": "RACEHIS",
    "LocationDisplayOrder": 22
  },
  {
    "ID": 12017,
    "Description": 2012,
    "LocationAbbr": "ME",
    "LocationDesc": "Maine",
    "DataSource": "BRFSS",
    "Topic": "Obesity / Weight Status",
    "Data_Value": 24.6,
    "Sample_Size": 93,
    "Stratification1": "Hispanic",
    "StratificationId1": "RACEHIS",
    "LocationDisplayOrder": 23
  },
  {
    "ID": 30634,
    "Description": 2012,
    "LocationAbbr": "MD",
    "LocationDesc": "Maryland",
    "DataSource": "BRFSS",
    "Topic": "Obesity / Weight Status",
    "Data_Value": 27.6,
    "Sample_Size": 296,
    "Stratification1": "Hispanic",
    "StratificationId1": "RACEHIS",
    "LocationDisplayOrder": 24
  },
  {
    "ID": 2287,
    "Description": 2012,
    "LocationAbbr": "MA",
    "LocationDesc": "Massachusetts",
    "DataSource": "BRFSS",
    "Topic": "Obesity / Weight Status",
    "Data_Value": 30.4,
    "Sample_Size": "1,568",
    "Stratification1": "Hispanic",
    "StratificationId1": "RACEHIS",
    "LocationDisplayOrder": 25
  },
  {
    "ID": 17535,
    "Description": 2012,
    "LocationAbbr": "MI",
    "LocationDesc": "Michigan",
    "DataSource": "BRFSS",
    "Topic": "Obesity / Weight Status",
    "Data_Value": 37,
    "Sample_Size": 209,
    "Stratification1": "Hispanic",
    "StratificationId1": "RACEHIS",
    "LocationDisplayOrder": 26
  },
  {
    "ID": 35943,
    "Description": 2012,
    "LocationAbbr": "MN",
    "LocationDesc": "Minnesota",
    "DataSource": "BRFSS",
    "Topic": "Obesity / Weight Status",
    "Data_Value": 30.6,
    "Sample_Size": 267,
    "Stratification1": "Hispanic",
    "StratificationId1": "RACEHIS",
    "LocationDisplayOrder": 27
  },
  {
    "ID": 10705,
    "Description": 2012,
    "LocationAbbr": "MS",
    "LocationDesc": "Mississippi",
    "DataSource": "BRFSS",
    "Topic": "Obesity / Weight Status",
    "Data_Value": 21.5,
    "Sample_Size": 99,
    "Stratification1": "Hispanic",
    "StratificationId1": "RACEHIS",
    "LocationDisplayOrder": 28
  },
  {
    "ID": 25763,
    "Description": 2012,
    "LocationAbbr": "MO",
    "LocationDesc": "Missouri",
    "DataSource": "BRFSS",
    "Topic": "Obesity / Weight Status",
    "Data_Value": 42.1,
    "Sample_Size": 115,
    "Stratification1": "Hispanic",
    "StratificationId1": "RACEHIS",
    "LocationDisplayOrder": 29
  },
  {
    "ID": 32545,
    "Description": 2012,
    "LocationAbbr": "MT",
    "LocationDesc": "Montana",
    "DataSource": "BRFSS",
    "Topic": "Obesity / Weight Status",
    "Data_Value": 31.1,
    "Sample_Size": 124,
    "Stratification1": "Hispanic",
    "StratificationId1": "RACEHIS",
    "LocationDisplayOrder": 30
  },
  {
    "ID": 37334,
    "Description": 2012,
    "LocationAbbr": "NE",
    "LocationDesc": "Nebraska",
    "DataSource": "BRFSS",
    "Topic": "Obesity / Weight Status",
    "Data_Value": 31.1,
    "Sample_Size": 633,
    "Stratification1": "Hispanic",
    "StratificationId1": "RACEHIS",
    "LocationDisplayOrder": 31
  },
  {
    "ID": 30524,
    "Description": 2012,
    "LocationAbbr": "NV",
    "LocationDesc": "Nevada",
    "DataSource": "BRFSS",
    "Topic": "Obesity / Weight Status",
    "Data_Value": 26.9,
    "Sample_Size": 587,
    "Stratification1": "Hispanic",
    "StratificationId1": "RACEHIS",
    "LocationDisplayOrder": 32
  },
  {
    "ID": 28021,
    "Description": 2012,
    "LocationAbbr": "NH",
    "LocationDesc": "New Hampshire",
    "DataSource": "BRFSS",
    "Topic": "Obesity / Weight Status",
    "Data_Value": 26.1,
    "Sample_Size": 96,
    "Stratification1": "Hispanic",
    "StratificationId1": "RACEHIS",
    "LocationDisplayOrder": 33
  },
  {
    "ID": 32364,
    "Description": 2012,
    "LocationAbbr": "NJ",
    "LocationDesc": "New Jersey",
    "DataSource": "BRFSS",
    "Topic": "Obesity / Weight Status",
    "Data_Value": 26.3,
    "Sample_Size": "1,632",
    "Stratification1": "Hispanic",
    "StratificationId1": "RACEHIS",
    "LocationDisplayOrder": 34
  },
  {
    "ID": 20399,
    "Description": 2012,
    "LocationAbbr": "NM",
    "LocationDesc": "New Mexico",
    "DataSource": "BRFSS",
    "Topic": "Obesity / Weight Status",
    "Data_Value": 30,
    "Sample_Size": "2,927",
    "Stratification1": "Hispanic",
    "StratificationId1": "RACEHIS",
    "LocationDisplayOrder": 35
  },
  {
    "ID": 38204,
    "Description": 2012,
    "LocationAbbr": "NY",
    "LocationDesc": "New York",
    "DataSource": "BRFSS",
    "Topic": "Obesity / Weight Status",
    "Data_Value": 25.1,
    "Sample_Size": 607,
    "Stratification1": "Hispanic",
    "StratificationId1": "RACEHIS",
    "LocationDisplayOrder": 36
  },
  {
    "ID": 4478,
    "Description": 2012,
    "LocationAbbr": "NC",
    "LocationDesc": "North Carolina",
    "DataSource": "BRFSS",
    "Topic": "Obesity / Weight Status",
    "Data_Value": 30,
    "Sample_Size": 552,
    "Stratification1": "Hispanic",
    "StratificationId1": "RACEHIS",
    "LocationDisplayOrder": 37
  },
  {
    "ID": 30406,
    "Description": 2012,
    "LocationAbbr": "ND",
    "LocationDesc": "North Dakota",
    "DataSource": "BRFSS",
    "Topic": "Obesity / Weight Status",
    "Data_Value": 38.6,
    "Sample_Size": 56,
    "Stratification1": "Hispanic",
    "StratificationId1": "RACEHIS",
    "LocationDisplayOrder": 38
  },
  {
    "ID": 12309,
    "Description": 2012,
    "LocationAbbr": "OH",
    "LocationDesc": "Ohio",
    "DataSource": "BRFSS",
    "Topic": "Obesity / Weight Status",
    "Data_Value": 27.8,
    "Sample_Size": 207,
    "Stratification1": "Hispanic",
    "StratificationId1": "RACEHIS",
    "LocationDisplayOrder": 39
  },
  {
    "ID": 28054,
    "Description": 2012,
    "LocationAbbr": "OK",
    "LocationDesc": "Oklahoma",
    "DataSource": "BRFSS",
    "Topic": "Obesity / Weight Status",
    "Data_Value": 30.6,
    "Sample_Size": 366,
    "Stratification1": "Hispanic",
    "StratificationId1": "RACEHIS",
    "LocationDisplayOrder": 40
  },
  {
    "ID": 27171,
    "Description": 2012,
    "LocationAbbr": "OR",
    "LocationDesc": "Oregon",
    "DataSource": "BRFSS",
    "Topic": "Obesity / Weight Status",
    "Data_Value": 32.4,
    "Sample_Size": 205,
    "Stratification1": "Hispanic",
    "StratificationId1": "RACEHIS",
    "LocationDisplayOrder": 41
  },
  {
    "ID": 35948,
    "Description": 2012,
    "LocationAbbr": "PA",
    "LocationDesc": "Pennsylvania",
    "DataSource": "BRFSS",
    "Topic": "Obesity / Weight Status",
    "Data_Value": 36,
    "Sample_Size": 503,
    "Stratification1": "Hispanic",
    "StratificationId1": "RACEHIS",
    "LocationDisplayOrder": 42
  },
  {
    "ID": 26259,
    "Description": 2012,
    "LocationAbbr": "RI",
    "LocationDesc": "Rhode Island",
    "DataSource": "BRFSS",
    "Topic": "Obesity / Weight Status",
    "Data_Value": 25.4,
    "Sample_Size": 363,
    "Stratification1": "Hispanic",
    "StratificationId1": "RACEHIS",
    "LocationDisplayOrder": 44
  },
  {
    "ID": 36597,
    "Description": 2012,
    "LocationAbbr": "SC",
    "LocationDesc": "South Carolina",
    "DataSource": "BRFSS",
    "Topic": "Obesity / Weight Status",
    "Data_Value": 28.4,
    "Sample_Size": 201,
    "Stratification1": "Hispanic",
    "StratificationId1": "RACEHIS",
    "LocationDisplayOrder": 45
  },
  {
    "ID": 24103,
    "Description": 2012,
    "LocationAbbr": "SD",
    "LocationDesc": "South Dakota",
    "DataSource": "BRFSS",
    "Topic": "Obesity / Weight Status",
    "Data_Value": 26.8,
    "Sample_Size": 101,
    "Stratification1": "Hispanic",
    "StratificationId1": "RACEHIS",
    "LocationDisplayOrder": 46
  },
  {
    "ID": 27728,
    "Description": 2012,
    "LocationAbbr": "TN",
    "LocationDesc": "Tennessee",
    "DataSource": "BRFSS",
    "Topic": "Obesity / Weight Status",
    "Data_Value": 29.3,
    "Sample_Size": 66,
    "Stratification1": "Hispanic",
    "StratificationId1": "RACEHIS",
    "LocationDisplayOrder": 47
  },
  {
    "ID": 8449,
    "Description": 2012,
    "LocationAbbr": "TX",
    "LocationDesc": "Texas",
    "DataSource": "BRFSS",
    "Topic": "Obesity / Weight Status",
    "Data_Value": 35.2,
    "Sample_Size": "2,278",
    "Stratification1": "Hispanic",
    "StratificationId1": "RACEHIS",
    "LocationDisplayOrder": 48
  },
  {
    "ID": 17804,
    "Description": 2012,
    "LocationAbbr": "UT",
    "LocationDesc": "Utah",
    "DataSource": "BRFSS",
    "Topic": "Obesity / Weight Status",
    "Data_Value": 26.3,
    "Sample_Size": 684,
    "Stratification1": "Hispanic",
    "StratificationId1": "RACEHIS",
    "LocationDisplayOrder": 49
  },
  {
    "ID": 9948,
    "Description": 2012,
    "LocationAbbr": "VT",
    "LocationDesc": "Vermont",
    "DataSource": "BRFSS",
    "Topic": "Obesity / Weight Status",
    "Data_Value": 31.5,
    "Sample_Size": 69,
    "Stratification1": "Hispanic",
    "StratificationId1": "RACEHIS",
    "LocationDisplayOrder": 50
  },
  {
    "ID": 28983,
    "Description": 2012,
    "LocationAbbr": "VA",
    "LocationDesc": "Virginia",
    "DataSource": "BRFSS",
    "Topic": "Obesity / Weight Status",
    "Data_Value": 19.3,
    "Sample_Size": 242,
    "Stratification1": "Hispanic",
    "StratificationId1": "RACEHIS",
    "LocationDisplayOrder": 51
  },
  {
    "ID": 15897,
    "Description": 2012,
    "LocationAbbr": "WA",
    "LocationDesc": "Washington",
    "DataSource": "BRFSS",
    "Topic": "Obesity / Weight Status",
    "Data_Value": 31.4,
    "Sample_Size": 673,
    "Stratification1": "Hispanic",
    "StratificationId1": "RACEHIS",
    "LocationDisplayOrder": 53
  },
  {
    "ID": 37254,
    "Description": 2012,
    "LocationAbbr": "WV",
    "LocationDesc": "West Virginia",
    "DataSource": "BRFSS",
    "Topic": "Obesity / Weight Status",
    "Data_Value": 25.1,
    "Sample_Size": 62,
    "Stratification1": "Hispanic",
    "StratificationId1": "RACEHIS",
    "LocationDisplayOrder": 54
  },
  {
    "ID": 7750,
    "Description": 2012,
    "LocationAbbr": "WI",
    "LocationDesc": "Wisconsin",
    "DataSource": "BRFSS",
    "Topic": "Obesity / Weight Status",
    "Data_Value": 31.4,
    "Sample_Size": 88,
    "Stratification1": "Hispanic",
    "StratificationId1": "RACEHIS",
    "LocationDisplayOrder": 55
  },
  {
    "ID": 28767,
    "Description": 2012,
    "LocationAbbr": "WY",
    "LocationDesc": "Wyoming",
    "DataSource": "BRFSS",
    "Topic": "Obesity / Weight Status",
    "Data_Value": 28.5,
    "Sample_Size": 223,
    "Stratification1": "Hispanic",
    "StratificationId1": "RACEHIS",
    "LocationDisplayOrder": 56
  },
  {
    "ID": "",
    "Description": "",
    "LocationAbbr": "",
    "LocationDesc": "",
    "DataSource": "",
    "Topic": "",
    "Data_Value": "",
    "Sample_Size": "",
    "Stratification1": "",
    "StratificationId1": "",
    "LocationDisplayOrder": ""
  },
  {
    "ID": "",
    "Description": "",
    "LocationAbbr": "",
    "LocationDesc": "",
    "DataSource": "",
    "Topic": "",
    "Data_Value": "",
    "Sample_Size": "",
    "Stratification1": "",
    "StratificationId1": "",
    "LocationDisplayOrder": ""
  },
  {
    "ID": "",
    "Description": "",
    "LocationAbbr": "",
    "LocationDesc": "",
    "DataSource": "",
    "Topic": "",
    "Data_Value": "",
    "Sample_Size": "",
    "Stratification1": "",
    "StratificationId1": "",
    "LocationDisplayOrder": ""
  },
  {
    "ID": "",
    "Description": "",
    "LocationAbbr": "",
    "LocationDesc": "",
    "DataSource": "",
    "Topic": "",
    "Data_Value": "",
    "Sample_Size": "",
    "Stratification1": "",
    "StratificationId1": "",
    "LocationDisplayOrder": ""
  },
  {
    "ID": "",
    "Description": "",
    "LocationAbbr": "",
    "LocationDesc": "",
    "DataSource": "",
    "Topic": "",
    "Data_Value": "",
    "Sample_Size": "",
    "Stratification1": "",
    "StratificationId1": "",
    "LocationDisplayOrder": ""
  },
  {
    "ID": "",
    "Description": "",
    "LocationAbbr": "",
    "LocationDesc": "",
    "DataSource": "",
    "Topic": "",
    "Data_Value": "",
    "Sample_Size": "",
    "Stratification1": "",
    "StratificationId1": "",
    "LocationDisplayOrder": ""
  },
  {
    "ID": "",
    "Description": "",
    "LocationAbbr": "",
    "LocationDesc": "",
    "DataSource": "",
    "Topic": "",
    "Data_Value": "",
    "Sample_Size": "",
    "Stratification1": "",
    "StratificationId1": "",
    "LocationDisplayOrder": ""
  },
  {
    "ID": "",
    "Description": "",
    "LocationAbbr": "",
    "LocationDesc": "",
    "DataSource": "",
    "Topic": "",
    "Data_Value": "",
    "Sample_Size": "",
    "Stratification1": "",
    "StratificationId1": "",
    "LocationDisplayOrder": ""
  },
  {
    "ID": "",
    "Description": "",
    "LocationAbbr": "",
    "LocationDesc": "",
    "DataSource": "",
    "Topic": "",
    "Data_Value": "",
    "Sample_Size": "",
    "Stratification1": "",
    "StratificationId1": "",
    "LocationDisplayOrder": ""
  }
]