[
  {
    "ID": 1145,
    "Description": 2012,
    "LocationAbbr": "US",
    "LocationDesc": "National",
    "DataSource": "BRFSS",
    "Topic": "Obesity / Weight Status",
    "Data_Value": 29.2,
    "Sample_Size": "44,721",
    "Stratification1": "$25,000 - $34,999",
    "StratificationId1": "INC2535",
    "LocationDisplayOrder": 0
  },
  {
    "ID": 17347,
    "Description": 2012,
    "LocationAbbr": "AL",
    "LocationDesc": "Alabama",
    "DataSource": "BRFSS",
    "Topic": "Obesity / Weight Status",
    "Data_Value": 29,
    "Sample_Size": 871,
    "Stratification1": "$25,000 - $34,999",
    "StratificationId1": "INC2535",
    "LocationDisplayOrder": 1
  },
  {
    "ID": 13233,
    "Description": 2012,
    "LocationAbbr": "AK",
    "LocationDesc": "Alaska",
    "DataSource": "BRFSS",
    "Topic": "Obesity / Weight Status",
    "Data_Value": 24,
    "Sample_Size": 344,
    "Stratification1": "$25,000 - $34,999",
    "StratificationId1": "INC2535",
    "LocationDisplayOrder": 2
  },
  {
    "ID": 5459,
    "Description": 2012,
    "LocationAbbr": "AZ",
    "LocationDesc": "Arizona",
    "DataSource": "BRFSS",
    "Topic": "Obesity / Weight Status",
    "Data_Value": 25.9,
    "Sample_Size": 725,
    "Stratification1": "$25,000 - $34,999",
    "StratificationId1": "INC2535",
    "LocationDisplayOrder": 4
  },
  {
    "ID": 21971,
    "Description": 2012,
    "LocationAbbr": "AR",
    "LocationDesc": "Arkansas",
    "DataSource": "BRFSS",
    "Topic": "Obesity / Weight Status",
    "Data_Value": 29.2,
    "Sample_Size": 507,
    "Stratification1": "$25,000 - $34,999",
    "StratificationId1": "INC2535",
    "LocationDisplayOrder": 5
  },
  {
    "ID": 18675,
    "Description": 2012,
    "LocationAbbr": "CA",
    "LocationDesc": "California",
    "DataSource": "BRFSS",
    "Topic": "Obesity / Weight Status",
    "Data_Value": 28.7,
    "Sample_Size": "1,194",
    "Stratification1": "$25,000 - $34,999",
    "StratificationId1": "INC2535",
    "LocationDisplayOrder": 6
  },
  {
    "ID": 38487,
    "Description": 2012,
    "LocationAbbr": "CO",
    "LocationDesc": "Colorado",
    "DataSource": "BRFSS",
    "Topic": "Obesity / Weight Status",
    "Data_Value": 22.2,
    "Sample_Size": "1,071",
    "Stratification1": "$25,000 - $34,999",
    "StratificationId1": "INC2535",
    "LocationDisplayOrder": 8
  },
  {
    "ID": 38472,
    "Description": 2012,
    "LocationAbbr": "CT",
    "LocationDesc": "Connecticut",
    "DataSource": "BRFSS",
    "Topic": "Obesity / Weight Status",
    "Data_Value": 30.8,
    "Sample_Size": 628,
    "Stratification1": "$25,000 - $34,999",
    "StratificationId1": "INC2535",
    "LocationDisplayOrder": 9
  },
  {
    "ID": 17569,
    "Description": 2012,
    "LocationAbbr": "DE",
    "LocationDesc": "Delaware",
    "DataSource": "BRFSS",
    "Topic": "Obesity / Weight Status",
    "Data_Value": 35.5,
    "Sample_Size": 462,
    "Stratification1": "$25,000 - $34,999",
    "StratificationId1": "INC2535",
    "LocationDisplayOrder": 10
  },
  {
    "ID": 2454,
    "Description": 2012,
    "LocationAbbr": "DC",
    "LocationDesc": "District of Columbia",
    "DataSource": "BRFSS",
    "Topic": "Obesity / Weight Status",
    "Data_Value": 24.1,
    "Sample_Size": 217,
    "Stratification1": "$25,000 - $34,999",
    "StratificationId1": "INC2535",
    "LocationDisplayOrder": 11
  },
  {
    "ID": 32223,
    "Description": 2012,
    "LocationAbbr": "FL",
    "LocationDesc": "Florida",
    "DataSource": "BRFSS",
    "Topic": "Obesity / Weight Status",
    "Data_Value": 26,
    "Sample_Size": 755,
    "Stratification1": "$25,000 - $34,999",
    "StratificationId1": "INC2535",
    "LocationDisplayOrder": 12
  },
  {
    "ID": 5745,
    "Description": 2012,
    "LocationAbbr": "GA",
    "LocationDesc": "Georgia",
    "DataSource": "BRFSS",
    "Topic": "Obesity / Weight Status",
    "Data_Value": 33.2,
    "Sample_Size": 616,
    "Stratification1": "$25,000 - $34,999",
    "StratificationId1": "INC2535",
    "LocationDisplayOrder": 13
  },
  {
    "ID": 20484,
    "Description": 2012,
    "LocationAbbr": "HI",
    "LocationDesc": "Hawaii",
    "DataSource": "BRFSS",
    "Topic": "Obesity / Weight Status",
    "Data_Value": 23.7,
    "Sample_Size": 755,
    "Stratification1": "$25,000 - $34,999",
    "StratificationId1": "INC2535",
    "LocationDisplayOrder": 15
  },
  {
    "ID": 7712,
    "Description": 2012,
    "LocationAbbr": "ID",
    "LocationDesc": "Idaho",
    "DataSource": "BRFSS",
    "Topic": "Obesity / Weight Status",
    "Data_Value": 27,
    "Sample_Size": 668,
    "Stratification1": "$25,000 - $34,999",
    "StratificationId1": "INC2535",
    "LocationDisplayOrder": 16
  },
  {
    "ID": 35681,
    "Description": 2012,
    "LocationAbbr": "IL",
    "LocationDesc": "Illinois",
    "DataSource": "BRFSS",
    "Topic": "Obesity / Weight Status",
    "Data_Value": 28.9,
    "Sample_Size": 530,
    "Stratification1": "$25,000 - $34,999",
    "StratificationId1": "INC2535",
    "LocationDisplayOrder": 17
  },
  {
    "ID": 31683,
    "Description": 2012,
    "LocationAbbr": "IN",
    "LocationDesc": "Indiana",
    "DataSource": "BRFSS",
    "Topic": "Obesity / Weight Status",
    "Data_Value": 31.7,
    "Sample_Size": 869,
    "Stratification1": "$25,000 - $34,999",
    "StratificationId1": "INC2535",
    "LocationDisplayOrder": 18
  },
  {
    "ID": 15565,
    "Description": 2012,
    "LocationAbbr": "IA",
    "LocationDesc": "Iowa",
    "DataSource": "BRFSS",
    "Topic": "Obesity / Weight Status",
    "Data_Value": 30.1,
    "Sample_Size": 735,
    "Stratification1": "$25,000 - $34,999",
    "StratificationId1": "INC2535",
    "LocationDisplayOrder": 19
  },
  {
    "ID": 20064,
    "Description": 2012,
    "LocationAbbr": "KS",
    "LocationDesc": "Kansas",
    "DataSource": "BRFSS",
    "Topic": "Obesity / Weight Status",
    "Data_Value": 33.2,
    "Sample_Size": "1,219",
    "Stratification1": "$25,000 - $34,999",
    "StratificationId1": "INC2535",
    "LocationDisplayOrder": 20
  },
  {
    "ID": 12341,
    "Description": 2012,
    "LocationAbbr": "KY",
    "LocationDesc": "Kentucky",
    "DataSource": "BRFSS",
    "Topic": "Obesity / Weight Status",
    "Data_Value": 31.7,
    "Sample_Size": "1,210",
    "Stratification1": "$25,000 - $34,999",
    "StratificationId1": "INC2535",
    "LocationDisplayOrder": 21
  },
  {
    "ID": 31060,
    "Description": 2012,
    "LocationAbbr": "LA",
    "LocationDesc": "Louisiana",
    "DataSource": "BRFSS",
    "Topic": "Obesity / Weight Status",
    "Data_Value": 32,
    "Sample_Size": 880,
    "Stratification1": "$25,000 - $34,999",
    "StratificationId1": "INC2535",
    "LocationDisplayOrder": 22
  },
  {
    "ID": 23863,
    "Description": 2012,
    "LocationAbbr": "ME",
    "LocationDesc": "Maine",
    "DataSource": "BRFSS",
    "Topic": "Obesity / Weight Status",
    "Data_Value": 30.1,
    "Sample_Size": "1,021",
    "Stratification1": "$25,000 - $34,999",
    "StratificationId1": "INC2535",
    "LocationDisplayOrder": 23
  },
  {
    "ID": 6220,
    "Description": 2012,
    "LocationAbbr": "MD",
    "LocationDesc": "Maryland",
    "DataSource": "BRFSS",
    "Topic": "Obesity / Weight Status",
    "Data_Value": 32.1,
    "Sample_Size": 983,
    "Stratification1": "$25,000 - $34,999",
    "StratificationId1": "INC2535",
    "LocationDisplayOrder": 24
  },
  {
    "ID": 19877,
    "Description": 2012,
    "LocationAbbr": "MA",
    "LocationDesc": "Massachusetts",
    "DataSource": "BRFSS",
    "Topic": "Obesity / Weight Status",
    "Data_Value": 22.6,
    "Sample_Size": "1,673",
    "Stratification1": "$25,000 - $34,999",
    "StratificationId1": "INC2535",
    "LocationDisplayOrder": 25
  },
  {
    "ID": 6575,
    "Description": 2012,
    "LocationAbbr": "MI",
    "LocationDesc": "Michigan",
    "DataSource": "BRFSS",
    "Topic": "Obesity / Weight Status",
    "Data_Value": 32,
    "Sample_Size": "1,175",
    "Stratification1": "$25,000 - $34,999",
    "StratificationId1": "INC2535",
    "LocationDisplayOrder": 26
  },
  {
    "ID": 31863,
    "Description": 2012,
    "LocationAbbr": "MN",
    "LocationDesc": "Minnesota",
    "DataSource": "BRFSS",
    "Topic": "Obesity / Weight Status",
    "Data_Value": 27.4,
    "Sample_Size": "1,036",
    "Stratification1": "$25,000 - $34,999",
    "StratificationId1": "INC2535",
    "LocationDisplayOrder": 27
  },
  {
    "ID": 4482,
    "Description": 2012,
    "LocationAbbr": "MS",
    "LocationDesc": "Mississippi",
    "DataSource": "BRFSS",
    "Topic": "Obesity / Weight Status",
    "Data_Value": 37.5,
    "Sample_Size": 792,
    "Stratification1": "$25,000 - $34,999",
    "StratificationId1": "INC2535",
    "LocationDisplayOrder": 28
  },
  {
    "ID": 11926,
    "Description": 2012,
    "LocationAbbr": "MO",
    "LocationDesc": "Missouri",
    "DataSource": "BRFSS",
    "Topic": "Obesity / Weight Status",
    "Data_Value": 33.8,
    "Sample_Size": 725,
    "Stratification1": "$25,000 - $34,999",
    "StratificationId1": "INC2535",
    "LocationDisplayOrder": 29
  },
  {
    "ID": 9796,
    "Description": 2012,
    "LocationAbbr": "MT",
    "LocationDesc": "Montana",
    "DataSource": "BRFSS",
    "Topic": "Obesity / Weight Status",
    "Data_Value": 23.7,
    "Sample_Size": "1,065",
    "Stratification1": "$25,000 - $34,999",
    "StratificationId1": "INC2535",
    "LocationDisplayOrder": 30
  },
  {
    "ID": 15335,
    "Description": 2012,
    "LocationAbbr": "NE",
    "LocationDesc": "Nebraska",
    "DataSource": "BRFSS",
    "Topic": "Obesity / Weight Status",
    "Data_Value": 28.3,
    "Sample_Size": "2,274",
    "Stratification1": "$25,000 - $34,999",
    "StratificationId1": "INC2535",
    "LocationDisplayOrder": 31
  },
  {
    "ID": 19897,
    "Description": 2012,
    "LocationAbbr": "NV",
    "LocationDesc": "Nevada",
    "DataSource": "BRFSS",
    "Topic": "Obesity / Weight Status",
    "Data_Value": 25.8,
    "Sample_Size": 459,
    "Stratification1": "$25,000 - $34,999",
    "StratificationId1": "INC2535",
    "LocationDisplayOrder": 32
  },
  {
    "ID": 13387,
    "Description": 2012,
    "LocationAbbr": "NH",
    "LocationDesc": "New Hampshire",
    "DataSource": "BRFSS",
    "Topic": "Obesity / Weight Status",
    "Data_Value": 30.6,
    "Sample_Size": 678,
    "Stratification1": "$25,000 - $34,999",
    "StratificationId1": "INC2535",
    "LocationDisplayOrder": 33
  },
  {
    "ID": 28236,
    "Description": 2012,
    "LocationAbbr": "NJ",
    "LocationDesc": "New Jersey",
    "DataSource": "BRFSS",
    "Topic": "Obesity / Weight Status",
    "Data_Value": 26,
    "Sample_Size": "1,158",
    "Stratification1": "$25,000 - $34,999",
    "StratificationId1": "INC2535",
    "LocationDisplayOrder": 34
  },
  {
    "ID": 39342,
    "Description": 2012,
    "LocationAbbr": "NM",
    "LocationDesc": "New Mexico",
    "DataSource": "BRFSS",
    "Topic": "Obesity / Weight Status",
    "Data_Value": 27.1,
    "Sample_Size": 934,
    "Stratification1": "$25,000 - $34,999",
    "StratificationId1": "INC2535",
    "LocationDisplayOrder": 35
  },
  {
    "ID": 12914,
    "Description": 2012,
    "LocationAbbr": "NY",
    "LocationDesc": "New York",
    "DataSource": "BRFSS",
    "Topic": "Obesity / Weight Status",
    "Data_Value": 24,
    "Sample_Size": 501,
    "Stratification1": "$25,000 - $34,999",
    "StratificationId1": "INC2535",
    "LocationDisplayOrder": 36
  },
  {
    "ID": 33942,
    "Description": 2012,
    "LocationAbbr": "NC",
    "LocationDesc": "North Carolina",
    "DataSource": "BRFSS",
    "Topic": "Obesity / Weight Status",
    "Data_Value": 33.9,
    "Sample_Size": "1,216",
    "Stratification1": "$25,000 - $34,999",
    "StratificationId1": "INC2535",
    "LocationDisplayOrder": 37
  },
  {
    "ID": 10313,
    "Description": 2012,
    "LocationAbbr": "ND",
    "LocationDesc": "North Dakota",
    "DataSource": "BRFSS",
    "Topic": "Obesity / Weight Status",
    "Data_Value": 26.8,
    "Sample_Size": 481,
    "Stratification1": "$25,000 - $34,999",
    "StratificationId1": "INC2535",
    "LocationDisplayOrder": 38
  },
  {
    "ID": 5382,
    "Description": 2012,
    "LocationAbbr": "OH",
    "LocationDesc": "Ohio",
    "DataSource": "BRFSS",
    "Topic": "Obesity / Weight Status",
    "Data_Value": 30.6,
    "Sample_Size": "1,409",
    "Stratification1": "$25,000 - $34,999",
    "StratificationId1": "INC2535",
    "LocationDisplayOrder": 39
  },
  {
    "ID": 8708,
    "Description": 2012,
    "LocationAbbr": "OK",
    "LocationDesc": "Oklahoma",
    "DataSource": "BRFSS",
    "Topic": "Obesity / Weight Status",
    "Data_Value": 30.3,
    "Sample_Size": 889,
    "Stratification1": "$25,000 - $34,999",
    "StratificationId1": "INC2535",
    "LocationDisplayOrder": 40
  },
  {
    "ID": 28009,
    "Description": 2012,
    "LocationAbbr": "OR",
    "LocationDesc": "Oregon",
    "DataSource": "BRFSS",
    "Topic": "Obesity / Weight Status",
    "Data_Value": 25.9,
    "Sample_Size": 492,
    "Stratification1": "$25,000 - $34,999",
    "StratificationId1": "INC2535",
    "LocationDisplayOrder": 41
  },
  {
    "ID": 6553,
    "Description": 2012,
    "LocationAbbr": "PA",
    "LocationDesc": "Pennsylvania",
    "DataSource": "BRFSS",
    "Topic": "Obesity / Weight Status",
    "Data_Value": 31.9,
    "Sample_Size": "2,000",
    "Stratification1": "$25,000 - $34,999",
    "StratificationId1": "INC2535",
    "LocationDisplayOrder": 42
  },
  {
    "ID": 14504,
    "Description": 2012,
    "LocationAbbr": "RI",
    "LocationDesc": "Rhode Island",
    "DataSource": "BRFSS",
    "Topic": "Obesity / Weight Status",
    "Data_Value": 28.9,
    "Sample_Size": 457,
    "Stratification1": "$25,000 - $34,999",
    "StratificationId1": "INC2535",
    "LocationDisplayOrder": 44
  },
  {
    "ID": 37385,
    "Description": 2012,
    "LocationAbbr": "SC",
    "LocationDesc": "South Carolina",
    "DataSource": "BRFSS",
    "Topic": "Obesity / Weight Status",
    "Data_Value": 34.6,
    "Sample_Size": "1,298",
    "Stratification1": "$25,000 - $34,999",
    "StratificationId1": "INC2535",
    "LocationDisplayOrder": 45
  },
  {
    "ID": 4046,
    "Description": 2012,
    "LocationAbbr": "SD",
    "LocationDesc": "South Dakota",
    "DataSource": "BRFSS",
    "Topic": "Obesity / Weight Status",
    "Data_Value": 28.5,
    "Sample_Size": 833,
    "Stratification1": "$25,000 - $34,999",
    "StratificationId1": "INC2535",
    "LocationDisplayOrder": 46
  },
  {
    "ID": 39407,
    "Description": 2012,
    "LocationAbbr": "TN",
    "LocationDesc": "Tennessee",
    "DataSource": "BRFSS",
    "Topic": "Obesity / Weight Status",
    "Data_Value": 33.3,
    "Sample_Size": 651,
    "Stratification1": "$25,000 - $34,999",
    "StratificationId1": "INC2535",
    "LocationDisplayOrder": 47
  },
  {
    "ID": 3234,
    "Description": 2012,
    "LocationAbbr": "TX",
    "LocationDesc": "Texas",
    "DataSource": "BRFSS",
    "Topic": "Obesity / Weight Status",
    "Data_Value": 28.3,
    "Sample_Size": 808,
    "Stratification1": "$25,000 - $34,999",
    "StratificationId1": "INC2535",
    "LocationDisplayOrder": 48
  },
  {
    "ID": 26761,
    "Description": 2012,
    "LocationAbbr": "UT",
    "LocationDesc": "Utah",
    "DataSource": "BRFSS",
    "Topic": "Obesity / Weight Status",
    "Data_Value": 27.9,
    "Sample_Size": "1,086",
    "Stratification1": "$25,000 - $34,999",
    "StratificationId1": "INC2535",
    "LocationDisplayOrder": 49
  },
  {
    "ID": 38381,
    "Description": 2012,
    "LocationAbbr": "VT",
    "LocationDesc": "Vermont",
    "DataSource": "BRFSS",
    "Topic": "Obesity / Weight Status",
    "Data_Value": 25.9,
    "Sample_Size": 574,
    "Stratification1": "$25,000 - $34,999",
    "StratificationId1": "INC2535",
    "LocationDisplayOrder": 50
  },
  {
    "ID": 19191,
    "Description": 2012,
    "LocationAbbr": "VA",
    "LocationDesc": "Virginia",
    "DataSource": "BRFSS",
    "Topic": "Obesity / Weight Status",
    "Data_Value": 32.5,
    "Sample_Size": 599,
    "Stratification1": "$25,000 - $34,999",
    "StratificationId1": "INC2535",
    "LocationDisplayOrder": 51
  },
  {
    "ID": 28185,
    "Description": 2012,
    "LocationAbbr": "WA",
    "LocationDesc": "Washington",
    "DataSource": "BRFSS",
    "Topic": "Obesity / Weight Status",
    "Data_Value": 25,
    "Sample_Size": "1,417",
    "Stratification1": "$25,000 - $34,999",
    "StratificationId1": "INC2535",
    "LocationDisplayOrder": 53
  },
  {
    "ID": 14906,
    "Description": 2012,
    "LocationAbbr": "WV",
    "LocationDesc": "West Virginia",
    "DataSource": "BRFSS",
    "Topic": "Obesity / Weight Status",
    "Data_Value": 36,
    "Sample_Size": 615,
    "Stratification1": "$25,000 - $34,999",
    "StratificationId1": "INC2535",
    "LocationDisplayOrder": 54
  },
  {
    "ID": 4371,
    "Description": 2012,
    "LocationAbbr": "WI",
    "LocationDesc": "Wisconsin",
    "DataSource": "BRFSS",
    "Topic": "Obesity / Weight Status",
    "Data_Value": 32.9,
    "Sample_Size": 543,
    "Stratification1": "$25,000 - $34,999",
    "StratificationId1": "INC2535",
    "LocationDisplayOrder": 55
  },
  {
    "ID": 38921,
    "Description": 2012,
    "LocationAbbr": "WY",
    "LocationDesc": "Wyoming",
    "DataSource": "BRFSS",
    "Topic": "Obesity / Weight Status",
    "Data_Value": 22.2,
    "Sample_Size": 623,
    "Stratification1": "$25,000 - $34,999",
    "StratificationId1": "INC2535",
    "LocationDisplayOrder": 56
  },
  {
    "ID": "",
    "Description": "",
    "LocationAbbr": "",
    "LocationDesc": "",
    "DataSource": "",
    "Topic": "",
    "Data_Value": "",
    "Sample_Size": "",
    "Stratification1": "",
    "StratificationId1": "",
    "LocationDisplayOrder": ""
  },
  {
    "ID": "",
    "Description": "",
    "LocationAbbr": "",
    "LocationDesc": "",
    "DataSource": "",
    "Topic": "",
    "Data_Value": "",
    "Sample_Size": "",
    "Stratification1": "",
    "StratificationId1": "",
    "LocationDisplayOrder": ""
  },
  {
    "ID": "",
    "Description": "",
    "LocationAbbr": "",
    "LocationDesc": "",
    "DataSource": "",
    "Topic": "",
    "Data_Value": "",
    "Sample_Size": "",
    "Stratification1": "",
    "StratificationId1": "",
    "LocationDisplayOrder": ""
  },
  {
    "ID": "",
    "Description": "",
    "LocationAbbr": "",
    "LocationDesc": "",
    "DataSource": "",
    "Topic": "",
    "Data_Value": "",
    "Sample_Size": "",
    "Stratification1": "",
    "StratificationId1": "",
    "LocationDisplayOrder": ""
  },
  {
    "ID": "",
    "Description": "",
    "LocationAbbr": "",
    "LocationDesc": "",
    "DataSource": "",
    "Topic": "",
    "Data_Value": "",
    "Sample_Size": "",
    "Stratification1": "",
    "StratificationId1": "",
    "LocationDisplayOrder": ""
  },
  {
    "ID": "",
    "Description": "",
    "LocationAbbr": "",
    "LocationDesc": "",
    "DataSource": "",
    "Topic": "",
    "Data_Value": "",
    "Sample_Size": "",
    "Stratification1": "",
    "StratificationId1": "",
    "LocationDisplayOrder": ""
  },
  {
    "ID": "",
    "Description": "",
    "LocationAbbr": "",
    "LocationDesc": "",
    "DataSource": "",
    "Topic": "",
    "Data_Value": "",
    "Sample_Size": "",
    "Stratification1": "",
    "StratificationId1": "",
    "LocationDisplayOrder": ""
  },
  {
    "ID": "",
    "Description": "",
    "LocationAbbr": "",
    "LocationDesc": "",
    "DataSource": "",
    "Topic": "",
    "Data_Value": "",
    "Sample_Size": "",
    "Stratification1": "",
    "StratificationId1": "",
    "LocationDisplayOrder": ""
  },
  {
    "ID": "",
    "Description": "",
    "LocationAbbr": "",
    "LocationDesc": "",
    "DataSource": "",
    "Topic": "",
    "Data_Value": "",
    "Sample_Size": "",
    "Stratification1": "",
    "StratificationId1": "",
    "LocationDisplayOrder": ""
  }
]