[
  {
    "ID": 1150,
    "Description": 2012,
    "LocationAbbr": "US",
    "LocationDesc": "National",
    "DataSource": "BRFSS",
    "Topic": "Obesity / Weight Status",
    "Data_Value": 24.2,
    "Sample_Size": "2,956",
    "Stratification1": "Other",
    "StratificationId1": "RACEOTH",
    "LocationDisplayOrder": 0
  },
  {
    "ID": 2381,
    "Description": 2012,
    "LocationAbbr": "AL",
    "LocationDesc": "Alabama",
    "DataSource": "BRFSS",
    "Topic": "Obesity / Weight Status",
    "Data_Value": 24.4,
    "Sample_Size": 54,
    "Stratification1": "Other",
    "StratificationId1": "RACEOTH",
    "LocationDisplayOrder": 1
  },
  {
    "ID": 6254,
    "Description": 2012,
    "LocationAbbr": "AK",
    "LocationDesc": "Alaska",
    "DataSource": "BRFSS",
    "Topic": "Obesity / Weight Status",
    "Data_Value": 21.5,
    "Sample_Size": 84,
    "Stratification1": "Other",
    "StratificationId1": "RACEOTH",
    "LocationDisplayOrder": 2
  },
  {
    "ID": 35461,
    "Description": 2012,
    "LocationAbbr": "AZ",
    "LocationDesc": "Arizona",
    "DataSource": "BRFSS",
    "Topic": "Obesity / Weight Status",
    "Data_Value": 27.2,
    "Sample_Size": 63,
    "Stratification1": "Other",
    "StratificationId1": "RACEOTH",
    "LocationDisplayOrder": 4
  },
  {
    "ID": 35886,
    "Description": 2012,
    "LocationAbbr": "AR",
    "LocationDesc": "Arkansas",
    "DataSource": "BRFSS",
    "Topic": "Obesity / Weight Status",
    "Data_Value": "~",
    "Sample_Size": "~",
    "Stratification1": "Other",
    "StratificationId1": "RACEOTH",
    "LocationDisplayOrder": 5
  },
  {
    "ID": 36937,
    "Description": 2012,
    "LocationAbbr": "CA",
    "LocationDesc": "California",
    "DataSource": "BRFSS",
    "Topic": "Obesity / Weight Status",
    "Data_Value": "~",
    "Sample_Size": "~",
    "Stratification1": "Other",
    "StratificationId1": "RACEOTH",
    "LocationDisplayOrder": 6
  },
  {
    "ID": 4323,
    "Description": 2012,
    "LocationAbbr": "CO",
    "LocationDesc": "Colorado",
    "DataSource": "BRFSS",
    "Topic": "Obesity / Weight Status",
    "Data_Value": 31.7,
    "Sample_Size": 62,
    "Stratification1": "Other",
    "StratificationId1": "RACEOTH",
    "LocationDisplayOrder": 8
  },
  {
    "ID": 4633,
    "Description": 2012,
    "LocationAbbr": "CT",
    "LocationDesc": "Connecticut",
    "DataSource": "BRFSS",
    "Topic": "Obesity / Weight Status",
    "Data_Value": 24.4,
    "Sample_Size": 89,
    "Stratification1": "Other",
    "StratificationId1": "RACEOTH",
    "LocationDisplayOrder": 9
  },
  {
    "ID": 3757,
    "Description": 2012,
    "LocationAbbr": "DE",
    "LocationDesc": "Delaware",
    "DataSource": "BRFSS",
    "Topic": "Obesity / Weight Status",
    "Data_Value": "~",
    "Sample_Size": "~",
    "Stratification1": "Other",
    "StratificationId1": "RACEOTH",
    "LocationDisplayOrder": 10
  },
  {
    "ID": 25769,
    "Description": 2012,
    "LocationAbbr": "DC",
    "LocationDesc": "District of Columbia",
    "DataSource": "BRFSS",
    "Topic": "Obesity / Weight Status",
    "Data_Value": "~",
    "Sample_Size": "~",
    "Stratification1": "Other",
    "StratificationId1": "RACEOTH",
    "LocationDisplayOrder": 11
  },
  {
    "ID": 21069,
    "Description": 2012,
    "LocationAbbr": "FL",
    "LocationDesc": "Florida",
    "DataSource": "BRFSS",
    "Topic": "Obesity / Weight Status",
    "Data_Value": "~",
    "Sample_Size": "~",
    "Stratification1": "Other",
    "StratificationId1": "RACEOTH",
    "LocationDisplayOrder": 12
  },
  {
    "ID": 10774,
    "Description": 2012,
    "LocationAbbr": "GA",
    "LocationDesc": "Georgia",
    "DataSource": "BRFSS",
    "Topic": "Obesity / Weight Status",
    "Data_Value": 17.9,
    "Sample_Size": 63,
    "Stratification1": "Other",
    "StratificationId1": "RACEOTH",
    "LocationDisplayOrder": 13
  },
  {
    "ID": 23610,
    "Description": 2012,
    "LocationAbbr": "HI",
    "LocationDesc": "Hawaii",
    "DataSource": "BRFSS",
    "Topic": "Obesity / Weight Status",
    "Data_Value": 21.2,
    "Sample_Size": 73,
    "Stratification1": "Other",
    "StratificationId1": "RACEOTH",
    "LocationDisplayOrder": 15
  },
  {
    "ID": 22935,
    "Description": 2012,
    "LocationAbbr": "ID",
    "LocationDesc": "Idaho",
    "DataSource": "BRFSS",
    "Topic": "Obesity / Weight Status",
    "Data_Value": "~",
    "Sample_Size": "~",
    "Stratification1": "Other",
    "StratificationId1": "RACEOTH",
    "LocationDisplayOrder": 16
  },
  {
    "ID": 10727,
    "Description": 2012,
    "LocationAbbr": "IL",
    "LocationDesc": "Illinois",
    "DataSource": "BRFSS",
    "Topic": "Obesity / Weight Status",
    "Data_Value": "~",
    "Sample_Size": "~",
    "Stratification1": "Other",
    "StratificationId1": "RACEOTH",
    "LocationDisplayOrder": 17
  },
  {
    "ID": 36958,
    "Description": 2012,
    "LocationAbbr": "IN",
    "LocationDesc": "Indiana",
    "DataSource": "BRFSS",
    "Topic": "Obesity / Weight Status",
    "Data_Value": "~",
    "Sample_Size": "~",
    "Stratification1": "Other",
    "StratificationId1": "RACEOTH",
    "LocationDisplayOrder": 18
  },
  {
    "ID": 7097,
    "Description": 2012,
    "LocationAbbr": "IA",
    "LocationDesc": "Iowa",
    "DataSource": "BRFSS",
    "Topic": "Obesity / Weight Status",
    "Data_Value": "~",
    "Sample_Size": "~",
    "Stratification1": "Other",
    "StratificationId1": "RACEOTH",
    "LocationDisplayOrder": 19
  },
  {
    "ID": 21780,
    "Description": 2012,
    "LocationAbbr": "KS",
    "LocationDesc": "Kansas",
    "DataSource": "BRFSS",
    "Topic": "Obesity / Weight Status",
    "Data_Value": "~",
    "Sample_Size": "~",
    "Stratification1": "Other",
    "StratificationId1": "RACEOTH",
    "LocationDisplayOrder": 20
  },
  {
    "ID": 27402,
    "Description": 2012,
    "LocationAbbr": "KY",
    "LocationDesc": "Kentucky",
    "DataSource": "BRFSS",
    "Topic": "Obesity / Weight Status",
    "Data_Value": "~",
    "Sample_Size": "~",
    "Stratification1": "Other",
    "StratificationId1": "RACEOTH",
    "LocationDisplayOrder": 21
  },
  {
    "ID": 8355,
    "Description": 2012,
    "LocationAbbr": "LA",
    "LocationDesc": "Louisiana",
    "DataSource": "BRFSS",
    "Topic": "Obesity / Weight Status",
    "Data_Value": 25.6,
    "Sample_Size": 59,
    "Stratification1": "Other",
    "StratificationId1": "RACEOTH",
    "LocationDisplayOrder": 22
  },
  {
    "ID": 32757,
    "Description": 2012,
    "LocationAbbr": "ME",
    "LocationDesc": "Maine",
    "DataSource": "BRFSS",
    "Topic": "Obesity / Weight Status",
    "Data_Value": "~",
    "Sample_Size": "~",
    "Stratification1": "Other",
    "StratificationId1": "RACEOTH",
    "LocationDisplayOrder": 23
  },
  {
    "ID": 36906,
    "Description": 2012,
    "LocationAbbr": "MD",
    "LocationDesc": "Maryland",
    "DataSource": "BRFSS",
    "Topic": "Obesity / Weight Status",
    "Data_Value": 16.9,
    "Sample_Size": 112,
    "Stratification1": "Other",
    "StratificationId1": "RACEOTH",
    "LocationDisplayOrder": 24
  },
  {
    "ID": 16445,
    "Description": 2012,
    "LocationAbbr": "MA",
    "LocationDesc": "Massachusetts",
    "DataSource": "BRFSS",
    "Topic": "Obesity / Weight Status",
    "Data_Value": 25.2,
    "Sample_Size": 414,
    "Stratification1": "Other",
    "StratificationId1": "RACEOTH",
    "LocationDisplayOrder": 25
  },
  {
    "ID": 12020,
    "Description": 2012,
    "LocationAbbr": "MI",
    "LocationDesc": "Michigan",
    "DataSource": "BRFSS",
    "Topic": "Obesity / Weight Status",
    "Data_Value": "~",
    "Sample_Size": "~",
    "Stratification1": "Other",
    "StratificationId1": "RACEOTH",
    "LocationDisplayOrder": 26
  },
  {
    "ID": 31699,
    "Description": 2012,
    "LocationAbbr": "MN",
    "LocationDesc": "Minnesota",
    "DataSource": "BRFSS",
    "Topic": "Obesity / Weight Status",
    "Data_Value": 32.7,
    "Sample_Size": 91,
    "Stratification1": "Other",
    "StratificationId1": "RACEOTH",
    "LocationDisplayOrder": 27
  },
  {
    "ID": 27343,
    "Description": 2012,
    "LocationAbbr": "MS",
    "LocationDesc": "Mississippi",
    "DataSource": "BRFSS",
    "Topic": "Obesity / Weight Status",
    "Data_Value": "~",
    "Sample_Size": "~",
    "Stratification1": "Other",
    "StratificationId1": "RACEOTH",
    "LocationDisplayOrder": 28
  },
  {
    "ID": 19359,
    "Description": 2012,
    "LocationAbbr": "MO",
    "LocationDesc": "Missouri",
    "DataSource": "BRFSS",
    "Topic": "Obesity / Weight Status",
    "Data_Value": "~",
    "Sample_Size": "~",
    "Stratification1": "Other",
    "StratificationId1": "RACEOTH",
    "LocationDisplayOrder": 29
  },
  {
    "ID": 10503,
    "Description": 2012,
    "LocationAbbr": "MT",
    "LocationDesc": "Montana",
    "DataSource": "BRFSS",
    "Topic": "Obesity / Weight Status",
    "Data_Value": "~",
    "Sample_Size": "~",
    "Stratification1": "Other",
    "StratificationId1": "RACEOTH",
    "LocationDisplayOrder": 30
  },
  {
    "ID": 24572,
    "Description": 2012,
    "LocationAbbr": "NE",
    "LocationDesc": "Nebraska",
    "DataSource": "BRFSS",
    "Topic": "Obesity / Weight Status",
    "Data_Value": 31.6,
    "Sample_Size": 61,
    "Stratification1": "Other",
    "StratificationId1": "RACEOTH",
    "LocationDisplayOrder": 31
  },
  {
    "ID": 28478,
    "Description": 2012,
    "LocationAbbr": "NV",
    "LocationDesc": "Nevada",
    "DataSource": "BRFSS",
    "Topic": "Obesity / Weight Status",
    "Data_Value": 27,
    "Sample_Size": 88,
    "Stratification1": "Other",
    "StratificationId1": "RACEOTH",
    "LocationDisplayOrder": 32
  },
  {
    "ID": 20526,
    "Description": 2012,
    "LocationAbbr": "NH",
    "LocationDesc": "New Hampshire",
    "DataSource": "BRFSS",
    "Topic": "Obesity / Weight Status",
    "Data_Value": "~",
    "Sample_Size": "~",
    "Stratification1": "Other",
    "StratificationId1": "RACEOTH",
    "LocationDisplayOrder": 33
  },
  {
    "ID": 25443,
    "Description": 2012,
    "LocationAbbr": "NJ",
    "LocationDesc": "New Jersey",
    "DataSource": "BRFSS",
    "Topic": "Obesity / Weight Status",
    "Data_Value": 22.5,
    "Sample_Size": 144,
    "Stratification1": "Other",
    "StratificationId1": "RACEOTH",
    "LocationDisplayOrder": 34
  },
  {
    "ID": 25374,
    "Description": 2012,
    "LocationAbbr": "NM",
    "LocationDesc": "New Mexico",
    "DataSource": "BRFSS",
    "Topic": "Obesity / Weight Status",
    "Data_Value": 21,
    "Sample_Size": 81,
    "Stratification1": "Other",
    "StratificationId1": "RACEOTH",
    "LocationDisplayOrder": 35
  },
  {
    "ID": 5120,
    "Description": 2012,
    "LocationAbbr": "NY",
    "LocationDesc": "New York",
    "DataSource": "BRFSS",
    "Topic": "Obesity / Weight Status",
    "Data_Value": "~",
    "Sample_Size": "~",
    "Stratification1": "Other",
    "StratificationId1": "RACEOTH",
    "LocationDisplayOrder": 36
  },
  {
    "ID": 22938,
    "Description": 2012,
    "LocationAbbr": "NC",
    "LocationDesc": "North Carolina",
    "DataSource": "BRFSS",
    "Topic": "Obesity / Weight Status",
    "Data_Value": 25.7,
    "Sample_Size": 139,
    "Stratification1": "Other",
    "StratificationId1": "RACEOTH",
    "LocationDisplayOrder": 37
  },
  {
    "ID": 16535,
    "Description": 2012,
    "LocationAbbr": "ND",
    "LocationDesc": "North Dakota",
    "DataSource": "BRFSS",
    "Topic": "Obesity / Weight Status",
    "Data_Value": "~",
    "Sample_Size": "~",
    "Stratification1": "Other",
    "StratificationId1": "RACEOTH",
    "LocationDisplayOrder": 38
  },
  {
    "ID": 23016,
    "Description": 2012,
    "LocationAbbr": "OH",
    "LocationDesc": "Ohio",
    "DataSource": "BRFSS",
    "Topic": "Obesity / Weight Status",
    "Data_Value": 25.5,
    "Sample_Size": 91,
    "Stratification1": "Other",
    "StratificationId1": "RACEOTH",
    "LocationDisplayOrder": 39
  },
  {
    "ID": 31561,
    "Description": 2012,
    "LocationAbbr": "OK",
    "LocationDesc": "Oklahoma",
    "DataSource": "BRFSS",
    "Topic": "Obesity / Weight Status",
    "Data_Value": "~",
    "Sample_Size": "~",
    "Stratification1": "Other",
    "StratificationId1": "RACEOTH",
    "LocationDisplayOrder": 40
  },
  {
    "ID": 27945,
    "Description": 2012,
    "LocationAbbr": "OR",
    "LocationDesc": "Oregon",
    "DataSource": "BRFSS",
    "Topic": "Obesity / Weight Status",
    "Data_Value": "~",
    "Sample_Size": "~",
    "Stratification1": "Other",
    "StratificationId1": "RACEOTH",
    "LocationDisplayOrder": 41
  },
  {
    "ID": 32797,
    "Description": 2012,
    "LocationAbbr": "PA",
    "LocationDesc": "Pennsylvania",
    "DataSource": "BRFSS",
    "Topic": "Obesity / Weight Status",
    "Data_Value": "~",
    "Sample_Size": "~",
    "Stratification1": "Other",
    "StratificationId1": "RACEOTH",
    "LocationDisplayOrder": 42
  },
  {
    "ID": 29507,
    "Description": 2012,
    "LocationAbbr": "RI",
    "LocationDesc": "Rhode Island",
    "DataSource": "BRFSS",
    "Topic": "Obesity / Weight Status",
    "Data_Value": "~",
    "Sample_Size": "~",
    "Stratification1": "Other",
    "StratificationId1": "RACEOTH",
    "LocationDisplayOrder": 44
  },
  {
    "ID": 16597,
    "Description": 2012,
    "LocationAbbr": "SC",
    "LocationDesc": "South Carolina",
    "DataSource": "BRFSS",
    "Topic": "Obesity / Weight Status",
    "Data_Value": 30.8,
    "Sample_Size": 69,
    "Stratification1": "Other",
    "StratificationId1": "RACEOTH",
    "LocationDisplayOrder": 45
  },
  {
    "ID": 24712,
    "Description": 2012,
    "LocationAbbr": "SD",
    "LocationDesc": "South Dakota",
    "DataSource": "BRFSS",
    "Topic": "Obesity / Weight Status",
    "Data_Value": "~",
    "Sample_Size": "~",
    "Stratification1": "Other",
    "StratificationId1": "RACEOTH",
    "LocationDisplayOrder": 46
  },
  {
    "ID": 33939,
    "Description": 2012,
    "LocationAbbr": "TN",
    "LocationDesc": "Tennessee",
    "DataSource": "BRFSS",
    "Topic": "Obesity / Weight Status",
    "Data_Value": "~",
    "Sample_Size": "~",
    "Stratification1": "Other",
    "StratificationId1": "RACEOTH",
    "LocationDisplayOrder": 47
  },
  {
    "ID": 2675,
    "Description": 2012,
    "LocationAbbr": "TX",
    "LocationDesc": "Texas",
    "DataSource": "BRFSS",
    "Topic": "Obesity / Weight Status",
    "Data_Value": "~",
    "Sample_Size": "~",
    "Stratification1": "Other",
    "StratificationId1": "RACEOTH",
    "LocationDisplayOrder": 48
  },
  {
    "ID": 12776,
    "Description": 2012,
    "LocationAbbr": "UT",
    "LocationDesc": "Utah",
    "DataSource": "BRFSS",
    "Topic": "Obesity / Weight Status",
    "Data_Value": 15.6,
    "Sample_Size": 90,
    "Stratification1": "Other",
    "StratificationId1": "RACEOTH",
    "LocationDisplayOrder": 49
  },
  {
    "ID": 35501,
    "Description": 2012,
    "LocationAbbr": "VT",
    "LocationDesc": "Vermont",
    "DataSource": "BRFSS",
    "Topic": "Obesity / Weight Status",
    "Data_Value": "~",
    "Sample_Size": "~",
    "Stratification1": "Other",
    "StratificationId1": "RACEOTH",
    "LocationDisplayOrder": 50
  },
  {
    "ID": 34498,
    "Description": 2012,
    "LocationAbbr": "VA",
    "LocationDesc": "Virginia",
    "DataSource": "BRFSS",
    "Topic": "Obesity / Weight Status",
    "Data_Value": 22,
    "Sample_Size": 77,
    "Stratification1": "Other",
    "StratificationId1": "RACEOTH",
    "LocationDisplayOrder": 51
  },
  {
    "ID": 29683,
    "Description": 2012,
    "LocationAbbr": "WA",
    "LocationDesc": "Washington",
    "DataSource": "BRFSS",
    "Topic": "Obesity / Weight Status",
    "Data_Value": 31.6,
    "Sample_Size": 170,
    "Stratification1": "Other",
    "StratificationId1": "RACEOTH",
    "LocationDisplayOrder": 53
  },
  {
    "ID": 1826,
    "Description": 2012,
    "LocationAbbr": "WV",
    "LocationDesc": "West Virginia",
    "DataSource": "BRFSS",
    "Topic": "Obesity / Weight Status",
    "Data_Value": "~",
    "Sample_Size": "~",
    "Stratification1": "Other",
    "StratificationId1": "RACEOTH",
    "LocationDisplayOrder": 54
  },
  {
    "ID": 26606,
    "Description": 2012,
    "LocationAbbr": "WI",
    "LocationDesc": "Wisconsin",
    "DataSource": "BRFSS",
    "Topic": "Obesity / Weight Status",
    "Data_Value": "~",
    "Sample_Size": "~",
    "Stratification1": "Other",
    "StratificationId1": "RACEOTH",
    "LocationDisplayOrder": 55
  },
  {
    "ID": 20700,
    "Description": 2012,
    "LocationAbbr": "WY",
    "LocationDesc": "Wyoming",
    "DataSource": "BRFSS",
    "Topic": "Obesity / Weight Status",
    "Data_Value": "~",
    "Sample_Size": "~",
    "Stratification1": "Other",
    "StratificationId1": "RACEOTH",
    "LocationDisplayOrder": 56
  },
  {
    "ID": "",
    "Description": "",
    "LocationAbbr": "",
    "LocationDesc": "",
    "DataSource": "",
    "Topic": "",
    "Data_Value": "",
    "Sample_Size": "",
    "Stratification1": "",
    "StratificationId1": "",
    "LocationDisplayOrder": ""
  },
  {
    "ID": "",
    "Description": "",
    "LocationAbbr": "",
    "LocationDesc": "",
    "DataSource": "",
    "Topic": "",
    "Data_Value": "",
    "Sample_Size": "",
    "Stratification1": "",
    "StratificationId1": "",
    "LocationDisplayOrder": ""
  },
  {
    "ID": "",
    "Description": "",
    "LocationAbbr": "",
    "LocationDesc": "",
    "DataSource": "",
    "Topic": "",
    "Data_Value": "",
    "Sample_Size": "",
    "Stratification1": "",
    "StratificationId1": "",
    "LocationDisplayOrder": ""
  },
  {
    "ID": "",
    "Description": "",
    "LocationAbbr": "",
    "LocationDesc": "",
    "DataSource": "",
    "Topic": "",
    "Data_Value": "",
    "Sample_Size": "",
    "Stratification1": "",
    "StratificationId1": "",
    "LocationDisplayOrder": ""
  },
  {
    "ID": "",
    "Description": "",
    "LocationAbbr": "",
    "LocationDesc": "",
    "DataSource": "",
    "Topic": "",
    "Data_Value": "",
    "Sample_Size": "",
    "Stratification1": "",
    "StratificationId1": "",
    "LocationDisplayOrder": ""
  },
  {
    "ID": "",
    "Description": "",
    "LocationAbbr": "",
    "LocationDesc": "",
    "DataSource": "",
    "Topic": "",
    "Data_Value": "",
    "Sample_Size": "",
    "Stratification1": "",
    "StratificationId1": "",
    "LocationDisplayOrder": ""
  },
  {
    "ID": "",
    "Description": "",
    "LocationAbbr": "",
    "LocationDesc": "",
    "DataSource": "",
    "Topic": "",
    "Data_Value": "",
    "Sample_Size": "",
    "Stratification1": "",
    "StratificationId1": "",
    "LocationDisplayOrder": ""
  },
  {
    "ID": "",
    "Description": "",
    "LocationAbbr": "",
    "LocationDesc": "",
    "DataSource": "",
    "Topic": "",
    "Data_Value": "",
    "Sample_Size": "",
    "Stratification1": "",
    "StratificationId1": "",
    "LocationDisplayOrder": ""
  },
  {
    "ID": "",
    "Description": "",
    "LocationAbbr": "",
    "LocationDesc": "",
    "DataSource": "",
    "Topic": "",
    "Data_Value": "",
    "Sample_Size": "",
    "Stratification1": "",
    "StratificationId1": "",
    "LocationDisplayOrder": ""
  },
  {
    "ID": "",
    "Description": "",
    "LocationAbbr": "",
    "LocationDesc": "",
    "DataSource": "",
    "Topic": "",
    "Data_Value": "",
    "Sample_Size": "",
    "Stratification1": "",
    "StratificationId1": "",
    "LocationDisplayOrder": ""
  }
]