[
  {
    "ID": 498,
    "Description": 2012,
    "LocationAbbr": "US",
    "LocationDesc": "National",
    "DataSource": "BRFSS",
    "Topic": "Obesity / Weight Status",
    "Data_Value": 28.7,
    "Sample_Size": "120,032",
    "Stratification1": "Some college or technical school",
    "StratificationId1": "EDUCOTEC",
    "LocationDisplayOrder": 0
  },
  {
    "ID": 35150,
    "Description": 2012,
    "LocationAbbr": "AL",
    "LocationDesc": "Alabama",
    "DataSource": "BRFSS",
    "Topic": "Obesity / Weight Status",
    "Data_Value": 34.4,
    "Sample_Size": "2,405",
    "Stratification1": "Some college or technical school",
    "StratificationId1": "EDUCOTEC",
    "LocationDisplayOrder": 1
  },
  {
    "ID": 28101,
    "Description": 2012,
    "LocationAbbr": "AK",
    "LocationDesc": "Alaska",
    "DataSource": "BRFSS",
    "Topic": "Obesity / Weight Status",
    "Data_Value": 26.9,
    "Sample_Size": "1,250",
    "Stratification1": "Some college or technical school",
    "StratificationId1": "EDUCOTEC",
    "LocationDisplayOrder": 2
  },
  {
    "ID": 22251,
    "Description": 2012,
    "LocationAbbr": "AZ",
    "LocationDesc": "Arizona",
    "DataSource": "BRFSS",
    "Topic": "Obesity / Weight Status",
    "Data_Value": 25.3,
    "Sample_Size": "2,201",
    "Stratification1": "Some college or technical school",
    "StratificationId1": "EDUCOTEC",
    "LocationDisplayOrder": 4
  },
  {
    "ID": 35464,
    "Description": 2012,
    "LocationAbbr": "AR",
    "LocationDesc": "Arkansas",
    "DataSource": "BRFSS",
    "Topic": "Obesity / Weight Status",
    "Data_Value": 32.7,
    "Sample_Size": "1,262",
    "Stratification1": "Some college or technical school",
    "StratificationId1": "EDUCOTEC",
    "LocationDisplayOrder": 5
  },
  {
    "ID": 8572,
    "Description": 2012,
    "LocationAbbr": "CA",
    "LocationDesc": "California",
    "DataSource": "BRFSS",
    "Topic": "Obesity / Weight Status",
    "Data_Value": 26.3,
    "Sample_Size": "3,620",
    "Stratification1": "Some college or technical school",
    "StratificationId1": "EDUCOTEC",
    "LocationDisplayOrder": 6
  },
  {
    "ID": 33396,
    "Description": 2012,
    "LocationAbbr": "CO",
    "LocationDesc": "Colorado",
    "DataSource": "BRFSS",
    "Topic": "Obesity / Weight Status",
    "Data_Value": 21.9,
    "Sample_Size": "3,295",
    "Stratification1": "Some college or technical school",
    "StratificationId1": "EDUCOTEC",
    "LocationDisplayOrder": 8
  },
  {
    "ID": 34993,
    "Description": 2012,
    "LocationAbbr": "CT",
    "LocationDesc": "Connecticut",
    "DataSource": "BRFSS",
    "Topic": "Obesity / Weight Status",
    "Data_Value": 28.3,
    "Sample_Size": "1,995",
    "Stratification1": "Some college or technical school",
    "StratificationId1": "EDUCOTEC",
    "LocationDisplayOrder": 9
  },
  {
    "ID": 7178,
    "Description": 2012,
    "LocationAbbr": "DE",
    "LocationDesc": "Delaware",
    "DataSource": "BRFSS",
    "Topic": "Obesity / Weight Status",
    "Data_Value": 31.2,
    "Sample_Size": "1,323",
    "Stratification1": "Some college or technical school",
    "StratificationId1": "EDUCOTEC",
    "LocationDisplayOrder": 10
  },
  {
    "ID": 24287,
    "Description": 2012,
    "LocationAbbr": "DC",
    "LocationDesc": "District of Columbia",
    "DataSource": "BRFSS",
    "Topic": "Obesity / Weight Status",
    "Data_Value": 27.8,
    "Sample_Size": 556,
    "Stratification1": "Some college or technical school",
    "StratificationId1": "EDUCOTEC",
    "LocationDisplayOrder": 11
  },
  {
    "ID": 25327,
    "Description": 2012,
    "LocationAbbr": "FL",
    "LocationDesc": "Florida",
    "DataSource": "BRFSS",
    "Topic": "Obesity / Weight Status",
    "Data_Value": 24.3,
    "Sample_Size": "2,029",
    "Stratification1": "Some college or technical school",
    "StratificationId1": "EDUCOTEC",
    "LocationDisplayOrder": 12
  },
  {
    "ID": 17988,
    "Description": 2012,
    "LocationAbbr": "GA",
    "LocationDesc": "Georgia",
    "DataSource": "BRFSS",
    "Topic": "Obesity / Weight Status",
    "Data_Value": 31,
    "Sample_Size": "1,472",
    "Stratification1": "Some college or technical school",
    "StratificationId1": "EDUCOTEC",
    "LocationDisplayOrder": 13
  },
  {
    "ID": 12934,
    "Description": 2012,
    "LocationAbbr": "HI",
    "LocationDesc": "Hawaii",
    "DataSource": "BRFSS",
    "Topic": "Obesity / Weight Status",
    "Data_Value": 23.6,
    "Sample_Size": "2,051",
    "Stratification1": "Some college or technical school",
    "StratificationId1": "EDUCOTEC",
    "LocationDisplayOrder": 15
  },
  {
    "ID": 23306,
    "Description": 2012,
    "LocationAbbr": "ID",
    "LocationDesc": "Idaho",
    "DataSource": "BRFSS",
    "Topic": "Obesity / Weight Status",
    "Data_Value": 29,
    "Sample_Size": "1,770",
    "Stratification1": "Some college or technical school",
    "StratificationId1": "EDUCOTEC",
    "LocationDisplayOrder": 16
  },
  {
    "ID": 30098,
    "Description": 2012,
    "LocationAbbr": "IL",
    "LocationDesc": "Illinois",
    "DataSource": "BRFSS",
    "Topic": "Obesity / Weight Status",
    "Data_Value": 28.4,
    "Sample_Size": "1,441",
    "Stratification1": "Some college or technical school",
    "StratificationId1": "EDUCOTEC",
    "LocationDisplayOrder": 17
  },
  {
    "ID": 15321,
    "Description": 2012,
    "LocationAbbr": "IN",
    "LocationDesc": "Indiana",
    "DataSource": "BRFSS",
    "Topic": "Obesity / Weight Status",
    "Data_Value": 32.6,
    "Sample_Size": "2,145",
    "Stratification1": "Some college or technical school",
    "StratificationId1": "EDUCOTEC",
    "LocationDisplayOrder": 18
  },
  {
    "ID": 9050,
    "Description": 2012,
    "LocationAbbr": "IA",
    "LocationDesc": "Iowa",
    "DataSource": "BRFSS",
    "Topic": "Obesity / Weight Status",
    "Data_Value": 32.3,
    "Sample_Size": "1,964",
    "Stratification1": "Some college or technical school",
    "StratificationId1": "EDUCOTEC",
    "LocationDisplayOrder": 19
  },
  {
    "ID": 20733,
    "Description": 2012,
    "LocationAbbr": "KS",
    "LocationDesc": "Kansas",
    "DataSource": "BRFSS",
    "Topic": "Obesity / Weight Status",
    "Data_Value": 31.6,
    "Sample_Size": "3,275",
    "Stratification1": "Some college or technical school",
    "StratificationId1": "EDUCOTEC",
    "LocationDisplayOrder": 20
  },
  {
    "ID": 20786,
    "Description": 2012,
    "LocationAbbr": "KY",
    "LocationDesc": "Kentucky",
    "DataSource": "BRFSS",
    "Topic": "Obesity / Weight Status",
    "Data_Value": 32.6,
    "Sample_Size": "2,825",
    "Stratification1": "Some college or technical school",
    "StratificationId1": "EDUCOTEC",
    "LocationDisplayOrder": 21
  },
  {
    "ID": 7441,
    "Description": 2012,
    "LocationAbbr": "LA",
    "LocationDesc": "Louisiana",
    "DataSource": "BRFSS",
    "Topic": "Obesity / Weight Status",
    "Data_Value": 37.5,
    "Sample_Size": "2,115",
    "Stratification1": "Some college or technical school",
    "StratificationId1": "EDUCOTEC",
    "LocationDisplayOrder": 22
  },
  {
    "ID": 31293,
    "Description": 2012,
    "LocationAbbr": "ME",
    "LocationDesc": "Maine",
    "DataSource": "BRFSS",
    "Topic": "Obesity / Weight Status",
    "Data_Value": 29.6,
    "Sample_Size": "2,522",
    "Stratification1": "Some college or technical school",
    "StratificationId1": "EDUCOTEC",
    "LocationDisplayOrder": 23
  },
  {
    "ID": 38557,
    "Description": 2012,
    "LocationAbbr": "MD",
    "LocationDesc": "Maryland",
    "DataSource": "BRFSS",
    "Topic": "Obesity / Weight Status",
    "Data_Value": 29.1,
    "Sample_Size": "2,889",
    "Stratification1": "Some college or technical school",
    "StratificationId1": "EDUCOTEC",
    "LocationDisplayOrder": 24
  },
  {
    "ID": 24019,
    "Description": 2012,
    "LocationAbbr": "MA",
    "LocationDesc": "Massachusetts",
    "DataSource": "BRFSS",
    "Topic": "Obesity / Weight Status",
    "Data_Value": 25.2,
    "Sample_Size": "4,658",
    "Stratification1": "Some college or technical school",
    "StratificationId1": "EDUCOTEC",
    "LocationDisplayOrder": 25
  },
  {
    "ID": 39168,
    "Description": 2012,
    "LocationAbbr": "MI",
    "LocationDesc": "Michigan",
    "DataSource": "BRFSS",
    "Topic": "Obesity / Weight Status",
    "Data_Value": 32.4,
    "Sample_Size": "3,005",
    "Stratification1": "Some college or technical school",
    "StratificationId1": "EDUCOTEC",
    "LocationDisplayOrder": 26
  },
  {
    "ID": 26636,
    "Description": 2012,
    "LocationAbbr": "MN",
    "LocationDesc": "Minnesota",
    "DataSource": "BRFSS",
    "Topic": "Obesity / Weight Status",
    "Data_Value": 27.4,
    "Sample_Size": "3,364",
    "Stratification1": "Some college or technical school",
    "StratificationId1": "EDUCOTEC",
    "LocationDisplayOrder": 27
  },
  {
    "ID": 39526,
    "Description": 2012,
    "LocationAbbr": "MS",
    "LocationDesc": "Mississippi",
    "DataSource": "BRFSS",
    "Topic": "Obesity / Weight Status",
    "Data_Value": 35.6,
    "Sample_Size": "1,888",
    "Stratification1": "Some college or technical school",
    "StratificationId1": "EDUCOTEC",
    "LocationDisplayOrder": 28
  },
  {
    "ID": 2780,
    "Description": 2012,
    "LocationAbbr": "MO",
    "LocationDesc": "Missouri",
    "DataSource": "BRFSS",
    "Topic": "Obesity / Weight Status",
    "Data_Value": 29.9,
    "Sample_Size": "1,745",
    "Stratification1": "Some college or technical school",
    "StratificationId1": "EDUCOTEC",
    "LocationDisplayOrder": 29
  },
  {
    "ID": 6127,
    "Description": 2012,
    "LocationAbbr": "MT",
    "LocationDesc": "Montana",
    "DataSource": "BRFSS",
    "Topic": "Obesity / Weight Status",
    "Data_Value": 26.3,
    "Sample_Size": "2,407",
    "Stratification1": "Some college or technical school",
    "StratificationId1": "EDUCOTEC",
    "LocationDisplayOrder": 30
  },
  {
    "ID": 37667,
    "Description": 2012,
    "LocationAbbr": "NE",
    "LocationDesc": "Nebraska",
    "DataSource": "BRFSS",
    "Topic": "Obesity / Weight Status",
    "Data_Value": 28.7,
    "Sample_Size": "5,549",
    "Stratification1": "Some college or technical school",
    "StratificationId1": "EDUCOTEC",
    "LocationDisplayOrder": 31
  },
  {
    "ID": 20052,
    "Description": 2012,
    "LocationAbbr": "NV",
    "LocationDesc": "Nevada",
    "DataSource": "BRFSS",
    "Topic": "Obesity / Weight Status",
    "Data_Value": 27.3,
    "Sample_Size": "1,515",
    "Stratification1": "Some college or technical school",
    "StratificationId1": "EDUCOTEC",
    "LocationDisplayOrder": 32
  },
  {
    "ID": 19168,
    "Description": 2012,
    "LocationAbbr": "NH",
    "LocationDesc": "New Hampshire",
    "DataSource": "BRFSS",
    "Topic": "Obesity / Weight Status",
    "Data_Value": 28.4,
    "Sample_Size": "1,845",
    "Stratification1": "Some college or technical school",
    "StratificationId1": "EDUCOTEC",
    "LocationDisplayOrder": 33
  },
  {
    "ID": 37129,
    "Description": 2012,
    "LocationAbbr": "NJ",
    "LocationDesc": "New Jersey",
    "DataSource": "BRFSS",
    "Topic": "Obesity / Weight Status",
    "Data_Value": 26.1,
    "Sample_Size": "3,485",
    "Stratification1": "Some college or technical school",
    "StratificationId1": "EDUCOTEC",
    "LocationDisplayOrder": 34
  },
  {
    "ID": 5057,
    "Description": 2012,
    "LocationAbbr": "NM",
    "LocationDesc": "New Mexico",
    "DataSource": "BRFSS",
    "Topic": "Obesity / Weight Status",
    "Data_Value": 29.5,
    "Sample_Size": "2,328",
    "Stratification1": "Some college or technical school",
    "StratificationId1": "EDUCOTEC",
    "LocationDisplayOrder": 35
  },
  {
    "ID": 7245,
    "Description": 2012,
    "LocationAbbr": "NY",
    "LocationDesc": "New York",
    "DataSource": "BRFSS",
    "Topic": "Obesity / Weight Status",
    "Data_Value": 25.4,
    "Sample_Size": "1,377",
    "Stratification1": "Some college or technical school",
    "StratificationId1": "EDUCOTEC",
    "LocationDisplayOrder": 36
  },
  {
    "ID": 3769,
    "Description": 2012,
    "LocationAbbr": "NC",
    "LocationDesc": "North Carolina",
    "DataSource": "BRFSS",
    "Topic": "Obesity / Weight Status",
    "Data_Value": 30.5,
    "Sample_Size": "3,032",
    "Stratification1": "Some college or technical school",
    "StratificationId1": "EDUCOTEC",
    "LocationDisplayOrder": 37
  },
  {
    "ID": 29930,
    "Description": 2012,
    "LocationAbbr": "ND",
    "LocationDesc": "North Dakota",
    "DataSource": "BRFSS",
    "Topic": "Obesity / Weight Status",
    "Data_Value": 30.2,
    "Sample_Size": "1,468",
    "Stratification1": "Some college or technical school",
    "StratificationId1": "EDUCOTEC",
    "LocationDisplayOrder": 38
  },
  {
    "ID": 20036,
    "Description": 2012,
    "LocationAbbr": "OH",
    "LocationDesc": "Ohio",
    "DataSource": "BRFSS",
    "Topic": "Obesity / Weight Status",
    "Data_Value": 31.1,
    "Sample_Size": "3,178",
    "Stratification1": "Some college or technical school",
    "StratificationId1": "EDUCOTEC",
    "LocationDisplayOrder": 39
  },
  {
    "ID": 36719,
    "Description": 2012,
    "LocationAbbr": "OK",
    "LocationDesc": "Oklahoma",
    "DataSource": "BRFSS",
    "Topic": "Obesity / Weight Status",
    "Data_Value": 34.9,
    "Sample_Size": "2,220",
    "Stratification1": "Some college or technical school",
    "StratificationId1": "EDUCOTEC",
    "LocationDisplayOrder": 40
  },
  {
    "ID": 21061,
    "Description": 2012,
    "LocationAbbr": "OR",
    "LocationDesc": "Oregon",
    "DataSource": "BRFSS",
    "Topic": "Obesity / Weight Status",
    "Data_Value": 28,
    "Sample_Size": "1,521",
    "Stratification1": "Some college or technical school",
    "StratificationId1": "EDUCOTEC",
    "LocationDisplayOrder": 41
  },
  {
    "ID": 38548,
    "Description": 2012,
    "LocationAbbr": "PA",
    "LocationDesc": "Pennsylvania",
    "DataSource": "BRFSS",
    "Topic": "Obesity / Weight Status",
    "Data_Value": 29.4,
    "Sample_Size": "4,393",
    "Stratification1": "Some college or technical school",
    "StratificationId1": "EDUCOTEC",
    "LocationDisplayOrder": 42
  },
  {
    "ID": 15893,
    "Description": 2012,
    "LocationAbbr": "RI",
    "LocationDesc": "Rhode Island",
    "DataSource": "BRFSS",
    "Topic": "Obesity / Weight Status",
    "Data_Value": 26.9,
    "Sample_Size": "1,311",
    "Stratification1": "Some college or technical school",
    "StratificationId1": "EDUCOTEC",
    "LocationDisplayOrder": 44
  },
  {
    "ID": 32033,
    "Description": 2012,
    "LocationAbbr": "SC",
    "LocationDesc": "South Carolina",
    "DataSource": "BRFSS",
    "Topic": "Obesity / Weight Status",
    "Data_Value": 32.4,
    "Sample_Size": "3,242",
    "Stratification1": "Some college or technical school",
    "StratificationId1": "EDUCOTEC",
    "LocationDisplayOrder": 45
  },
  {
    "ID": 9326,
    "Description": 2012,
    "LocationAbbr": "SD",
    "LocationDesc": "South Dakota",
    "DataSource": "BRFSS",
    "Topic": "Obesity / Weight Status",
    "Data_Value": 28.1,
    "Sample_Size": "2,308",
    "Stratification1": "Some college or technical school",
    "StratificationId1": "EDUCOTEC",
    "LocationDisplayOrder": 46
  },
  {
    "ID": 37630,
    "Description": 2012,
    "LocationAbbr": "TN",
    "LocationDesc": "Tennessee",
    "DataSource": "BRFSS",
    "Topic": "Obesity / Weight Status",
    "Data_Value": 33.2,
    "Sample_Size": "1,808",
    "Stratification1": "Some college or technical school",
    "StratificationId1": "EDUCOTEC",
    "LocationDisplayOrder": 47
  },
  {
    "ID": 23866,
    "Description": 2012,
    "LocationAbbr": "TX",
    "LocationDesc": "Texas",
    "DataSource": "BRFSS",
    "Topic": "Obesity / Weight Status",
    "Data_Value": 29,
    "Sample_Size": "2,093",
    "Stratification1": "Some college or technical school",
    "StratificationId1": "EDUCOTEC",
    "LocationDisplayOrder": 48
  },
  {
    "ID": 28861,
    "Description": 2012,
    "LocationAbbr": "UT",
    "LocationDesc": "Utah",
    "DataSource": "BRFSS",
    "Topic": "Obesity / Weight Status",
    "Data_Value": 25.5,
    "Sample_Size": "4,019",
    "Stratification1": "Some college or technical school",
    "StratificationId1": "EDUCOTEC",
    "LocationDisplayOrder": 49
  },
  {
    "ID": 19372,
    "Description": 2012,
    "LocationAbbr": "VT",
    "LocationDesc": "Vermont",
    "DataSource": "BRFSS",
    "Topic": "Obesity / Weight Status",
    "Data_Value": 24.5,
    "Sample_Size": "1,318",
    "Stratification1": "Some college or technical school",
    "StratificationId1": "EDUCOTEC",
    "LocationDisplayOrder": 50
  },
  {
    "ID": 26141,
    "Description": 2012,
    "LocationAbbr": "VA",
    "LocationDesc": "Virginia",
    "DataSource": "BRFSS",
    "Topic": "Obesity / Weight Status",
    "Data_Value": 28.1,
    "Sample_Size": "1,699",
    "Stratification1": "Some college or technical school",
    "StratificationId1": "EDUCOTEC",
    "LocationDisplayOrder": 51
  },
  {
    "ID": 7172,
    "Description": 2012,
    "LocationAbbr": "WA",
    "LocationDesc": "Washington",
    "DataSource": "BRFSS",
    "Topic": "Obesity / Weight Status",
    "Data_Value": 28.6,
    "Sample_Size": "4,424",
    "Stratification1": "Some college or technical school",
    "StratificationId1": "EDUCOTEC",
    "LocationDisplayOrder": 53
  },
  {
    "ID": 12350,
    "Description": 2012,
    "LocationAbbr": "WV",
    "LocationDesc": "West Virginia",
    "DataSource": "BRFSS",
    "Topic": "Obesity / Weight Status",
    "Data_Value": 35,
    "Sample_Size": "1,188",
    "Stratification1": "Some college or technical school",
    "StratificationId1": "EDUCOTEC",
    "LocationDisplayOrder": 54
  },
  {
    "ID": 22249,
    "Description": 2012,
    "LocationAbbr": "WI",
    "LocationDesc": "Wisconsin",
    "DataSource": "BRFSS",
    "Topic": "Obesity / Weight Status",
    "Data_Value": 29.2,
    "Sample_Size": "1,369",
    "Stratification1": "Some college or technical school",
    "StratificationId1": "EDUCOTEC",
    "LocationDisplayOrder": 55
  },
  {
    "ID": 16348,
    "Description": 2012,
    "LocationAbbr": "WY",
    "LocationDesc": "Wyoming",
    "DataSource": "BRFSS",
    "Topic": "Obesity / Weight Status",
    "Data_Value": 25.6,
    "Sample_Size": "1,870",
    "Stratification1": "Some college or technical school",
    "StratificationId1": "EDUCOTEC",
    "LocationDisplayOrder": 56
  },
  {
    "ID": "",
    "Description": "",
    "LocationAbbr": "",
    "LocationDesc": "",
    "DataSource": "",
    "Topic": "",
    "Data_Value": "",
    "Sample_Size": "",
    "Stratification1": "",
    "StratificationId1": "",
    "LocationDisplayOrder": ""
  },
  {
    "ID": "",
    "Description": "",
    "LocationAbbr": "",
    "LocationDesc": "",
    "DataSource": "",
    "Topic": "",
    "Data_Value": "",
    "Sample_Size": "",
    "Stratification1": "",
    "StratificationId1": "",
    "LocationDisplayOrder": ""
  },
  {
    "ID": "",
    "Description": "",
    "LocationAbbr": "",
    "LocationDesc": "",
    "DataSource": "",
    "Topic": "",
    "Data_Value": "",
    "Sample_Size": "",
    "Stratification1": "",
    "StratificationId1": "",
    "LocationDisplayOrder": ""
  },
  {
    "ID": "",
    "Description": "",
    "LocationAbbr": "",
    "LocationDesc": "",
    "DataSource": "",
    "Topic": "",
    "Data_Value": "",
    "Sample_Size": "",
    "Stratification1": "",
    "StratificationId1": "",
    "LocationDisplayOrder": ""
  },
  {
    "ID": "",
    "Description": "",
    "LocationAbbr": "",
    "LocationDesc": "",
    "DataSource": "",
    "Topic": "",
    "Data_Value": "",
    "Sample_Size": "",
    "Stratification1": "",
    "StratificationId1": "",
    "LocationDisplayOrder": ""
  },
  {
    "ID": "",
    "Description": "",
    "LocationAbbr": "",
    "LocationDesc": "",
    "DataSource": "",
    "Topic": "",
    "Data_Value": "",
    "Sample_Size": "",
    "Stratification1": "",
    "StratificationId1": "",
    "LocationDisplayOrder": ""
  },
  {
    "ID": "",
    "Description": "",
    "LocationAbbr": "",
    "LocationDesc": "",
    "DataSource": "",
    "Topic": "",
    "Data_Value": "",
    "Sample_Size": "",
    "Stratification1": "",
    "StratificationId1": "",
    "LocationDisplayOrder": ""
  },
  {
    "ID": "",
    "Description": "",
    "LocationAbbr": "",
    "LocationDesc": "",
    "DataSource": "",
    "Topic": "",
    "Data_Value": "",
    "Sample_Size": "",
    "Stratification1": "",
    "StratificationId1": "",
    "LocationDisplayOrder": ""
  },
  {
    "ID": "",
    "Description": "",
    "LocationAbbr": "",
    "LocationDesc": "",
    "DataSource": "",
    "Topic": "",
    "Data_Value": "",
    "Sample_Size": "",
    "Stratification1": "",
    "StratificationId1": "",
    "LocationDisplayOrder": ""
  }
]