[
  {
    "ID": 555,
    "Description": 2012,
    "LocationAbbr": "US",
    "LocationDesc": "National",
    "DataSource": "BRFSS",
    "Topic": "Obesity / Weight Status",
    "Data_Value": 33.3,
    "Sample_Size": "96,513",
    "Stratification1": "55 - 64",
    "StratificationId1": "AGEYR5564",
    "LocationDisplayOrder": 0
  },
  {
    "ID": 11127,
    "Description": 2012,
    "LocationAbbr": "AL",
    "LocationDesc": "Alabama",
    "DataSource": "BRFSS",
    "Topic": "Obesity / Weight Status",
    "Data_Value": 40.3,
    "Sample_Size": "2,081",
    "Stratification1": "55 - 64",
    "StratificationId1": "AGEYR5564",
    "LocationDisplayOrder": 1
  },
  {
    "ID": 14760,
    "Description": 2012,
    "LocationAbbr": "AK",
    "LocationDesc": "Alaska",
    "DataSource": "BRFSS",
    "Topic": "Obesity / Weight Status",
    "Data_Value": 32.3,
    "Sample_Size": 924,
    "Stratification1": "55 - 64",
    "StratificationId1": "AGEYR5564",
    "LocationDisplayOrder": 2
  },
  {
    "ID": 32882,
    "Description": 2012,
    "LocationAbbr": "AZ",
    "LocationDesc": "Arizona",
    "DataSource": "BRFSS",
    "Topic": "Obesity / Weight Status",
    "Data_Value": 30.3,
    "Sample_Size": "1,462",
    "Stratification1": "55 - 64",
    "StratificationId1": "AGEYR5564",
    "LocationDisplayOrder": 4
  },
  {
    "ID": 37102,
    "Description": 2012,
    "LocationAbbr": "AR",
    "LocationDesc": "Arkansas",
    "DataSource": "BRFSS",
    "Topic": "Obesity / Weight Status",
    "Data_Value": 37.2,
    "Sample_Size": "1,063",
    "Stratification1": "55 - 64",
    "StratificationId1": "AGEYR5564",
    "LocationDisplayOrder": 5
  },
  {
    "ID": 28670,
    "Description": 2012,
    "LocationAbbr": "CA",
    "LocationDesc": "California",
    "DataSource": "BRFSS",
    "Topic": "Obesity / Weight Status",
    "Data_Value": 30.6,
    "Sample_Size": "2,667",
    "Stratification1": "55 - 64",
    "StratificationId1": "AGEYR5564",
    "LocationDisplayOrder": 6
  },
  {
    "ID": 31075,
    "Description": 2012,
    "LocationAbbr": "CO",
    "LocationDesc": "Colorado",
    "DataSource": "BRFSS",
    "Topic": "Obesity / Weight Status",
    "Data_Value": 23.6,
    "Sample_Size": "2,723",
    "Stratification1": "55 - 64",
    "StratificationId1": "AGEYR5564",
    "LocationDisplayOrder": 8
  },
  {
    "ID": 20034,
    "Description": 2012,
    "LocationAbbr": "CT",
    "LocationDesc": "Connecticut",
    "DataSource": "BRFSS",
    "Topic": "Obesity / Weight Status",
    "Data_Value": 27.9,
    "Sample_Size": "1,769",
    "Stratification1": "55 - 64",
    "StratificationId1": "AGEYR5564",
    "LocationDisplayOrder": 9
  },
  {
    "ID": 8275,
    "Description": 2012,
    "LocationAbbr": "DE",
    "LocationDesc": "Delaware",
    "DataSource": "BRFSS",
    "Topic": "Obesity / Weight Status",
    "Data_Value": 35.1,
    "Sample_Size": 987,
    "Stratification1": "55 - 64",
    "StratificationId1": "AGEYR5564",
    "LocationDisplayOrder": 10
  },
  {
    "ID": 5219,
    "Description": 2012,
    "LocationAbbr": "DC",
    "LocationDesc": "District of Columbia",
    "DataSource": "BRFSS",
    "Topic": "Obesity / Weight Status",
    "Data_Value": 32.9,
    "Sample_Size": 766,
    "Stratification1": "55 - 64",
    "StratificationId1": "AGEYR5564",
    "LocationDisplayOrder": 11
  },
  {
    "ID": 19109,
    "Description": 2012,
    "LocationAbbr": "FL",
    "LocationDesc": "Florida",
    "DataSource": "BRFSS",
    "Topic": "Obesity / Weight Status",
    "Data_Value": 30.6,
    "Sample_Size": "1,540",
    "Stratification1": "55 - 64",
    "StratificationId1": "AGEYR5564",
    "LocationDisplayOrder": 12
  },
  {
    "ID": 21710,
    "Description": 2012,
    "LocationAbbr": "GA",
    "LocationDesc": "Georgia",
    "DataSource": "BRFSS",
    "Topic": "Obesity / Weight Status",
    "Data_Value": 36,
    "Sample_Size": "1,269",
    "Stratification1": "55 - 64",
    "StratificationId1": "AGEYR5564",
    "LocationDisplayOrder": 13
  },
  {
    "ID": 37257,
    "Description": 2012,
    "LocationAbbr": "HI",
    "LocationDesc": "Hawaii",
    "DataSource": "BRFSS",
    "Topic": "Obesity / Weight Status",
    "Data_Value": 25.9,
    "Sample_Size": "1,551",
    "Stratification1": "55 - 64",
    "StratificationId1": "AGEYR5564",
    "LocationDisplayOrder": 15
  },
  {
    "ID": 23161,
    "Description": 2012,
    "LocationAbbr": "ID",
    "LocationDesc": "Idaho",
    "DataSource": "BRFSS",
    "Topic": "Obesity / Weight Status",
    "Data_Value": 29.8,
    "Sample_Size": "1,264",
    "Stratification1": "55 - 64",
    "StratificationId1": "AGEYR5564",
    "LocationDisplayOrder": 16
  },
  {
    "ID": 4874,
    "Description": 2012,
    "LocationAbbr": "IL",
    "LocationDesc": "Illinois",
    "DataSource": "BRFSS",
    "Topic": "Obesity / Weight Status",
    "Data_Value": 35.8,
    "Sample_Size": "1,126",
    "Stratification1": "55 - 64",
    "StratificationId1": "AGEYR5564",
    "LocationDisplayOrder": 17
  },
  {
    "ID": 36011,
    "Description": 2012,
    "LocationAbbr": "IN",
    "LocationDesc": "Indiana",
    "DataSource": "BRFSS",
    "Topic": "Obesity / Weight Status",
    "Data_Value": 38.4,
    "Sample_Size": "1,718",
    "Stratification1": "55 - 64",
    "StratificationId1": "AGEYR5564",
    "LocationDisplayOrder": 18
  },
  {
    "ID": 2468,
    "Description": 2012,
    "LocationAbbr": "IA",
    "LocationDesc": "Iowa",
    "DataSource": "BRFSS",
    "Topic": "Obesity / Weight Status",
    "Data_Value": 37.8,
    "Sample_Size": "1,393",
    "Stratification1": "55 - 64",
    "StratificationId1": "AGEYR5564",
    "LocationDisplayOrder": 19
  },
  {
    "ID": 14256,
    "Description": 2012,
    "LocationAbbr": "KS",
    "LocationDesc": "Kansas",
    "DataSource": "BRFSS",
    "Topic": "Obesity / Weight Status",
    "Data_Value": 33.1,
    "Sample_Size": "2,455",
    "Stratification1": "55 - 64",
    "StratificationId1": "AGEYR5564",
    "LocationDisplayOrder": 20
  },
  {
    "ID": 22627,
    "Description": 2012,
    "LocationAbbr": "KY",
    "LocationDesc": "Kentucky",
    "DataSource": "BRFSS",
    "Topic": "Obesity / Weight Status",
    "Data_Value": 34.2,
    "Sample_Size": "2,491",
    "Stratification1": "55 - 64",
    "StratificationId1": "AGEYR5564",
    "LocationDisplayOrder": 21
  },
  {
    "ID": 19737,
    "Description": 2012,
    "LocationAbbr": "LA",
    "LocationDesc": "Louisiana",
    "DataSource": "BRFSS",
    "Topic": "Obesity / Weight Status",
    "Data_Value": 39.6,
    "Sample_Size": "2,037",
    "Stratification1": "55 - 64",
    "StratificationId1": "AGEYR5564",
    "LocationDisplayOrder": 22
  },
  {
    "ID": 24466,
    "Description": 2012,
    "LocationAbbr": "ME",
    "LocationDesc": "Maine",
    "DataSource": "BRFSS",
    "Topic": "Obesity / Weight Status",
    "Data_Value": 32.1,
    "Sample_Size": "2,183",
    "Stratification1": "55 - 64",
    "StratificationId1": "AGEYR5564",
    "LocationDisplayOrder": 23
  },
  {
    "ID": 22466,
    "Description": 2012,
    "LocationAbbr": "MD",
    "LocationDesc": "Maryland",
    "DataSource": "BRFSS",
    "Topic": "Obesity / Weight Status",
    "Data_Value": 34.4,
    "Sample_Size": "2,667",
    "Stratification1": "55 - 64",
    "StratificationId1": "AGEYR5564",
    "LocationDisplayOrder": 24
  },
  {
    "ID": 12800,
    "Description": 2012,
    "LocationAbbr": "MA",
    "LocationDesc": "Massachusetts",
    "DataSource": "BRFSS",
    "Topic": "Obesity / Weight Status",
    "Data_Value": 27.7,
    "Sample_Size": "4,211",
    "Stratification1": "55 - 64",
    "StratificationId1": "AGEYR5564",
    "LocationDisplayOrder": 25
  },
  {
    "ID": 1235,
    "Description": 2012,
    "LocationAbbr": "MI",
    "LocationDesc": "Michigan",
    "DataSource": "BRFSS",
    "Topic": "Obesity / Weight Status",
    "Data_Value": 35.6,
    "Sample_Size": "2,287",
    "Stratification1": "55 - 64",
    "StratificationId1": "AGEYR5564",
    "LocationDisplayOrder": 26
  },
  {
    "ID": 3469,
    "Description": 2012,
    "LocationAbbr": "MN",
    "LocationDesc": "Minnesota",
    "DataSource": "BRFSS",
    "Topic": "Obesity / Weight Status",
    "Data_Value": 32.2,
    "Sample_Size": "2,473",
    "Stratification1": "55 - 64",
    "StratificationId1": "AGEYR5564",
    "LocationDisplayOrder": 27
  },
  {
    "ID": 19802,
    "Description": 2012,
    "LocationAbbr": "MS",
    "LocationDesc": "Mississippi",
    "DataSource": "BRFSS",
    "Topic": "Obesity / Weight Status",
    "Data_Value": 39.8,
    "Sample_Size": "1,707",
    "Stratification1": "55 - 64",
    "StratificationId1": "AGEYR5564",
    "LocationDisplayOrder": 28
  },
  {
    "ID": 2908,
    "Description": 2012,
    "LocationAbbr": "MO",
    "LocationDesc": "Missouri",
    "DataSource": "BRFSS",
    "Topic": "Obesity / Weight Status",
    "Data_Value": 37,
    "Sample_Size": "1,368",
    "Stratification1": "55 - 64",
    "StratificationId1": "AGEYR5564",
    "LocationDisplayOrder": 29
  },
  {
    "ID": 5625,
    "Description": 2012,
    "LocationAbbr": "MT",
    "LocationDesc": "Montana",
    "DataSource": "BRFSS",
    "Topic": "Obesity / Weight Status",
    "Data_Value": 31.1,
    "Sample_Size": "1,892",
    "Stratification1": "55 - 64",
    "StratificationId1": "AGEYR5564",
    "LocationDisplayOrder": 30
  },
  {
    "ID": 6563,
    "Description": 2012,
    "LocationAbbr": "NE",
    "LocationDesc": "Nebraska",
    "DataSource": "BRFSS",
    "Topic": "Obesity / Weight Status",
    "Data_Value": 35.8,
    "Sample_Size": "3,887",
    "Stratification1": "55 - 64",
    "StratificationId1": "AGEYR5564",
    "LocationDisplayOrder": 31
  },
  {
    "ID": 1209,
    "Description": 2012,
    "LocationAbbr": "NV",
    "LocationDesc": "Nevada",
    "DataSource": "BRFSS",
    "Topic": "Obesity / Weight Status",
    "Data_Value": 32.5,
    "Sample_Size": 960,
    "Stratification1": "55 - 64",
    "StratificationId1": "AGEYR5564",
    "LocationDisplayOrder": 32
  },
  {
    "ID": 38341,
    "Description": 2012,
    "LocationAbbr": "NH",
    "LocationDesc": "New Hampshire",
    "DataSource": "BRFSS",
    "Topic": "Obesity / Weight Status",
    "Data_Value": 30,
    "Sample_Size": "1,668",
    "Stratification1": "55 - 64",
    "StratificationId1": "AGEYR5564",
    "LocationDisplayOrder": 33
  },
  {
    "ID": 7577,
    "Description": 2012,
    "LocationAbbr": "NJ",
    "LocationDesc": "New Jersey",
    "DataSource": "BRFSS",
    "Topic": "Obesity / Weight Status",
    "Data_Value": 28.2,
    "Sample_Size": "3,001",
    "Stratification1": "55 - 64",
    "StratificationId1": "AGEYR5564",
    "LocationDisplayOrder": 34
  },
  {
    "ID": 33212,
    "Description": 2012,
    "LocationAbbr": "NM",
    "LocationDesc": "New Mexico",
    "DataSource": "BRFSS",
    "Topic": "Obesity / Weight Status",
    "Data_Value": 28,
    "Sample_Size": "1,841",
    "Stratification1": "55 - 64",
    "StratificationId1": "AGEYR5564",
    "LocationDisplayOrder": 35
  },
  {
    "ID": 24805,
    "Description": 2012,
    "LocationAbbr": "NY",
    "LocationDesc": "New York",
    "DataSource": "BRFSS",
    "Topic": "Obesity / Weight Status",
    "Data_Value": 28.7,
    "Sample_Size": "1,092",
    "Stratification1": "55 - 64",
    "StratificationId1": "AGEYR5564",
    "LocationDisplayOrder": 36
  },
  {
    "ID": 3273,
    "Description": 2012,
    "LocationAbbr": "NC",
    "LocationDesc": "North Carolina",
    "DataSource": "BRFSS",
    "Topic": "Obesity / Weight Status",
    "Data_Value": 36.5,
    "Sample_Size": "2,242",
    "Stratification1": "55 - 64",
    "StratificationId1": "AGEYR5564",
    "LocationDisplayOrder": 37
  },
  {
    "ID": 30419,
    "Description": 2012,
    "LocationAbbr": "ND",
    "LocationDesc": "North Dakota",
    "DataSource": "BRFSS",
    "Topic": "Obesity / Weight Status",
    "Data_Value": 36.2,
    "Sample_Size": "1,006",
    "Stratification1": "55 - 64",
    "StratificationId1": "AGEYR5564",
    "LocationDisplayOrder": 38
  },
  {
    "ID": 31194,
    "Description": 2012,
    "LocationAbbr": "OH",
    "LocationDesc": "Ohio",
    "DataSource": "BRFSS",
    "Topic": "Obesity / Weight Status",
    "Data_Value": 35.2,
    "Sample_Size": "2,929",
    "Stratification1": "55 - 64",
    "StratificationId1": "AGEYR5564",
    "LocationDisplayOrder": 39
  },
  {
    "ID": 25471,
    "Description": 2012,
    "LocationAbbr": "OK",
    "LocationDesc": "Oklahoma",
    "DataSource": "BRFSS",
    "Topic": "Obesity / Weight Status",
    "Data_Value": 35.7,
    "Sample_Size": "1,702",
    "Stratification1": "55 - 64",
    "StratificationId1": "AGEYR5564",
    "LocationDisplayOrder": 40
  },
  {
    "ID": 25336,
    "Description": 2012,
    "LocationAbbr": "OR",
    "LocationDesc": "Oregon",
    "DataSource": "BRFSS",
    "Topic": "Obesity / Weight Status",
    "Data_Value": 32.9,
    "Sample_Size": "1,200",
    "Stratification1": "55 - 64",
    "StratificationId1": "AGEYR5564",
    "LocationDisplayOrder": 41
  },
  {
    "ID": 34522,
    "Description": 2012,
    "LocationAbbr": "PA",
    "LocationDesc": "Pennsylvania",
    "DataSource": "BRFSS",
    "Topic": "Obesity / Weight Status",
    "Data_Value": 33.5,
    "Sample_Size": "4,034",
    "Stratification1": "55 - 64",
    "StratificationId1": "AGEYR5564",
    "LocationDisplayOrder": 42
  },
  {
    "ID": 11617,
    "Description": 2012,
    "LocationAbbr": "RI",
    "LocationDesc": "Rhode Island",
    "DataSource": "BRFSS",
    "Topic": "Obesity / Weight Status",
    "Data_Value": 32.2,
    "Sample_Size": "1,132",
    "Stratification1": "55 - 64",
    "StratificationId1": "AGEYR5564",
    "LocationDisplayOrder": 44
  },
  {
    "ID": 25162,
    "Description": 2012,
    "LocationAbbr": "SC",
    "LocationDesc": "South Carolina",
    "DataSource": "BRFSS",
    "Topic": "Obesity / Weight Status",
    "Data_Value": 36,
    "Sample_Size": "2,728",
    "Stratification1": "55 - 64",
    "StratificationId1": "AGEYR5564",
    "LocationDisplayOrder": 45
  },
  {
    "ID": 19217,
    "Description": 2012,
    "LocationAbbr": "SD",
    "LocationDesc": "South Dakota",
    "DataSource": "BRFSS",
    "Topic": "Obesity / Weight Status",
    "Data_Value": 33.9,
    "Sample_Size": "1,579",
    "Stratification1": "55 - 64",
    "StratificationId1": "AGEYR5564",
    "LocationDisplayOrder": 46
  },
  {
    "ID": 17061,
    "Description": 2012,
    "LocationAbbr": "TN",
    "LocationDesc": "Tennessee",
    "DataSource": "BRFSS",
    "Topic": "Obesity / Weight Status",
    "Data_Value": 37,
    "Sample_Size": "1,490",
    "Stratification1": "55 - 64",
    "StratificationId1": "AGEYR5564",
    "LocationDisplayOrder": 47
  },
  {
    "ID": 38094,
    "Description": 2012,
    "LocationAbbr": "TX",
    "LocationDesc": "Texas",
    "DataSource": "BRFSS",
    "Topic": "Obesity / Weight Status",
    "Data_Value": 35.4,
    "Sample_Size": "1,734",
    "Stratification1": "55 - 64",
    "StratificationId1": "AGEYR5564",
    "LocationDisplayOrder": 48
  },
  {
    "ID": 31452,
    "Description": 2012,
    "LocationAbbr": "UT",
    "LocationDesc": "Utah",
    "DataSource": "BRFSS",
    "Topic": "Obesity / Weight Status",
    "Data_Value": 31.8,
    "Sample_Size": "2,166",
    "Stratification1": "55 - 64",
    "StratificationId1": "AGEYR5564",
    "LocationDisplayOrder": 49
  },
  {
    "ID": 20513,
    "Description": 2012,
    "LocationAbbr": "VT",
    "LocationDesc": "Vermont",
    "DataSource": "BRFSS",
    "Topic": "Obesity / Weight Status",
    "Data_Value": 26.9,
    "Sample_Size": "1,387",
    "Stratification1": "55 - 64",
    "StratificationId1": "AGEYR5564",
    "LocationDisplayOrder": 50
  },
  {
    "ID": 22868,
    "Description": 2012,
    "LocationAbbr": "VA",
    "LocationDesc": "Virginia",
    "DataSource": "BRFSS",
    "Topic": "Obesity / Weight Status",
    "Data_Value": 36.3,
    "Sample_Size": "1,486",
    "Stratification1": "55 - 64",
    "StratificationId1": "AGEYR5564",
    "LocationDisplayOrder": 51
  },
  {
    "ID": 11785,
    "Description": 2012,
    "LocationAbbr": "WA",
    "LocationDesc": "Washington",
    "DataSource": "BRFSS",
    "Topic": "Obesity / Weight Status",
    "Data_Value": 31.6,
    "Sample_Size": "3,354",
    "Stratification1": "55 - 64",
    "StratificationId1": "AGEYR5564",
    "LocationDisplayOrder": 53
  },
  {
    "ID": 23524,
    "Description": 2012,
    "LocationAbbr": "WV",
    "LocationDesc": "West Virginia",
    "DataSource": "BRFSS",
    "Topic": "Obesity / Weight Status",
    "Data_Value": 38.2,
    "Sample_Size": "1,232",
    "Stratification1": "55 - 64",
    "StratificationId1": "AGEYR5564",
    "LocationDisplayOrder": 54
  },
  {
    "ID": 34922,
    "Description": 2012,
    "LocationAbbr": "WI",
    "LocationDesc": "Wisconsin",
    "DataSource": "BRFSS",
    "Topic": "Obesity / Weight Status",
    "Data_Value": 36.6,
    "Sample_Size": "1,139",
    "Stratification1": "55 - 64",
    "StratificationId1": "AGEYR5564",
    "LocationDisplayOrder": 55
  },
  {
    "ID": 20985,
    "Description": 2012,
    "LocationAbbr": "WY",
    "LocationDesc": "Wyoming",
    "DataSource": "BRFSS",
    "Topic": "Obesity / Weight Status",
    "Data_Value": 32.1,
    "Sample_Size": "1,450",
    "Stratification1": "55 - 64",
    "StratificationId1": "AGEYR5564",
    "LocationDisplayOrder": 56
  },
  {
    "ID": "",
    "Description": "",
    "LocationAbbr": "",
    "LocationDesc": "",
    "DataSource": "",
    "Topic": "",
    "Data_Value": "",
    "Sample_Size": "",
    "Stratification1": "",
    "StratificationId1": "",
    "LocationDisplayOrder": ""
  },
  {
    "ID": "",
    "Description": "",
    "LocationAbbr": "",
    "LocationDesc": "",
    "DataSource": "",
    "Topic": "",
    "Data_Value": "",
    "Sample_Size": "",
    "Stratification1": "",
    "StratificationId1": "",
    "LocationDisplayOrder": ""
  },
  {
    "ID": "",
    "Description": "",
    "LocationAbbr": "",
    "LocationDesc": "",
    "DataSource": "",
    "Topic": "",
    "Data_Value": "",
    "Sample_Size": "",
    "Stratification1": "",
    "StratificationId1": "",
    "LocationDisplayOrder": ""
  },
  {
    "ID": "",
    "Description": "",
    "LocationAbbr": "",
    "LocationDesc": "",
    "DataSource": "",
    "Topic": "",
    "Data_Value": "",
    "Sample_Size": "",
    "Stratification1": "",
    "StratificationId1": "",
    "LocationDisplayOrder": ""
  },
  {
    "ID": "",
    "Description": "",
    "LocationAbbr": "",
    "LocationDesc": "",
    "DataSource": "",
    "Topic": "",
    "Data_Value": "",
    "Sample_Size": "",
    "Stratification1": "",
    "StratificationId1": "",
    "LocationDisplayOrder": ""
  },
  {
    "ID": "",
    "Description": "",
    "LocationAbbr": "",
    "LocationDesc": "",
    "DataSource": "",
    "Topic": "",
    "Data_Value": "",
    "Sample_Size": "",
    "Stratification1": "",
    "StratificationId1": "",
    "LocationDisplayOrder": ""
  },
  {
    "ID": "",
    "Description": "",
    "LocationAbbr": "",
    "LocationDesc": "",
    "DataSource": "",
    "Topic": "",
    "Data_Value": "",
    "Sample_Size": "",
    "Stratification1": "",
    "StratificationId1": "",
    "LocationDisplayOrder": ""
  },
  {
    "ID": "",
    "Description": "",
    "LocationAbbr": "",
    "LocationDesc": "",
    "DataSource": "",
    "Topic": "",
    "Data_Value": "",
    "Sample_Size": "",
    "Stratification1": "",
    "StratificationId1": "",
    "LocationDisplayOrder": ""
  },
  {
    "ID": "",
    "Description": "",
    "LocationAbbr": "",
    "LocationDesc": "",
    "DataSource": "",
    "Topic": "",
    "Data_Value": "",
    "Sample_Size": "",
    "Stratification1": "",
    "StratificationId1": "",
    "LocationDisplayOrder": ""
  }
]