[
  {
    "ID": 1606,
    "Description": 2012,
    "LocationAbbr": "US",
    "LocationDesc": "National",
    "DataSource": "BRFSS",
    "Topic": "Obesity / Weight Status",
    "Data_Value": 31.3,
    "Sample_Size": "55,173",
    "Stratification1": "35 - 44",
    "StratificationId1": "AGEYR3544",
    "LocationDisplayOrder": 0
  },
  {
    "ID": 6907,
    "Description": 2012,
    "LocationAbbr": "AL",
    "LocationDesc": "Alabama",
    "DataSource": "BRFSS",
    "Topic": "Obesity / Weight Status",
    "Data_Value": 34.1,
    "Sample_Size": 964,
    "Stratification1": "35 - 44",
    "StratificationId1": "AGEYR3544",
    "LocationDisplayOrder": 1
  },
  {
    "ID": 25717,
    "Description": 2012,
    "LocationAbbr": "AK",
    "LocationDesc": "Alaska",
    "DataSource": "BRFSS",
    "Topic": "Obesity / Weight Status",
    "Data_Value": 30.3,
    "Sample_Size": 665,
    "Stratification1": "35 - 44",
    "StratificationId1": "AGEYR3544",
    "LocationDisplayOrder": 2
  },
  {
    "ID": 17703,
    "Description": 2012,
    "LocationAbbr": "AZ",
    "LocationDesc": "Arizona",
    "DataSource": "BRFSS",
    "Topic": "Obesity / Weight Status",
    "Data_Value": 30.4,
    "Sample_Size": 684,
    "Stratification1": "35 - 44",
    "StratificationId1": "AGEYR3544",
    "LocationDisplayOrder": 4
  },
  {
    "ID": 18757,
    "Description": 2012,
    "LocationAbbr": "AR",
    "LocationDesc": "Arkansas",
    "DataSource": "BRFSS",
    "Topic": "Obesity / Weight Status",
    "Data_Value": 43.4,
    "Sample_Size": 481,
    "Stratification1": "35 - 44",
    "StratificationId1": "AGEYR3544",
    "LocationDisplayOrder": 5
  },
  {
    "ID": 33778,
    "Description": 2012,
    "LocationAbbr": "CA",
    "LocationDesc": "California",
    "DataSource": "BRFSS",
    "Topic": "Obesity / Weight Status",
    "Data_Value": 28.7,
    "Sample_Size": "1,999",
    "Stratification1": "35 - 44",
    "StratificationId1": "AGEYR3544",
    "LocationDisplayOrder": 6
  },
  {
    "ID": 34624,
    "Description": 2012,
    "LocationAbbr": "CO",
    "LocationDesc": "Colorado",
    "DataSource": "BRFSS",
    "Topic": "Obesity / Weight Status",
    "Data_Value": 23.4,
    "Sample_Size": "1,576",
    "Stratification1": "35 - 44",
    "StratificationId1": "AGEYR3544",
    "LocationDisplayOrder": 8
  },
  {
    "ID": 24359,
    "Description": 2012,
    "LocationAbbr": "CT",
    "LocationDesc": "Connecticut",
    "DataSource": "BRFSS",
    "Topic": "Obesity / Weight Status",
    "Data_Value": 28,
    "Sample_Size": "1,132",
    "Stratification1": "35 - 44",
    "StratificationId1": "AGEYR3544",
    "LocationDisplayOrder": 9
  },
  {
    "ID": 12557,
    "Description": 2012,
    "LocationAbbr": "DE",
    "LocationDesc": "Delaware",
    "DataSource": "BRFSS",
    "Topic": "Obesity / Weight Status",
    "Data_Value": 29.4,
    "Sample_Size": 615,
    "Stratification1": "35 - 44",
    "StratificationId1": "AGEYR3544",
    "LocationDisplayOrder": 10
  },
  {
    "ID": 19815,
    "Description": 2012,
    "LocationAbbr": "DC",
    "LocationDesc": "District of Columbia",
    "DataSource": "BRFSS",
    "Topic": "Obesity / Weight Status",
    "Data_Value": 23.3,
    "Sample_Size": 503,
    "Stratification1": "35 - 44",
    "StratificationId1": "AGEYR3544",
    "LocationDisplayOrder": 11
  },
  {
    "ID": 24174,
    "Description": 2012,
    "LocationAbbr": "FL",
    "LocationDesc": "Florida",
    "DataSource": "BRFSS",
    "Topic": "Obesity / Weight Status",
    "Data_Value": 28,
    "Sample_Size": 768,
    "Stratification1": "35 - 44",
    "StratificationId1": "AGEYR3544",
    "LocationDisplayOrder": 12
  },
  {
    "ID": 23876,
    "Description": 2012,
    "LocationAbbr": "GA",
    "LocationDesc": "Georgia",
    "DataSource": "BRFSS",
    "Topic": "Obesity / Weight Status",
    "Data_Value": 31.9,
    "Sample_Size": 691,
    "Stratification1": "35 - 44",
    "StratificationId1": "AGEYR3544",
    "LocationDisplayOrder": 13
  },
  {
    "ID": 13322,
    "Description": 2012,
    "LocationAbbr": "HI",
    "LocationDesc": "Hawaii",
    "DataSource": "BRFSS",
    "Topic": "Obesity / Weight Status",
    "Data_Value": 32,
    "Sample_Size": "1,019",
    "Stratification1": "35 - 44",
    "StratificationId1": "AGEYR3544",
    "LocationDisplayOrder": 15
  },
  {
    "ID": 15405,
    "Description": 2012,
    "LocationAbbr": "ID",
    "LocationDesc": "Idaho",
    "DataSource": "BRFSS",
    "Topic": "Obesity / Weight Status",
    "Data_Value": 31.3,
    "Sample_Size": 618,
    "Stratification1": "35 - 44",
    "StratificationId1": "AGEYR3544",
    "LocationDisplayOrder": 16
  },
  {
    "ID": 32359,
    "Description": 2012,
    "LocationAbbr": "IL",
    "LocationDesc": "Illinois",
    "DataSource": "BRFSS",
    "Topic": "Obesity / Weight Status",
    "Data_Value": 32.8,
    "Sample_Size": 656,
    "Stratification1": "35 - 44",
    "StratificationId1": "AGEYR3544",
    "LocationDisplayOrder": 17
  },
  {
    "ID": 33481,
    "Description": 2012,
    "LocationAbbr": "IN",
    "LocationDesc": "Indiana",
    "DataSource": "BRFSS",
    "Topic": "Obesity / Weight Status",
    "Data_Value": 30.5,
    "Sample_Size": "1,067",
    "Stratification1": "35 - 44",
    "StratificationId1": "AGEYR3544",
    "LocationDisplayOrder": 18
  },
  {
    "ID": 3677,
    "Description": 2012,
    "LocationAbbr": "IA",
    "LocationDesc": "Iowa",
    "DataSource": "BRFSS",
    "Topic": "Obesity / Weight Status",
    "Data_Value": 33,
    "Sample_Size": 817,
    "Stratification1": "35 - 44",
    "StratificationId1": "AGEYR3544",
    "LocationDisplayOrder": 19
  },
  {
    "ID": 16056,
    "Description": 2012,
    "LocationAbbr": "KS",
    "LocationDesc": "Kansas",
    "DataSource": "BRFSS",
    "Topic": "Obesity / Weight Status",
    "Data_Value": 33,
    "Sample_Size": "1,352",
    "Stratification1": "35 - 44",
    "StratificationId1": "AGEYR3544",
    "LocationDisplayOrder": 20
  },
  {
    "ID": 12571,
    "Description": 2012,
    "LocationAbbr": "KY",
    "LocationDesc": "Kentucky",
    "DataSource": "BRFSS",
    "Topic": "Obesity / Weight Status",
    "Data_Value": 37.2,
    "Sample_Size": "1,321",
    "Stratification1": "35 - 44",
    "StratificationId1": "AGEYR3544",
    "LocationDisplayOrder": 21
  },
  {
    "ID": 34529,
    "Description": 2012,
    "LocationAbbr": "LA",
    "LocationDesc": "Louisiana",
    "DataSource": "BRFSS",
    "Topic": "Obesity / Weight Status",
    "Data_Value": 41,
    "Sample_Size": 952,
    "Stratification1": "35 - 44",
    "StratificationId1": "AGEYR3544",
    "LocationDisplayOrder": 22
  },
  {
    "ID": 4393,
    "Description": 2012,
    "LocationAbbr": "ME",
    "LocationDesc": "Maine",
    "DataSource": "BRFSS",
    "Topic": "Obesity / Weight Status",
    "Data_Value": 32.9,
    "Sample_Size": "1,169",
    "Stratification1": "35 - 44",
    "StratificationId1": "AGEYR3544",
    "LocationDisplayOrder": 23
  },
  {
    "ID": 7688,
    "Description": 2012,
    "LocationAbbr": "MD",
    "LocationDesc": "Maryland",
    "DataSource": "BRFSS",
    "Topic": "Obesity / Weight Status",
    "Data_Value": 30.4,
    "Sample_Size": "1,541",
    "Stratification1": "35 - 44",
    "StratificationId1": "AGEYR3544",
    "LocationDisplayOrder": 24
  },
  {
    "ID": 24134,
    "Description": 2012,
    "LocationAbbr": "MA",
    "LocationDesc": "Massachusetts",
    "DataSource": "BRFSS",
    "Topic": "Obesity / Weight Status",
    "Data_Value": 23.3,
    "Sample_Size": "2,678",
    "Stratification1": "35 - 44",
    "StratificationId1": "AGEYR3544",
    "LocationDisplayOrder": 25
  },
  {
    "ID": 18195,
    "Description": 2012,
    "LocationAbbr": "MI",
    "LocationDesc": "Michigan",
    "DataSource": "BRFSS",
    "Topic": "Obesity / Weight Status",
    "Data_Value": 35.5,
    "Sample_Size": "1,159",
    "Stratification1": "35 - 44",
    "StratificationId1": "AGEYR3544",
    "LocationDisplayOrder": 26
  },
  {
    "ID": 10233,
    "Description": 2012,
    "LocationAbbr": "MN",
    "LocationDesc": "Minnesota",
    "DataSource": "BRFSS",
    "Topic": "Obesity / Weight Status",
    "Data_Value": 28.9,
    "Sample_Size": "1,565",
    "Stratification1": "35 - 44",
    "StratificationId1": "AGEYR3544",
    "LocationDisplayOrder": 27
  },
  {
    "ID": 16184,
    "Description": 2012,
    "LocationAbbr": "MS",
    "LocationDesc": "Mississippi",
    "DataSource": "BRFSS",
    "Topic": "Obesity / Weight Status",
    "Data_Value": 40.9,
    "Sample_Size": 769,
    "Stratification1": "35 - 44",
    "StratificationId1": "AGEYR3544",
    "LocationDisplayOrder": 28
  },
  {
    "ID": 5867,
    "Description": 2012,
    "LocationAbbr": "MO",
    "LocationDesc": "Missouri",
    "DataSource": "BRFSS",
    "Topic": "Obesity / Weight Status",
    "Data_Value": 33,
    "Sample_Size": 696,
    "Stratification1": "35 - 44",
    "StratificationId1": "AGEYR3544",
    "LocationDisplayOrder": 29
  },
  {
    "ID": 14228,
    "Description": 2012,
    "LocationAbbr": "MT",
    "LocationDesc": "Montana",
    "DataSource": "BRFSS",
    "Topic": "Obesity / Weight Status",
    "Data_Value": 26.9,
    "Sample_Size": 916,
    "Stratification1": "35 - 44",
    "StratificationId1": "AGEYR3544",
    "LocationDisplayOrder": 30
  },
  {
    "ID": 10928,
    "Description": 2012,
    "LocationAbbr": "NE",
    "LocationDesc": "Nebraska",
    "DataSource": "BRFSS",
    "Topic": "Obesity / Weight Status",
    "Data_Value": 31,
    "Sample_Size": "2,108",
    "Stratification1": "35 - 44",
    "StratificationId1": "AGEYR3544",
    "LocationDisplayOrder": 31
  },
  {
    "ID": 31986,
    "Description": 2012,
    "LocationAbbr": "NV",
    "LocationDesc": "Nevada",
    "DataSource": "BRFSS",
    "Topic": "Obesity / Weight Status",
    "Data_Value": 31.4,
    "Sample_Size": 577,
    "Stratification1": "35 - 44",
    "StratificationId1": "AGEYR3544",
    "LocationDisplayOrder": 32
  },
  {
    "ID": 16446,
    "Description": 2012,
    "LocationAbbr": "NH",
    "LocationDesc": "New Hampshire",
    "DataSource": "BRFSS",
    "Topic": "Obesity / Weight Status",
    "Data_Value": 30,
    "Sample_Size": 833,
    "Stratification1": "35 - 44",
    "StratificationId1": "AGEYR3544",
    "LocationDisplayOrder": 33
  },
  {
    "ID": 36020,
    "Description": 2012,
    "LocationAbbr": "NJ",
    "LocationDesc": "New Jersey",
    "DataSource": "BRFSS",
    "Topic": "Obesity / Weight Status",
    "Data_Value": 27.3,
    "Sample_Size": "2,122",
    "Stratification1": "35 - 44",
    "StratificationId1": "AGEYR3544",
    "LocationDisplayOrder": 34
  },
  {
    "ID": 9811,
    "Description": 2012,
    "LocationAbbr": "NM",
    "LocationDesc": "New Mexico",
    "DataSource": "BRFSS",
    "Topic": "Obesity / Weight Status",
    "Data_Value": 34.7,
    "Sample_Size": "1,044",
    "Stratification1": "35 - 44",
    "StratificationId1": "AGEYR3544",
    "LocationDisplayOrder": 35
  },
  {
    "ID": 11717,
    "Description": 2012,
    "LocationAbbr": "NY",
    "LocationDesc": "New York",
    "DataSource": "BRFSS",
    "Topic": "Obesity / Weight Status",
    "Data_Value": 25.7,
    "Sample_Size": 751,
    "Stratification1": "35 - 44",
    "StratificationId1": "AGEYR3544",
    "LocationDisplayOrder": 36
  },
  {
    "ID": 3947,
    "Description": 2012,
    "LocationAbbr": "NC",
    "LocationDesc": "North Carolina",
    "DataSource": "BRFSS",
    "Topic": "Obesity / Weight Status",
    "Data_Value": 32.8,
    "Sample_Size": "1,516",
    "Stratification1": "35 - 44",
    "StratificationId1": "AGEYR3544",
    "LocationDisplayOrder": 37
  },
  {
    "ID": 4752,
    "Description": 2012,
    "LocationAbbr": "ND",
    "LocationDesc": "North Dakota",
    "DataSource": "BRFSS",
    "Topic": "Obesity / Weight Status",
    "Data_Value": 37.1,
    "Sample_Size": 525,
    "Stratification1": "35 - 44",
    "StratificationId1": "AGEYR3544",
    "LocationDisplayOrder": 38
  },
  {
    "ID": 32710,
    "Description": 2012,
    "LocationAbbr": "OH",
    "LocationDesc": "Ohio",
    "DataSource": "BRFSS",
    "Topic": "Obesity / Weight Status",
    "Data_Value": 35.3,
    "Sample_Size": "1,485",
    "Stratification1": "35 - 44",
    "StratificationId1": "AGEYR3544",
    "LocationDisplayOrder": 39
  },
  {
    "ID": 7096,
    "Description": 2012,
    "LocationAbbr": "OK",
    "LocationDesc": "Oklahoma",
    "DataSource": "BRFSS",
    "Topic": "Obesity / Weight Status",
    "Data_Value": 35.7,
    "Sample_Size": 939,
    "Stratification1": "35 - 44",
    "StratificationId1": "AGEYR3544",
    "LocationDisplayOrder": 40
  },
  {
    "ID": 10409,
    "Description": 2012,
    "LocationAbbr": "OR",
    "LocationDesc": "Oregon",
    "DataSource": "BRFSS",
    "Topic": "Obesity / Weight Status",
    "Data_Value": 30.5,
    "Sample_Size": 551,
    "Stratification1": "35 - 44",
    "StratificationId1": "AGEYR3544",
    "LocationDisplayOrder": 41
  },
  {
    "ID": 26611,
    "Description": 2012,
    "LocationAbbr": "PA",
    "LocationDesc": "Pennsylvania",
    "DataSource": "BRFSS",
    "Topic": "Obesity / Weight Status",
    "Data_Value": 29.4,
    "Sample_Size": "2,213",
    "Stratification1": "35 - 44",
    "StratificationId1": "AGEYR3544",
    "LocationDisplayOrder": 42
  },
  {
    "ID": 9939,
    "Description": 2012,
    "LocationAbbr": "RI",
    "LocationDesc": "Rhode Island",
    "DataSource": "BRFSS",
    "Topic": "Obesity / Weight Status",
    "Data_Value": 30.1,
    "Sample_Size": 690,
    "Stratification1": "35 - 44",
    "StratificationId1": "AGEYR3544",
    "LocationDisplayOrder": 44
  },
  {
    "ID": 11798,
    "Description": 2012,
    "LocationAbbr": "SC",
    "LocationDesc": "South Carolina",
    "DataSource": "BRFSS",
    "Topic": "Obesity / Weight Status",
    "Data_Value": 37.9,
    "Sample_Size": "1,412",
    "Stratification1": "35 - 44",
    "StratificationId1": "AGEYR3544",
    "LocationDisplayOrder": 45
  },
  {
    "ID": 12216,
    "Description": 2012,
    "LocationAbbr": "SD",
    "LocationDesc": "South Dakota",
    "DataSource": "BRFSS",
    "Topic": "Obesity / Weight Status",
    "Data_Value": 31,
    "Sample_Size": 894,
    "Stratification1": "35 - 44",
    "StratificationId1": "AGEYR3544",
    "LocationDisplayOrder": 46
  },
  {
    "ID": 8751,
    "Description": 2012,
    "LocationAbbr": "TN",
    "LocationDesc": "Tennessee",
    "DataSource": "BRFSS",
    "Topic": "Obesity / Weight Status",
    "Data_Value": 38.5,
    "Sample_Size": 762,
    "Stratification1": "35 - 44",
    "StratificationId1": "AGEYR3544",
    "LocationDisplayOrder": 47
  },
  {
    "ID": 30362,
    "Description": 2012,
    "LocationAbbr": "TX",
    "LocationDesc": "Texas",
    "DataSource": "BRFSS",
    "Topic": "Obesity / Weight Status",
    "Data_Value": 36.6,
    "Sample_Size": "1,232",
    "Stratification1": "35 - 44",
    "StratificationId1": "AGEYR3544",
    "LocationDisplayOrder": 48
  },
  {
    "ID": 32600,
    "Description": 2012,
    "LocationAbbr": "UT",
    "LocationDesc": "Utah",
    "DataSource": "BRFSS",
    "Topic": "Obesity / Weight Status",
    "Data_Value": 24.6,
    "Sample_Size": "1,922",
    "Stratification1": "35 - 44",
    "StratificationId1": "AGEYR3544",
    "LocationDisplayOrder": 49
  },
  {
    "ID": 13628,
    "Description": 2012,
    "LocationAbbr": "VT",
    "LocationDesc": "Vermont",
    "DataSource": "BRFSS",
    "Topic": "Obesity / Weight Status",
    "Data_Value": 20.7,
    "Sample_Size": 675,
    "Stratification1": "35 - 44",
    "StratificationId1": "AGEYR3544",
    "LocationDisplayOrder": 50
  },
  {
    "ID": 37331,
    "Description": 2012,
    "LocationAbbr": "VA",
    "LocationDesc": "Virginia",
    "DataSource": "BRFSS",
    "Topic": "Obesity / Weight Status",
    "Data_Value": 28.3,
    "Sample_Size": 940,
    "Stratification1": "35 - 44",
    "StratificationId1": "AGEYR3544",
    "LocationDisplayOrder": 51
  },
  {
    "ID": 11100,
    "Description": 2012,
    "LocationAbbr": "WA",
    "LocationDesc": "Washington",
    "DataSource": "BRFSS",
    "Topic": "Obesity / Weight Status",
    "Data_Value": 30.2,
    "Sample_Size": "1,813",
    "Stratification1": "35 - 44",
    "StratificationId1": "AGEYR3544",
    "LocationDisplayOrder": 53
  },
  {
    "ID": 19699,
    "Description": 2012,
    "LocationAbbr": "WV",
    "LocationDesc": "West Virginia",
    "DataSource": "BRFSS",
    "Topic": "Obesity / Weight Status",
    "Data_Value": 39.6,
    "Sample_Size": 659,
    "Stratification1": "35 - 44",
    "StratificationId1": "AGEYR3544",
    "LocationDisplayOrder": 54
  },
  {
    "ID": 24811,
    "Description": 2012,
    "LocationAbbr": "WI",
    "LocationDesc": "Wisconsin",
    "DataSource": "BRFSS",
    "Topic": "Obesity / Weight Status",
    "Data_Value": 30.9,
    "Sample_Size": 591,
    "Stratification1": "35 - 44",
    "StratificationId1": "AGEYR3544",
    "LocationDisplayOrder": 55
  },
  {
    "ID": 10212,
    "Description": 2012,
    "LocationAbbr": "WY",
    "LocationDesc": "Wyoming",
    "DataSource": "BRFSS",
    "Topic": "Obesity / Weight Status",
    "Data_Value": 29.1,
    "Sample_Size": 546,
    "Stratification1": "35 - 44",
    "StratificationId1": "AGEYR3544",
    "LocationDisplayOrder": 56
  },
  {
    "ID": "",
    "Description": "",
    "LocationAbbr": "",
    "LocationDesc": "",
    "DataSource": "",
    "Topic": "",
    "Data_Value": "",
    "Sample_Size": "",
    "Stratification1": "",
    "StratificationId1": "",
    "LocationDisplayOrder": ""
  },
  {
    "ID": "",
    "Description": "",
    "LocationAbbr": "",
    "LocationDesc": "",
    "DataSource": "",
    "Topic": "",
    "Data_Value": "",
    "Sample_Size": "",
    "Stratification1": "",
    "StratificationId1": "",
    "LocationDisplayOrder": ""
  },
  {
    "ID": "",
    "Description": "",
    "LocationAbbr": "",
    "LocationDesc": "",
    "DataSource": "",
    "Topic": "",
    "Data_Value": "",
    "Sample_Size": "",
    "Stratification1": "",
    "StratificationId1": "",
    "LocationDisplayOrder": ""
  },
  {
    "ID": "",
    "Description": "",
    "LocationAbbr": "",
    "LocationDesc": "",
    "DataSource": "",
    "Topic": "",
    "Data_Value": "",
    "Sample_Size": "",
    "Stratification1": "",
    "StratificationId1": "",
    "LocationDisplayOrder": ""
  },
  {
    "ID": "",
    "Description": "",
    "LocationAbbr": "",
    "LocationDesc": "",
    "DataSource": "",
    "Topic": "",
    "Data_Value": "",
    "Sample_Size": "",
    "Stratification1": "",
    "StratificationId1": "",
    "LocationDisplayOrder": ""
  },
  {
    "ID": "",
    "Description": "",
    "LocationAbbr": "",
    "LocationDesc": "",
    "DataSource": "",
    "Topic": "",
    "Data_Value": "",
    "Sample_Size": "",
    "Stratification1": "",
    "StratificationId1": "",
    "LocationDisplayOrder": ""
  },
  {
    "ID": "",
    "Description": "",
    "LocationAbbr": "",
    "LocationDesc": "",
    "DataSource": "",
    "Topic": "",
    "Data_Value": "",
    "Sample_Size": "",
    "Stratification1": "",
    "StratificationId1": "",
    "LocationDisplayOrder": ""
  },
  {
    "ID": "",
    "Description": "",
    "LocationAbbr": "",
    "LocationDesc": "",
    "DataSource": "",
    "Topic": "",
    "Data_Value": "",
    "Sample_Size": "",
    "Stratification1": "",
    "StratificationId1": "",
    "LocationDisplayOrder": ""
  },
  {
    "ID": "",
    "Description": "",
    "LocationAbbr": "",
    "LocationDesc": "",
    "DataSource": "",
    "Topic": "",
    "Data_Value": "",
    "Sample_Size": "",
    "Stratification1": "",
    "StratificationId1": "",
    "LocationDisplayOrder": ""
  }
]