[
  {
    "ID": 1077,
    "Description": 2012,
    "LocationAbbr": "US",
    "LocationDesc": "National",
    "DataSource": "BRFSS",
    "Topic": "Obesity / Weight Status",
    "Data_Value": 28.9,
    "Sample_Size": "61,143",
    "Stratification1": "$50,000 - $74,999",
    "StratificationId1": "INC5075",
    "LocationDisplayOrder": 0
  },
  {
    "ID": 21353,
    "Description": 2012,
    "LocationAbbr": "AL",
    "LocationDesc": "Alabama",
    "DataSource": "BRFSS",
    "Topic": "Obesity / Weight Status",
    "Data_Value": 34.5,
    "Sample_Size": "1,017",
    "Stratification1": "$50,000 - $74,999",
    "StratificationId1": "INC5075",
    "LocationDisplayOrder": 1
  },
  {
    "ID": 37243,
    "Description": 2012,
    "LocationAbbr": "AK",
    "LocationDesc": "Alaska",
    "DataSource": "BRFSS",
    "Topic": "Obesity / Weight Status",
    "Data_Value": 28.4,
    "Sample_Size": 636,
    "Stratification1": "$50,000 - $74,999",
    "StratificationId1": "INC5075",
    "LocationDisplayOrder": 2
  },
  {
    "ID": 11822,
    "Description": 2012,
    "LocationAbbr": "AZ",
    "LocationDesc": "Arizona",
    "DataSource": "BRFSS",
    "Topic": "Obesity / Weight Status",
    "Data_Value": 28.1,
    "Sample_Size": 920,
    "Stratification1": "$50,000 - $74,999",
    "StratificationId1": "INC5075",
    "LocationDisplayOrder": 4
  },
  {
    "ID": 19330,
    "Description": 2012,
    "LocationAbbr": "AR",
    "LocationDesc": "Arkansas",
    "DataSource": "BRFSS",
    "Topic": "Obesity / Weight Status",
    "Data_Value": 37.9,
    "Sample_Size": 611,
    "Stratification1": "$50,000 - $74,999",
    "StratificationId1": "INC5075",
    "LocationDisplayOrder": 5
  },
  {
    "ID": 1489,
    "Description": 2012,
    "LocationAbbr": "CA",
    "LocationDesc": "California",
    "DataSource": "BRFSS",
    "Topic": "Obesity / Weight Status",
    "Data_Value": 27,
    "Sample_Size": "1,879",
    "Stratification1": "$50,000 - $74,999",
    "StratificationId1": "INC5075",
    "LocationDisplayOrder": 6
  },
  {
    "ID": 35413,
    "Description": 2012,
    "LocationAbbr": "CO",
    "LocationDesc": "Colorado",
    "DataSource": "BRFSS",
    "Topic": "Obesity / Weight Status",
    "Data_Value": 19.6,
    "Sample_Size": "1,749",
    "Stratification1": "$50,000 - $74,999",
    "StratificationId1": "INC5075",
    "LocationDisplayOrder": 8
  },
  {
    "ID": 3554,
    "Description": 2012,
    "LocationAbbr": "CT",
    "LocationDesc": "Connecticut",
    "DataSource": "BRFSS",
    "Topic": "Obesity / Weight Status",
    "Data_Value": 28.7,
    "Sample_Size": "1,107",
    "Stratification1": "$50,000 - $74,999",
    "StratificationId1": "INC5075",
    "LocationDisplayOrder": 9
  },
  {
    "ID": 28522,
    "Description": 2012,
    "LocationAbbr": "DE",
    "LocationDesc": "Delaware",
    "DataSource": "BRFSS",
    "Topic": "Obesity / Weight Status",
    "Data_Value": 26.1,
    "Sample_Size": 732,
    "Stratification1": "$50,000 - $74,999",
    "StratificationId1": "INC5075",
    "LocationDisplayOrder": 10
  },
  {
    "ID": 12323,
    "Description": 2012,
    "LocationAbbr": "DC",
    "LocationDesc": "District of Columbia",
    "DataSource": "BRFSS",
    "Topic": "Obesity / Weight Status",
    "Data_Value": 19,
    "Sample_Size": 380,
    "Stratification1": "$50,000 - $74,999",
    "StratificationId1": "INC5075",
    "LocationDisplayOrder": 11
  },
  {
    "ID": 24216,
    "Description": 2012,
    "LocationAbbr": "FL",
    "LocationDesc": "Florida",
    "DataSource": "BRFSS",
    "Topic": "Obesity / Weight Status",
    "Data_Value": 25.9,
    "Sample_Size": 872,
    "Stratification1": "$50,000 - $74,999",
    "StratificationId1": "INC5075",
    "LocationDisplayOrder": 12
  },
  {
    "ID": 35122,
    "Description": 2012,
    "LocationAbbr": "GA",
    "LocationDesc": "Georgia",
    "DataSource": "BRFSS",
    "Topic": "Obesity / Weight Status",
    "Data_Value": 28,
    "Sample_Size": 718,
    "Stratification1": "$50,000 - $74,999",
    "StratificationId1": "INC5075",
    "LocationDisplayOrder": 13
  },
  {
    "ID": 9582,
    "Description": 2012,
    "LocationAbbr": "HI",
    "LocationDesc": "Hawaii",
    "DataSource": "BRFSS",
    "Topic": "Obesity / Weight Status",
    "Data_Value": 23.7,
    "Sample_Size": "1,102",
    "Stratification1": "$50,000 - $74,999",
    "StratificationId1": "INC5075",
    "LocationDisplayOrder": 15
  },
  {
    "ID": 27989,
    "Description": 2012,
    "LocationAbbr": "ID",
    "LocationDesc": "Idaho",
    "DataSource": "BRFSS",
    "Topic": "Obesity / Weight Status",
    "Data_Value": 27.2,
    "Sample_Size": 816,
    "Stratification1": "$50,000 - $74,999",
    "StratificationId1": "INC5075",
    "LocationDisplayOrder": 16
  },
  {
    "ID": 28559,
    "Description": 2012,
    "LocationAbbr": "IL",
    "LocationDesc": "Illinois",
    "DataSource": "BRFSS",
    "Topic": "Obesity / Weight Status",
    "Data_Value": 30.5,
    "Sample_Size": 862,
    "Stratification1": "$50,000 - $74,999",
    "StratificationId1": "INC5075",
    "LocationDisplayOrder": 17
  },
  {
    "ID": 30268,
    "Description": 2012,
    "LocationAbbr": "IN",
    "LocationDesc": "Indiana",
    "DataSource": "BRFSS",
    "Topic": "Obesity / Weight Status",
    "Data_Value": 35.2,
    "Sample_Size": "1,135",
    "Stratification1": "$50,000 - $74,999",
    "StratificationId1": "INC5075",
    "LocationDisplayOrder": 18
  },
  {
    "ID": 37515,
    "Description": 2012,
    "LocationAbbr": "IA",
    "LocationDesc": "Iowa",
    "DataSource": "BRFSS",
    "Topic": "Obesity / Weight Status",
    "Data_Value": 30.5,
    "Sample_Size": "1,009",
    "Stratification1": "$50,000 - $74,999",
    "StratificationId1": "INC5075",
    "LocationDisplayOrder": 19
  },
  {
    "ID": 39396,
    "Description": 2012,
    "LocationAbbr": "KS",
    "LocationDesc": "Kansas",
    "DataSource": "BRFSS",
    "Topic": "Obesity / Weight Status",
    "Data_Value": 30.8,
    "Sample_Size": "1,691",
    "Stratification1": "$50,000 - $74,999",
    "StratificationId1": "INC5075",
    "LocationDisplayOrder": 20
  },
  {
    "ID": 30457,
    "Description": 2012,
    "LocationAbbr": "KY",
    "LocationDesc": "Kentucky",
    "DataSource": "BRFSS",
    "Topic": "Obesity / Weight Status",
    "Data_Value": 33.4,
    "Sample_Size": "1,363",
    "Stratification1": "$50,000 - $74,999",
    "StratificationId1": "INC5075",
    "LocationDisplayOrder": 21
  },
  {
    "ID": 27797,
    "Description": 2012,
    "LocationAbbr": "LA",
    "LocationDesc": "Louisiana",
    "DataSource": "BRFSS",
    "Topic": "Obesity / Weight Status",
    "Data_Value": 31.7,
    "Sample_Size": 932,
    "Stratification1": "$50,000 - $74,999",
    "StratificationId1": "INC5075",
    "LocationDisplayOrder": 22
  },
  {
    "ID": 19549,
    "Description": 2012,
    "LocationAbbr": "ME",
    "LocationDesc": "Maine",
    "DataSource": "BRFSS",
    "Topic": "Obesity / Weight Status",
    "Data_Value": 26.6,
    "Sample_Size": "1,446",
    "Stratification1": "$50,000 - $74,999",
    "StratificationId1": "INC5075",
    "LocationDisplayOrder": 23
  },
  {
    "ID": 31969,
    "Description": 2012,
    "LocationAbbr": "MD",
    "LocationDesc": "Maryland",
    "DataSource": "BRFSS",
    "Topic": "Obesity / Weight Status",
    "Data_Value": 31.8,
    "Sample_Size": "1,666",
    "Stratification1": "$50,000 - $74,999",
    "StratificationId1": "INC5075",
    "LocationDisplayOrder": 24
  },
  {
    "ID": 37253,
    "Description": 2012,
    "LocationAbbr": "MA",
    "LocationDesc": "Massachusetts",
    "DataSource": "BRFSS",
    "Topic": "Obesity / Weight Status",
    "Data_Value": 26.4,
    "Sample_Size": "2,517",
    "Stratification1": "$50,000 - $74,999",
    "StratificationId1": "INC5075",
    "LocationDisplayOrder": 25
  },
  {
    "ID": 10756,
    "Description": 2012,
    "LocationAbbr": "MI",
    "LocationDesc": "Michigan",
    "DataSource": "BRFSS",
    "Topic": "Obesity / Weight Status",
    "Data_Value": 31.7,
    "Sample_Size": "1,382",
    "Stratification1": "$50,000 - $74,999",
    "StratificationId1": "INC5075",
    "LocationDisplayOrder": 26
  },
  {
    "ID": 25621,
    "Description": 2012,
    "LocationAbbr": "MN",
    "LocationDesc": "Minnesota",
    "DataSource": "BRFSS",
    "Topic": "Obesity / Weight Status",
    "Data_Value": 26.1,
    "Sample_Size": "1,883",
    "Stratification1": "$50,000 - $74,999",
    "StratificationId1": "INC5075",
    "LocationDisplayOrder": 27
  },
  {
    "ID": 34832,
    "Description": 2012,
    "LocationAbbr": "MS",
    "LocationDesc": "Mississippi",
    "DataSource": "BRFSS",
    "Topic": "Obesity / Weight Status",
    "Data_Value": 31.6,
    "Sample_Size": 763,
    "Stratification1": "$50,000 - $74,999",
    "StratificationId1": "INC5075",
    "LocationDisplayOrder": 28
  },
  {
    "ID": 38869,
    "Description": 2012,
    "LocationAbbr": "MO",
    "LocationDesc": "Missouri",
    "DataSource": "BRFSS",
    "Topic": "Obesity / Weight Status",
    "Data_Value": 29.1,
    "Sample_Size": 795,
    "Stratification1": "$50,000 - $74,999",
    "StratificationId1": "INC5075",
    "LocationDisplayOrder": 29
  },
  {
    "ID": 22411,
    "Description": 2012,
    "LocationAbbr": "MT",
    "LocationDesc": "Montana",
    "DataSource": "BRFSS",
    "Topic": "Obesity / Weight Status",
    "Data_Value": 23.5,
    "Sample_Size": "1,136",
    "Stratification1": "$50,000 - $74,999",
    "StratificationId1": "INC5075",
    "LocationDisplayOrder": 30
  },
  {
    "ID": 37662,
    "Description": 2012,
    "LocationAbbr": "NE",
    "LocationDesc": "Nebraska",
    "DataSource": "BRFSS",
    "Topic": "Obesity / Weight Status",
    "Data_Value": 30.5,
    "Sample_Size": "2,849",
    "Stratification1": "$50,000 - $74,999",
    "StratificationId1": "INC5075",
    "LocationDisplayOrder": 31
  },
  {
    "ID": 39438,
    "Description": 2012,
    "LocationAbbr": "NV",
    "LocationDesc": "Nevada",
    "DataSource": "BRFSS",
    "Topic": "Obesity / Weight Status",
    "Data_Value": 28.8,
    "Sample_Size": 688,
    "Stratification1": "$50,000 - $74,999",
    "StratificationId1": "INC5075",
    "LocationDisplayOrder": 32
  },
  {
    "ID": 26123,
    "Description": 2012,
    "LocationAbbr": "NH",
    "LocationDesc": "New Hampshire",
    "DataSource": "BRFSS",
    "Topic": "Obesity / Weight Status",
    "Data_Value": 29.1,
    "Sample_Size": "1,085",
    "Stratification1": "$50,000 - $74,999",
    "StratificationId1": "INC5075",
    "LocationDisplayOrder": 33
  },
  {
    "ID": 9951,
    "Description": 2012,
    "LocationAbbr": "NJ",
    "LocationDesc": "New Jersey",
    "DataSource": "BRFSS",
    "Topic": "Obesity / Weight Status",
    "Data_Value": 26,
    "Sample_Size": "1,916",
    "Stratification1": "$50,000 - $74,999",
    "StratificationId1": "INC5075",
    "LocationDisplayOrder": 34
  },
  {
    "ID": 34326,
    "Description": 2012,
    "LocationAbbr": "NM",
    "LocationDesc": "New Mexico",
    "DataSource": "BRFSS",
    "Topic": "Obesity / Weight Status",
    "Data_Value": 27.9,
    "Sample_Size": "1,064",
    "Stratification1": "$50,000 - $74,999",
    "StratificationId1": "INC5075",
    "LocationDisplayOrder": 35
  },
  {
    "ID": 28395,
    "Description": 2012,
    "LocationAbbr": "NY",
    "LocationDesc": "New York",
    "DataSource": "BRFSS",
    "Topic": "Obesity / Weight Status",
    "Data_Value": 22.6,
    "Sample_Size": 762,
    "Stratification1": "$50,000 - $74,999",
    "StratificationId1": "INC5075",
    "LocationDisplayOrder": 36
  },
  {
    "ID": 22820,
    "Description": 2012,
    "LocationAbbr": "NC",
    "LocationDesc": "North Carolina",
    "DataSource": "BRFSS",
    "Topic": "Obesity / Weight Status",
    "Data_Value": 30.3,
    "Sample_Size": "1,328",
    "Stratification1": "$50,000 - $74,999",
    "StratificationId1": "INC5075",
    "LocationDisplayOrder": 37
  },
  {
    "ID": 24843,
    "Description": 2012,
    "LocationAbbr": "ND",
    "LocationDesc": "North Dakota",
    "DataSource": "BRFSS",
    "Topic": "Obesity / Weight Status",
    "Data_Value": 31.1,
    "Sample_Size": 715,
    "Stratification1": "$50,000 - $74,999",
    "StratificationId1": "INC5075",
    "LocationDisplayOrder": 38
  },
  {
    "ID": 12539,
    "Description": 2012,
    "LocationAbbr": "OH",
    "LocationDesc": "Ohio",
    "DataSource": "BRFSS",
    "Topic": "Obesity / Weight Status",
    "Data_Value": 31.5,
    "Sample_Size": "1,645",
    "Stratification1": "$50,000 - $74,999",
    "StratificationId1": "INC5075",
    "LocationDisplayOrder": 39
  },
  {
    "ID": 10304,
    "Description": 2012,
    "LocationAbbr": "OK",
    "LocationDesc": "Oklahoma",
    "DataSource": "BRFSS",
    "Topic": "Obesity / Weight Status",
    "Data_Value": 34.3,
    "Sample_Size": 961,
    "Stratification1": "$50,000 - $74,999",
    "StratificationId1": "INC5075",
    "LocationDisplayOrder": 40
  },
  {
    "ID": 9619,
    "Description": 2012,
    "LocationAbbr": "OR",
    "LocationDesc": "Oregon",
    "DataSource": "BRFSS",
    "Topic": "Obesity / Weight Status",
    "Data_Value": 26.6,
    "Sample_Size": 728,
    "Stratification1": "$50,000 - $74,999",
    "StratificationId1": "INC5075",
    "LocationDisplayOrder": 41
  },
  {
    "ID": 36923,
    "Description": 2012,
    "LocationAbbr": "PA",
    "LocationDesc": "Pennsylvania",
    "DataSource": "BRFSS",
    "Topic": "Obesity / Weight Status",
    "Data_Value": 31.1,
    "Sample_Size": "2,615",
    "Stratification1": "$50,000 - $74,999",
    "StratificationId1": "INC5075",
    "LocationDisplayOrder": 42
  },
  {
    "ID": 1456,
    "Description": 2012,
    "LocationAbbr": "RI",
    "LocationDesc": "Rhode Island",
    "DataSource": "BRFSS",
    "Topic": "Obesity / Weight Status",
    "Data_Value": 28.2,
    "Sample_Size": 716,
    "Stratification1": "$50,000 - $74,999",
    "StratificationId1": "INC5075",
    "LocationDisplayOrder": 44
  },
  {
    "ID": 22090,
    "Description": 2012,
    "LocationAbbr": "SC",
    "LocationDesc": "South Carolina",
    "DataSource": "BRFSS",
    "Topic": "Obesity / Weight Status",
    "Data_Value": 31.3,
    "Sample_Size": "1,455",
    "Stratification1": "$50,000 - $74,999",
    "StratificationId1": "INC5075",
    "LocationDisplayOrder": 45
  },
  {
    "ID": 6267,
    "Description": 2012,
    "LocationAbbr": "SD",
    "LocationDesc": "South Dakota",
    "DataSource": "BRFSS",
    "Topic": "Obesity / Weight Status",
    "Data_Value": 28.7,
    "Sample_Size": "1,200",
    "Stratification1": "$50,000 - $74,999",
    "StratificationId1": "INC5075",
    "LocationDisplayOrder": 46
  },
  {
    "ID": 29239,
    "Description": 2012,
    "LocationAbbr": "TN",
    "LocationDesc": "Tennessee",
    "DataSource": "BRFSS",
    "Topic": "Obesity / Weight Status",
    "Data_Value": 32.2,
    "Sample_Size": 664,
    "Stratification1": "$50,000 - $74,999",
    "StratificationId1": "INC5075",
    "LocationDisplayOrder": 47
  },
  {
    "ID": 28490,
    "Description": 2012,
    "LocationAbbr": "TX",
    "LocationDesc": "Texas",
    "DataSource": "BRFSS",
    "Topic": "Obesity / Weight Status",
    "Data_Value": 30.9,
    "Sample_Size": "1,065",
    "Stratification1": "$50,000 - $74,999",
    "StratificationId1": "INC5075",
    "LocationDisplayOrder": 48
  },
  {
    "ID": 32621,
    "Description": 2012,
    "LocationAbbr": "UT",
    "LocationDesc": "Utah",
    "DataSource": "BRFSS",
    "Topic": "Obesity / Weight Status",
    "Data_Value": 26.3,
    "Sample_Size": "2,018",
    "Stratification1": "$50,000 - $74,999",
    "StratificationId1": "INC5075",
    "LocationDisplayOrder": 49
  },
  {
    "ID": 1457,
    "Description": 2012,
    "LocationAbbr": "VT",
    "LocationDesc": "Vermont",
    "DataSource": "BRFSS",
    "Topic": "Obesity / Weight Status",
    "Data_Value": 22.9,
    "Sample_Size": 893,
    "Stratification1": "$50,000 - $74,999",
    "StratificationId1": "INC5075",
    "LocationDisplayOrder": 50
  },
  {
    "ID": 9083,
    "Description": 2012,
    "LocationAbbr": "VA",
    "LocationDesc": "Virginia",
    "DataSource": "BRFSS",
    "Topic": "Obesity / Weight Status",
    "Data_Value": 26.7,
    "Sample_Size": 984,
    "Stratification1": "$50,000 - $74,999",
    "StratificationId1": "INC5075",
    "LocationDisplayOrder": 51
  },
  {
    "ID": 24903,
    "Description": 2012,
    "LocationAbbr": "WA",
    "LocationDesc": "Washington",
    "DataSource": "BRFSS",
    "Topic": "Obesity / Weight Status",
    "Data_Value": 29.7,
    "Sample_Size": "2,356",
    "Stratification1": "$50,000 - $74,999",
    "StratificationId1": "INC5075",
    "LocationDisplayOrder": 53
  },
  {
    "ID": 22537,
    "Description": 2012,
    "LocationAbbr": "WV",
    "LocationDesc": "West Virginia",
    "DataSource": "BRFSS",
    "Topic": "Obesity / Weight Status",
    "Data_Value": 35.4,
    "Sample_Size": 628,
    "Stratification1": "$50,000 - $74,999",
    "StratificationId1": "INC5075",
    "LocationDisplayOrder": 54
  },
  {
    "ID": 16839,
    "Description": 2012,
    "LocationAbbr": "WI",
    "LocationDesc": "Wisconsin",
    "DataSource": "BRFSS",
    "Topic": "Obesity / Weight Status",
    "Data_Value": 32.4,
    "Sample_Size": 807,
    "Stratification1": "$50,000 - $74,999",
    "StratificationId1": "INC5075",
    "LocationDisplayOrder": 55
  },
  {
    "ID": 21180,
    "Description": 2012,
    "LocationAbbr": "WY",
    "LocationDesc": "Wyoming",
    "DataSource": "BRFSS",
    "Topic": "Obesity / Weight Status",
    "Data_Value": 29.1,
    "Sample_Size": 882,
    "Stratification1": "$50,000 - $74,999",
    "StratificationId1": "INC5075",
    "LocationDisplayOrder": 56
  },
  {
    "ID": "",
    "Description": "",
    "LocationAbbr": "",
    "LocationDesc": "",
    "DataSource": "",
    "Topic": "",
    "Data_Value": "",
    "Sample_Size": "",
    "Stratification1": "",
    "StratificationId1": "",
    "LocationDisplayOrder": ""
  },
  {
    "ID": "",
    "Description": "",
    "LocationAbbr": "",
    "LocationDesc": "",
    "DataSource": "",
    "Topic": "",
    "Data_Value": "",
    "Sample_Size": "",
    "Stratification1": "",
    "StratificationId1": "",
    "LocationDisplayOrder": ""
  },
  {
    "ID": "",
    "Description": "",
    "LocationAbbr": "",
    "LocationDesc": "",
    "DataSource": "",
    "Topic": "",
    "Data_Value": "",
    "Sample_Size": "",
    "Stratification1": "",
    "StratificationId1": "",
    "LocationDisplayOrder": ""
  },
  {
    "ID": "",
    "Description": "",
    "LocationAbbr": "",
    "LocationDesc": "",
    "DataSource": "",
    "Topic": "",
    "Data_Value": "",
    "Sample_Size": "",
    "Stratification1": "",
    "StratificationId1": "",
    "LocationDisplayOrder": ""
  },
  {
    "ID": "",
    "Description": "",
    "LocationAbbr": "",
    "LocationDesc": "",
    "DataSource": "",
    "Topic": "",
    "Data_Value": "",
    "Sample_Size": "",
    "Stratification1": "",
    "StratificationId1": "",
    "LocationDisplayOrder": ""
  },
  {
    "ID": "",
    "Description": "",
    "LocationAbbr": "",
    "LocationDesc": "",
    "DataSource": "",
    "Topic": "",
    "Data_Value": "",
    "Sample_Size": "",
    "Stratification1": "",
    "StratificationId1": "",
    "LocationDisplayOrder": ""
  },
  {
    "ID": "",
    "Description": "",
    "LocationAbbr": "",
    "LocationDesc": "",
    "DataSource": "",
    "Topic": "",
    "Data_Value": "",
    "Sample_Size": "",
    "Stratification1": "",
    "StratificationId1": "",
    "LocationDisplayOrder": ""
  },
  {
    "ID": "",
    "Description": "",
    "LocationAbbr": "",
    "LocationDesc": "",
    "DataSource": "",
    "Topic": "",
    "Data_Value": "",
    "Sample_Size": "",
    "Stratification1": "",
    "StratificationId1": "",
    "LocationDisplayOrder": ""
  },
  {
    "ID": "",
    "Description": "",
    "LocationAbbr": "",
    "LocationDesc": "",
    "DataSource": "",
    "Topic": "",
    "Data_Value": "",
    "Sample_Size": "",
    "Stratification1": "",
    "StratificationId1": "",
    "LocationDisplayOrder": ""
  }
]