[
  {
    "ID": 202,
    "Description": 2012,
    "LocationAbbr": "US",
    "LocationDesc": "National",
    "DataSource": "BRFSS",
    "Topic": "Obesity / Weight Status",
    "Data_Value": 25.8,
    "Sample_Size": "144,296",
    "Stratification1": "65 or older",
    "StratificationId1": "AGEYR65PLUS",
    "LocationDisplayOrder": 0
  },
  {
    "ID": 12870,
    "Description": 2012,
    "LocationAbbr": "AL",
    "LocationDesc": "Alabama",
    "DataSource": "BRFSS",
    "Topic": "Obesity / Weight Status",
    "Data_Value": 26.9,
    "Sample_Size": "3,034",
    "Stratification1": "65 or older",
    "StratificationId1": "AGEYR65PLUS",
    "LocationDisplayOrder": 1
  },
  {
    "ID": 31750,
    "Description": 2012,
    "LocationAbbr": "AK",
    "LocationDesc": "Alaska",
    "DataSource": "BRFSS",
    "Topic": "Obesity / Weight Status",
    "Data_Value": 26.8,
    "Sample_Size": 751,
    "Stratification1": "65 or older",
    "StratificationId1": "AGEYR65PLUS",
    "LocationDisplayOrder": 2
  },
  {
    "ID": 39885,
    "Description": 2012,
    "LocationAbbr": "AZ",
    "LocationDesc": "Arizona",
    "DataSource": "BRFSS",
    "Topic": "Obesity / Weight Status",
    "Data_Value": 22.6,
    "Sample_Size": "2,805",
    "Stratification1": "65 or older",
    "StratificationId1": "AGEYR65PLUS",
    "LocationDisplayOrder": 4
  },
  {
    "ID": 30800,
    "Description": 2012,
    "LocationAbbr": "AR",
    "LocationDesc": "Arkansas",
    "DataSource": "BRFSS",
    "Topic": "Obesity / Weight Status",
    "Data_Value": 25.9,
    "Sample_Size": "1,886",
    "Stratification1": "65 or older",
    "StratificationId1": "AGEYR65PLUS",
    "LocationDisplayOrder": 5
  },
  {
    "ID": 37041,
    "Description": 2012,
    "LocationAbbr": "CA",
    "LocationDesc": "California",
    "DataSource": "BRFSS",
    "Topic": "Obesity / Weight Status",
    "Data_Value": 21.1,
    "Sample_Size": "4,092",
    "Stratification1": "65 or older",
    "StratificationId1": "AGEYR65PLUS",
    "LocationDisplayOrder": 6
  },
  {
    "ID": 31499,
    "Description": 2012,
    "LocationAbbr": "CO",
    "LocationDesc": "Colorado",
    "DataSource": "BRFSS",
    "Topic": "Obesity / Weight Status",
    "Data_Value": 19.6,
    "Sample_Size": "3,419",
    "Stratification1": "65 or older",
    "StratificationId1": "AGEYR65PLUS",
    "LocationDisplayOrder": 8
  },
  {
    "ID": 24186,
    "Description": 2012,
    "LocationAbbr": "CT",
    "LocationDesc": "Connecticut",
    "DataSource": "BRFSS",
    "Topic": "Obesity / Weight Status",
    "Data_Value": 26.5,
    "Sample_Size": "2,625",
    "Stratification1": "65 or older",
    "StratificationId1": "AGEYR65PLUS",
    "LocationDisplayOrder": 9
  },
  {
    "ID": 1734,
    "Description": 2012,
    "LocationAbbr": "DE",
    "LocationDesc": "Delaware",
    "DataSource": "BRFSS",
    "Topic": "Obesity / Weight Status",
    "Data_Value": 26,
    "Sample_Size": "1,644",
    "Stratification1": "65 or older",
    "StratificationId1": "AGEYR65PLUS",
    "LocationDisplayOrder": 10
  },
  {
    "ID": 36946,
    "Description": 2012,
    "LocationAbbr": "DC",
    "LocationDesc": "District of Columbia",
    "DataSource": "BRFSS",
    "Topic": "Obesity / Weight Status",
    "Data_Value": 19.1,
    "Sample_Size": "1,197",
    "Stratification1": "65 or older",
    "StratificationId1": "AGEYR65PLUS",
    "LocationDisplayOrder": 11
  },
  {
    "ID": 20117,
    "Description": 2012,
    "LocationAbbr": "FL",
    "LocationDesc": "Florida",
    "DataSource": "BRFSS",
    "Topic": "Obesity / Weight Status",
    "Data_Value": 22.9,
    "Sample_Size": "2,976",
    "Stratification1": "65 or older",
    "StratificationId1": "AGEYR65PLUS",
    "LocationDisplayOrder": 12
  },
  {
    "ID": 25807,
    "Description": 2012,
    "LocationAbbr": "GA",
    "LocationDesc": "Georgia",
    "DataSource": "BRFSS",
    "Topic": "Obesity / Weight Status",
    "Data_Value": 25.4,
    "Sample_Size": "1,834",
    "Stratification1": "65 or older",
    "StratificationId1": "AGEYR65PLUS",
    "LocationDisplayOrder": 13
  },
  {
    "ID": 36235,
    "Description": 2012,
    "LocationAbbr": "HI",
    "LocationDesc": "Hawaii",
    "DataSource": "BRFSS",
    "Topic": "Obesity / Weight Status",
    "Data_Value": 14.1,
    "Sample_Size": "1,984",
    "Stratification1": "65 or older",
    "StratificationId1": "AGEYR65PLUS",
    "LocationDisplayOrder": 15
  },
  {
    "ID": 28801,
    "Description": 2012,
    "LocationAbbr": "ID",
    "LocationDesc": "Idaho",
    "DataSource": "BRFSS",
    "Topic": "Obesity / Weight Status",
    "Data_Value": 26.9,
    "Sample_Size": "2,116",
    "Stratification1": "65 or older",
    "StratificationId1": "AGEYR65PLUS",
    "LocationDisplayOrder": 16
  },
  {
    "ID": 33874,
    "Description": 2012,
    "LocationAbbr": "IL",
    "LocationDesc": "Illinois",
    "DataSource": "BRFSS",
    "Topic": "Obesity / Weight Status",
    "Data_Value": 27.7,
    "Sample_Size": "1,936",
    "Stratification1": "65 or older",
    "StratificationId1": "AGEYR65PLUS",
    "LocationDisplayOrder": 17
  },
  {
    "ID": 24474,
    "Description": 2012,
    "LocationAbbr": "IN",
    "LocationDesc": "Indiana",
    "DataSource": "BRFSS",
    "Topic": "Obesity / Weight Status",
    "Data_Value": 29.3,
    "Sample_Size": "2,645",
    "Stratification1": "65 or older",
    "StratificationId1": "AGEYR65PLUS",
    "LocationDisplayOrder": 18
  },
  {
    "ID": 19654,
    "Description": 2012,
    "LocationAbbr": "IA",
    "LocationDesc": "Iowa",
    "DataSource": "BRFSS",
    "Topic": "Obesity / Weight Status",
    "Data_Value": 29.6,
    "Sample_Size": "2,395",
    "Stratification1": "65 or older",
    "StratificationId1": "AGEYR65PLUS",
    "LocationDisplayOrder": 19
  },
  {
    "ID": 5942,
    "Description": 2012,
    "LocationAbbr": "KS",
    "LocationDesc": "Kansas",
    "DataSource": "BRFSS",
    "Topic": "Obesity / Weight Status",
    "Data_Value": 26.2,
    "Sample_Size": "3,845",
    "Stratification1": "65 or older",
    "StratificationId1": "AGEYR65PLUS",
    "LocationDisplayOrder": 20
  },
  {
    "ID": 10055,
    "Description": 2012,
    "LocationAbbr": "KY",
    "LocationDesc": "Kentucky",
    "DataSource": "BRFSS",
    "Topic": "Obesity / Weight Status",
    "Data_Value": 29.2,
    "Sample_Size": "3,266",
    "Stratification1": "65 or older",
    "StratificationId1": "AGEYR65PLUS",
    "LocationDisplayOrder": 21
  },
  {
    "ID": 37719,
    "Description": 2012,
    "LocationAbbr": "LA",
    "LocationDesc": "Louisiana",
    "DataSource": "BRFSS",
    "Topic": "Obesity / Weight Status",
    "Data_Value": 30.4,
    "Sample_Size": "3,093",
    "Stratification1": "65 or older",
    "StratificationId1": "AGEYR65PLUS",
    "LocationDisplayOrder": 22
  },
  {
    "ID": 6536,
    "Description": 2012,
    "LocationAbbr": "ME",
    "LocationDesc": "Maine",
    "DataSource": "BRFSS",
    "Topic": "Obesity / Weight Status",
    "Data_Value": 25.9,
    "Sample_Size": "3,065",
    "Stratification1": "65 or older",
    "StratificationId1": "AGEYR65PLUS",
    "LocationDisplayOrder": 23
  },
  {
    "ID": 16433,
    "Description": 2012,
    "LocationAbbr": "MD",
    "LocationDesc": "Maryland",
    "DataSource": "BRFSS",
    "Topic": "Obesity / Weight Status",
    "Data_Value": 26.2,
    "Sample_Size": "3,990",
    "Stratification1": "65 or older",
    "StratificationId1": "AGEYR65PLUS",
    "LocationDisplayOrder": 24
  },
  {
    "ID": 30002,
    "Description": 2012,
    "LocationAbbr": "MA",
    "LocationDesc": "Massachusetts",
    "DataSource": "BRFSS",
    "Topic": "Obesity / Weight Status",
    "Data_Value": 22.6,
    "Sample_Size": "5,936",
    "Stratification1": "65 or older",
    "StratificationId1": "AGEYR65PLUS",
    "LocationDisplayOrder": 25
  },
  {
    "ID": 19682,
    "Description": 2012,
    "LocationAbbr": "MI",
    "LocationDesc": "Michigan",
    "DataSource": "BRFSS",
    "Topic": "Obesity / Weight Status",
    "Data_Value": 29.6,
    "Sample_Size": "3,447",
    "Stratification1": "65 or older",
    "StratificationId1": "AGEYR65PLUS",
    "LocationDisplayOrder": 26
  },
  {
    "ID": 11290,
    "Description": 2012,
    "LocationAbbr": "MN",
    "LocationDesc": "Minnesota",
    "DataSource": "BRFSS",
    "Topic": "Obesity / Weight Status",
    "Data_Value": 26.3,
    "Sample_Size": "3,244",
    "Stratification1": "65 or older",
    "StratificationId1": "AGEYR65PLUS",
    "LocationDisplayOrder": 27
  },
  {
    "ID": 35622,
    "Description": 2012,
    "LocationAbbr": "MS",
    "LocationDesc": "Mississippi",
    "DataSource": "BRFSS",
    "Topic": "Obesity / Weight Status",
    "Data_Value": 29,
    "Sample_Size": "2,731",
    "Stratification1": "65 or older",
    "StratificationId1": "AGEYR65PLUS",
    "LocationDisplayOrder": 28
  },
  {
    "ID": 17835,
    "Description": 2012,
    "LocationAbbr": "MO",
    "LocationDesc": "Missouri",
    "DataSource": "BRFSS",
    "Topic": "Obesity / Weight Status",
    "Data_Value": 28.1,
    "Sample_Size": "2,350",
    "Stratification1": "65 or older",
    "StratificationId1": "AGEYR65PLUS",
    "LocationDisplayOrder": 29
  },
  {
    "ID": 34870,
    "Description": 2012,
    "LocationAbbr": "MT",
    "LocationDesc": "Montana",
    "DataSource": "BRFSS",
    "Topic": "Obesity / Weight Status",
    "Data_Value": 22.3,
    "Sample_Size": "2,743",
    "Stratification1": "65 or older",
    "StratificationId1": "AGEYR65PLUS",
    "LocationDisplayOrder": 30
  },
  {
    "ID": 14821,
    "Description": 2012,
    "LocationAbbr": "NE",
    "LocationDesc": "Nebraska",
    "DataSource": "BRFSS",
    "Topic": "Obesity / Weight Status",
    "Data_Value": 26.8,
    "Sample_Size": "6,558",
    "Stratification1": "65 or older",
    "StratificationId1": "AGEYR65PLUS",
    "LocationDisplayOrder": 31
  },
  {
    "ID": 8734,
    "Description": 2012,
    "LocationAbbr": "NV",
    "LocationDesc": "Nevada",
    "DataSource": "BRFSS",
    "Topic": "Obesity / Weight Status",
    "Data_Value": 25.1,
    "Sample_Size": "1,519",
    "Stratification1": "65 or older",
    "StratificationId1": "AGEYR65PLUS",
    "LocationDisplayOrder": 32
  },
  {
    "ID": 25448,
    "Description": 2012,
    "LocationAbbr": "NH",
    "LocationDesc": "New Hampshire",
    "DataSource": "BRFSS",
    "Topic": "Obesity / Weight Status",
    "Data_Value": 26.5,
    "Sample_Size": "2,548",
    "Stratification1": "65 or older",
    "StratificationId1": "AGEYR65PLUS",
    "LocationDisplayOrder": 33
  },
  {
    "ID": 25819,
    "Description": 2012,
    "LocationAbbr": "NJ",
    "LocationDesc": "New Jersey",
    "DataSource": "BRFSS",
    "Topic": "Obesity / Weight Status",
    "Data_Value": 27.2,
    "Sample_Size": "4,189",
    "Stratification1": "65 or older",
    "StratificationId1": "AGEYR65PLUS",
    "LocationDisplayOrder": 34
  },
  {
    "ID": 16952,
    "Description": 2012,
    "LocationAbbr": "NM",
    "LocationDesc": "New Mexico",
    "DataSource": "BRFSS",
    "Topic": "Obesity / Weight Status",
    "Data_Value": 20.4,
    "Sample_Size": "2,538",
    "Stratification1": "65 or older",
    "StratificationId1": "AGEYR65PLUS",
    "LocationDisplayOrder": 35
  },
  {
    "ID": 28037,
    "Description": 2012,
    "LocationAbbr": "NY",
    "LocationDesc": "New York",
    "DataSource": "BRFSS",
    "Topic": "Obesity / Weight Status",
    "Data_Value": 25.7,
    "Sample_Size": "1,648",
    "Stratification1": "65 or older",
    "StratificationId1": "AGEYR65PLUS",
    "LocationDisplayOrder": 36
  },
  {
    "ID": 3055,
    "Description": 2012,
    "LocationAbbr": "NC",
    "LocationDesc": "North Carolina",
    "DataSource": "BRFSS",
    "Topic": "Obesity / Weight Status",
    "Data_Value": 26.2,
    "Sample_Size": "3,489",
    "Stratification1": "65 or older",
    "StratificationId1": "AGEYR65PLUS",
    "LocationDisplayOrder": 37
  },
  {
    "ID": 36711,
    "Description": 2012,
    "LocationAbbr": "ND",
    "LocationDesc": "North Dakota",
    "DataSource": "BRFSS",
    "Topic": "Obesity / Weight Status",
    "Data_Value": 27.3,
    "Sample_Size": "1,526",
    "Stratification1": "65 or older",
    "StratificationId1": "AGEYR65PLUS",
    "LocationDisplayOrder": 38
  },
  {
    "ID": 9658,
    "Description": 2012,
    "LocationAbbr": "OH",
    "LocationDesc": "Ohio",
    "DataSource": "BRFSS",
    "Topic": "Obesity / Weight Status",
    "Data_Value": 28.8,
    "Sample_Size": "3,893",
    "Stratification1": "65 or older",
    "StratificationId1": "AGEYR65PLUS",
    "LocationDisplayOrder": 39
  },
  {
    "ID": 24476,
    "Description": 2012,
    "LocationAbbr": "OK",
    "LocationDesc": "Oklahoma",
    "DataSource": "BRFSS",
    "Topic": "Obesity / Weight Status",
    "Data_Value": 26.8,
    "Sample_Size": "2,558",
    "Stratification1": "65 or older",
    "StratificationId1": "AGEYR65PLUS",
    "LocationDisplayOrder": 40
  },
  {
    "ID": 4988,
    "Description": 2012,
    "LocationAbbr": "OR",
    "LocationDesc": "Oregon",
    "DataSource": "BRFSS",
    "Topic": "Obesity / Weight Status",
    "Data_Value": 25.4,
    "Sample_Size": "1,774",
    "Stratification1": "65 or older",
    "StratificationId1": "AGEYR65PLUS",
    "LocationDisplayOrder": 41
  },
  {
    "ID": 29742,
    "Description": 2012,
    "LocationAbbr": "PA",
    "LocationDesc": "Pennsylvania",
    "DataSource": "BRFSS",
    "Topic": "Obesity / Weight Status",
    "Data_Value": 29.3,
    "Sample_Size": "6,374",
    "Stratification1": "65 or older",
    "StratificationId1": "AGEYR65PLUS",
    "LocationDisplayOrder": 42
  },
  {
    "ID": 32534,
    "Description": 2012,
    "LocationAbbr": "RI",
    "LocationDesc": "Rhode Island",
    "DataSource": "BRFSS",
    "Topic": "Obesity / Weight Status",
    "Data_Value": 24.5,
    "Sample_Size": "1,628",
    "Stratification1": "65 or older",
    "StratificationId1": "AGEYR65PLUS",
    "LocationDisplayOrder": 44
  },
  {
    "ID": 6681,
    "Description": 2012,
    "LocationAbbr": "SC",
    "LocationDesc": "South Carolina",
    "DataSource": "BRFSS",
    "Topic": "Obesity / Weight Status",
    "Data_Value": 27.2,
    "Sample_Size": "4,268",
    "Stratification1": "65 or older",
    "StratificationId1": "AGEYR65PLUS",
    "LocationDisplayOrder": 45
  },
  {
    "ID": 32417,
    "Description": 2012,
    "LocationAbbr": "SD",
    "LocationDesc": "South Dakota",
    "DataSource": "BRFSS",
    "Topic": "Obesity / Weight Status",
    "Data_Value": 28.4,
    "Sample_Size": "2,274",
    "Stratification1": "65 or older",
    "StratificationId1": "AGEYR65PLUS",
    "LocationDisplayOrder": 46
  },
  {
    "ID": 12795,
    "Description": 2012,
    "LocationAbbr": "TN",
    "LocationDesc": "Tennessee",
    "DataSource": "BRFSS",
    "Topic": "Obesity / Weight Status",
    "Data_Value": 26.3,
    "Sample_Size": "2,263",
    "Stratification1": "65 or older",
    "StratificationId1": "AGEYR65PLUS",
    "LocationDisplayOrder": 47
  },
  {
    "ID": 26016,
    "Description": 2012,
    "LocationAbbr": "TX",
    "LocationDesc": "Texas",
    "DataSource": "BRFSS",
    "Topic": "Obesity / Weight Status",
    "Data_Value": 26.9,
    "Sample_Size": "2,603",
    "Stratification1": "65 or older",
    "StratificationId1": "AGEYR65PLUS",
    "LocationDisplayOrder": 48
  },
  {
    "ID": 9901,
    "Description": 2012,
    "LocationAbbr": "UT",
    "LocationDesc": "Utah",
    "DataSource": "BRFSS",
    "Topic": "Obesity / Weight Status",
    "Data_Value": 25.6,
    "Sample_Size": "3,199",
    "Stratification1": "65 or older",
    "StratificationId1": "AGEYR65PLUS",
    "LocationDisplayOrder": 49
  },
  {
    "ID": 33108,
    "Description": 2012,
    "LocationAbbr": "VT",
    "LocationDesc": "Vermont",
    "DataSource": "BRFSS",
    "Topic": "Obesity / Weight Status",
    "Data_Value": 25.5,
    "Sample_Size": "1,913",
    "Stratification1": "65 or older",
    "StratificationId1": "AGEYR65PLUS",
    "LocationDisplayOrder": 50
  },
  {
    "ID": 11373,
    "Description": 2012,
    "LocationAbbr": "VA",
    "LocationDesc": "Virginia",
    "DataSource": "BRFSS",
    "Topic": "Obesity / Weight Status",
    "Data_Value": 26.8,
    "Sample_Size": "2,145",
    "Stratification1": "65 or older",
    "StratificationId1": "AGEYR65PLUS",
    "LocationDisplayOrder": 51
  },
  {
    "ID": 6591,
    "Description": 2012,
    "LocationAbbr": "WA",
    "LocationDesc": "Washington",
    "DataSource": "BRFSS",
    "Topic": "Obesity / Weight Status",
    "Data_Value": 25.6,
    "Sample_Size": "4,796",
    "Stratification1": "65 or older",
    "StratificationId1": "AGEYR65PLUS",
    "LocationDisplayOrder": 53
  },
  {
    "ID": 38301,
    "Description": 2012,
    "LocationAbbr": "WV",
    "LocationDesc": "West Virginia",
    "DataSource": "BRFSS",
    "Topic": "Obesity / Weight Status",
    "Data_Value": 28.7,
    "Sample_Size": "1,639",
    "Stratification1": "65 or older",
    "StratificationId1": "AGEYR65PLUS",
    "LocationDisplayOrder": 54
  },
  {
    "ID": 25546,
    "Description": 2012,
    "LocationAbbr": "WI",
    "LocationDesc": "Wisconsin",
    "DataSource": "BRFSS",
    "Topic": "Obesity / Weight Status",
    "Data_Value": 29.5,
    "Sample_Size": "1,565",
    "Stratification1": "65 or older",
    "StratificationId1": "AGEYR65PLUS",
    "LocationDisplayOrder": 55
  },
  {
    "ID": 16358,
    "Description": 2012,
    "LocationAbbr": "WY",
    "LocationDesc": "Wyoming",
    "DataSource": "BRFSS",
    "Topic": "Obesity / Weight Status",
    "Data_Value": 20.5,
    "Sample_Size": "2,340",
    "Stratification1": "65 or older",
    "StratificationId1": "AGEYR65PLUS",
    "LocationDisplayOrder": 56
  },
  {
    "ID": "",
    "Description": "",
    "LocationAbbr": "",
    "LocationDesc": "",
    "DataSource": "",
    "Topic": "",
    "Data_Value": "",
    "Sample_Size": "",
    "Stratification1": "",
    "StratificationId1": "",
    "LocationDisplayOrder": ""
  },
  {
    "ID": "",
    "Description": "",
    "LocationAbbr": "",
    "LocationDesc": "",
    "DataSource": "",
    "Topic": "",
    "Data_Value": "",
    "Sample_Size": "",
    "Stratification1": "",
    "StratificationId1": "",
    "LocationDisplayOrder": ""
  },
  {
    "ID": "",
    "Description": "",
    "LocationAbbr": "",
    "LocationDesc": "",
    "DataSource": "",
    "Topic": "",
    "Data_Value": "",
    "Sample_Size": "",
    "Stratification1": "",
    "StratificationId1": "",
    "LocationDisplayOrder": ""
  },
  {
    "ID": "",
    "Description": "",
    "LocationAbbr": "",
    "LocationDesc": "",
    "DataSource": "",
    "Topic": "",
    "Data_Value": "",
    "Sample_Size": "",
    "Stratification1": "",
    "StratificationId1": "",
    "LocationDisplayOrder": ""
  },
  {
    "ID": "",
    "Description": "",
    "LocationAbbr": "",
    "LocationDesc": "",
    "DataSource": "",
    "Topic": "",
    "Data_Value": "",
    "Sample_Size": "",
    "Stratification1": "",
    "StratificationId1": "",
    "LocationDisplayOrder": ""
  },
  {
    "ID": "",
    "Description": "",
    "LocationAbbr": "",
    "LocationDesc": "",
    "DataSource": "",
    "Topic": "",
    "Data_Value": "",
    "Sample_Size": "",
    "Stratification1": "",
    "StratificationId1": "",
    "LocationDisplayOrder": ""
  },
  {
    "ID": "",
    "Description": "",
    "LocationAbbr": "",
    "LocationDesc": "",
    "DataSource": "",
    "Topic": "",
    "Data_Value": "",
    "Sample_Size": "",
    "Stratification1": "",
    "StratificationId1": "",
    "LocationDisplayOrder": ""
  },
  {
    "ID": "",
    "Description": "",
    "LocationAbbr": "",
    "LocationDesc": "",
    "DataSource": "",
    "Topic": "",
    "Data_Value": "",
    "Sample_Size": "",
    "Stratification1": "",
    "StratificationId1": "",
    "LocationDisplayOrder": ""
  },
  {
    "ID": "",
    "Description": "",
    "LocationAbbr": "",
    "LocationDesc": "",
    "DataSource": "",
    "Topic": "",
    "Data_Value": "",
    "Sample_Size": "",
    "Stratification1": "",
    "StratificationId1": "",
    "LocationDisplayOrder": ""
  }
]