[
  {
    "ID": 2002,
    "Description": 2012,
    "LocationAbbr": "US",
    "LocationDesc": "National",
    "DataSource": "BRFSS",
    "Topic": "Obesity / Weight Status",
    "Data_Value": 26.5,
    "Sample_Size": "345,659",
    "Stratification1": "Non-Hispanic White",
    "StratificationId1": "RACEWHT",
    "LocationDisplayOrder": 0
  },
  {
    "ID": 26951,
    "Description": 2012,
    "LocationAbbr": "AL",
    "LocationDesc": "Alabama",
    "DataSource": "BRFSS",
    "Topic": "Obesity / Weight Status",
    "Data_Value": 30.1,
    "Sample_Size": "6,024",
    "Stratification1": "Non-Hispanic White",
    "StratificationId1": "RACEWHT",
    "LocationDisplayOrder": 1
  },
  {
    "ID": 3581,
    "Description": 2012,
    "LocationAbbr": "AK",
    "LocationDesc": "Alaska",
    "DataSource": "BRFSS",
    "Topic": "Obesity / Weight Status",
    "Data_Value": 26,
    "Sample_Size": "2,782",
    "Stratification1": "Non-Hispanic White",
    "StratificationId1": "RACEWHT",
    "LocationDisplayOrder": 2
  },
  {
    "ID": 16162,
    "Description": 2012,
    "LocationAbbr": "AZ",
    "LocationDesc": "Arizona",
    "DataSource": "BRFSS",
    "Topic": "Obesity / Weight Status",
    "Data_Value": 23.1,
    "Sample_Size": "5,108",
    "Stratification1": "Non-Hispanic White",
    "StratificationId1": "RACEWHT",
    "LocationDisplayOrder": 4
  },
  {
    "ID": 33251,
    "Description": 2012,
    "LocationAbbr": "AR",
    "LocationDesc": "Arkansas",
    "DataSource": "BRFSS",
    "Topic": "Obesity / Weight Status",
    "Data_Value": 32.6,
    "Sample_Size": "3,787",
    "Stratification1": "Non-Hispanic White",
    "StratificationId1": "RACEWHT",
    "LocationDisplayOrder": 5
  },
  {
    "ID": 29243,
    "Description": 2012,
    "LocationAbbr": "CA",
    "LocationDesc": "California",
    "DataSource": "BRFSS",
    "Topic": "Obesity / Weight Status",
    "Data_Value": 23.3,
    "Sample_Size": "8,313",
    "Stratification1": "Non-Hispanic White",
    "StratificationId1": "RACEWHT",
    "LocationDisplayOrder": 6
  },
  {
    "ID": 38330,
    "Description": 2012,
    "LocationAbbr": "CO",
    "LocationDesc": "Colorado",
    "DataSource": "BRFSS",
    "Topic": "Obesity / Weight Status",
    "Data_Value": 18.7,
    "Sample_Size": "9,386",
    "Stratification1": "Non-Hispanic White",
    "StratificationId1": "RACEWHT",
    "LocationDisplayOrder": 8
  },
  {
    "ID": 20247,
    "Description": 2012,
    "LocationAbbr": "CT",
    "LocationDesc": "Connecticut",
    "DataSource": "BRFSS",
    "Topic": "Obesity / Weight Status",
    "Data_Value": 24.1,
    "Sample_Size": "6,596",
    "Stratification1": "Non-Hispanic White",
    "StratificationId1": "RACEWHT",
    "LocationDisplayOrder": 9
  },
  {
    "ID": 1623,
    "Description": 2012,
    "LocationAbbr": "DE",
    "LocationDesc": "Delaware",
    "DataSource": "BRFSS",
    "Topic": "Obesity / Weight Status",
    "Data_Value": 25.6,
    "Sample_Size": "3,837",
    "Stratification1": "Non-Hispanic White",
    "StratificationId1": "RACEWHT",
    "LocationDisplayOrder": 10
  },
  {
    "ID": 4612,
    "Description": 2012,
    "LocationAbbr": "DC",
    "LocationDesc": "District of Columbia",
    "DataSource": "BRFSS",
    "Topic": "Obesity / Weight Status",
    "Data_Value": 9.6,
    "Sample_Size": "1,602",
    "Stratification1": "Non-Hispanic White",
    "StratificationId1": "RACEWHT",
    "LocationDisplayOrder": 11
  },
  {
    "ID": 18407,
    "Description": 2012,
    "LocationAbbr": "FL",
    "LocationDesc": "Florida",
    "DataSource": "BRFSS",
    "Topic": "Obesity / Weight Status",
    "Data_Value": 23.5,
    "Sample_Size": "5,283",
    "Stratification1": "Non-Hispanic White",
    "StratificationId1": "RACEWHT",
    "LocationDisplayOrder": 12
  },
  {
    "ID": 7838,
    "Description": 2012,
    "LocationAbbr": "GA",
    "LocationDesc": "Georgia",
    "DataSource": "BRFSS",
    "Topic": "Obesity / Weight Status",
    "Data_Value": 26.3,
    "Sample_Size": "3,814",
    "Stratification1": "Non-Hispanic White",
    "StratificationId1": "RACEWHT",
    "LocationDisplayOrder": 13
  },
  {
    "ID": 38894,
    "Description": 2012,
    "LocationAbbr": "HI",
    "LocationDesc": "Hawaii",
    "DataSource": "BRFSS",
    "Topic": "Obesity / Weight Status",
    "Data_Value": 19.7,
    "Sample_Size": "2,310",
    "Stratification1": "Non-Hispanic White",
    "StratificationId1": "RACEWHT",
    "LocationDisplayOrder": 15
  },
  {
    "ID": 23785,
    "Description": 2012,
    "LocationAbbr": "ID",
    "LocationDesc": "Idaho",
    "DataSource": "BRFSS",
    "Topic": "Obesity / Weight Status",
    "Data_Value": 26,
    "Sample_Size": "5,062",
    "Stratification1": "Non-Hispanic White",
    "StratificationId1": "RACEWHT",
    "LocationDisplayOrder": 16
  },
  {
    "ID": 14048,
    "Description": 2012,
    "LocationAbbr": "IL",
    "LocationDesc": "Illinois",
    "DataSource": "BRFSS",
    "Topic": "Obesity / Weight Status",
    "Data_Value": 27.2,
    "Sample_Size": "4,299",
    "Stratification1": "Non-Hispanic White",
    "StratificationId1": "RACEWHT",
    "LocationDisplayOrder": 17
  },
  {
    "ID": 32056,
    "Description": 2012,
    "LocationAbbr": "IN",
    "LocationDesc": "Indiana",
    "DataSource": "BRFSS",
    "Topic": "Obesity / Weight Status",
    "Data_Value": 30.2,
    "Sample_Size": "6,700",
    "Stratification1": "Non-Hispanic White",
    "StratificationId1": "RACEWHT",
    "LocationDisplayOrder": 18
  },
  {
    "ID": 9840,
    "Description": 2012,
    "LocationAbbr": "IA",
    "LocationDesc": "Iowa",
    "DataSource": "BRFSS",
    "Topic": "Obesity / Weight Status",
    "Data_Value": 30.2,
    "Sample_Size": "6,289",
    "Stratification1": "Non-Hispanic White",
    "StratificationId1": "RACEWHT",
    "LocationDisplayOrder": 19
  },
  {
    "ID": 26986,
    "Description": 2012,
    "LocationAbbr": "KS",
    "LocationDesc": "Kansas",
    "DataSource": "BRFSS",
    "Topic": "Obesity / Weight Status",
    "Data_Value": 29,
    "Sample_Size": "9,892",
    "Stratification1": "Non-Hispanic White",
    "StratificationId1": "RACEWHT",
    "LocationDisplayOrder": 20
  },
  {
    "ID": 36437,
    "Description": 2012,
    "LocationAbbr": "KY",
    "LocationDesc": "Kentucky",
    "DataSource": "BRFSS",
    "Topic": "Obesity / Weight Status",
    "Data_Value": 30.6,
    "Sample_Size": "8,947",
    "Stratification1": "Non-Hispanic White",
    "StratificationId1": "RACEWHT",
    "LocationDisplayOrder": 21
  },
  {
    "ID": 5846,
    "Description": 2012,
    "LocationAbbr": "LA",
    "LocationDesc": "Louisiana",
    "DataSource": "BRFSS",
    "Topic": "Obesity / Weight Status",
    "Data_Value": 30,
    "Sample_Size": "5,706",
    "Stratification1": "Non-Hispanic White",
    "StratificationId1": "RACEWHT",
    "LocationDisplayOrder": 22
  },
  {
    "ID": 33843,
    "Description": 2012,
    "LocationAbbr": "ME",
    "LocationDesc": "Maine",
    "DataSource": "BRFSS",
    "Topic": "Obesity / Weight Status",
    "Data_Value": 28.4,
    "Sample_Size": "8,974",
    "Stratification1": "Non-Hispanic White",
    "StratificationId1": "RACEWHT",
    "LocationDisplayOrder": 23
  },
  {
    "ID": 12394,
    "Description": 2012,
    "LocationAbbr": "MD",
    "LocationDesc": "Maryland",
    "DataSource": "BRFSS",
    "Topic": "Obesity / Weight Status",
    "Data_Value": 24.5,
    "Sample_Size": "8,642",
    "Stratification1": "Non-Hispanic White",
    "StratificationId1": "RACEWHT",
    "LocationDisplayOrder": 24
  },
  {
    "ID": 27012,
    "Description": 2012,
    "LocationAbbr": "MA",
    "LocationDesc": "Massachusetts",
    "DataSource": "BRFSS",
    "Topic": "Obesity / Weight Status",
    "Data_Value": 22.2,
    "Sample_Size": "15,680",
    "Stratification1": "Non-Hispanic White",
    "StratificationId1": "RACEWHT",
    "LocationDisplayOrder": 25
  },
  {
    "ID": 39191,
    "Description": 2012,
    "LocationAbbr": "MI",
    "LocationDesc": "Michigan",
    "DataSource": "BRFSS",
    "Topic": "Obesity / Weight Status",
    "Data_Value": 29.9,
    "Sample_Size": "7,628",
    "Stratification1": "Non-Hispanic White",
    "StratificationId1": "RACEWHT",
    "LocationDisplayOrder": 26
  },
  {
    "ID": 25167,
    "Description": 2012,
    "LocationAbbr": "MN",
    "LocationDesc": "Minnesota",
    "DataSource": "BRFSS",
    "Topic": "Obesity / Weight Status",
    "Data_Value": 25.4,
    "Sample_Size": "10,211",
    "Stratification1": "Non-Hispanic White",
    "StratificationId1": "RACEWHT",
    "LocationDisplayOrder": 27
  },
  {
    "ID": 37708,
    "Description": 2012,
    "LocationAbbr": "MS",
    "LocationDesc": "Mississippi",
    "DataSource": "BRFSS",
    "Topic": "Obesity / Weight Status",
    "Data_Value": 30.2,
    "Sample_Size": "4,698",
    "Stratification1": "Non-Hispanic White",
    "StratificationId1": "RACEWHT",
    "LocationDisplayOrder": 28
  },
  {
    "ID": 30214,
    "Description": 2012,
    "LocationAbbr": "MO",
    "LocationDesc": "Missouri",
    "DataSource": "BRFSS",
    "Topic": "Obesity / Weight Status",
    "Data_Value": 27.8,
    "Sample_Size": "5,207",
    "Stratification1": "Non-Hispanic White",
    "StratificationId1": "RACEWHT",
    "LocationDisplayOrder": 29
  },
  {
    "ID": 3901,
    "Description": 2012,
    "LocationAbbr": "MT",
    "LocationDesc": "Montana",
    "DataSource": "BRFSS",
    "Topic": "Obesity / Weight Status",
    "Data_Value": 23,
    "Sample_Size": "7,308",
    "Stratification1": "Non-Hispanic White",
    "StratificationId1": "RACEWHT",
    "LocationDisplayOrder": 30
  },
  {
    "ID": 16444,
    "Description": 2012,
    "LocationAbbr": "NE",
    "LocationDesc": "Nebraska",
    "DataSource": "BRFSS",
    "Topic": "Obesity / Weight Status",
    "Data_Value": 28.3,
    "Sample_Size": "16,725",
    "Stratification1": "Non-Hispanic White",
    "StratificationId1": "RACEWHT",
    "LocationDisplayOrder": 31
  },
  {
    "ID": 9352,
    "Description": 2012,
    "LocationAbbr": "NV",
    "LocationDesc": "Nevada",
    "DataSource": "BRFSS",
    "Topic": "Obesity / Weight Status",
    "Data_Value": 25.7,
    "Sample_Size": "3,283",
    "Stratification1": "Non-Hispanic White",
    "StratificationId1": "RACEWHT",
    "LocationDisplayOrder": 32
  },
  {
    "ID": 7622,
    "Description": 2012,
    "LocationAbbr": "NH",
    "LocationDesc": "New Hampshire",
    "DataSource": "BRFSS",
    "Topic": "Obesity / Weight Status",
    "Data_Value": 27.7,
    "Sample_Size": "6,734",
    "Stratification1": "Non-Hispanic White",
    "StratificationId1": "RACEWHT",
    "LocationDisplayOrder": 33
  },
  {
    "ID": 17405,
    "Description": 2012,
    "LocationAbbr": "NJ",
    "LocationDesc": "New Jersey",
    "DataSource": "BRFSS",
    "Topic": "Obesity / Weight Status",
    "Data_Value": 24.1,
    "Sample_Size": "9,996",
    "Stratification1": "Non-Hispanic White",
    "StratificationId1": "RACEWHT",
    "LocationDisplayOrder": 34
  },
  {
    "ID": 31386,
    "Description": 2012,
    "LocationAbbr": "NM",
    "LocationDesc": "New Mexico",
    "DataSource": "BRFSS",
    "Topic": "Obesity / Weight Status",
    "Data_Value": 22.1,
    "Sample_Size": "4,485",
    "Stratification1": "Non-Hispanic White",
    "StratificationId1": "RACEWHT",
    "LocationDisplayOrder": 35
  },
  {
    "ID": 23764,
    "Description": 2012,
    "LocationAbbr": "NY",
    "LocationDesc": "New York",
    "DataSource": "BRFSS",
    "Topic": "Obesity / Weight Status",
    "Data_Value": 23.2,
    "Sample_Size": "4,140",
    "Stratification1": "Non-Hispanic White",
    "StratificationId1": "RACEWHT",
    "LocationDisplayOrder": 36
  },
  {
    "ID": 5409,
    "Description": 2012,
    "LocationAbbr": "NC",
    "LocationDesc": "North Carolina",
    "DataSource": "BRFSS",
    "Topic": "Obesity / Weight Status",
    "Data_Value": 26.5,
    "Sample_Size": "7,688",
    "Stratification1": "Non-Hispanic White",
    "StratificationId1": "RACEWHT",
    "LocationDisplayOrder": 37
  },
  {
    "ID": 4733,
    "Description": 2012,
    "LocationAbbr": "ND",
    "LocationDesc": "North Dakota",
    "DataSource": "BRFSS",
    "Topic": "Obesity / Weight Status",
    "Data_Value": 29.1,
    "Sample_Size": "4,286",
    "Stratification1": "Non-Hispanic White",
    "StratificationId1": "RACEWHT",
    "LocationDisplayOrder": 38
  },
  {
    "ID": 21768,
    "Description": 2012,
    "LocationAbbr": "OH",
    "LocationDesc": "Ohio",
    "DataSource": "BRFSS",
    "Topic": "Obesity / Weight Status",
    "Data_Value": 29.2,
    "Sample_Size": "10,575",
    "Stratification1": "Non-Hispanic White",
    "StratificationId1": "RACEWHT",
    "LocationDisplayOrder": 39
  },
  {
    "ID": 38670,
    "Description": 2012,
    "LocationAbbr": "OK",
    "LocationDesc": "Oklahoma",
    "DataSource": "BRFSS",
    "Topic": "Obesity / Weight Status",
    "Data_Value": 31,
    "Sample_Size": "5,822",
    "Stratification1": "Non-Hispanic White",
    "StratificationId1": "RACEWHT",
    "LocationDisplayOrder": 40
  },
  {
    "ID": 36149,
    "Description": 2012,
    "LocationAbbr": "OR",
    "LocationDesc": "Oregon",
    "DataSource": "BRFSS",
    "Topic": "Obesity / Weight Status",
    "Data_Value": 26.7,
    "Sample_Size": "4,218",
    "Stratification1": "Non-Hispanic White",
    "StratificationId1": "RACEWHT",
    "LocationDisplayOrder": 41
  },
  {
    "ID": 8806,
    "Description": 2012,
    "LocationAbbr": "PA",
    "LocationDesc": "Pennsylvania",
    "DataSource": "BRFSS",
    "Topic": "Obesity / Weight Status",
    "Data_Value": 28.4,
    "Sample_Size": "16,222",
    "Stratification1": "Non-Hispanic White",
    "StratificationId1": "RACEWHT",
    "LocationDisplayOrder": 42
  },
  {
    "ID": 32692,
    "Description": 2012,
    "LocationAbbr": "RI",
    "LocationDesc": "Rhode Island",
    "DataSource": "BRFSS",
    "Topic": "Obesity / Weight Status",
    "Data_Value": 26.3,
    "Sample_Size": "4,395",
    "Stratification1": "Non-Hispanic White",
    "StratificationId1": "RACEWHT",
    "LocationDisplayOrder": 44
  },
  {
    "ID": 18771,
    "Description": 2012,
    "LocationAbbr": "SC",
    "LocationDesc": "South Carolina",
    "DataSource": "BRFSS",
    "Topic": "Obesity / Weight Status",
    "Data_Value": 27.8,
    "Sample_Size": "8,032",
    "Stratification1": "Non-Hispanic White",
    "StratificationId1": "RACEWHT",
    "LocationDisplayOrder": 45
  },
  {
    "ID": 16653,
    "Description": 2012,
    "LocationAbbr": "SD",
    "LocationDesc": "South Dakota",
    "DataSource": "BRFSS",
    "Topic": "Obesity / Weight Status",
    "Data_Value": 27.8,
    "Sample_Size": "6,383",
    "Stratification1": "Non-Hispanic White",
    "StratificationId1": "RACEWHT",
    "LocationDisplayOrder": 46
  },
  {
    "ID": 23443,
    "Description": 2012,
    "LocationAbbr": "TN",
    "LocationDesc": "Tennessee",
    "DataSource": "BRFSS",
    "Topic": "Obesity / Weight Status",
    "Data_Value": 29.6,
    "Sample_Size": "5,457",
    "Stratification1": "Non-Hispanic White",
    "StratificationId1": "RACEWHT",
    "LocationDisplayOrder": 47
  },
  {
    "ID": 39815,
    "Description": 2012,
    "LocationAbbr": "TX",
    "LocationDesc": "Texas",
    "DataSource": "BRFSS",
    "Topic": "Obesity / Weight Status",
    "Data_Value": 25.2,
    "Sample_Size": "5,091",
    "Stratification1": "Non-Hispanic White",
    "StratificationId1": "RACEWHT",
    "LocationDisplayOrder": 48
  },
  {
    "ID": 14356,
    "Description": 2012,
    "LocationAbbr": "UT",
    "LocationDesc": "Utah",
    "DataSource": "BRFSS",
    "Topic": "Obesity / Weight Status",
    "Data_Value": 24.4,
    "Sample_Size": "10,433",
    "Stratification1": "Non-Hispanic White",
    "StratificationId1": "RACEWHT",
    "LocationDisplayOrder": 49
  },
  {
    "ID": 15879,
    "Description": 2012,
    "LocationAbbr": "VT",
    "LocationDesc": "Vermont",
    "DataSource": "BRFSS",
    "Topic": "Obesity / Weight Status",
    "Data_Value": 23.7,
    "Sample_Size": "5,450",
    "Stratification1": "Non-Hispanic White",
    "StratificationId1": "RACEWHT",
    "LocationDisplayOrder": 50
  },
  {
    "ID": 2994,
    "Description": 2012,
    "LocationAbbr": "VA",
    "LocationDesc": "Virginia",
    "DataSource": "BRFSS",
    "Topic": "Obesity / Weight Status",
    "Data_Value": 26,
    "Sample_Size": "5,231",
    "Stratification1": "Non-Hispanic White",
    "StratificationId1": "RACEWHT",
    "LocationDisplayOrder": 51
  },
  {
    "ID": 21421,
    "Description": 2012,
    "LocationAbbr": "WA",
    "LocationDesc": "Washington",
    "DataSource": "BRFSS",
    "Topic": "Obesity / Weight Status",
    "Data_Value": 27.5,
    "Sample_Size": "12,418",
    "Stratification1": "Non-Hispanic White",
    "StratificationId1": "RACEWHT",
    "LocationDisplayOrder": 53
  },
  {
    "ID": 29357,
    "Description": 2012,
    "LocationAbbr": "WV",
    "LocationDesc": "West Virginia",
    "DataSource": "BRFSS",
    "Topic": "Obesity / Weight Status",
    "Data_Value": 33.8,
    "Sample_Size": "4,798",
    "Stratification1": "Non-Hispanic White",
    "StratificationId1": "RACEWHT",
    "LocationDisplayOrder": 54
  },
  {
    "ID": 23222,
    "Description": 2012,
    "LocationAbbr": "WI",
    "LocationDesc": "Wisconsin",
    "DataSource": "BRFSS",
    "Topic": "Obesity / Weight Status",
    "Data_Value": 29.5,
    "Sample_Size": "4,269",
    "Stratification1": "Non-Hispanic White",
    "StratificationId1": "RACEWHT",
    "LocationDisplayOrder": 55
  },
  {
    "ID": 17083,
    "Description": 2012,
    "LocationAbbr": "WY",
    "LocationDesc": "Wyoming",
    "DataSource": "BRFSS",
    "Topic": "Obesity / Weight Status",
    "Data_Value": 24.3,
    "Sample_Size": "5,443",
    "Stratification1": "Non-Hispanic White",
    "StratificationId1": "RACEWHT",
    "LocationDisplayOrder": 56
  },
  {
    "ID": "",
    "Description": "",
    "LocationAbbr": "",
    "LocationDesc": "",
    "DataSource": "",
    "Topic": "",
    "Data_Value": "",
    "Sample_Size": "",
    "Stratification1": "",
    "StratificationId1": "",
    "LocationDisplayOrder": ""
  },
  {
    "ID": "",
    "Description": "",
    "LocationAbbr": "",
    "LocationDesc": "",
    "DataSource": "",
    "Topic": "",
    "Data_Value": "",
    "Sample_Size": "",
    "Stratification1": "",
    "StratificationId1": "",
    "LocationDisplayOrder": ""
  },
  {
    "ID": "",
    "Description": "",
    "LocationAbbr": "",
    "LocationDesc": "",
    "DataSource": "",
    "Topic": "",
    "Data_Value": "",
    "Sample_Size": "",
    "Stratification1": "",
    "StratificationId1": "",
    "LocationDisplayOrder": ""
  },
  {
    "ID": "",
    "Description": "",
    "LocationAbbr": "",
    "LocationDesc": "",
    "DataSource": "",
    "Topic": "",
    "Data_Value": "",
    "Sample_Size": "",
    "Stratification1": "",
    "StratificationId1": "",
    "LocationDisplayOrder": ""
  },
  {
    "ID": "",
    "Description": "",
    "LocationAbbr": "",
    "LocationDesc": "",
    "DataSource": "",
    "Topic": "",
    "Data_Value": "",
    "Sample_Size": "",
    "Stratification1": "",
    "StratificationId1": "",
    "LocationDisplayOrder": ""
  },
  {
    "ID": "",
    "Description": "",
    "LocationAbbr": "",
    "LocationDesc": "",
    "DataSource": "",
    "Topic": "",
    "Data_Value": "",
    "Sample_Size": "",
    "Stratification1": "",
    "StratificationId1": "",
    "LocationDisplayOrder": ""
  },
  {
    "ID": "",
    "Description": "",
    "LocationAbbr": "",
    "LocationDesc": "",
    "DataSource": "",
    "Topic": "",
    "Data_Value": "",
    "Sample_Size": "",
    "Stratification1": "",
    "StratificationId1": "",
    "LocationDisplayOrder": ""
  },
  {
    "ID": "",
    "Description": "",
    "LocationAbbr": "",
    "LocationDesc": "",
    "DataSource": "",
    "Topic": "",
    "Data_Value": "",
    "Sample_Size": "",
    "Stratification1": "",
    "StratificationId1": "",
    "LocationDisplayOrder": ""
  },
  {
    "ID": "",
    "Description": "",
    "LocationAbbr": "",
    "LocationDesc": "",
    "DataSource": "",
    "Topic": "",
    "Data_Value": "",
    "Sample_Size": "",
    "Stratification1": "",
    "StratificationId1": "",
    "LocationDisplayOrder": ""
  }
]