[
  {
    "ID": 539,
    "Description": 2012,
    "LocationAbbr": "US",
    "LocationDesc": "National",
    "DataSource": "BRFSS",
    "Topic": "Obesity / Weight Status",
    "Data_Value": 9.7,
    "Sample_Size": "8,252",
    "Stratification1": "Asian",
    "StratificationId1": "RACEASN",
    "LocationDisplayOrder": 0
  },
  {
    "ID": 14431,
    "Description": 2012,
    "LocationAbbr": "AL",
    "LocationDesc": "Alabama",
    "DataSource": "BRFSS",
    "Topic": "Obesity / Weight Status",
    "Data_Value": "~",
    "Sample_Size": "~",
    "Stratification1": "Asian",
    "StratificationId1": "RACEASN",
    "LocationDisplayOrder": 1
  },
  {
    "ID": 12732,
    "Description": 2012,
    "LocationAbbr": "AK",
    "LocationDesc": "Alaska",
    "DataSource": "BRFSS",
    "Topic": "Obesity / Weight Status",
    "Data_Value": 2.3,
    "Sample_Size": 82,
    "Stratification1": "Asian",
    "StratificationId1": "RACEASN",
    "LocationDisplayOrder": 2
  },
  {
    "ID": 21866,
    "Description": 2012,
    "LocationAbbr": "AZ",
    "LocationDesc": "Arizona",
    "DataSource": "BRFSS",
    "Topic": "Obesity / Weight Status",
    "Data_Value": 4.3,
    "Sample_Size": 74,
    "Stratification1": "Asian",
    "StratificationId1": "RACEASN",
    "LocationDisplayOrder": 4
  },
  {
    "ID": 25012,
    "Description": 2012,
    "LocationAbbr": "AR",
    "LocationDesc": "Arkansas",
    "DataSource": "BRFSS",
    "Topic": "Obesity / Weight Status",
    "Data_Value": "~",
    "Sample_Size": "~",
    "Stratification1": "Asian",
    "StratificationId1": "RACEASN",
    "LocationDisplayOrder": 5
  },
  {
    "ID": 22376,
    "Description": 2012,
    "LocationAbbr": "CA",
    "LocationDesc": "California",
    "DataSource": "BRFSS",
    "Topic": "Obesity / Weight Status",
    "Data_Value": 10.3,
    "Sample_Size": 799,
    "Stratification1": "Asian",
    "StratificationId1": "RACEASN",
    "LocationDisplayOrder": 6
  },
  {
    "ID": 19969,
    "Description": 2012,
    "LocationAbbr": "CO",
    "LocationDesc": "Colorado",
    "DataSource": "BRFSS",
    "Topic": "Obesity / Weight Status",
    "Data_Value": 9.2,
    "Sample_Size": 131,
    "Stratification1": "Asian",
    "StratificationId1": "RACEASN",
    "LocationDisplayOrder": 8
  },
  {
    "ID": 26158,
    "Description": 2012,
    "LocationAbbr": "CT",
    "LocationDesc": "Connecticut",
    "DataSource": "BRFSS",
    "Topic": "Obesity / Weight Status",
    "Data_Value": 5.6,
    "Sample_Size": 155,
    "Stratification1": "Asian",
    "StratificationId1": "RACEASN",
    "LocationDisplayOrder": 9
  },
  {
    "ID": 15488,
    "Description": 2012,
    "LocationAbbr": "DE",
    "LocationDesc": "Delaware",
    "DataSource": "BRFSS",
    "Topic": "Obesity / Weight Status",
    "Data_Value": 2.9,
    "Sample_Size": 55,
    "Stratification1": "Asian",
    "StratificationId1": "RACEASN",
    "LocationDisplayOrder": 10
  },
  {
    "ID": 21595,
    "Description": 2012,
    "LocationAbbr": "DC",
    "LocationDesc": "District of Columbia",
    "DataSource": "BRFSS",
    "Topic": "Obesity / Weight Status",
    "Data_Value": 4.6,
    "Sample_Size": 77,
    "Stratification1": "Asian",
    "StratificationId1": "RACEASN",
    "LocationDisplayOrder": 11
  },
  {
    "ID": 7496,
    "Description": 2012,
    "LocationAbbr": "FL",
    "LocationDesc": "Florida",
    "DataSource": "BRFSS",
    "Topic": "Obesity / Weight Status",
    "Data_Value": 12.1,
    "Sample_Size": 100,
    "Stratification1": "Asian",
    "StratificationId1": "RACEASN",
    "LocationDisplayOrder": 12
  },
  {
    "ID": 18838,
    "Description": 2012,
    "LocationAbbr": "GA",
    "LocationDesc": "Georgia",
    "DataSource": "BRFSS",
    "Topic": "Obesity / Weight Status",
    "Data_Value": 8.5,
    "Sample_Size": 87,
    "Stratification1": "Asian",
    "StratificationId1": "RACEASN",
    "LocationDisplayOrder": 13
  },
  {
    "ID": 1659,
    "Description": 2012,
    "LocationAbbr": "HI",
    "LocationDesc": "Hawaii",
    "DataSource": "BRFSS",
    "Topic": "Obesity / Weight Status",
    "Data_Value": 16.7,
    "Sample_Size": "2,329",
    "Stratification1": "Asian",
    "StratificationId1": "RACEASN",
    "LocationDisplayOrder": 15
  },
  {
    "ID": 28439,
    "Description": 2012,
    "LocationAbbr": "ID",
    "LocationDesc": "Idaho",
    "DataSource": "BRFSS",
    "Topic": "Obesity / Weight Status",
    "Data_Value": "~",
    "Sample_Size": "~",
    "Stratification1": "Asian",
    "StratificationId1": "RACEASN",
    "LocationDisplayOrder": 16
  },
  {
    "ID": 23332,
    "Description": 2012,
    "LocationAbbr": "IL",
    "LocationDesc": "Illinois",
    "DataSource": "BRFSS",
    "Topic": "Obesity / Weight Status",
    "Data_Value": 7.1,
    "Sample_Size": 137,
    "Stratification1": "Asian",
    "StratificationId1": "RACEASN",
    "LocationDisplayOrder": 17
  },
  {
    "ID": 9629,
    "Description": 2012,
    "LocationAbbr": "IN",
    "LocationDesc": "Indiana",
    "DataSource": "BRFSS",
    "Topic": "Obesity / Weight Status",
    "Data_Value": 14.7,
    "Sample_Size": 61,
    "Stratification1": "Asian",
    "StratificationId1": "RACEASN",
    "LocationDisplayOrder": 18
  },
  {
    "ID": 32463,
    "Description": 2012,
    "LocationAbbr": "IA",
    "LocationDesc": "Iowa",
    "DataSource": "BRFSS",
    "Topic": "Obesity / Weight Status",
    "Data_Value": 5.4,
    "Sample_Size": 53,
    "Stratification1": "Asian",
    "StratificationId1": "RACEASN",
    "LocationDisplayOrder": 19
  },
  {
    "ID": 28506,
    "Description": 2012,
    "LocationAbbr": "KS",
    "LocationDesc": "Kansas",
    "DataSource": "BRFSS",
    "Topic": "Obesity / Weight Status",
    "Data_Value": 11,
    "Sample_Size": 111,
    "Stratification1": "Asian",
    "StratificationId1": "RACEASN",
    "LocationDisplayOrder": 20
  },
  {
    "ID": 25792,
    "Description": 2012,
    "LocationAbbr": "KY",
    "LocationDesc": "Kentucky",
    "DataSource": "BRFSS",
    "Topic": "Obesity / Weight Status",
    "Data_Value": "~",
    "Sample_Size": "~",
    "Stratification1": "Asian",
    "StratificationId1": "RACEASN",
    "LocationDisplayOrder": 21
  },
  {
    "ID": 18249,
    "Description": 2012,
    "LocationAbbr": "LA",
    "LocationDesc": "Louisiana",
    "DataSource": "BRFSS",
    "Topic": "Obesity / Weight Status",
    "Data_Value": "~",
    "Sample_Size": "~",
    "Stratification1": "Asian",
    "StratificationId1": "RACEASN",
    "LocationDisplayOrder": 22
  },
  {
    "ID": 27329,
    "Description": 2012,
    "LocationAbbr": "ME",
    "LocationDesc": "Maine",
    "DataSource": "BRFSS",
    "Topic": "Obesity / Weight Status",
    "Data_Value": "~",
    "Sample_Size": "~",
    "Stratification1": "Asian",
    "StratificationId1": "RACEASN",
    "LocationDisplayOrder": 23
  },
  {
    "ID": 20396,
    "Description": 2012,
    "LocationAbbr": "MD",
    "LocationDesc": "Maryland",
    "DataSource": "BRFSS",
    "Topic": "Obesity / Weight Status",
    "Data_Value": 8.6,
    "Sample_Size": 222,
    "Stratification1": "Asian",
    "StratificationId1": "RACEASN",
    "LocationDisplayOrder": 24
  },
  {
    "ID": 37574,
    "Description": 2012,
    "LocationAbbr": "MA",
    "LocationDesc": "Massachusetts",
    "DataSource": "BRFSS",
    "Topic": "Obesity / Weight Status",
    "Data_Value": 5.7,
    "Sample_Size": 424,
    "Stratification1": "Asian",
    "StratificationId1": "RACEASN",
    "LocationDisplayOrder": 25
  },
  {
    "ID": 33154,
    "Description": 2012,
    "LocationAbbr": "MI",
    "LocationDesc": "Michigan",
    "DataSource": "BRFSS",
    "Topic": "Obesity / Weight Status",
    "Data_Value": 14.8,
    "Sample_Size": 98,
    "Stratification1": "Asian",
    "StratificationId1": "RACEASN",
    "LocationDisplayOrder": 26
  },
  {
    "ID": 19902,
    "Description": 2012,
    "LocationAbbr": "MN",
    "LocationDesc": "Minnesota",
    "DataSource": "BRFSS",
    "Topic": "Obesity / Weight Status",
    "Data_Value": 11.7,
    "Sample_Size": 141,
    "Stratification1": "Asian",
    "StratificationId1": "RACEASN",
    "LocationDisplayOrder": 27
  },
  {
    "ID": 34223,
    "Description": 2012,
    "LocationAbbr": "MS",
    "LocationDesc": "Mississippi",
    "DataSource": "BRFSS",
    "Topic": "Obesity / Weight Status",
    "Data_Value": "~",
    "Sample_Size": "~",
    "Stratification1": "Asian",
    "StratificationId1": "RACEASN",
    "LocationDisplayOrder": 28
  },
  {
    "ID": 39276,
    "Description": 2012,
    "LocationAbbr": "MO",
    "LocationDesc": "Missouri",
    "DataSource": "BRFSS",
    "Topic": "Obesity / Weight Status",
    "Data_Value": "~",
    "Sample_Size": "~",
    "Stratification1": "Asian",
    "StratificationId1": "RACEASN",
    "LocationDisplayOrder": 29
  },
  {
    "ID": 32088,
    "Description": 2012,
    "LocationAbbr": "MT",
    "LocationDesc": "Montana",
    "DataSource": "BRFSS",
    "Topic": "Obesity / Weight Status",
    "Data_Value": "~",
    "Sample_Size": "~",
    "Stratification1": "Asian",
    "StratificationId1": "RACEASN",
    "LocationDisplayOrder": 30
  },
  {
    "ID": 31666,
    "Description": 2012,
    "LocationAbbr": "NE",
    "LocationDesc": "Nebraska",
    "DataSource": "BRFSS",
    "Topic": "Obesity / Weight Status",
    "Data_Value": 9.3,
    "Sample_Size": 94,
    "Stratification1": "Asian",
    "StratificationId1": "RACEASN",
    "LocationDisplayOrder": 31
  },
  {
    "ID": 31255,
    "Description": 2012,
    "LocationAbbr": "NV",
    "LocationDesc": "Nevada",
    "DataSource": "BRFSS",
    "Topic": "Obesity / Weight Status",
    "Data_Value": 20.7,
    "Sample_Size": 131,
    "Stratification1": "Asian",
    "StratificationId1": "RACEASN",
    "LocationDisplayOrder": 32
  },
  {
    "ID": 2088,
    "Description": 2012,
    "LocationAbbr": "NH",
    "LocationDesc": "New Hampshire",
    "DataSource": "BRFSS",
    "Topic": "Obesity / Weight Status",
    "Data_Value": 2,
    "Sample_Size": 60,
    "Stratification1": "Asian",
    "StratificationId1": "RACEASN",
    "LocationDisplayOrder": 33
  },
  {
    "ID": 38649,
    "Description": 2012,
    "LocationAbbr": "NJ",
    "LocationDesc": "New Jersey",
    "DataSource": "BRFSS",
    "Topic": "Obesity / Weight Status",
    "Data_Value": 7.9,
    "Sample_Size": 597,
    "Stratification1": "Asian",
    "StratificationId1": "RACEASN",
    "LocationDisplayOrder": 34
  },
  {
    "ID": 13811,
    "Description": 2012,
    "LocationAbbr": "NM",
    "LocationDesc": "New Mexico",
    "DataSource": "BRFSS",
    "Topic": "Obesity / Weight Status",
    "Data_Value": 6.7,
    "Sample_Size": 66,
    "Stratification1": "Asian",
    "StratificationId1": "RACEASN",
    "LocationDisplayOrder": 35
  },
  {
    "ID": 5774,
    "Description": 2012,
    "LocationAbbr": "NY",
    "LocationDesc": "New York",
    "DataSource": "BRFSS",
    "Topic": "Obesity / Weight Status",
    "Data_Value": 7.8,
    "Sample_Size": 196,
    "Stratification1": "Asian",
    "StratificationId1": "RACEASN",
    "LocationDisplayOrder": 36
  },
  {
    "ID": 6277,
    "Description": 2012,
    "LocationAbbr": "NC",
    "LocationDesc": "North Carolina",
    "DataSource": "BRFSS",
    "Topic": "Obesity / Weight Status",
    "Data_Value": 11,
    "Sample_Size": 102,
    "Stratification1": "Asian",
    "StratificationId1": "RACEASN",
    "LocationDisplayOrder": 37
  },
  {
    "ID": 15515,
    "Description": 2012,
    "LocationAbbr": "ND",
    "LocationDesc": "North Dakota",
    "DataSource": "BRFSS",
    "Topic": "Obesity / Weight Status",
    "Data_Value": "~",
    "Sample_Size": "~",
    "Stratification1": "Asian",
    "StratificationId1": "RACEASN",
    "LocationDisplayOrder": 38
  },
  {
    "ID": 35838,
    "Description": 2012,
    "LocationAbbr": "OH",
    "LocationDesc": "Ohio",
    "DataSource": "BRFSS",
    "Topic": "Obesity / Weight Status",
    "Data_Value": 9.1,
    "Sample_Size": 114,
    "Stratification1": "Asian",
    "StratificationId1": "RACEASN",
    "LocationDisplayOrder": 39
  },
  {
    "ID": 32468,
    "Description": 2012,
    "LocationAbbr": "OK",
    "LocationDesc": "Oklahoma",
    "DataSource": "BRFSS",
    "Topic": "Obesity / Weight Status",
    "Data_Value": 4.4,
    "Sample_Size": 64,
    "Stratification1": "Asian",
    "StratificationId1": "RACEASN",
    "LocationDisplayOrder": 40
  },
  {
    "ID": 31643,
    "Description": 2012,
    "LocationAbbr": "OR",
    "LocationDesc": "Oregon",
    "DataSource": "BRFSS",
    "Topic": "Obesity / Weight Status",
    "Data_Value": 12.7,
    "Sample_Size": 72,
    "Stratification1": "Asian",
    "StratificationId1": "RACEASN",
    "LocationDisplayOrder": 41
  },
  {
    "ID": 25734,
    "Description": 2012,
    "LocationAbbr": "PA",
    "LocationDesc": "Pennsylvania",
    "DataSource": "BRFSS",
    "Topic": "Obesity / Weight Status",
    "Data_Value": 9,
    "Sample_Size": 198,
    "Stratification1": "Asian",
    "StratificationId1": "RACEASN",
    "LocationDisplayOrder": 42
  },
  {
    "ID": 6245,
    "Description": 2012,
    "LocationAbbr": "RI",
    "LocationDesc": "Rhode Island",
    "DataSource": "BRFSS",
    "Topic": "Obesity / Weight Status",
    "Data_Value": 6.9,
    "Sample_Size": 54,
    "Stratification1": "Asian",
    "StratificationId1": "RACEASN",
    "LocationDisplayOrder": 44
  },
  {
    "ID": 30636,
    "Description": 2012,
    "LocationAbbr": "SC",
    "LocationDesc": "South Carolina",
    "DataSource": "BRFSS",
    "Topic": "Obesity / Weight Status",
    "Data_Value": 18.5,
    "Sample_Size": 71,
    "Stratification1": "Asian",
    "StratificationId1": "RACEASN",
    "LocationDisplayOrder": 45
  },
  {
    "ID": 16688,
    "Description": 2012,
    "LocationAbbr": "SD",
    "LocationDesc": "South Dakota",
    "DataSource": "BRFSS",
    "Topic": "Obesity / Weight Status",
    "Data_Value": "~",
    "Sample_Size": "~",
    "Stratification1": "Asian",
    "StratificationId1": "RACEASN",
    "LocationDisplayOrder": 46
  },
  {
    "ID": 37054,
    "Description": 2012,
    "LocationAbbr": "TN",
    "LocationDesc": "Tennessee",
    "DataSource": "BRFSS",
    "Topic": "Obesity / Weight Status",
    "Data_Value": "~",
    "Sample_Size": "~",
    "Stratification1": "Asian",
    "StratificationId1": "RACEASN",
    "LocationDisplayOrder": 47
  },
  {
    "ID": 11504,
    "Description": 2012,
    "LocationAbbr": "TX",
    "LocationDesc": "Texas",
    "DataSource": "BRFSS",
    "Topic": "Obesity / Weight Status",
    "Data_Value": 6.6,
    "Sample_Size": 184,
    "Stratification1": "Asian",
    "StratificationId1": "RACEASN",
    "LocationDisplayOrder": 48
  },
  {
    "ID": 21581,
    "Description": 2012,
    "LocationAbbr": "UT",
    "LocationDesc": "Utah",
    "DataSource": "BRFSS",
    "Topic": "Obesity / Weight Status",
    "Data_Value": 5.4,
    "Sample_Size": 124,
    "Stratification1": "Asian",
    "StratificationId1": "RACEASN",
    "LocationDisplayOrder": 49
  },
  {
    "ID": 34863,
    "Description": 2012,
    "LocationAbbr": "VT",
    "LocationDesc": "Vermont",
    "DataSource": "BRFSS",
    "Topic": "Obesity / Weight Status",
    "Data_Value": "~",
    "Sample_Size": "~",
    "Stratification1": "Asian",
    "StratificationId1": "RACEASN",
    "LocationDisplayOrder": 50
  },
  {
    "ID": 26894,
    "Description": 2012,
    "LocationAbbr": "VA",
    "LocationDesc": "Virginia",
    "DataSource": "BRFSS",
    "Topic": "Obesity / Weight Status",
    "Data_Value": 8.8,
    "Sample_Size": 150,
    "Stratification1": "Asian",
    "StratificationId1": "RACEASN",
    "LocationDisplayOrder": 51
  },
  {
    "ID": 9293,
    "Description": 2012,
    "LocationAbbr": "WA",
    "LocationDesc": "Washington",
    "DataSource": "BRFSS",
    "Topic": "Obesity / Weight Status",
    "Data_Value": 9.1,
    "Sample_Size": 395,
    "Stratification1": "Asian",
    "StratificationId1": "RACEASN",
    "LocationDisplayOrder": 53
  },
  {
    "ID": 1884,
    "Description": 2012,
    "LocationAbbr": "WV",
    "LocationDesc": "West Virginia",
    "DataSource": "BRFSS",
    "Topic": "Obesity / Weight Status",
    "Data_Value": "~",
    "Sample_Size": "~",
    "Stratification1": "Asian",
    "StratificationId1": "RACEASN",
    "LocationDisplayOrder": 54
  },
  {
    "ID": 4114,
    "Description": 2012,
    "LocationAbbr": "WI",
    "LocationDesc": "Wisconsin",
    "DataSource": "BRFSS",
    "Topic": "Obesity / Weight Status",
    "Data_Value": "~",
    "Sample_Size": "~",
    "Stratification1": "Asian",
    "StratificationId1": "RACEASN",
    "LocationDisplayOrder": 55
  },
  {
    "ID": 27682,
    "Description": 2012,
    "LocationAbbr": "WY",
    "LocationDesc": "Wyoming",
    "DataSource": "BRFSS",
    "Topic": "Obesity / Weight Status",
    "Data_Value": "~",
    "Sample_Size": "~",
    "Stratification1": "Asian",
    "StratificationId1": "RACEASN",
    "LocationDisplayOrder": 56
  },
  {
    "ID": "",
    "Description": "",
    "LocationAbbr": "",
    "LocationDesc": "",
    "DataSource": "",
    "Topic": "",
    "Data_Value": "",
    "Sample_Size": "",
    "Stratification1": "",
    "StratificationId1": "",
    "LocationDisplayOrder": ""
  },
  {
    "ID": "",
    "Description": "",
    "LocationAbbr": "",
    "LocationDesc": "",
    "DataSource": "",
    "Topic": "",
    "Data_Value": "",
    "Sample_Size": "",
    "Stratification1": "",
    "StratificationId1": "",
    "LocationDisplayOrder": ""
  },
  {
    "ID": "",
    "Description": "",
    "LocationAbbr": "",
    "LocationDesc": "",
    "DataSource": "",
    "Topic": "",
    "Data_Value": "",
    "Sample_Size": "",
    "Stratification1": "",
    "StratificationId1": "",
    "LocationDisplayOrder": ""
  },
  {
    "ID": "",
    "Description": "",
    "LocationAbbr": "",
    "LocationDesc": "",
    "DataSource": "",
    "Topic": "",
    "Data_Value": "",
    "Sample_Size": "",
    "Stratification1": "",
    "StratificationId1": "",
    "LocationDisplayOrder": ""
  },
  {
    "ID": "",
    "Description": "",
    "LocationAbbr": "",
    "LocationDesc": "",
    "DataSource": "",
    "Topic": "",
    "Data_Value": "",
    "Sample_Size": "",
    "Stratification1": "",
    "StratificationId1": "",
    "LocationDisplayOrder": ""
  },
  {
    "ID": "",
    "Description": "",
    "LocationAbbr": "",
    "LocationDesc": "",
    "DataSource": "",
    "Topic": "",
    "Data_Value": "",
    "Sample_Size": "",
    "Stratification1": "",
    "StratificationId1": "",
    "LocationDisplayOrder": ""
  },
  {
    "ID": "",
    "Description": "",
    "LocationAbbr": "",
    "LocationDesc": "",
    "DataSource": "",
    "Topic": "",
    "Data_Value": "",
    "Sample_Size": "",
    "Stratification1": "",
    "StratificationId1": "",
    "LocationDisplayOrder": ""
  },
  {
    "ID": "",
    "Description": "",
    "LocationAbbr": "",
    "LocationDesc": "",
    "DataSource": "",
    "Topic": "",
    "Data_Value": "",
    "Sample_Size": "",
    "Stratification1": "",
    "StratificationId1": "",
    "LocationDisplayOrder": ""
  },
  {
    "ID": "",
    "Description": "",
    "LocationAbbr": "",
    "LocationDesc": "",
    "DataSource": "",
    "Topic": "",
    "Data_Value": "",
    "Sample_Size": "",
    "Stratification1": "",
    "StratificationId1": "",
    "LocationDisplayOrder": ""
  },
  {
    "ID": "",
    "Description": "",
    "LocationAbbr": "",
    "LocationDesc": "",
    "DataSource": "",
    "Topic": "",
    "Data_Value": "",
    "Sample_Size": "",
    "Stratification1": "",
    "StratificationId1": "",
    "LocationDisplayOrder": ""
  }
]