[
  {
    "ID": 1038,
    "Description": 2012,
    "LocationAbbr": "US",
    "LocationDesc": "National",
    "DataSource": "BRFSS",
    "Topic": "Obesity / Weight Status",
    "Data_Value": 15,
    "Sample_Size": "22,549",
    "Stratification1": "18 - 24",
    "StratificationId1": "AGEYR1824",
    "LocationDisplayOrder": 0
  },
  {
    "ID": 23184,
    "Description": 2012,
    "LocationAbbr": "AL",
    "LocationDesc": "Alabama",
    "DataSource": "BRFSS",
    "Topic": "Obesity / Weight Status",
    "Data_Value": 23.9,
    "Sample_Size": 363,
    "Stratification1": "18 - 24",
    "StratificationId1": "AGEYR1824",
    "LocationDisplayOrder": 1
  },
  {
    "ID": 14499,
    "Description": 2012,
    "LocationAbbr": "AK",
    "LocationDesc": "Alaska",
    "DataSource": "BRFSS",
    "Topic": "Obesity / Weight Status",
    "Data_Value": 9,
    "Sample_Size": 287,
    "Stratification1": "18 - 24",
    "StratificationId1": "AGEYR1824",
    "LocationDisplayOrder": 2
  },
  {
    "ID": 8258,
    "Description": 2012,
    "LocationAbbr": "AZ",
    "LocationDesc": "Arizona",
    "DataSource": "BRFSS",
    "Topic": "Obesity / Weight Status",
    "Data_Value": 16.2,
    "Sample_Size": 348,
    "Stratification1": "18 - 24",
    "StratificationId1": "AGEYR1824",
    "LocationDisplayOrder": 4
  },
  {
    "ID": 17539,
    "Description": 2012,
    "LocationAbbr": "AR",
    "LocationDesc": "Arkansas",
    "DataSource": "BRFSS",
    "Topic": "Obesity / Weight Status",
    "Data_Value": 27.1,
    "Sample_Size": 209,
    "Stratification1": "18 - 24",
    "StratificationId1": "AGEYR1824",
    "LocationDisplayOrder": 5
  },
  {
    "ID": 18865,
    "Description": 2012,
    "LocationAbbr": "CA",
    "LocationDesc": "California",
    "DataSource": "BRFSS",
    "Topic": "Obesity / Weight Status",
    "Data_Value": 12.2,
    "Sample_Size": 855,
    "Stratification1": "18 - 24",
    "StratificationId1": "AGEYR1824",
    "LocationDisplayOrder": 6
  },
  {
    "ID": 28892,
    "Description": 2012,
    "LocationAbbr": "CO",
    "LocationDesc": "Colorado",
    "DataSource": "BRFSS",
    "Topic": "Obesity / Weight Status",
    "Data_Value": 11.8,
    "Sample_Size": 579,
    "Stratification1": "18 - 24",
    "StratificationId1": "AGEYR1824",
    "LocationDisplayOrder": 8
  },
  {
    "ID": 21402,
    "Description": 2012,
    "LocationAbbr": "CT",
    "LocationDesc": "Connecticut",
    "DataSource": "BRFSS",
    "Topic": "Obesity / Weight Status",
    "Data_Value": 9.6,
    "Sample_Size": 441,
    "Stratification1": "18 - 24",
    "StratificationId1": "AGEYR1824",
    "LocationDisplayOrder": 9
  },
  {
    "ID": 17844,
    "Description": 2012,
    "LocationAbbr": "DE",
    "LocationDesc": "Delaware",
    "DataSource": "BRFSS",
    "Topic": "Obesity / Weight Status",
    "Data_Value": 9.9,
    "Sample_Size": 298,
    "Stratification1": "18 - 24",
    "StratificationId1": "AGEYR1824",
    "LocationDisplayOrder": 10
  },
  {
    "ID": 21938,
    "Description": 2012,
    "LocationAbbr": "DC",
    "LocationDesc": "District of Columbia",
    "DataSource": "BRFSS",
    "Topic": "Obesity / Weight Status",
    "Data_Value": 16,
    "Sample_Size": 132,
    "Stratification1": "18 - 24",
    "StratificationId1": "AGEYR1824",
    "LocationDisplayOrder": 11
  },
  {
    "ID": 35094,
    "Description": 2012,
    "LocationAbbr": "FL",
    "LocationDesc": "Florida",
    "DataSource": "BRFSS",
    "Topic": "Obesity / Weight Status",
    "Data_Value": 13.1,
    "Sample_Size": 295,
    "Stratification1": "18 - 24",
    "StratificationId1": "AGEYR1824",
    "LocationDisplayOrder": 12
  },
  {
    "ID": 36555,
    "Description": 2012,
    "LocationAbbr": "GA",
    "LocationDesc": "Georgia",
    "DataSource": "BRFSS",
    "Topic": "Obesity / Weight Status",
    "Data_Value": 14,
    "Sample_Size": 286,
    "Stratification1": "18 - 24",
    "StratificationId1": "AGEYR1824",
    "LocationDisplayOrder": 13
  },
  {
    "ID": 16123,
    "Description": 2012,
    "LocationAbbr": "HI",
    "LocationDesc": "Hawaii",
    "DataSource": "BRFSS",
    "Topic": "Obesity / Weight Status",
    "Data_Value": 17.3,
    "Sample_Size": 613,
    "Stratification1": "18 - 24",
    "StratificationId1": "AGEYR1824",
    "LocationDisplayOrder": 15
  },
  {
    "ID": 13730,
    "Description": 2012,
    "LocationAbbr": "ID",
    "LocationDesc": "Idaho",
    "DataSource": "BRFSS",
    "Topic": "Obesity / Weight Status",
    "Data_Value": 13.3,
    "Sample_Size": 216,
    "Stratification1": "18 - 24",
    "StratificationId1": "AGEYR1824",
    "LocationDisplayOrder": 16
  },
  {
    "ID": 26587,
    "Description": 2012,
    "LocationAbbr": "IL",
    "LocationDesc": "Illinois",
    "DataSource": "BRFSS",
    "Topic": "Obesity / Weight Status",
    "Data_Value": 13.6,
    "Sample_Size": 276,
    "Stratification1": "18 - 24",
    "StratificationId1": "AGEYR1824",
    "LocationDisplayOrder": 17
  },
  {
    "ID": 30020,
    "Description": 2012,
    "LocationAbbr": "IN",
    "LocationDesc": "Indiana",
    "DataSource": "BRFSS",
    "Topic": "Obesity / Weight Status",
    "Data_Value": 19.2,
    "Sample_Size": 505,
    "Stratification1": "18 - 24",
    "StratificationId1": "AGEYR1824",
    "LocationDisplayOrder": 18
  },
  {
    "ID": 23024,
    "Description": 2012,
    "LocationAbbr": "IA",
    "LocationDesc": "Iowa",
    "DataSource": "BRFSS",
    "Topic": "Obesity / Weight Status",
    "Data_Value": 16.5,
    "Sample_Size": 353,
    "Stratification1": "18 - 24",
    "StratificationId1": "AGEYR1824",
    "LocationDisplayOrder": 19
  },
  {
    "ID": 29423,
    "Description": 2012,
    "LocationAbbr": "KS",
    "LocationDesc": "Kansas",
    "DataSource": "BRFSS",
    "Topic": "Obesity / Weight Status",
    "Data_Value": 19.6,
    "Sample_Size": 553,
    "Stratification1": "18 - 24",
    "StratificationId1": "AGEYR1824",
    "LocationDisplayOrder": 20
  },
  {
    "ID": 17384,
    "Description": 2012,
    "LocationAbbr": "KY",
    "LocationDesc": "Kentucky",
    "DataSource": "BRFSS",
    "Topic": "Obesity / Weight Status",
    "Data_Value": 17.2,
    "Sample_Size": 478,
    "Stratification1": "18 - 24",
    "StratificationId1": "AGEYR1824",
    "LocationDisplayOrder": 21
  },
  {
    "ID": 6911,
    "Description": 2012,
    "LocationAbbr": "LA",
    "LocationDesc": "Louisiana",
    "DataSource": "BRFSS",
    "Topic": "Obesity / Weight Status",
    "Data_Value": 19.6,
    "Sample_Size": 360,
    "Stratification1": "18 - 24",
    "StratificationId1": "AGEYR1824",
    "LocationDisplayOrder": 22
  },
  {
    "ID": 17967,
    "Description": 2012,
    "LocationAbbr": "ME",
    "LocationDesc": "Maine",
    "DataSource": "BRFSS",
    "Topic": "Obesity / Weight Status",
    "Data_Value": 14.4,
    "Sample_Size": 406,
    "Stratification1": "18 - 24",
    "StratificationId1": "AGEYR1824",
    "LocationDisplayOrder": 23
  },
  {
    "ID": 33441,
    "Description": 2012,
    "LocationAbbr": "MD",
    "LocationDesc": "Maryland",
    "DataSource": "BRFSS",
    "Topic": "Obesity / Weight Status",
    "Data_Value": 11.2,
    "Sample_Size": 320,
    "Stratification1": "18 - 24",
    "StratificationId1": "AGEYR1824",
    "LocationDisplayOrder": 24
  },
  {
    "ID": 36808,
    "Description": 2012,
    "LocationAbbr": "MA",
    "LocationDesc": "Massachusetts",
    "DataSource": "BRFSS",
    "Topic": "Obesity / Weight Status",
    "Data_Value": 13.1,
    "Sample_Size": "1,028",
    "Stratification1": "18 - 24",
    "StratificationId1": "AGEYR1824",
    "LocationDisplayOrder": 25
  },
  {
    "ID": 10865,
    "Description": 2012,
    "LocationAbbr": "MI",
    "LocationDesc": "Michigan",
    "DataSource": "BRFSS",
    "Topic": "Obesity / Weight Status",
    "Data_Value": 18.9,
    "Sample_Size": 563,
    "Stratification1": "18 - 24",
    "StratificationId1": "AGEYR1824",
    "LocationDisplayOrder": 26
  },
  {
    "ID": 6469,
    "Description": 2012,
    "LocationAbbr": "MN",
    "LocationDesc": "Minnesota",
    "DataSource": "BRFSS",
    "Topic": "Obesity / Weight Status",
    "Data_Value": 14.2,
    "Sample_Size": 637,
    "Stratification1": "18 - 24",
    "StratificationId1": "AGEYR1824",
    "LocationDisplayOrder": 27
  },
  {
    "ID": 4372,
    "Description": 2012,
    "LocationAbbr": "MS",
    "LocationDesc": "Mississippi",
    "DataSource": "BRFSS",
    "Topic": "Obesity / Weight Status",
    "Data_Value": 22.4,
    "Sample_Size": 315,
    "Stratification1": "18 - 24",
    "StratificationId1": "AGEYR1824",
    "LocationDisplayOrder": 28
  },
  {
    "ID": 8412,
    "Description": 2012,
    "LocationAbbr": "MO",
    "LocationDesc": "Missouri",
    "DataSource": "BRFSS",
    "Topic": "Obesity / Weight Status",
    "Data_Value": 14.7,
    "Sample_Size": 315,
    "Stratification1": "18 - 24",
    "StratificationId1": "AGEYR1824",
    "LocationDisplayOrder": 29
  },
  {
    "ID": 20687,
    "Description": 2012,
    "LocationAbbr": "MT",
    "LocationDesc": "Montana",
    "DataSource": "BRFSS",
    "Topic": "Obesity / Weight Status",
    "Data_Value": 14.1,
    "Sample_Size": 444,
    "Stratification1": "18 - 24",
    "StratificationId1": "AGEYR1824",
    "LocationDisplayOrder": 30
  },
  {
    "ID": 33084,
    "Description": 2012,
    "LocationAbbr": "NE",
    "LocationDesc": "Nebraska",
    "DataSource": "BRFSS",
    "Topic": "Obesity / Weight Status",
    "Data_Value": 16.6,
    "Sample_Size": 963,
    "Stratification1": "18 - 24",
    "StratificationId1": "AGEYR1824",
    "LocationDisplayOrder": 31
  },
  {
    "ID": 33540,
    "Description": 2012,
    "LocationAbbr": "NV",
    "LocationDesc": "Nevada",
    "DataSource": "BRFSS",
    "Topic": "Obesity / Weight Status",
    "Data_Value": 12.2,
    "Sample_Size": 252,
    "Stratification1": "18 - 24",
    "StratificationId1": "AGEYR1824",
    "LocationDisplayOrder": 32
  },
  {
    "ID": 33314,
    "Description": 2012,
    "LocationAbbr": "NH",
    "LocationDesc": "New Hampshire",
    "DataSource": "BRFSS",
    "Topic": "Obesity / Weight Status",
    "Data_Value": 14.9,
    "Sample_Size": 237,
    "Stratification1": "18 - 24",
    "StratificationId1": "AGEYR1824",
    "LocationDisplayOrder": 33
  },
  {
    "ID": 34331,
    "Description": 2012,
    "LocationAbbr": "NJ",
    "LocationDesc": "New Jersey",
    "DataSource": "BRFSS",
    "Topic": "Obesity / Weight Status",
    "Data_Value": 12.6,
    "Sample_Size": 673,
    "Stratification1": "18 - 24",
    "StratificationId1": "AGEYR1824",
    "LocationDisplayOrder": 34
  },
  {
    "ID": 24327,
    "Description": 2012,
    "LocationAbbr": "NM",
    "LocationDesc": "New Mexico",
    "DataSource": "BRFSS",
    "Topic": "Obesity / Weight Status",
    "Data_Value": 17.7,
    "Sample_Size": 535,
    "Stratification1": "18 - 24",
    "StratificationId1": "AGEYR1824",
    "LocationDisplayOrder": 35
  },
  {
    "ID": 39142,
    "Description": 2012,
    "LocationAbbr": "NY",
    "LocationDesc": "New York",
    "DataSource": "BRFSS",
    "Topic": "Obesity / Weight Status",
    "Data_Value": 12.7,
    "Sample_Size": 403,
    "Stratification1": "18 - 24",
    "StratificationId1": "AGEYR1824",
    "LocationDisplayOrder": 36
  },
  {
    "ID": 17966,
    "Description": 2012,
    "LocationAbbr": "NC",
    "LocationDesc": "North Carolina",
    "DataSource": "BRFSS",
    "Topic": "Obesity / Weight Status",
    "Data_Value": 20.1,
    "Sample_Size": 626,
    "Stratification1": "18 - 24",
    "StratificationId1": "AGEYR1824",
    "LocationDisplayOrder": 37
  },
  {
    "ID": 4286,
    "Description": 2012,
    "LocationAbbr": "ND",
    "LocationDesc": "North Dakota",
    "DataSource": "BRFSS",
    "Topic": "Obesity / Weight Status",
    "Data_Value": 18.1,
    "Sample_Size": 233,
    "Stratification1": "18 - 24",
    "StratificationId1": "AGEYR1824",
    "LocationDisplayOrder": 38
  },
  {
    "ID": 11615,
    "Description": 2012,
    "LocationAbbr": "OH",
    "LocationDesc": "Ohio",
    "DataSource": "BRFSS",
    "Topic": "Obesity / Weight Status",
    "Data_Value": 14,
    "Sample_Size": 583,
    "Stratification1": "18 - 24",
    "StratificationId1": "AGEYR1824",
    "LocationDisplayOrder": 39
  },
  {
    "ID": 10812,
    "Description": 2012,
    "LocationAbbr": "OK",
    "LocationDesc": "Oklahoma",
    "DataSource": "BRFSS",
    "Topic": "Obesity / Weight Status",
    "Data_Value": 25.2,
    "Sample_Size": 363,
    "Stratification1": "18 - 24",
    "StratificationId1": "AGEYR1824",
    "LocationDisplayOrder": 40
  },
  {
    "ID": 8081,
    "Description": 2012,
    "LocationAbbr": "OR",
    "LocationDesc": "Oregon",
    "DataSource": "BRFSS",
    "Topic": "Obesity / Weight Status",
    "Data_Value": 12.9,
    "Sample_Size": 241,
    "Stratification1": "18 - 24",
    "StratificationId1": "AGEYR1824",
    "LocationDisplayOrder": 41
  },
  {
    "ID": 10760,
    "Description": 2012,
    "LocationAbbr": "PA",
    "LocationDesc": "Pennsylvania",
    "DataSource": "BRFSS",
    "Topic": "Obesity / Weight Status",
    "Data_Value": 18.5,
    "Sample_Size": 991,
    "Stratification1": "18 - 24",
    "StratificationId1": "AGEYR1824",
    "LocationDisplayOrder": 42
  },
  {
    "ID": 3022,
    "Description": 2012,
    "LocationAbbr": "RI",
    "LocationDesc": "Rhode Island",
    "DataSource": "BRFSS",
    "Topic": "Obesity / Weight Status",
    "Data_Value": 13.7,
    "Sample_Size": 235,
    "Stratification1": "18 - 24",
    "StratificationId1": "AGEYR1824",
    "LocationDisplayOrder": 44
  },
  {
    "ID": 30575,
    "Description": 2012,
    "LocationAbbr": "SC",
    "LocationDesc": "South Carolina",
    "DataSource": "BRFSS",
    "Topic": "Obesity / Weight Status",
    "Data_Value": 18.6,
    "Sample_Size": 595,
    "Stratification1": "18 - 24",
    "StratificationId1": "AGEYR1824",
    "LocationDisplayOrder": 45
  },
  {
    "ID": 20263,
    "Description": 2012,
    "LocationAbbr": "SD",
    "LocationDesc": "South Dakota",
    "DataSource": "BRFSS",
    "Topic": "Obesity / Weight Status",
    "Data_Value": 15.7,
    "Sample_Size": 476,
    "Stratification1": "18 - 24",
    "StratificationId1": "AGEYR1824",
    "LocationDisplayOrder": 46
  },
  {
    "ID": 9776,
    "Description": 2012,
    "LocationAbbr": "TN",
    "LocationDesc": "Tennessee",
    "DataSource": "BRFSS",
    "Topic": "Obesity / Weight Status",
    "Data_Value": 14.7,
    "Sample_Size": 278,
    "Stratification1": "18 - 24",
    "StratificationId1": "AGEYR1824",
    "LocationDisplayOrder": 47
  },
  {
    "ID": 29933,
    "Description": 2012,
    "LocationAbbr": "TX",
    "LocationDesc": "Texas",
    "DataSource": "BRFSS",
    "Topic": "Obesity / Weight Status",
    "Data_Value": 13.9,
    "Sample_Size": 546,
    "Stratification1": "18 - 24",
    "StratificationId1": "AGEYR1824",
    "LocationDisplayOrder": 48
  },
  {
    "ID": 14154,
    "Description": 2012,
    "LocationAbbr": "UT",
    "LocationDesc": "Utah",
    "DataSource": "BRFSS",
    "Topic": "Obesity / Weight Status",
    "Data_Value": 12.2,
    "Sample_Size": 799,
    "Stratification1": "18 - 24",
    "StratificationId1": "AGEYR1824",
    "LocationDisplayOrder": 49
  },
  {
    "ID": 7299,
    "Description": 2012,
    "LocationAbbr": "VT",
    "LocationDesc": "Vermont",
    "DataSource": "BRFSS",
    "Topic": "Obesity / Weight Status",
    "Data_Value": 15,
    "Sample_Size": 266,
    "Stratification1": "18 - 24",
    "StratificationId1": "AGEYR1824",
    "LocationDisplayOrder": 50
  },
  {
    "ID": 33846,
    "Description": 2012,
    "LocationAbbr": "VA",
    "LocationDesc": "Virginia",
    "DataSource": "BRFSS",
    "Topic": "Obesity / Weight Status",
    "Data_Value": 13.9,
    "Sample_Size": 320,
    "Stratification1": "18 - 24",
    "StratificationId1": "AGEYR1824",
    "LocationDisplayOrder": 51
  },
  {
    "ID": 14219,
    "Description": 2012,
    "LocationAbbr": "WA",
    "LocationDesc": "Washington",
    "DataSource": "BRFSS",
    "Topic": "Obesity / Weight Status",
    "Data_Value": 14.3,
    "Sample_Size": 730,
    "Stratification1": "18 - 24",
    "StratificationId1": "AGEYR1824",
    "LocationDisplayOrder": 53
  },
  {
    "ID": 1346,
    "Description": 2012,
    "LocationAbbr": "WV",
    "LocationDesc": "West Virginia",
    "DataSource": "BRFSS",
    "Topic": "Obesity / Weight Status",
    "Data_Value": 26.1,
    "Sample_Size": 276,
    "Stratification1": "18 - 24",
    "StratificationId1": "AGEYR1824",
    "LocationDisplayOrder": 54
  },
  {
    "ID": 1338,
    "Description": 2012,
    "LocationAbbr": "WI",
    "LocationDesc": "Wisconsin",
    "DataSource": "BRFSS",
    "Topic": "Obesity / Weight Status",
    "Data_Value": 16.9,
    "Sample_Size": 251,
    "Stratification1": "18 - 24",
    "StratificationId1": "AGEYR1824",
    "LocationDisplayOrder": 55
  },
  {
    "ID": 31935,
    "Description": 2012,
    "LocationAbbr": "WY",
    "LocationDesc": "Wyoming",
    "DataSource": "BRFSS",
    "Topic": "Obesity / Weight Status",
    "Data_Value": 14.6,
    "Sample_Size": 202,
    "Stratification1": "18 - 24",
    "StratificationId1": "AGEYR1824",
    "LocationDisplayOrder": 56
  },
  {
    "ID": "",
    "Description": "",
    "LocationAbbr": "",
    "LocationDesc": "",
    "DataSource": "",
    "Topic": "",
    "Data_Value": "",
    "Sample_Size": "",
    "Stratification1": "",
    "StratificationId1": "",
    "LocationDisplayOrder": ""
  },
  {
    "ID": "",
    "Description": "",
    "LocationAbbr": "",
    "LocationDesc": "",
    "DataSource": "",
    "Topic": "",
    "Data_Value": "",
    "Sample_Size": "",
    "Stratification1": "",
    "StratificationId1": "",
    "LocationDisplayOrder": ""
  },
  {
    "ID": "",
    "Description": "",
    "LocationAbbr": "",
    "LocationDesc": "",
    "DataSource": "",
    "Topic": "",
    "Data_Value": "",
    "Sample_Size": "",
    "Stratification1": "",
    "StratificationId1": "",
    "LocationDisplayOrder": ""
  },
  {
    "ID": "",
    "Description": "",
    "LocationAbbr": "",
    "LocationDesc": "",
    "DataSource": "",
    "Topic": "",
    "Data_Value": "",
    "Sample_Size": "",
    "Stratification1": "",
    "StratificationId1": "",
    "LocationDisplayOrder": ""
  },
  {
    "ID": "",
    "Description": "",
    "LocationAbbr": "",
    "LocationDesc": "",
    "DataSource": "",
    "Topic": "",
    "Data_Value": "",
    "Sample_Size": "",
    "Stratification1": "",
    "StratificationId1": "",
    "LocationDisplayOrder": ""
  },
  {
    "ID": "",
    "Description": "",
    "LocationAbbr": "",
    "LocationDesc": "",
    "DataSource": "",
    "Topic": "",
    "Data_Value": "",
    "Sample_Size": "",
    "Stratification1": "",
    "StratificationId1": "",
    "LocationDisplayOrder": ""
  },
  {
    "ID": "",
    "Description": "",
    "LocationAbbr": "",
    "LocationDesc": "",
    "DataSource": "",
    "Topic": "",
    "Data_Value": "",
    "Sample_Size": "",
    "Stratification1": "",
    "StratificationId1": "",
    "LocationDisplayOrder": ""
  },
  {
    "ID": "",
    "Description": "",
    "LocationAbbr": "",
    "LocationDesc": "",
    "DataSource": "",
    "Topic": "",
    "Data_Value": "",
    "Sample_Size": "",
    "Stratification1": "",
    "StratificationId1": "",
    "LocationDisplayOrder": ""
  },
  {
    "ID": "",
    "Description": "",
    "LocationAbbr": "",
    "LocationDesc": "",
    "DataSource": "",
    "Topic": "",
    "Data_Value": "",
    "Sample_Size": "",
    "Stratification1": "",
    "StratificationId1": "",
    "LocationDisplayOrder": ""
  }
]