[
  {
    "ID": 960,
    "Description": 2012,
    "LocationAbbr": "US",
    "LocationDesc": "National",
    "DataSource": "BRFSS",
    "Topic": "Obesity / Weight Status",
    "Data_Value": 28,
    "Sample_Size": "185,040",
    "Stratification1": "Male",
    "StratificationId1": "MALE",
    "LocationDisplayOrder": 0
  },
  {
    "ID": 27462,
    "Description": 2012,
    "LocationAbbr": "AL",
    "LocationDesc": "Alabama",
    "DataSource": "BRFSS",
    "Topic": "Obesity / Weight Status",
    "Data_Value": 31.8,
    "Sample_Size": "3,016",
    "Stratification1": "Male",
    "StratificationId1": "MALE",
    "LocationDisplayOrder": 1
  },
  {
    "ID": 24412,
    "Description": 2012,
    "LocationAbbr": "AK",
    "LocationDesc": "Alaska",
    "DataSource": "BRFSS",
    "Topic": "Obesity / Weight Status",
    "Data_Value": 25.9,
    "Sample_Size": "1,957",
    "Stratification1": "Male",
    "StratificationId1": "MALE",
    "LocationDisplayOrder": 2
  },
  {
    "ID": 20257,
    "Description": 2012,
    "LocationAbbr": "AZ",
    "LocationDesc": "Arizona",
    "DataSource": "BRFSS",
    "Topic": "Obesity / Weight Status",
    "Data_Value": 26.4,
    "Sample_Size": "2,948",
    "Stratification1": "Male",
    "StratificationId1": "MALE",
    "LocationDisplayOrder": 4
  },
  {
    "ID": 30392,
    "Description": 2012,
    "LocationAbbr": "AR",
    "LocationDesc": "Arkansas",
    "DataSource": "BRFSS",
    "Topic": "Obesity / Weight Status",
    "Data_Value": 34,
    "Sample_Size": "1,937",
    "Stratification1": "Male",
    "StratificationId1": "MALE",
    "LocationDisplayOrder": 5
  },
  {
    "ID": 32914,
    "Description": 2012,
    "LocationAbbr": "CA",
    "LocationDesc": "California",
    "DataSource": "BRFSS",
    "Topic": "Obesity / Weight Status",
    "Data_Value": 26.2,
    "Sample_Size": "5,952",
    "Stratification1": "Male",
    "StratificationId1": "MALE",
    "LocationDisplayOrder": 6
  },
  {
    "ID": 5962,
    "Description": 2012,
    "LocationAbbr": "CO",
    "LocationDesc": "Colorado",
    "DataSource": "BRFSS",
    "Topic": "Obesity / Weight Status",
    "Data_Value": 21.1,
    "Sample_Size": "5,244",
    "Stratification1": "Male",
    "StratificationId1": "MALE",
    "LocationDisplayOrder": 8
  },
  {
    "ID": 2996,
    "Description": 2012,
    "LocationAbbr": "CT",
    "LocationDesc": "Connecticut",
    "DataSource": "BRFSS",
    "Topic": "Obesity / Weight Status",
    "Data_Value": 27.1,
    "Sample_Size": "3,591",
    "Stratification1": "Male",
    "StratificationId1": "MALE",
    "LocationDisplayOrder": 9
  },
  {
    "ID": 18879,
    "Description": 2012,
    "LocationAbbr": "DE",
    "LocationDesc": "Delaware",
    "DataSource": "BRFSS",
    "Topic": "Obesity / Weight Status",
    "Data_Value": 26,
    "Sample_Size": "1,986",
    "Stratification1": "Male",
    "StratificationId1": "MALE",
    "LocationDisplayOrder": 10
  },
  {
    "ID": 23693,
    "Description": 2012,
    "LocationAbbr": "DC",
    "LocationDesc": "District of Columbia",
    "DataSource": "BRFSS",
    "Topic": "Obesity / Weight Status",
    "Data_Value": 17.9,
    "Sample_Size": "1,499",
    "Stratification1": "Male",
    "StratificationId1": "MALE",
    "LocationDisplayOrder": 11
  },
  {
    "ID": 11481,
    "Description": 2012,
    "LocationAbbr": "FL",
    "LocationDesc": "Florida",
    "DataSource": "BRFSS",
    "Topic": "Obesity / Weight Status",
    "Data_Value": 26.5,
    "Sample_Size": "2,997",
    "Stratification1": "Male",
    "StratificationId1": "MALE",
    "LocationDisplayOrder": 12
  },
  {
    "ID": 18441,
    "Description": 2012,
    "LocationAbbr": "GA",
    "LocationDesc": "Georgia",
    "DataSource": "BRFSS",
    "Topic": "Obesity / Weight Status",
    "Data_Value": 27.7,
    "Sample_Size": "2,217",
    "Stratification1": "Male",
    "StratificationId1": "MALE",
    "LocationDisplayOrder": 13
  },
  {
    "ID": 16876,
    "Description": 2012,
    "LocationAbbr": "HI",
    "LocationDesc": "Hawaii",
    "DataSource": "BRFSS",
    "Topic": "Obesity / Weight Status",
    "Data_Value": 26.8,
    "Sample_Size": "3,490",
    "Stratification1": "Male",
    "StratificationId1": "MALE",
    "LocationDisplayOrder": 15
  },
  {
    "ID": 20353,
    "Description": 2012,
    "LocationAbbr": "ID",
    "LocationDesc": "Idaho",
    "DataSource": "BRFSS",
    "Topic": "Obesity / Weight Status",
    "Data_Value": 27.3,
    "Sample_Size": "2,321",
    "Stratification1": "Male",
    "StratificationId1": "MALE",
    "LocationDisplayOrder": 16
  },
  {
    "ID": 8953,
    "Description": 2012,
    "LocationAbbr": "IL",
    "LocationDesc": "Illinois",
    "DataSource": "BRFSS",
    "Topic": "Obesity / Weight Status",
    "Data_Value": 28.3,
    "Sample_Size": "2,213",
    "Stratification1": "Male",
    "StratificationId1": "MALE",
    "LocationDisplayOrder": 17
  },
  {
    "ID": 25302,
    "Description": 2012,
    "LocationAbbr": "IN",
    "LocationDesc": "Indiana",
    "DataSource": "BRFSS",
    "Topic": "Obesity / Weight Status",
    "Data_Value": 31.8,
    "Sample_Size": "3,349",
    "Stratification1": "Male",
    "StratificationId1": "MALE",
    "LocationDisplayOrder": 18
  },
  {
    "ID": 33424,
    "Description": 2012,
    "LocationAbbr": "IA",
    "LocationDesc": "Iowa",
    "DataSource": "BRFSS",
    "Topic": "Obesity / Weight Status",
    "Data_Value": 31.5,
    "Sample_Size": "2,900",
    "Stratification1": "Male",
    "StratificationId1": "MALE",
    "LocationDisplayOrder": 19
  },
  {
    "ID": 22970,
    "Description": 2012,
    "LocationAbbr": "KS",
    "LocationDesc": "Kansas",
    "DataSource": "BRFSS",
    "Topic": "Obesity / Weight Status",
    "Data_Value": 30.6,
    "Sample_Size": "4,606",
    "Stratification1": "Male",
    "StratificationId1": "MALE",
    "LocationDisplayOrder": 20
  },
  {
    "ID": 7071,
    "Description": 2012,
    "LocationAbbr": "KY",
    "LocationDesc": "Kentucky",
    "DataSource": "BRFSS",
    "Topic": "Obesity / Weight Status",
    "Data_Value": 31.5,
    "Sample_Size": "3,901",
    "Stratification1": "Male",
    "StratificationId1": "MALE",
    "LocationDisplayOrder": 21
  },
  {
    "ID": 34028,
    "Description": 2012,
    "LocationAbbr": "LA",
    "LocationDesc": "Louisiana",
    "DataSource": "BRFSS",
    "Topic": "Obesity / Weight Status",
    "Data_Value": 33.5,
    "Sample_Size": "2,909",
    "Stratification1": "Male",
    "StratificationId1": "MALE",
    "LocationDisplayOrder": 22
  },
  {
    "ID": 33032,
    "Description": 2012,
    "LocationAbbr": "ME",
    "LocationDesc": "Maine",
    "DataSource": "BRFSS",
    "Topic": "Obesity / Weight Status",
    "Data_Value": 30.1,
    "Sample_Size": "4,135",
    "Stratification1": "Male",
    "StratificationId1": "MALE",
    "LocationDisplayOrder": 23
  },
  {
    "ID": 34489,
    "Description": 2012,
    "LocationAbbr": "MD",
    "LocationDesc": "Maryland",
    "DataSource": "BRFSS",
    "Topic": "Obesity / Weight Status",
    "Data_Value": 26.5,
    "Sample_Size": "4,759",
    "Stratification1": "Male",
    "StratificationId1": "MALE",
    "LocationDisplayOrder": 24
  },
  {
    "ID": 25261,
    "Description": 2012,
    "LocationAbbr": "MA",
    "LocationDesc": "Massachusetts",
    "DataSource": "BRFSS",
    "Topic": "Obesity / Weight Status",
    "Data_Value": 24.6,
    "Sample_Size": "8,322",
    "Stratification1": "Male",
    "StratificationId1": "MALE",
    "LocationDisplayOrder": 25
  },
  {
    "ID": 20397,
    "Description": 2012,
    "LocationAbbr": "MI",
    "LocationDesc": "Michigan",
    "DataSource": "BRFSS",
    "Topic": "Obesity / Weight Status",
    "Data_Value": 31.5,
    "Sample_Size": "4,121",
    "Stratification1": "Male",
    "StratificationId1": "MALE",
    "LocationDisplayOrder": 26
  },
  {
    "ID": 21619,
    "Description": 2012,
    "LocationAbbr": "MN",
    "LocationDesc": "Minnesota",
    "DataSource": "BRFSS",
    "Topic": "Obesity / Weight Status",
    "Data_Value": 27.8,
    "Sample_Size": "5,095",
    "Stratification1": "Male",
    "StratificationId1": "MALE",
    "LocationDisplayOrder": 27
  },
  {
    "ID": 27929,
    "Description": 2012,
    "LocationAbbr": "MS",
    "LocationDesc": "Mississippi",
    "DataSource": "BRFSS",
    "Topic": "Obesity / Weight Status",
    "Data_Value": 31.8,
    "Sample_Size": "2,698",
    "Stratification1": "Male",
    "StratificationId1": "MALE",
    "LocationDisplayOrder": 28
  },
  {
    "ID": 32420,
    "Description": 2012,
    "LocationAbbr": "MO",
    "LocationDesc": "Missouri",
    "DataSource": "BRFSS",
    "Topic": "Obesity / Weight Status",
    "Data_Value": 29.6,
    "Sample_Size": "2,598",
    "Stratification1": "Male",
    "StratificationId1": "MALE",
    "LocationDisplayOrder": 29
  },
  {
    "ID": 34633,
    "Description": 2012,
    "LocationAbbr": "MT",
    "LocationDesc": "Montana",
    "DataSource": "BRFSS",
    "Topic": "Obesity / Weight Status",
    "Data_Value": 25.2,
    "Sample_Size": "3,746",
    "Stratification1": "Male",
    "StratificationId1": "MALE",
    "LocationDisplayOrder": 30
  },
  {
    "ID": 37127,
    "Description": 2012,
    "LocationAbbr": "NE",
    "LocationDesc": "Nebraska",
    "DataSource": "BRFSS",
    "Topic": "Obesity / Weight Status",
    "Data_Value": 29.2,
    "Sample_Size": "7,781",
    "Stratification1": "Male",
    "StratificationId1": "MALE",
    "LocationDisplayOrder": 31
  },
  {
    "ID": 20393,
    "Description": 2012,
    "LocationAbbr": "NV",
    "LocationDesc": "Nevada",
    "DataSource": "BRFSS",
    "Topic": "Obesity / Weight Status",
    "Data_Value": 26.5,
    "Sample_Size": "1,988",
    "Stratification1": "Male",
    "StratificationId1": "MALE",
    "LocationDisplayOrder": 32
  },
  {
    "ID": 32355,
    "Description": 2012,
    "LocationAbbr": "NH",
    "LocationDesc": "New Hampshire",
    "DataSource": "BRFSS",
    "Topic": "Obesity / Weight Status",
    "Data_Value": 28.9,
    "Sample_Size": "3,085",
    "Stratification1": "Male",
    "StratificationId1": "MALE",
    "LocationDisplayOrder": 33
  },
  {
    "ID": 33929,
    "Description": 2012,
    "LocationAbbr": "NJ",
    "LocationDesc": "New Jersey",
    "DataSource": "BRFSS",
    "Topic": "Obesity / Weight Status",
    "Data_Value": 26.3,
    "Sample_Size": "6,104",
    "Stratification1": "Male",
    "StratificationId1": "MALE",
    "LocationDisplayOrder": 34
  },
  {
    "ID": 33516,
    "Description": 2012,
    "LocationAbbr": "NM",
    "LocationDesc": "New Mexico",
    "DataSource": "BRFSS",
    "Topic": "Obesity / Weight Status",
    "Data_Value": 26.7,
    "Sample_Size": "3,546",
    "Stratification1": "Male",
    "StratificationId1": "MALE",
    "LocationDisplayOrder": 35
  },
  {
    "ID": 21435,
    "Description": 2012,
    "LocationAbbr": "NY",
    "LocationDesc": "New York",
    "DataSource": "BRFSS",
    "Topic": "Obesity / Weight Status",
    "Data_Value": 24.3,
    "Sample_Size": "2,402",
    "Stratification1": "Male",
    "StratificationId1": "MALE",
    "LocationDisplayOrder": 36
  },
  {
    "ID": 7664,
    "Description": 2012,
    "LocationAbbr": "NC",
    "LocationDesc": "North Carolina",
    "DataSource": "BRFSS",
    "Topic": "Obesity / Weight Status",
    "Data_Value": 29.5,
    "Sample_Size": "4,530",
    "Stratification1": "Male",
    "StratificationId1": "MALE",
    "LocationDisplayOrder": 37
  },
  {
    "ID": 3861,
    "Description": 2012,
    "LocationAbbr": "ND",
    "LocationDesc": "North Dakota",
    "DataSource": "BRFSS",
    "Topic": "Obesity / Weight Status",
    "Data_Value": 32.3,
    "Sample_Size": "2,110",
    "Stratification1": "Male",
    "StratificationId1": "MALE",
    "LocationDisplayOrder": 38
  },
  {
    "ID": 19554,
    "Description": 2012,
    "LocationAbbr": "OH",
    "LocationDesc": "Ohio",
    "DataSource": "BRFSS",
    "Topic": "Obesity / Weight Status",
    "Data_Value": 30.5,
    "Sample_Size": "5,035",
    "Stratification1": "Male",
    "StratificationId1": "MALE",
    "LocationDisplayOrder": 39
  },
  {
    "ID": 20088,
    "Description": 2012,
    "LocationAbbr": "OK",
    "LocationDesc": "Oklahoma",
    "DataSource": "BRFSS",
    "Topic": "Obesity / Weight Status",
    "Data_Value": 33.1,
    "Sample_Size": "3,191",
    "Stratification1": "Male",
    "StratificationId1": "MALE",
    "LocationDisplayOrder": 40
  },
  {
    "ID": 39074,
    "Description": 2012,
    "LocationAbbr": "OR",
    "LocationDesc": "Oregon",
    "DataSource": "BRFSS",
    "Topic": "Obesity / Weight Status",
    "Data_Value": 27.4,
    "Sample_Size": "2,102",
    "Stratification1": "Male",
    "StratificationId1": "MALE",
    "LocationDisplayOrder": 41
  },
  {
    "ID": 8799,
    "Description": 2012,
    "LocationAbbr": "PA",
    "LocationDesc": "Pennsylvania",
    "DataSource": "BRFSS",
    "Topic": "Obesity / Weight Status",
    "Data_Value": 28.9,
    "Sample_Size": "8,165",
    "Stratification1": "Male",
    "StratificationId1": "MALE",
    "LocationDisplayOrder": 42
  },
  {
    "ID": 37678,
    "Description": 2012,
    "LocationAbbr": "RI",
    "LocationDesc": "Rhode Island",
    "DataSource": "BRFSS",
    "Topic": "Obesity / Weight Status",
    "Data_Value": 27.8,
    "Sample_Size": "2,088",
    "Stratification1": "Male",
    "StratificationId1": "MALE",
    "LocationDisplayOrder": 44
  },
  {
    "ID": 38534,
    "Description": 2012,
    "LocationAbbr": "SC",
    "LocationDesc": "South Carolina",
    "DataSource": "BRFSS",
    "Topic": "Obesity / Weight Status",
    "Data_Value": 30.1,
    "Sample_Size": "4,918",
    "Stratification1": "Male",
    "StratificationId1": "MALE",
    "LocationDisplayOrder": 45
  },
  {
    "ID": 27866,
    "Description": 2012,
    "LocationAbbr": "SD",
    "LocationDesc": "South Dakota",
    "DataSource": "BRFSS",
    "Topic": "Obesity / Weight Status",
    "Data_Value": 28.7,
    "Sample_Size": "3,321",
    "Stratification1": "Male",
    "StratificationId1": "MALE",
    "LocationDisplayOrder": 46
  },
  {
    "ID": 31195,
    "Description": 2012,
    "LocationAbbr": "TN",
    "LocationDesc": "Tennessee",
    "DataSource": "BRFSS",
    "Topic": "Obesity / Weight Status",
    "Data_Value": 30.4,
    "Sample_Size": "2,479",
    "Stratification1": "Male",
    "StratificationId1": "MALE",
    "LocationDisplayOrder": 47
  },
  {
    "ID": 23418,
    "Description": 2012,
    "LocationAbbr": "TX",
    "LocationDesc": "Texas",
    "DataSource": "BRFSS",
    "Topic": "Obesity / Weight Status",
    "Data_Value": 28.5,
    "Sample_Size": "3,640",
    "Stratification1": "Male",
    "StratificationId1": "MALE",
    "LocationDisplayOrder": 48
  },
  {
    "ID": 34616,
    "Description": 2012,
    "LocationAbbr": "UT",
    "LocationDesc": "Utah",
    "DataSource": "BRFSS",
    "Topic": "Obesity / Weight Status",
    "Data_Value": 24.6,
    "Sample_Size": "5,178",
    "Stratification1": "Male",
    "StratificationId1": "MALE",
    "LocationDisplayOrder": 49
  },
  {
    "ID": 10123,
    "Description": 2012,
    "LocationAbbr": "VT",
    "LocationDesc": "Vermont",
    "DataSource": "BRFSS",
    "Topic": "Obesity / Weight Status",
    "Data_Value": 24.4,
    "Sample_Size": "2,499",
    "Stratification1": "Male",
    "StratificationId1": "MALE",
    "LocationDisplayOrder": 50
  },
  {
    "ID": 3027,
    "Description": 2012,
    "LocationAbbr": "VA",
    "LocationDesc": "Virginia",
    "DataSource": "BRFSS",
    "Topic": "Obesity / Weight Status",
    "Data_Value": 27.3,
    "Sample_Size": "2,957",
    "Stratification1": "Male",
    "StratificationId1": "MALE",
    "LocationDisplayOrder": 51
  },
  {
    "ID": 6946,
    "Description": 2012,
    "LocationAbbr": "WA",
    "LocationDesc": "Washington",
    "DataSource": "BRFSS",
    "Topic": "Obesity / Weight Status",
    "Data_Value": 27.3,
    "Sample_Size": "6,448",
    "Stratification1": "Male",
    "StratificationId1": "MALE",
    "LocationDisplayOrder": 53
  },
  {
    "ID": 7055,
    "Description": 2012,
    "LocationAbbr": "WV",
    "LocationDesc": "West Virginia",
    "DataSource": "BRFSS",
    "Topic": "Obesity / Weight Status",
    "Data_Value": 34.5,
    "Sample_Size": "2,238",
    "Stratification1": "Male",
    "StratificationId1": "MALE",
    "LocationDisplayOrder": 54
  },
  {
    "ID": 25537,
    "Description": 2012,
    "LocationAbbr": "WI",
    "LocationDesc": "Wisconsin",
    "DataSource": "BRFSS",
    "Topic": "Obesity / Weight Status",
    "Data_Value": 29.6,
    "Sample_Size": "2,199",
    "Stratification1": "Male",
    "StratificationId1": "MALE",
    "LocationDisplayOrder": 55
  },
  {
    "ID": 12194,
    "Description": 2012,
    "LocationAbbr": "WY",
    "LocationDesc": "Wyoming",
    "DataSource": "BRFSS",
    "Topic": "Obesity / Weight Status",
    "Data_Value": 22.6,
    "Sample_Size": "2,529",
    "Stratification1": "Male",
    "StratificationId1": "MALE",
    "LocationDisplayOrder": 56
  },
  {
    "ID": "",
    "Description": "",
    "LocationAbbr": "",
    "LocationDesc": "",
    "DataSource": "",
    "Topic": "",
    "Data_Value": "",
    "Sample_Size": "",
    "Stratification1": "",
    "StratificationId1": "",
    "LocationDisplayOrder": ""
  },
  {
    "ID": "",
    "Description": "",
    "LocationAbbr": "",
    "LocationDesc": "",
    "DataSource": "",
    "Topic": "",
    "Data_Value": "",
    "Sample_Size": "",
    "Stratification1": "",
    "StratificationId1": "",
    "LocationDisplayOrder": ""
  },
  {
    "ID": "",
    "Description": "",
    "LocationAbbr": "",
    "LocationDesc": "",
    "DataSource": "",
    "Topic": "",
    "Data_Value": "",
    "Sample_Size": "",
    "Stratification1": "",
    "StratificationId1": "",
    "LocationDisplayOrder": ""
  },
  {
    "ID": "",
    "Description": "",
    "LocationAbbr": "",
    "LocationDesc": "",
    "DataSource": "",
    "Topic": "",
    "Data_Value": "",
    "Sample_Size": "",
    "Stratification1": "",
    "StratificationId1": "",
    "LocationDisplayOrder": ""
  },
  {
    "ID": "",
    "Description": "",
    "LocationAbbr": "",
    "LocationDesc": "",
    "DataSource": "",
    "Topic": "",
    "Data_Value": "",
    "Sample_Size": "",
    "Stratification1": "",
    "StratificationId1": "",
    "LocationDisplayOrder": ""
  },
  {
    "ID": "",
    "Description": "",
    "LocationAbbr": "",
    "LocationDesc": "",
    "DataSource": "",
    "Topic": "",
    "Data_Value": "",
    "Sample_Size": "",
    "Stratification1": "",
    "StratificationId1": "",
    "LocationDisplayOrder": ""
  },
  {
    "ID": "",
    "Description": "",
    "LocationAbbr": "",
    "LocationDesc": "",
    "DataSource": "",
    "Topic": "",
    "Data_Value": "",
    "Sample_Size": "",
    "Stratification1": "",
    "StratificationId1": "",
    "LocationDisplayOrder": ""
  },
  {
    "ID": "",
    "Description": "",
    "LocationAbbr": "",
    "LocationDesc": "",
    "DataSource": "",
    "Topic": "",
    "Data_Value": "",
    "Sample_Size": "",
    "Stratification1": "",
    "StratificationId1": "",
    "LocationDisplayOrder": ""
  },
  {
    "ID": "",
    "Description": "",
    "LocationAbbr": "",
    "LocationDesc": "",
    "DataSource": "",
    "Topic": "",
    "Data_Value": "",
    "Sample_Size": "",
    "Stratification1": "",
    "StratificationId1": "",
    "LocationDisplayOrder": ""
  }
]