[
  {
    "ID": 959,
    "Description": 2012,
    "LocationAbbr": "US",
    "LocationDesc": "National",
    "DataSource": "BRFSS",
    "Topic": "Obesity / Weight Status",
    "Data_Value": 32.9,
    "Sample_Size": "37,655",
    "Stratification1": "Less than high school",
    "StratificationId1": "EDUHS",
    "LocationDisplayOrder": 0
  },
  {
    "ID": 39403,
    "Description": 2012,
    "LocationAbbr": "AL",
    "LocationDesc": "Alabama",
    "DataSource": "BRFSS",
    "Topic": "Obesity / Weight Status",
    "Data_Value": 35.2,
    "Sample_Size": "1,180",
    "Stratification1": "Less than high school",
    "StratificationId1": "EDUHS",
    "LocationDisplayOrder": 1
  },
  {
    "ID": 36985,
    "Description": 2012,
    "LocationAbbr": "AK",
    "LocationDesc": "Alaska",
    "DataSource": "BRFSS",
    "Topic": "Obesity / Weight Status",
    "Data_Value": 23.3,
    "Sample_Size": 287,
    "Stratification1": "Less than high school",
    "StratificationId1": "EDUHS",
    "LocationDisplayOrder": 2
  },
  {
    "ID": 16055,
    "Description": 2012,
    "LocationAbbr": "AZ",
    "LocationDesc": "Arizona",
    "DataSource": "BRFSS",
    "Topic": "Obesity / Weight Status",
    "Data_Value": 32.3,
    "Sample_Size": 588,
    "Stratification1": "Less than high school",
    "StratificationId1": "EDUHS",
    "LocationDisplayOrder": 4
  },
  {
    "ID": 2710,
    "Description": 2012,
    "LocationAbbr": "AR",
    "LocationDesc": "Arkansas",
    "DataSource": "BRFSS",
    "Topic": "Obesity / Weight Status",
    "Data_Value": 38.9,
    "Sample_Size": 660,
    "Stratification1": "Less than high school",
    "StratificationId1": "EDUHS",
    "LocationDisplayOrder": 5
  },
  {
    "ID": 5439,
    "Description": 2012,
    "LocationAbbr": "CA",
    "LocationDesc": "California",
    "DataSource": "BRFSS",
    "Topic": "Obesity / Weight Status",
    "Data_Value": 34.8,
    "Sample_Size": "1,578",
    "Stratification1": "Less than high school",
    "StratificationId1": "EDUHS",
    "LocationDisplayOrder": 6
  },
  {
    "ID": 33428,
    "Description": 2012,
    "LocationAbbr": "CO",
    "LocationDesc": "Colorado",
    "DataSource": "BRFSS",
    "Topic": "Obesity / Weight Status",
    "Data_Value": 25.6,
    "Sample_Size": 703,
    "Stratification1": "Less than high school",
    "StratificationId1": "EDUHS",
    "LocationDisplayOrder": 8
  },
  {
    "ID": 15544,
    "Description": 2012,
    "LocationAbbr": "CT",
    "LocationDesc": "Connecticut",
    "DataSource": "BRFSS",
    "Topic": "Obesity / Weight Status",
    "Data_Value": 33,
    "Sample_Size": 520,
    "Stratification1": "Less than high school",
    "StratificationId1": "EDUHS",
    "LocationDisplayOrder": 9
  },
  {
    "ID": 11737,
    "Description": 2012,
    "LocationAbbr": "DE",
    "LocationDesc": "Delaware",
    "DataSource": "BRFSS",
    "Topic": "Obesity / Weight Status",
    "Data_Value": 27.6,
    "Sample_Size": 323,
    "Stratification1": "Less than high school",
    "StratificationId1": "EDUHS",
    "LocationDisplayOrder": 10
  },
  {
    "ID": 2017,
    "Description": 2012,
    "LocationAbbr": "DC",
    "LocationDesc": "District of Columbia",
    "DataSource": "BRFSS",
    "Topic": "Obesity / Weight Status",
    "Data_Value": 31.6,
    "Sample_Size": 243,
    "Stratification1": "Less than high school",
    "StratificationId1": "EDUHS",
    "LocationDisplayOrder": 11
  },
  {
    "ID": 35950,
    "Description": 2012,
    "LocationAbbr": "FL",
    "LocationDesc": "Florida",
    "DataSource": "BRFSS",
    "Topic": "Obesity / Weight Status",
    "Data_Value": 25.9,
    "Sample_Size": 621,
    "Stratification1": "Less than high school",
    "StratificationId1": "EDUHS",
    "LocationDisplayOrder": 12
  },
  {
    "ID": 38750,
    "Description": 2012,
    "LocationAbbr": "GA",
    "LocationDesc": "Georgia",
    "DataSource": "BRFSS",
    "Topic": "Obesity / Weight Status",
    "Data_Value": 28.4,
    "Sample_Size": 732,
    "Stratification1": "Less than high school",
    "StratificationId1": "EDUHS",
    "LocationDisplayOrder": 13
  },
  {
    "ID": 39327,
    "Description": 2012,
    "LocationAbbr": "HI",
    "LocationDesc": "Hawaii",
    "DataSource": "BRFSS",
    "Topic": "Obesity / Weight Status",
    "Data_Value": 27.4,
    "Sample_Size": 298,
    "Stratification1": "Less than high school",
    "StratificationId1": "EDUHS",
    "LocationDisplayOrder": 15
  },
  {
    "ID": 9918,
    "Description": 2012,
    "LocationAbbr": "ID",
    "LocationDesc": "Idaho",
    "DataSource": "BRFSS",
    "Topic": "Obesity / Weight Status",
    "Data_Value": 30.3,
    "Sample_Size": 400,
    "Stratification1": "Less than high school",
    "StratificationId1": "EDUHS",
    "LocationDisplayOrder": 16
  },
  {
    "ID": 23099,
    "Description": 2012,
    "LocationAbbr": "IL",
    "LocationDesc": "Illinois",
    "DataSource": "BRFSS",
    "Topic": "Obesity / Weight Status",
    "Data_Value": 30,
    "Sample_Size": 349,
    "Stratification1": "Less than high school",
    "StratificationId1": "EDUHS",
    "LocationDisplayOrder": 17
  },
  {
    "ID": 12568,
    "Description": 2012,
    "LocationAbbr": "IN",
    "LocationDesc": "Indiana",
    "DataSource": "BRFSS",
    "Topic": "Obesity / Weight Status",
    "Data_Value": 37.5,
    "Sample_Size": 815,
    "Stratification1": "Less than high school",
    "StratificationId1": "EDUHS",
    "LocationDisplayOrder": 18
  },
  {
    "ID": 36459,
    "Description": 2012,
    "LocationAbbr": "IA",
    "LocationDesc": "Iowa",
    "DataSource": "BRFSS",
    "Topic": "Obesity / Weight Status",
    "Data_Value": 28.6,
    "Sample_Size": 454,
    "Stratification1": "Less than high school",
    "StratificationId1": "EDUHS",
    "LocationDisplayOrder": 19
  },
  {
    "ID": 6440,
    "Description": 2012,
    "LocationAbbr": "KS",
    "LocationDesc": "Kansas",
    "DataSource": "BRFSS",
    "Topic": "Obesity / Weight Status",
    "Data_Value": 36,
    "Sample_Size": 675,
    "Stratification1": "Less than high school",
    "StratificationId1": "EDUHS",
    "LocationDisplayOrder": 20
  },
  {
    "ID": 6656,
    "Description": 2012,
    "LocationAbbr": "KY",
    "LocationDesc": "Kentucky",
    "DataSource": "BRFSS",
    "Topic": "Obesity / Weight Status",
    "Data_Value": 33.2,
    "Sample_Size": "1,333",
    "Stratification1": "Less than high school",
    "StratificationId1": "EDUHS",
    "LocationDisplayOrder": 21
  },
  {
    "ID": 17350,
    "Description": 2012,
    "LocationAbbr": "LA",
    "LocationDesc": "Louisiana",
    "DataSource": "BRFSS",
    "Topic": "Obesity / Weight Status",
    "Data_Value": 38.6,
    "Sample_Size": "1,276",
    "Stratification1": "Less than high school",
    "StratificationId1": "EDUHS",
    "LocationDisplayOrder": 22
  },
  {
    "ID": 28948,
    "Description": 2012,
    "LocationAbbr": "ME",
    "LocationDesc": "Maine",
    "DataSource": "BRFSS",
    "Topic": "Obesity / Weight Status",
    "Data_Value": 34.8,
    "Sample_Size": 518,
    "Stratification1": "Less than high school",
    "StratificationId1": "EDUHS",
    "LocationDisplayOrder": 23
  },
  {
    "ID": 3817,
    "Description": 2012,
    "LocationAbbr": "MD",
    "LocationDesc": "Maryland",
    "DataSource": "BRFSS",
    "Topic": "Obesity / Weight Status",
    "Data_Value": 33.7,
    "Sample_Size": 813,
    "Stratification1": "Less than high school",
    "StratificationId1": "EDUHS",
    "LocationDisplayOrder": 24
  },
  {
    "ID": 7727,
    "Description": 2012,
    "LocationAbbr": "MA",
    "LocationDesc": "Massachusetts",
    "DataSource": "BRFSS",
    "Topic": "Obesity / Weight Status",
    "Data_Value": 30.7,
    "Sample_Size": "1,692",
    "Stratification1": "Less than high school",
    "StratificationId1": "EDUHS",
    "LocationDisplayOrder": 25
  },
  {
    "ID": 21786,
    "Description": 2012,
    "LocationAbbr": "MI",
    "LocationDesc": "Michigan",
    "DataSource": "BRFSS",
    "Topic": "Obesity / Weight Status",
    "Data_Value": 30.6,
    "Sample_Size": 636,
    "Stratification1": "Less than high school",
    "StratificationId1": "EDUHS",
    "LocationDisplayOrder": 26
  },
  {
    "ID": 32198,
    "Description": 2012,
    "LocationAbbr": "MN",
    "LocationDesc": "Minnesota",
    "DataSource": "BRFSS",
    "Topic": "Obesity / Weight Status",
    "Data_Value": 31.6,
    "Sample_Size": 534,
    "Stratification1": "Less than high school",
    "StratificationId1": "EDUHS",
    "LocationDisplayOrder": 27
  },
  {
    "ID": 22968,
    "Description": 2012,
    "LocationAbbr": "MS",
    "LocationDesc": "Mississippi",
    "DataSource": "BRFSS",
    "Topic": "Obesity / Weight Status",
    "Data_Value": 37.4,
    "Sample_Size": "1,250",
    "Stratification1": "Less than high school",
    "StratificationId1": "EDUHS",
    "LocationDisplayOrder": 28
  },
  {
    "ID": 13124,
    "Description": 2012,
    "LocationAbbr": "MO",
    "LocationDesc": "Missouri",
    "DataSource": "BRFSS",
    "Topic": "Obesity / Weight Status",
    "Data_Value": 33.9,
    "Sample_Size": 692,
    "Stratification1": "Less than high school",
    "StratificationId1": "EDUHS",
    "LocationDisplayOrder": 29
  },
  {
    "ID": 18181,
    "Description": 2012,
    "LocationAbbr": "MT",
    "LocationDesc": "Montana",
    "DataSource": "BRFSS",
    "Topic": "Obesity / Weight Status",
    "Data_Value": 30.3,
    "Sample_Size": 600,
    "Stratification1": "Less than high school",
    "StratificationId1": "EDUHS",
    "LocationDisplayOrder": 30
  },
  {
    "ID": 35230,
    "Description": 2012,
    "LocationAbbr": "NE",
    "LocationDesc": "Nebraska",
    "DataSource": "BRFSS",
    "Topic": "Obesity / Weight Status",
    "Data_Value": 29.5,
    "Sample_Size": "1,194",
    "Stratification1": "Less than high school",
    "StratificationId1": "EDUHS",
    "LocationDisplayOrder": 31
  },
  {
    "ID": 19889,
    "Description": 2012,
    "LocationAbbr": "NV",
    "LocationDesc": "Nevada",
    "DataSource": "BRFSS",
    "Topic": "Obesity / Weight Status",
    "Data_Value": 31.2,
    "Sample_Size": 398,
    "Stratification1": "Less than high school",
    "StratificationId1": "EDUHS",
    "LocationDisplayOrder": 32
  },
  {
    "ID": 11456,
    "Description": 2012,
    "LocationAbbr": "NH",
    "LocationDesc": "New Hampshire",
    "DataSource": "BRFSS",
    "Topic": "Obesity / Weight Status",
    "Data_Value": 35.8,
    "Sample_Size": 379,
    "Stratification1": "Less than high school",
    "StratificationId1": "EDUHS",
    "LocationDisplayOrder": 33
  },
  {
    "ID": 25811,
    "Description": 2012,
    "LocationAbbr": "NJ",
    "LocationDesc": "New Jersey",
    "DataSource": "BRFSS",
    "Topic": "Obesity / Weight Status",
    "Data_Value": 31.7,
    "Sample_Size": "1,062",
    "Stratification1": "Less than high school",
    "StratificationId1": "EDUHS",
    "LocationDisplayOrder": 34
  },
  {
    "ID": 20763,
    "Description": 2012,
    "LocationAbbr": "NM",
    "LocationDesc": "New Mexico",
    "DataSource": "BRFSS",
    "Topic": "Obesity / Weight Status",
    "Data_Value": 31.8,
    "Sample_Size": 953,
    "Stratification1": "Less than high school",
    "StratificationId1": "EDUHS",
    "LocationDisplayOrder": 35
  },
  {
    "ID": 38336,
    "Description": 2012,
    "LocationAbbr": "NY",
    "LocationDesc": "New York",
    "DataSource": "BRFSS",
    "Topic": "Obesity / Weight Status",
    "Data_Value": 33,
    "Sample_Size": 467,
    "Stratification1": "Less than high school",
    "StratificationId1": "EDUHS",
    "LocationDisplayOrder": 36
  },
  {
    "ID": 10432,
    "Description": 2012,
    "LocationAbbr": "NC",
    "LocationDesc": "North Carolina",
    "DataSource": "BRFSS",
    "Topic": "Obesity / Weight Status",
    "Data_Value": 32.3,
    "Sample_Size": "1,344",
    "Stratification1": "Less than high school",
    "StratificationId1": "EDUHS",
    "LocationDisplayOrder": 37
  },
  {
    "ID": 23724,
    "Description": 2012,
    "LocationAbbr": "ND",
    "LocationDesc": "North Dakota",
    "DataSource": "BRFSS",
    "Topic": "Obesity / Weight Status",
    "Data_Value": 38.3,
    "Sample_Size": 326,
    "Stratification1": "Less than high school",
    "StratificationId1": "EDUHS",
    "LocationDisplayOrder": 38
  },
  {
    "ID": 35954,
    "Description": 2012,
    "LocationAbbr": "OH",
    "LocationDesc": "Ohio",
    "DataSource": "BRFSS",
    "Topic": "Obesity / Weight Status",
    "Data_Value": 35.6,
    "Sample_Size": 989,
    "Stratification1": "Less than high school",
    "StratificationId1": "EDUHS",
    "LocationDisplayOrder": 39
  },
  {
    "ID": 13665,
    "Description": 2012,
    "LocationAbbr": "OK",
    "LocationDesc": "Oklahoma",
    "DataSource": "BRFSS",
    "Topic": "Obesity / Weight Status",
    "Data_Value": 31.9,
    "Sample_Size": 903,
    "Stratification1": "Less than high school",
    "StratificationId1": "EDUHS",
    "LocationDisplayOrder": 40
  },
  {
    "ID": 16158,
    "Description": 2012,
    "LocationAbbr": "OR",
    "LocationDesc": "Oregon",
    "DataSource": "BRFSS",
    "Topic": "Obesity / Weight Status",
    "Data_Value": 35.4,
    "Sample_Size": 293,
    "Stratification1": "Less than high school",
    "StratificationId1": "EDUHS",
    "LocationDisplayOrder": 41
  },
  {
    "ID": 9955,
    "Description": 2012,
    "LocationAbbr": "PA",
    "LocationDesc": "Pennsylvania",
    "DataSource": "BRFSS",
    "Topic": "Obesity / Weight Status",
    "Data_Value": 31.1,
    "Sample_Size": "1,398",
    "Stratification1": "Less than high school",
    "StratificationId1": "EDUHS",
    "LocationDisplayOrder": 42
  },
  {
    "ID": 13343,
    "Description": 2012,
    "LocationAbbr": "RI",
    "LocationDesc": "Rhode Island",
    "DataSource": "BRFSS",
    "Topic": "Obesity / Weight Status",
    "Data_Value": 27.4,
    "Sample_Size": 461,
    "Stratification1": "Less than high school",
    "StratificationId1": "EDUHS",
    "LocationDisplayOrder": 44
  },
  {
    "ID": 9530,
    "Description": 2012,
    "LocationAbbr": "SC",
    "LocationDesc": "South Carolina",
    "DataSource": "BRFSS",
    "Topic": "Obesity / Weight Status",
    "Data_Value": 38.3,
    "Sample_Size": "1,505",
    "Stratification1": "Less than high school",
    "StratificationId1": "EDUHS",
    "LocationDisplayOrder": 45
  },
  {
    "ID": 23361,
    "Description": 2012,
    "LocationAbbr": "SD",
    "LocationDesc": "South Dakota",
    "DataSource": "BRFSS",
    "Topic": "Obesity / Weight Status",
    "Data_Value": 31.6,
    "Sample_Size": 576,
    "Stratification1": "Less than high school",
    "StratificationId1": "EDUHS",
    "LocationDisplayOrder": 46
  },
  {
    "ID": 15307,
    "Description": 2012,
    "LocationAbbr": "TN",
    "LocationDesc": "Tennessee",
    "DataSource": "BRFSS",
    "Topic": "Obesity / Weight Status",
    "Data_Value": 34.2,
    "Sample_Size": 862,
    "Stratification1": "Less than high school",
    "StratificationId1": "EDUHS",
    "LocationDisplayOrder": 47
  },
  {
    "ID": 31626,
    "Description": 2012,
    "LocationAbbr": "TX",
    "LocationDesc": "Texas",
    "DataSource": "BRFSS",
    "Topic": "Obesity / Weight Status",
    "Data_Value": 34.3,
    "Sample_Size": "1,161",
    "Stratification1": "Less than high school",
    "StratificationId1": "EDUHS",
    "LocationDisplayOrder": 48
  },
  {
    "ID": 28223,
    "Description": 2012,
    "LocationAbbr": "UT",
    "LocationDesc": "Utah",
    "DataSource": "BRFSS",
    "Topic": "Obesity / Weight Status",
    "Data_Value": 27,
    "Sample_Size": 580,
    "Stratification1": "Less than high school",
    "StratificationId1": "EDUHS",
    "LocationDisplayOrder": 49
  },
  {
    "ID": 18920,
    "Description": 2012,
    "LocationAbbr": "VT",
    "LocationDesc": "Vermont",
    "DataSource": "BRFSS",
    "Topic": "Obesity / Weight Status",
    "Data_Value": 27.7,
    "Sample_Size": 361,
    "Stratification1": "Less than high school",
    "StratificationId1": "EDUHS",
    "LocationDisplayOrder": 50
  },
  {
    "ID": 2519,
    "Description": 2012,
    "LocationAbbr": "VA",
    "LocationDesc": "Virginia",
    "DataSource": "BRFSS",
    "Topic": "Obesity / Weight Status",
    "Data_Value": 33.9,
    "Sample_Size": 564,
    "Stratification1": "Less than high school",
    "StratificationId1": "EDUHS",
    "LocationDisplayOrder": 51
  },
  {
    "ID": 18412,
    "Description": 2012,
    "LocationAbbr": "WA",
    "LocationDesc": "Washington",
    "DataSource": "BRFSS",
    "Topic": "Obesity / Weight Status",
    "Data_Value": 32.5,
    "Sample_Size": 728,
    "Stratification1": "Less than high school",
    "StratificationId1": "EDUHS",
    "LocationDisplayOrder": 53
  },
  {
    "ID": 31140,
    "Description": 2012,
    "LocationAbbr": "WV",
    "LocationDesc": "West Virginia",
    "DataSource": "BRFSS",
    "Topic": "Obesity / Weight Status",
    "Data_Value": 33.1,
    "Sample_Size": 724,
    "Stratification1": "Less than high school",
    "StratificationId1": "EDUHS",
    "LocationDisplayOrder": 54
  },
  {
    "ID": 16364,
    "Description": 2012,
    "LocationAbbr": "WI",
    "LocationDesc": "Wisconsin",
    "DataSource": "BRFSS",
    "Topic": "Obesity / Weight Status",
    "Data_Value": 37.5,
    "Sample_Size": 331,
    "Stratification1": "Less than high school",
    "StratificationId1": "EDUHS",
    "LocationDisplayOrder": 55
  },
  {
    "ID": 27790,
    "Description": 2012,
    "LocationAbbr": "WY",
    "LocationDesc": "Wyoming",
    "DataSource": "BRFSS",
    "Topic": "Obesity / Weight Status",
    "Data_Value": 36.2,
    "Sample_Size": 326,
    "Stratification1": "Less than high school",
    "StratificationId1": "EDUHS",
    "LocationDisplayOrder": 56
  },
  {
    "ID": "",
    "Description": "",
    "LocationAbbr": "",
    "LocationDesc": "",
    "DataSource": "",
    "Topic": "",
    "Data_Value": "",
    "Sample_Size": "",
    "Stratification1": "",
    "StratificationId1": "",
    "LocationDisplayOrder": ""
  },
  {
    "ID": "",
    "Description": "",
    "LocationAbbr": "",
    "LocationDesc": "",
    "DataSource": "",
    "Topic": "",
    "Data_Value": "",
    "Sample_Size": "",
    "Stratification1": "",
    "StratificationId1": "",
    "LocationDisplayOrder": ""
  },
  {
    "ID": "",
    "Description": "",
    "LocationAbbr": "",
    "LocationDesc": "",
    "DataSource": "",
    "Topic": "",
    "Data_Value": "",
    "Sample_Size": "",
    "Stratification1": "",
    "StratificationId1": "",
    "LocationDisplayOrder": ""
  },
  {
    "ID": "",
    "Description": "",
    "LocationAbbr": "",
    "LocationDesc": "",
    "DataSource": "",
    "Topic": "",
    "Data_Value": "",
    "Sample_Size": "",
    "Stratification1": "",
    "StratificationId1": "",
    "LocationDisplayOrder": ""
  },
  {
    "ID": "",
    "Description": "",
    "LocationAbbr": "",
    "LocationDesc": "",
    "DataSource": "",
    "Topic": "",
    "Data_Value": "",
    "Sample_Size": "",
    "Stratification1": "",
    "StratificationId1": "",
    "LocationDisplayOrder": ""
  },
  {
    "ID": "",
    "Description": "",
    "LocationAbbr": "",
    "LocationDesc": "",
    "DataSource": "",
    "Topic": "",
    "Data_Value": "",
    "Sample_Size": "",
    "Stratification1": "",
    "StratificationId1": "",
    "LocationDisplayOrder": ""
  },
  {
    "ID": "",
    "Description": "",
    "LocationAbbr": "",
    "LocationDesc": "",
    "DataSource": "",
    "Topic": "",
    "Data_Value": "",
    "Sample_Size": "",
    "Stratification1": "",
    "StratificationId1": "",
    "LocationDisplayOrder": ""
  },
  {
    "ID": "",
    "Description": "",
    "LocationAbbr": "",
    "LocationDesc": "",
    "DataSource": "",
    "Topic": "",
    "Data_Value": "",
    "Sample_Size": "",
    "Stratification1": "",
    "StratificationId1": "",
    "LocationDisplayOrder": ""
  },
  {
    "ID": "",
    "Description": "",
    "LocationAbbr": "",
    "LocationDesc": "",
    "DataSource": "",
    "Topic": "",
    "Data_Value": "",
    "Sample_Size": "",
    "Stratification1": "",
    "StratificationId1": "",
    "LocationDisplayOrder": ""
  }
]