[
  {
    "ID": 1388,
    "Description": 2012,
    "LocationAbbr": "US",
    "LocationDesc": "National",
    "DataSource": "BRFSS",
    "Topic": "Obesity / Weight Status",
    "Data_Value": 23.4,
    "Sample_Size": "107,562",
    "Stratification1": "$75,000 or greater",
    "StratificationId1": "INC75PLUS",
    "LocationDisplayOrder": 0
  },
  {
    "ID": 30748,
    "Description": 2012,
    "LocationAbbr": "AL",
    "LocationDesc": "Alabama",
    "DataSource": "BRFSS",
    "Topic": "Obesity / Weight Status",
    "Data_Value": 28.9,
    "Sample_Size": "1,414",
    "Stratification1": "$75,000 or greater",
    "StratificationId1": "INC75PLUS",
    "LocationDisplayOrder": 1
  },
  {
    "ID": 2607,
    "Description": 2012,
    "LocationAbbr": "AK",
    "LocationDesc": "Alaska",
    "DataSource": "BRFSS",
    "Topic": "Obesity / Weight Status",
    "Data_Value": 26.4,
    "Sample_Size": "1,300",
    "Stratification1": "$75,000 or greater",
    "StratificationId1": "INC75PLUS",
    "LocationDisplayOrder": 2
  },
  {
    "ID": 17430,
    "Description": 2012,
    "LocationAbbr": "AZ",
    "LocationDesc": "Arizona",
    "DataSource": "BRFSS",
    "Topic": "Obesity / Weight Status",
    "Data_Value": 21.6,
    "Sample_Size": "1,369",
    "Stratification1": "$75,000 or greater",
    "StratificationId1": "INC75PLUS",
    "LocationDisplayOrder": 4
  },
  {
    "ID": 31274,
    "Description": 2012,
    "LocationAbbr": "AR",
    "LocationDesc": "Arkansas",
    "DataSource": "BRFSS",
    "Topic": "Obesity / Weight Status",
    "Data_Value": 30,
    "Sample_Size": 734,
    "Stratification1": "$75,000 or greater",
    "StratificationId1": "INC75PLUS",
    "LocationDisplayOrder": 5
  },
  {
    "ID": 36223,
    "Description": 2012,
    "LocationAbbr": "CA",
    "LocationDesc": "California",
    "DataSource": "BRFSS",
    "Topic": "Obesity / Weight Status",
    "Data_Value": 20.1,
    "Sample_Size": "4,280",
    "Stratification1": "$75,000 or greater",
    "StratificationId1": "INC75PLUS",
    "LocationDisplayOrder": 6
  },
  {
    "ID": 12283,
    "Description": 2012,
    "LocationAbbr": "CO",
    "LocationDesc": "Colorado",
    "DataSource": "BRFSS",
    "Topic": "Obesity / Weight Status",
    "Data_Value": 19.3,
    "Sample_Size": "3,423",
    "Stratification1": "$75,000 or greater",
    "StratificationId1": "INC75PLUS",
    "LocationDisplayOrder": 8
  },
  {
    "ID": 11221,
    "Description": 2012,
    "LocationAbbr": "CT",
    "LocationDesc": "Connecticut",
    "DataSource": "BRFSS",
    "Topic": "Obesity / Weight Status",
    "Data_Value": 21.4,
    "Sample_Size": "2,899",
    "Stratification1": "$75,000 or greater",
    "StratificationId1": "INC75PLUS",
    "LocationDisplayOrder": 9
  },
  {
    "ID": 5599,
    "Description": 2012,
    "LocationAbbr": "DE",
    "LocationDesc": "Delaware",
    "DataSource": "BRFSS",
    "Topic": "Obesity / Weight Status",
    "Data_Value": 24.4,
    "Sample_Size": "1,383",
    "Stratification1": "$75,000 or greater",
    "StratificationId1": "INC75PLUS",
    "LocationDisplayOrder": 10
  },
  {
    "ID": 28407,
    "Description": 2012,
    "LocationAbbr": "DC",
    "LocationDesc": "District of Columbia",
    "DataSource": "BRFSS",
    "Topic": "Obesity / Weight Status",
    "Data_Value": 14.8,
    "Sample_Size": "1,510",
    "Stratification1": "$75,000 or greater",
    "StratificationId1": "INC75PLUS",
    "LocationDisplayOrder": 11
  },
  {
    "ID": 18029,
    "Description": 2012,
    "LocationAbbr": "FL",
    "LocationDesc": "Florida",
    "DataSource": "BRFSS",
    "Topic": "Obesity / Weight Status",
    "Data_Value": 20.9,
    "Sample_Size": "1,483",
    "Stratification1": "$75,000 or greater",
    "StratificationId1": "INC75PLUS",
    "LocationDisplayOrder": 12
  },
  {
    "ID": 28142,
    "Description": 2012,
    "LocationAbbr": "GA",
    "LocationDesc": "Georgia",
    "DataSource": "BRFSS",
    "Topic": "Obesity / Weight Status",
    "Data_Value": 25.3,
    "Sample_Size": "1,255",
    "Stratification1": "$75,000 or greater",
    "StratificationId1": "INC75PLUS",
    "LocationDisplayOrder": 13
  },
  {
    "ID": 28290,
    "Description": 2012,
    "LocationAbbr": "HI",
    "LocationDesc": "Hawaii",
    "DataSource": "BRFSS",
    "Topic": "Obesity / Weight Status",
    "Data_Value": 22.9,
    "Sample_Size": "2,114",
    "Stratification1": "$75,000 or greater",
    "StratificationId1": "INC75PLUS",
    "LocationDisplayOrder": 15
  },
  {
    "ID": 6472,
    "Description": 2012,
    "LocationAbbr": "ID",
    "LocationDesc": "Idaho",
    "DataSource": "BRFSS",
    "Topic": "Obesity / Weight Status",
    "Data_Value": 22.6,
    "Sample_Size": "1,007",
    "Stratification1": "$75,000 or greater",
    "StratificationId1": "INC75PLUS",
    "LocationDisplayOrder": 16
  },
  {
    "ID": 12270,
    "Description": 2012,
    "LocationAbbr": "IL",
    "LocationDesc": "Illinois",
    "DataSource": "BRFSS",
    "Topic": "Obesity / Weight Status",
    "Data_Value": 25.3,
    "Sample_Size": "1,611",
    "Stratification1": "$75,000 or greater",
    "StratificationId1": "INC75PLUS",
    "LocationDisplayOrder": 17
  },
  {
    "ID": 5090,
    "Description": 2012,
    "LocationAbbr": "IN",
    "LocationDesc": "Indiana",
    "DataSource": "BRFSS",
    "Topic": "Obesity / Weight Status",
    "Data_Value": 23.8,
    "Sample_Size": "1,542",
    "Stratification1": "$75,000 or greater",
    "StratificationId1": "INC75PLUS",
    "LocationDisplayOrder": 18
  },
  {
    "ID": 11586,
    "Description": 2012,
    "LocationAbbr": "IA",
    "LocationDesc": "Iowa",
    "DataSource": "BRFSS",
    "Topic": "Obesity / Weight Status",
    "Data_Value": 27.8,
    "Sample_Size": "1,648",
    "Stratification1": "$75,000 or greater",
    "StratificationId1": "INC75PLUS",
    "LocationDisplayOrder": 19
  },
  {
    "ID": 37973,
    "Description": 2012,
    "LocationAbbr": "KS",
    "LocationDesc": "Kansas",
    "DataSource": "BRFSS",
    "Topic": "Obesity / Weight Status",
    "Data_Value": 24,
    "Sample_Size": "2,771",
    "Stratification1": "$75,000 or greater",
    "StratificationId1": "INC75PLUS",
    "LocationDisplayOrder": 20
  },
  {
    "ID": 3334,
    "Description": 2012,
    "LocationAbbr": "KY",
    "LocationDesc": "Kentucky",
    "DataSource": "BRFSS",
    "Topic": "Obesity / Weight Status",
    "Data_Value": 25.6,
    "Sample_Size": "1,826",
    "Stratification1": "$75,000 or greater",
    "StratificationId1": "INC75PLUS",
    "LocationDisplayOrder": 21
  },
  {
    "ID": 20161,
    "Description": 2012,
    "LocationAbbr": "LA",
    "LocationDesc": "Louisiana",
    "DataSource": "BRFSS",
    "Topic": "Obesity / Weight Status",
    "Data_Value": 32.8,
    "Sample_Size": "1,585",
    "Stratification1": "$75,000 or greater",
    "StratificationId1": "INC75PLUS",
    "LocationDisplayOrder": 22
  },
  {
    "ID": 9532,
    "Description": 2012,
    "LocationAbbr": "ME",
    "LocationDesc": "Maine",
    "DataSource": "BRFSS",
    "Topic": "Obesity / Weight Status",
    "Data_Value": 22.7,
    "Sample_Size": "1,991",
    "Stratification1": "$75,000 or greater",
    "StratificationId1": "INC75PLUS",
    "LocationDisplayOrder": 23
  },
  {
    "ID": 25395,
    "Description": 2012,
    "LocationAbbr": "MD",
    "LocationDesc": "Maryland",
    "DataSource": "BRFSS",
    "Topic": "Obesity / Weight Status",
    "Data_Value": 24,
    "Sample_Size": "4,373",
    "Stratification1": "$75,000 or greater",
    "StratificationId1": "INC75PLUS",
    "LocationDisplayOrder": 24
  },
  {
    "ID": 26115,
    "Description": 2012,
    "LocationAbbr": "MA",
    "LocationDesc": "Massachusetts",
    "DataSource": "BRFSS",
    "Topic": "Obesity / Weight Status",
    "Data_Value": 19.5,
    "Sample_Size": "6,037",
    "Stratification1": "$75,000 or greater",
    "StratificationId1": "INC75PLUS",
    "LocationDisplayOrder": 25
  },
  {
    "ID": 30161,
    "Description": 2012,
    "LocationAbbr": "MI",
    "LocationDesc": "Michigan",
    "DataSource": "BRFSS",
    "Topic": "Obesity / Weight Status",
    "Data_Value": 26.6,
    "Sample_Size": "2,186",
    "Stratification1": "$75,000 or greater",
    "StratificationId1": "INC75PLUS",
    "LocationDisplayOrder": 26
  },
  {
    "ID": 2402,
    "Description": 2012,
    "LocationAbbr": "MN",
    "LocationDesc": "Minnesota",
    "DataSource": "BRFSS",
    "Topic": "Obesity / Weight Status",
    "Data_Value": 23.3,
    "Sample_Size": "3,323",
    "Stratification1": "$75,000 or greater",
    "StratificationId1": "INC75PLUS",
    "LocationDisplayOrder": 27
  },
  {
    "ID": 17105,
    "Description": 2012,
    "LocationAbbr": "MS",
    "LocationDesc": "Mississippi",
    "DataSource": "BRFSS",
    "Topic": "Obesity / Weight Status",
    "Data_Value": 27.5,
    "Sample_Size": "1,100",
    "Stratification1": "$75,000 or greater",
    "StratificationId1": "INC75PLUS",
    "LocationDisplayOrder": 28
  },
  {
    "ID": 20269,
    "Description": 2012,
    "LocationAbbr": "MO",
    "LocationDesc": "Missouri",
    "DataSource": "BRFSS",
    "Topic": "Obesity / Weight Status",
    "Data_Value": 28.3,
    "Sample_Size": "1,166",
    "Stratification1": "$75,000 or greater",
    "StratificationId1": "INC75PLUS",
    "LocationDisplayOrder": 29
  },
  {
    "ID": 20260,
    "Description": 2012,
    "LocationAbbr": "MT",
    "LocationDesc": "Montana",
    "DataSource": "BRFSS",
    "Topic": "Obesity / Weight Status",
    "Data_Value": 20.7,
    "Sample_Size": "1,513",
    "Stratification1": "$75,000 or greater",
    "StratificationId1": "INC75PLUS",
    "LocationDisplayOrder": 30
  },
  {
    "ID": 18827,
    "Description": 2012,
    "LocationAbbr": "NE",
    "LocationDesc": "Nebraska",
    "DataSource": "BRFSS",
    "Topic": "Obesity / Weight Status",
    "Data_Value": 25.5,
    "Sample_Size": "3,921",
    "Stratification1": "$75,000 or greater",
    "StratificationId1": "INC75PLUS",
    "LocationDisplayOrder": 31
  },
  {
    "ID": 31556,
    "Description": 2012,
    "LocationAbbr": "NV",
    "LocationDesc": "Nevada",
    "DataSource": "BRFSS",
    "Topic": "Obesity / Weight Status",
    "Data_Value": 26.9,
    "Sample_Size": "1,111",
    "Stratification1": "$75,000 or greater",
    "StratificationId1": "INC75PLUS",
    "LocationDisplayOrder": 32
  },
  {
    "ID": 9491,
    "Description": 2012,
    "LocationAbbr": "NH",
    "LocationDesc": "New Hampshire",
    "DataSource": "BRFSS",
    "Topic": "Obesity / Weight Status",
    "Data_Value": 24.1,
    "Sample_Size": "2,035",
    "Stratification1": "$75,000 or greater",
    "StratificationId1": "INC75PLUS",
    "LocationDisplayOrder": 33
  },
  {
    "ID": 33815,
    "Description": 2012,
    "LocationAbbr": "NJ",
    "LocationDesc": "New Jersey",
    "DataSource": "BRFSS",
    "Topic": "Obesity / Weight Status",
    "Data_Value": 22.5,
    "Sample_Size": "4,721",
    "Stratification1": "$75,000 or greater",
    "StratificationId1": "INC75PLUS",
    "LocationDisplayOrder": 34
  },
  {
    "ID": 13595,
    "Description": 2012,
    "LocationAbbr": "NM",
    "LocationDesc": "New Mexico",
    "DataSource": "BRFSS",
    "Topic": "Obesity / Weight Status",
    "Data_Value": 23.2,
    "Sample_Size": "1,591",
    "Stratification1": "$75,000 or greater",
    "StratificationId1": "INC75PLUS",
    "LocationDisplayOrder": 35
  },
  {
    "ID": 21224,
    "Description": 2012,
    "LocationAbbr": "NY",
    "LocationDesc": "New York",
    "DataSource": "BRFSS",
    "Topic": "Obesity / Weight Status",
    "Data_Value": 22.2,
    "Sample_Size": "1,591",
    "Stratification1": "$75,000 or greater",
    "StratificationId1": "INC75PLUS",
    "LocationDisplayOrder": 36
  },
  {
    "ID": 5555,
    "Description": 2012,
    "LocationAbbr": "NC",
    "LocationDesc": "North Carolina",
    "DataSource": "BRFSS",
    "Topic": "Obesity / Weight Status",
    "Data_Value": 24.5,
    "Sample_Size": "2,119",
    "Stratification1": "$75,000 or greater",
    "StratificationId1": "INC75PLUS",
    "LocationDisplayOrder": 37
  },
  {
    "ID": 2565,
    "Description": 2012,
    "LocationAbbr": "ND",
    "LocationDesc": "North Dakota",
    "DataSource": "BRFSS",
    "Topic": "Obesity / Weight Status",
    "Data_Value": 31.2,
    "Sample_Size": "1,270",
    "Stratification1": "$75,000 or greater",
    "StratificationId1": "INC75PLUS",
    "LocationDisplayOrder": 38
  },
  {
    "ID": 17964,
    "Description": 2012,
    "LocationAbbr": "OH",
    "LocationDesc": "Ohio",
    "DataSource": "BRFSS",
    "Topic": "Obesity / Weight Status",
    "Data_Value": 25.5,
    "Sample_Size": "2,561",
    "Stratification1": "$75,000 or greater",
    "StratificationId1": "INC75PLUS",
    "LocationDisplayOrder": 39
  },
  {
    "ID": 12046,
    "Description": 2012,
    "LocationAbbr": "OK",
    "LocationDesc": "Oklahoma",
    "DataSource": "BRFSS",
    "Topic": "Obesity / Weight Status",
    "Data_Value": 29.3,
    "Sample_Size": "1,485",
    "Stratification1": "$75,000 or greater",
    "StratificationId1": "INC75PLUS",
    "LocationDisplayOrder": 40
  },
  {
    "ID": 22577,
    "Description": 2012,
    "LocationAbbr": "OR",
    "LocationDesc": "Oregon",
    "DataSource": "BRFSS",
    "Topic": "Obesity / Weight Status",
    "Data_Value": 23.1,
    "Sample_Size": "1,175",
    "Stratification1": "$75,000 or greater",
    "StratificationId1": "INC75PLUS",
    "LocationDisplayOrder": 41
  },
  {
    "ID": 16766,
    "Description": 2012,
    "LocationAbbr": "PA",
    "LocationDesc": "Pennsylvania",
    "DataSource": "BRFSS",
    "Topic": "Obesity / Weight Status",
    "Data_Value": 22.9,
    "Sample_Size": "4,167",
    "Stratification1": "$75,000 or greater",
    "StratificationId1": "INC75PLUS",
    "LocationDisplayOrder": 42
  },
  {
    "ID": 35476,
    "Description": 2012,
    "LocationAbbr": "RI",
    "LocationDesc": "Rhode Island",
    "DataSource": "BRFSS",
    "Topic": "Obesity / Weight Status",
    "Data_Value": 22.7,
    "Sample_Size": "1,495",
    "Stratification1": "$75,000 or greater",
    "StratificationId1": "INC75PLUS",
    "LocationDisplayOrder": 44
  },
  {
    "ID": 32769,
    "Description": 2012,
    "LocationAbbr": "SC",
    "LocationDesc": "South Carolina",
    "DataSource": "BRFSS",
    "Topic": "Obesity / Weight Status",
    "Data_Value": 25,
    "Sample_Size": "2,325",
    "Stratification1": "$75,000 or greater",
    "StratificationId1": "INC75PLUS",
    "LocationDisplayOrder": 45
  },
  {
    "ID": 17501,
    "Description": 2012,
    "LocationAbbr": "SD",
    "LocationDesc": "South Dakota",
    "DataSource": "BRFSS",
    "Topic": "Obesity / Weight Status",
    "Data_Value": 25.1,
    "Sample_Size": "1,551",
    "Stratification1": "$75,000 or greater",
    "StratificationId1": "INC75PLUS",
    "LocationDisplayOrder": 46
  },
  {
    "ID": 7327,
    "Description": 2012,
    "LocationAbbr": "TN",
    "LocationDesc": "Tennessee",
    "DataSource": "BRFSS",
    "Topic": "Obesity / Weight Status",
    "Data_Value": 29.7,
    "Sample_Size": 927,
    "Stratification1": "$75,000 or greater",
    "StratificationId1": "INC75PLUS",
    "LocationDisplayOrder": 47
  },
  {
    "ID": 19860,
    "Description": 2012,
    "LocationAbbr": "TX",
    "LocationDesc": "Texas",
    "DataSource": "BRFSS",
    "Topic": "Obesity / Weight Status",
    "Data_Value": 24.3,
    "Sample_Size": "2,127",
    "Stratification1": "$75,000 or greater",
    "StratificationId1": "INC75PLUS",
    "LocationDisplayOrder": 48
  },
  {
    "ID": 36651,
    "Description": 2012,
    "LocationAbbr": "UT",
    "LocationDesc": "Utah",
    "DataSource": "BRFSS",
    "Topic": "Obesity / Weight Status",
    "Data_Value": 22.4,
    "Sample_Size": "3,410",
    "Stratification1": "$75,000 or greater",
    "StratificationId1": "INC75PLUS",
    "LocationDisplayOrder": 49
  },
  {
    "ID": 32490,
    "Description": 2012,
    "LocationAbbr": "VT",
    "LocationDesc": "Vermont",
    "DataSource": "BRFSS",
    "Topic": "Obesity / Weight Status",
    "Data_Value": 18.1,
    "Sample_Size": "1,401",
    "Stratification1": "$75,000 or greater",
    "StratificationId1": "INC75PLUS",
    "LocationDisplayOrder": 50
  },
  {
    "ID": 13883,
    "Description": 2012,
    "LocationAbbr": "VA",
    "LocationDesc": "Virginia",
    "DataSource": "BRFSS",
    "Topic": "Obesity / Weight Status",
    "Data_Value": 22.9,
    "Sample_Size": "2,193",
    "Stratification1": "$75,000 or greater",
    "StratificationId1": "INC75PLUS",
    "LocationDisplayOrder": 51
  },
  {
    "ID": 12388,
    "Description": 2012,
    "LocationAbbr": "WA",
    "LocationDesc": "Washington",
    "DataSource": "BRFSS",
    "Topic": "Obesity / Weight Status",
    "Data_Value": 23.2,
    "Sample_Size": "4,191",
    "Stratification1": "$75,000 or greater",
    "StratificationId1": "INC75PLUS",
    "LocationDisplayOrder": 53
  },
  {
    "ID": 11898,
    "Description": 2012,
    "LocationAbbr": "WV",
    "LocationDesc": "West Virginia",
    "DataSource": "BRFSS",
    "Topic": "Obesity / Weight Status",
    "Data_Value": 33.9,
    "Sample_Size": 821,
    "Stratification1": "$75,000 or greater",
    "StratificationId1": "INC75PLUS",
    "LocationDisplayOrder": 54
  },
  {
    "ID": 31525,
    "Description": 2012,
    "LocationAbbr": "WI",
    "LocationDesc": "Wisconsin",
    "DataSource": "BRFSS",
    "Topic": "Obesity / Weight Status",
    "Data_Value": 25.1,
    "Sample_Size": "1,040",
    "Stratification1": "$75,000 or greater",
    "StratificationId1": "INC75PLUS",
    "LocationDisplayOrder": 55
  },
  {
    "ID": 22060,
    "Description": 2012,
    "LocationAbbr": "WY",
    "LocationDesc": "Wyoming",
    "DataSource": "BRFSS",
    "Topic": "Obesity / Weight Status",
    "Data_Value": 21.9,
    "Sample_Size": "1,491",
    "Stratification1": "$75,000 or greater",
    "StratificationId1": "INC75PLUS",
    "LocationDisplayOrder": 56
  },
  {
    "ID": "",
    "Description": "",
    "LocationAbbr": "",
    "LocationDesc": "",
    "DataSource": "",
    "Topic": "",
    "Data_Value": "",
    "Sample_Size": "",
    "Stratification1": "",
    "StratificationId1": "",
    "LocationDisplayOrder": ""
  },
  {
    "ID": "",
    "Description": "",
    "LocationAbbr": "",
    "LocationDesc": "",
    "DataSource": "",
    "Topic": "",
    "Data_Value": "",
    "Sample_Size": "",
    "Stratification1": "",
    "StratificationId1": "",
    "LocationDisplayOrder": ""
  },
  {
    "ID": "",
    "Description": "",
    "LocationAbbr": "",
    "LocationDesc": "",
    "DataSource": "",
    "Topic": "",
    "Data_Value": "",
    "Sample_Size": "",
    "Stratification1": "",
    "StratificationId1": "",
    "LocationDisplayOrder": ""
  },
  {
    "ID": "",
    "Description": "",
    "LocationAbbr": "",
    "LocationDesc": "",
    "DataSource": "",
    "Topic": "",
    "Data_Value": "",
    "Sample_Size": "",
    "Stratification1": "",
    "StratificationId1": "",
    "LocationDisplayOrder": ""
  },
  {
    "ID": "",
    "Description": "",
    "LocationAbbr": "",
    "LocationDesc": "",
    "DataSource": "",
    "Topic": "",
    "Data_Value": "",
    "Sample_Size": "",
    "Stratification1": "",
    "StratificationId1": "",
    "LocationDisplayOrder": ""
  },
  {
    "ID": "",
    "Description": "",
    "LocationAbbr": "",
    "LocationDesc": "",
    "DataSource": "",
    "Topic": "",
    "Data_Value": "",
    "Sample_Size": "",
    "Stratification1": "",
    "StratificationId1": "",
    "LocationDisplayOrder": ""
  },
  {
    "ID": "",
    "Description": "",
    "LocationAbbr": "",
    "LocationDesc": "",
    "DataSource": "",
    "Topic": "",
    "Data_Value": "",
    "Sample_Size": "",
    "Stratification1": "",
    "StratificationId1": "",
    "LocationDisplayOrder": ""
  },
  {
    "ID": "",
    "Description": "",
    "LocationAbbr": "",
    "LocationDesc": "",
    "DataSource": "",
    "Topic": "",
    "Data_Value": "",
    "Sample_Size": "",
    "Stratification1": "",
    "StratificationId1": "",
    "LocationDisplayOrder": ""
  },
  {
    "ID": "",
    "Description": "",
    "LocationAbbr": "",
    "LocationDesc": "",
    "DataSource": "",
    "Topic": "",
    "Data_Value": "",
    "Sample_Size": "",
    "Stratification1": "",
    "StratificationId1": "",
    "LocationDisplayOrder": ""
  }
]