[
  {
    "ID": 503,
    "Description": 2012,
    "LocationAbbr": "US",
    "LocationDesc": "National",
    "DataSource": "BRFSS",
    "Topic": "Obesity / Weight Status",
    "Data_Value": 25.8,
    "Sample_Size": 950,
    "Stratification1": "Hawaiian / Pacific Islander",
    "StratificationId1": "RACEHPI",
    "LocationDisplayOrder": 0
  },
  {
    "ID": 39876,
    "Description": 2012,
    "LocationAbbr": "AL",
    "LocationDesc": "Alabama",
    "DataSource": "BRFSS",
    "Topic": "Obesity / Weight Status",
    "Data_Value": "~",
    "Sample_Size": "~",
    "Stratification1": "Hawaiian / Pacific Islander",
    "StratificationId1": "RACEHPI",
    "LocationDisplayOrder": 1
  },
  {
    "ID": 2824,
    "Description": 2012,
    "LocationAbbr": "AK",
    "LocationDesc": "Alaska",
    "DataSource": "BRFSS",
    "Topic": "Obesity / Weight Status",
    "Data_Value": "~",
    "Sample_Size": "~",
    "Stratification1": "Hawaiian / Pacific Islander",
    "StratificationId1": "RACEHPI",
    "LocationDisplayOrder": 2
  },
  {
    "ID": 9720,
    "Description": 2012,
    "LocationAbbr": "AZ",
    "LocationDesc": "Arizona",
    "DataSource": "BRFSS",
    "Topic": "Obesity / Weight Status",
    "Data_Value": "~",
    "Sample_Size": "~",
    "Stratification1": "Hawaiian / Pacific Islander",
    "StratificationId1": "RACEHPI",
    "LocationDisplayOrder": 4
  },
  {
    "ID": 38223,
    "Description": 2012,
    "LocationAbbr": "AR",
    "LocationDesc": "Arkansas",
    "DataSource": "BRFSS",
    "Topic": "Obesity / Weight Status",
    "Data_Value": "~",
    "Sample_Size": "~",
    "Stratification1": "Hawaiian / Pacific Islander",
    "StratificationId1": "RACEHPI",
    "LocationDisplayOrder": 5
  },
  {
    "ID": 1683,
    "Description": 2012,
    "LocationAbbr": "CA",
    "LocationDesc": "California",
    "DataSource": "BRFSS",
    "Topic": "Obesity / Weight Status",
    "Data_Value": 31.4,
    "Sample_Size": 86,
    "Stratification1": "Hawaiian / Pacific Islander",
    "StratificationId1": "RACEHPI",
    "LocationDisplayOrder": 6
  },
  {
    "ID": 39159,
    "Description": 2012,
    "LocationAbbr": "CO",
    "LocationDesc": "Colorado",
    "DataSource": "BRFSS",
    "Topic": "Obesity / Weight Status",
    "Data_Value": "~",
    "Sample_Size": "~",
    "Stratification1": "Hawaiian / Pacific Islander",
    "StratificationId1": "RACEHPI",
    "LocationDisplayOrder": 8
  },
  {
    "ID": 30066,
    "Description": 2012,
    "LocationAbbr": "CT",
    "LocationDesc": "Connecticut",
    "DataSource": "BRFSS",
    "Topic": "Obesity / Weight Status",
    "Data_Value": "~",
    "Sample_Size": "~",
    "Stratification1": "Hawaiian / Pacific Islander",
    "StratificationId1": "RACEHPI",
    "LocationDisplayOrder": 9
  },
  {
    "ID": 36424,
    "Description": 2012,
    "LocationAbbr": "DE",
    "LocationDesc": "Delaware",
    "DataSource": "BRFSS",
    "Topic": "Obesity / Weight Status",
    "Data_Value": "~",
    "Sample_Size": "~",
    "Stratification1": "Hawaiian / Pacific Islander",
    "StratificationId1": "RACEHPI",
    "LocationDisplayOrder": 10
  },
  {
    "ID": 27233,
    "Description": 2012,
    "LocationAbbr": "DC",
    "LocationDesc": "District of Columbia",
    "DataSource": "BRFSS",
    "Topic": "Obesity / Weight Status",
    "Data_Value": "~",
    "Sample_Size": "~",
    "Stratification1": "Hawaiian / Pacific Islander",
    "StratificationId1": "RACEHPI",
    "LocationDisplayOrder": 11
  },
  {
    "ID": 24427,
    "Description": 2012,
    "LocationAbbr": "FL",
    "LocationDesc": "Florida",
    "DataSource": "BRFSS",
    "Topic": "Obesity / Weight Status",
    "Data_Value": "~",
    "Sample_Size": "~",
    "Stratification1": "Hawaiian / Pacific Islander",
    "StratificationId1": "RACEHPI",
    "LocationDisplayOrder": 12
  },
  {
    "ID": 6016,
    "Description": 2012,
    "LocationAbbr": "GA",
    "LocationDesc": "Georgia",
    "DataSource": "BRFSS",
    "Topic": "Obesity / Weight Status",
    "Data_Value": "~",
    "Sample_Size": "~",
    "Stratification1": "Hawaiian / Pacific Islander",
    "StratificationId1": "RACEHPI",
    "LocationDisplayOrder": 13
  },
  {
    "ID": 5816,
    "Description": 2012,
    "LocationAbbr": "HI",
    "LocationDesc": "Hawaii",
    "DataSource": "BRFSS",
    "Topic": "Obesity / Weight Status",
    "Data_Value": 51.4,
    "Sample_Size": 256,
    "Stratification1": "Hawaiian / Pacific Islander",
    "StratificationId1": "RACEHPI",
    "LocationDisplayOrder": 15
  },
  {
    "ID": 27009,
    "Description": 2012,
    "LocationAbbr": "ID",
    "LocationDesc": "Idaho",
    "DataSource": "BRFSS",
    "Topic": "Obesity / Weight Status",
    "Data_Value": "~",
    "Sample_Size": "~",
    "Stratification1": "Hawaiian / Pacific Islander",
    "StratificationId1": "RACEHPI",
    "LocationDisplayOrder": 16
  },
  {
    "ID": 23822,
    "Description": 2012,
    "LocationAbbr": "IL",
    "LocationDesc": "Illinois",
    "DataSource": "BRFSS",
    "Topic": "Obesity / Weight Status",
    "Data_Value": "~",
    "Sample_Size": "~",
    "Stratification1": "Hawaiian / Pacific Islander",
    "StratificationId1": "RACEHPI",
    "LocationDisplayOrder": 17
  },
  {
    "ID": 13365,
    "Description": 2012,
    "LocationAbbr": "IN",
    "LocationDesc": "Indiana",
    "DataSource": "BRFSS",
    "Topic": "Obesity / Weight Status",
    "Data_Value": "~",
    "Sample_Size": "~",
    "Stratification1": "Hawaiian / Pacific Islander",
    "StratificationId1": "RACEHPI",
    "LocationDisplayOrder": 18
  },
  {
    "ID": 22911,
    "Description": 2012,
    "LocationAbbr": "IA",
    "LocationDesc": "Iowa",
    "DataSource": "BRFSS",
    "Topic": "Obesity / Weight Status",
    "Data_Value": "~",
    "Sample_Size": "~",
    "Stratification1": "Hawaiian / Pacific Islander",
    "StratificationId1": "RACEHPI",
    "LocationDisplayOrder": 19
  },
  {
    "ID": 12991,
    "Description": 2012,
    "LocationAbbr": "KS",
    "LocationDesc": "Kansas",
    "DataSource": "BRFSS",
    "Topic": "Obesity / Weight Status",
    "Data_Value": "~",
    "Sample_Size": "~",
    "Stratification1": "Hawaiian / Pacific Islander",
    "StratificationId1": "RACEHPI",
    "LocationDisplayOrder": 20
  },
  {
    "ID": 15906,
    "Description": 2012,
    "LocationAbbr": "KY",
    "LocationDesc": "Kentucky",
    "DataSource": "BRFSS",
    "Topic": "Obesity / Weight Status",
    "Data_Value": "~",
    "Sample_Size": "~",
    "Stratification1": "Hawaiian / Pacific Islander",
    "StratificationId1": "RACEHPI",
    "LocationDisplayOrder": 21
  },
  {
    "ID": 13066,
    "Description": 2012,
    "LocationAbbr": "LA",
    "LocationDesc": "Louisiana",
    "DataSource": "BRFSS",
    "Topic": "Obesity / Weight Status",
    "Data_Value": "~",
    "Sample_Size": "~",
    "Stratification1": "Hawaiian / Pacific Islander",
    "StratificationId1": "RACEHPI",
    "LocationDisplayOrder": 22
  },
  {
    "ID": 32625,
    "Description": 2012,
    "LocationAbbr": "ME",
    "LocationDesc": "Maine",
    "DataSource": "BRFSS",
    "Topic": "Obesity / Weight Status",
    "Data_Value": "~",
    "Sample_Size": "~",
    "Stratification1": "Hawaiian / Pacific Islander",
    "StratificationId1": "RACEHPI",
    "LocationDisplayOrder": 23
  },
  {
    "ID": 3942,
    "Description": 2012,
    "LocationAbbr": "MD",
    "LocationDesc": "Maryland",
    "DataSource": "BRFSS",
    "Topic": "Obesity / Weight Status",
    "Data_Value": "~",
    "Sample_Size": "~",
    "Stratification1": "Hawaiian / Pacific Islander",
    "StratificationId1": "RACEHPI",
    "LocationDisplayOrder": 24
  },
  {
    "ID": 28550,
    "Description": 2012,
    "LocationAbbr": "MA",
    "LocationDesc": "Massachusetts",
    "DataSource": "BRFSS",
    "Topic": "Obesity / Weight Status",
    "Data_Value": "~",
    "Sample_Size": "~",
    "Stratification1": "Hawaiian / Pacific Islander",
    "StratificationId1": "RACEHPI",
    "LocationDisplayOrder": 25
  },
  {
    "ID": 30881,
    "Description": 2012,
    "LocationAbbr": "MI",
    "LocationDesc": "Michigan",
    "DataSource": "BRFSS",
    "Topic": "Obesity / Weight Status",
    "Data_Value": "~",
    "Sample_Size": "~",
    "Stratification1": "Hawaiian / Pacific Islander",
    "StratificationId1": "RACEHPI",
    "LocationDisplayOrder": 26
  },
  {
    "ID": 12470,
    "Description": 2012,
    "LocationAbbr": "MN",
    "LocationDesc": "Minnesota",
    "DataSource": "BRFSS",
    "Topic": "Obesity / Weight Status",
    "Data_Value": "~",
    "Sample_Size": "~",
    "Stratification1": "Hawaiian / Pacific Islander",
    "StratificationId1": "RACEHPI",
    "LocationDisplayOrder": 27
  },
  {
    "ID": 31690,
    "Description": 2012,
    "LocationAbbr": "MS",
    "LocationDesc": "Mississippi",
    "DataSource": "BRFSS",
    "Topic": "Obesity / Weight Status",
    "Data_Value": "~",
    "Sample_Size": "~",
    "Stratification1": "Hawaiian / Pacific Islander",
    "StratificationId1": "RACEHPI",
    "LocationDisplayOrder": 28
  },
  {
    "ID": 24804,
    "Description": 2012,
    "LocationAbbr": "MO",
    "LocationDesc": "Missouri",
    "DataSource": "BRFSS",
    "Topic": "Obesity / Weight Status",
    "Data_Value": "~",
    "Sample_Size": "~",
    "Stratification1": "Hawaiian / Pacific Islander",
    "StratificationId1": "RACEHPI",
    "LocationDisplayOrder": 29
  },
  {
    "ID": 20010,
    "Description": 2012,
    "LocationAbbr": "MT",
    "LocationDesc": "Montana",
    "DataSource": "BRFSS",
    "Topic": "Obesity / Weight Status",
    "Data_Value": "~",
    "Sample_Size": "~",
    "Stratification1": "Hawaiian / Pacific Islander",
    "StratificationId1": "RACEHPI",
    "LocationDisplayOrder": 30
  },
  {
    "ID": 35540,
    "Description": 2012,
    "LocationAbbr": "NE",
    "LocationDesc": "Nebraska",
    "DataSource": "BRFSS",
    "Topic": "Obesity / Weight Status",
    "Data_Value": "~",
    "Sample_Size": "~",
    "Stratification1": "Hawaiian / Pacific Islander",
    "StratificationId1": "RACEHPI",
    "LocationDisplayOrder": 31
  },
  {
    "ID": 3540,
    "Description": 2012,
    "LocationAbbr": "NV",
    "LocationDesc": "Nevada",
    "DataSource": "BRFSS",
    "Topic": "Obesity / Weight Status",
    "Data_Value": "~",
    "Sample_Size": "~",
    "Stratification1": "Hawaiian / Pacific Islander",
    "StratificationId1": "RACEHPI",
    "LocationDisplayOrder": 32
  },
  {
    "ID": 20395,
    "Description": 2012,
    "LocationAbbr": "NH",
    "LocationDesc": "New Hampshire",
    "DataSource": "BRFSS",
    "Topic": "Obesity / Weight Status",
    "Data_Value": "~",
    "Sample_Size": "~",
    "Stratification1": "Hawaiian / Pacific Islander",
    "StratificationId1": "RACEHPI",
    "LocationDisplayOrder": 33
  },
  {
    "ID": 11243,
    "Description": 2012,
    "LocationAbbr": "NJ",
    "LocationDesc": "New Jersey",
    "DataSource": "BRFSS",
    "Topic": "Obesity / Weight Status",
    "Data_Value": "~",
    "Sample_Size": "~",
    "Stratification1": "Hawaiian / Pacific Islander",
    "StratificationId1": "RACEHPI",
    "LocationDisplayOrder": 34
  },
  {
    "ID": 33694,
    "Description": 2012,
    "LocationAbbr": "NM",
    "LocationDesc": "New Mexico",
    "DataSource": "BRFSS",
    "Topic": "Obesity / Weight Status",
    "Data_Value": "~",
    "Sample_Size": "~",
    "Stratification1": "Hawaiian / Pacific Islander",
    "StratificationId1": "RACEHPI",
    "LocationDisplayOrder": 35
  },
  {
    "ID": 17104,
    "Description": 2012,
    "LocationAbbr": "NY",
    "LocationDesc": "New York",
    "DataSource": "BRFSS",
    "Topic": "Obesity / Weight Status",
    "Data_Value": "~",
    "Sample_Size": "~",
    "Stratification1": "Hawaiian / Pacific Islander",
    "StratificationId1": "RACEHPI",
    "LocationDisplayOrder": 36
  },
  {
    "ID": 25105,
    "Description": 2012,
    "LocationAbbr": "NC",
    "LocationDesc": "North Carolina",
    "DataSource": "BRFSS",
    "Topic": "Obesity / Weight Status",
    "Data_Value": "~",
    "Sample_Size": "~",
    "Stratification1": "Hawaiian / Pacific Islander",
    "StratificationId1": "RACEHPI",
    "LocationDisplayOrder": 37
  },
  {
    "ID": 9749,
    "Description": 2012,
    "LocationAbbr": "ND",
    "LocationDesc": "North Dakota",
    "DataSource": "BRFSS",
    "Topic": "Obesity / Weight Status",
    "Data_Value": "~",
    "Sample_Size": "~",
    "Stratification1": "Hawaiian / Pacific Islander",
    "StratificationId1": "RACEHPI",
    "LocationDisplayOrder": 38
  },
  {
    "ID": 7419,
    "Description": 2012,
    "LocationAbbr": "OH",
    "LocationDesc": "Ohio",
    "DataSource": "BRFSS",
    "Topic": "Obesity / Weight Status",
    "Data_Value": "~",
    "Sample_Size": "~",
    "Stratification1": "Hawaiian / Pacific Islander",
    "StratificationId1": "RACEHPI",
    "LocationDisplayOrder": 39
  },
  {
    "ID": 38856,
    "Description": 2012,
    "LocationAbbr": "OK",
    "LocationDesc": "Oklahoma",
    "DataSource": "BRFSS",
    "Topic": "Obesity / Weight Status",
    "Data_Value": "~",
    "Sample_Size": "~",
    "Stratification1": "Hawaiian / Pacific Islander",
    "StratificationId1": "RACEHPI",
    "LocationDisplayOrder": 40
  },
  {
    "ID": 27543,
    "Description": 2012,
    "LocationAbbr": "OR",
    "LocationDesc": "Oregon",
    "DataSource": "BRFSS",
    "Topic": "Obesity / Weight Status",
    "Data_Value": "~",
    "Sample_Size": "~",
    "Stratification1": "Hawaiian / Pacific Islander",
    "StratificationId1": "RACEHPI",
    "LocationDisplayOrder": 41
  },
  {
    "ID": 16379,
    "Description": 2012,
    "LocationAbbr": "PA",
    "LocationDesc": "Pennsylvania",
    "DataSource": "BRFSS",
    "Topic": "Obesity / Weight Status",
    "Data_Value": "~",
    "Sample_Size": "~",
    "Stratification1": "Hawaiian / Pacific Islander",
    "StratificationId1": "RACEHPI",
    "LocationDisplayOrder": 42
  },
  {
    "ID": 24801,
    "Description": 2012,
    "LocationAbbr": "RI",
    "LocationDesc": "Rhode Island",
    "DataSource": "BRFSS",
    "Topic": "Obesity / Weight Status",
    "Data_Value": "~",
    "Sample_Size": "~",
    "Stratification1": "Hawaiian / Pacific Islander",
    "StratificationId1": "RACEHPI",
    "LocationDisplayOrder": 44
  },
  {
    "ID": 37906,
    "Description": 2012,
    "LocationAbbr": "SC",
    "LocationDesc": "South Carolina",
    "DataSource": "BRFSS",
    "Topic": "Obesity / Weight Status",
    "Data_Value": "~",
    "Sample_Size": "~",
    "Stratification1": "Hawaiian / Pacific Islander",
    "StratificationId1": "RACEHPI",
    "LocationDisplayOrder": 45
  },
  {
    "ID": 33645,
    "Description": 2012,
    "LocationAbbr": "SD",
    "LocationDesc": "South Dakota",
    "DataSource": "BRFSS",
    "Topic": "Obesity / Weight Status",
    "Data_Value": "~",
    "Sample_Size": "~",
    "Stratification1": "Hawaiian / Pacific Islander",
    "StratificationId1": "RACEHPI",
    "LocationDisplayOrder": 46
  },
  {
    "ID": 24580,
    "Description": 2012,
    "LocationAbbr": "TN",
    "LocationDesc": "Tennessee",
    "DataSource": "BRFSS",
    "Topic": "Obesity / Weight Status",
    "Data_Value": "~",
    "Sample_Size": "~",
    "Stratification1": "Hawaiian / Pacific Islander",
    "StratificationId1": "RACEHPI",
    "LocationDisplayOrder": 47
  },
  {
    "ID": 34847,
    "Description": 2012,
    "LocationAbbr": "TX",
    "LocationDesc": "Texas",
    "DataSource": "BRFSS",
    "Topic": "Obesity / Weight Status",
    "Data_Value": "~",
    "Sample_Size": "~",
    "Stratification1": "Hawaiian / Pacific Islander",
    "StratificationId1": "RACEHPI",
    "LocationDisplayOrder": 48
  },
  {
    "ID": 9515,
    "Description": 2012,
    "LocationAbbr": "UT",
    "LocationDesc": "Utah",
    "DataSource": "BRFSS",
    "Topic": "Obesity / Weight Status",
    "Data_Value": "~",
    "Sample_Size": "~",
    "Stratification1": "Hawaiian / Pacific Islander",
    "StratificationId1": "RACEHPI",
    "LocationDisplayOrder": 49
  },
  {
    "ID": 19706,
    "Description": 2012,
    "LocationAbbr": "VT",
    "LocationDesc": "Vermont",
    "DataSource": "BRFSS",
    "Topic": "Obesity / Weight Status",
    "Data_Value": "~",
    "Sample_Size": "~",
    "Stratification1": "Hawaiian / Pacific Islander",
    "StratificationId1": "RACEHPI",
    "LocationDisplayOrder": 50
  },
  {
    "ID": 17497,
    "Description": 2012,
    "LocationAbbr": "VA",
    "LocationDesc": "Virginia",
    "DataSource": "BRFSS",
    "Topic": "Obesity / Weight Status",
    "Data_Value": "~",
    "Sample_Size": "~",
    "Stratification1": "Hawaiian / Pacific Islander",
    "StratificationId1": "RACEHPI",
    "LocationDisplayOrder": 51
  },
  {
    "ID": 27770,
    "Description": 2012,
    "LocationAbbr": "WA",
    "LocationDesc": "Washington",
    "DataSource": "BRFSS",
    "Topic": "Obesity / Weight Status",
    "Data_Value": 23.8,
    "Sample_Size": 69,
    "Stratification1": "Hawaiian / Pacific Islander",
    "StratificationId1": "RACEHPI",
    "LocationDisplayOrder": 53
  },
  {
    "ID": 23339,
    "Description": 2012,
    "LocationAbbr": "WV",
    "LocationDesc": "West Virginia",
    "DataSource": "BRFSS",
    "Topic": "Obesity / Weight Status",
    "Data_Value": "~",
    "Sample_Size": "~",
    "Stratification1": "Hawaiian / Pacific Islander",
    "StratificationId1": "RACEHPI",
    "LocationDisplayOrder": 54
  },
  {
    "ID": 14547,
    "Description": 2012,
    "LocationAbbr": "WI",
    "LocationDesc": "Wisconsin",
    "DataSource": "BRFSS",
    "Topic": "Obesity / Weight Status",
    "Data_Value": "~",
    "Sample_Size": "~",
    "Stratification1": "Hawaiian / Pacific Islander",
    "StratificationId1": "RACEHPI",
    "LocationDisplayOrder": 55
  },
  {
    "ID": 29694,
    "Description": 2012,
    "LocationAbbr": "WY",
    "LocationDesc": "Wyoming",
    "DataSource": "BRFSS",
    "Topic": "Obesity / Weight Status",
    "Data_Value": "~",
    "Sample_Size": "~",
    "Stratification1": "Hawaiian / Pacific Islander",
    "StratificationId1": "RACEHPI",
    "LocationDisplayOrder": 56
  },
  {
    "ID": "",
    "Description": "",
    "LocationAbbr": "",
    "LocationDesc": "",
    "DataSource": "",
    "Topic": "",
    "Data_Value": "",
    "Sample_Size": "",
    "Stratification1": "",
    "StratificationId1": "",
    "LocationDisplayOrder": ""
  },
  {
    "ID": "",
    "Description": "",
    "LocationAbbr": "",
    "LocationDesc": "",
    "DataSource": "",
    "Topic": "",
    "Data_Value": "",
    "Sample_Size": "",
    "Stratification1": "",
    "StratificationId1": "",
    "LocationDisplayOrder": ""
  },
  {
    "ID": "",
    "Description": "",
    "LocationAbbr": "",
    "LocationDesc": "",
    "DataSource": "",
    "Topic": "",
    "Data_Value": "",
    "Sample_Size": "",
    "Stratification1": "",
    "StratificationId1": "",
    "LocationDisplayOrder": ""
  },
  {
    "ID": "",
    "Description": "",
    "LocationAbbr": "",
    "LocationDesc": "",
    "DataSource": "",
    "Topic": "",
    "Data_Value": "",
    "Sample_Size": "",
    "Stratification1": "",
    "StratificationId1": "",
    "LocationDisplayOrder": ""
  },
  {
    "ID": "",
    "Description": "",
    "LocationAbbr": "",
    "LocationDesc": "",
    "DataSource": "",
    "Topic": "",
    "Data_Value": "",
    "Sample_Size": "",
    "Stratification1": "",
    "StratificationId1": "",
    "LocationDisplayOrder": ""
  },
  {
    "ID": "",
    "Description": "",
    "LocationAbbr": "",
    "LocationDesc": "",
    "DataSource": "",
    "Topic": "",
    "Data_Value": "",
    "Sample_Size": "",
    "Stratification1": "",
    "StratificationId1": "",
    "LocationDisplayOrder": ""
  },
  {
    "ID": "",
    "Description": "",
    "LocationAbbr": "",
    "LocationDesc": "",
    "DataSource": "",
    "Topic": "",
    "Data_Value": "",
    "Sample_Size": "",
    "Stratification1": "",
    "StratificationId1": "",
    "LocationDisplayOrder": ""
  },
  {
    "ID": "",
    "Description": "",
    "LocationAbbr": "",
    "LocationDesc": "",
    "DataSource": "",
    "Topic": "",
    "Data_Value": "",
    "Sample_Size": "",
    "Stratification1": "",
    "StratificationId1": "",
    "LocationDisplayOrder": ""
  },
  {
    "ID": "",
    "Description": "",
    "LocationAbbr": "",
    "LocationDesc": "",
    "DataSource": "",
    "Topic": "",
    "Data_Value": "",
    "Sample_Size": "",
    "Stratification1": "",
    "StratificationId1": "",
    "LocationDisplayOrder": ""
  },
  {
    "ID": "",
    "Description": "",
    "LocationAbbr": "",
    "LocationDesc": "",
    "DataSource": "",
    "Topic": "",
    "Data_Value": "",
    "Sample_Size": "",
    "Stratification1": "",
    "StratificationId1": "",
    "LocationDisplayOrder": ""
  }
]