[
  {
    "ID": 1055,
    "Description": 2013,
    "LocationAbbr": "US",
    "LocationDesc": "National",
    "DataSource": "BRFSS",
    "Topic": "Obesity / Weight Status",
    "Data_Value": 31.7,
    "Sample_Size": "8,475",
    "Stratification1": "2 or more races",
    "StratificationId1": "RACE2PLUS",
    "LocationDisplayOrder": 0
  },
  {
    "ID": 33453,
    "Description": 2013,
    "LocationAbbr": "AL",
    "LocationDesc": "Alabama",
    "DataSource": "BRFSS",
    "Topic": "Obesity / Weight Status",
    "Data_Value": "~",
    "Sample_Size": "~",
    "Stratification1": "2 or more races",
    "StratificationId1": "RACE2PLUS",
    "LocationDisplayOrder": 1
  },
  {
    "ID": 7625,
    "Description": 2013,
    "LocationAbbr": "AK",
    "LocationDesc": "Alaska",
    "DataSource": "BRFSS",
    "Topic": "Obesity / Weight Status",
    "Data_Value": 23.2,
    "Sample_Size": 184,
    "Stratification1": "2 or more races",
    "StratificationId1": "RACE2PLUS",
    "LocationDisplayOrder": 2
  },
  {
    "ID": 11965,
    "Description": 2013,
    "LocationAbbr": "AZ",
    "LocationDesc": "Arizona",
    "DataSource": "BRFSS",
    "Topic": "Obesity / Weight Status",
    "Data_Value": 14.8,
    "Sample_Size": 62,
    "Stratification1": "2 or more races",
    "StratificationId1": "RACE2PLUS",
    "LocationDisplayOrder": 4
  },
  {
    "ID": 11095,
    "Description": 2013,
    "LocationAbbr": "AR",
    "LocationDesc": "Arkansas",
    "DataSource": "BRFSS",
    "Topic": "Obesity / Weight Status",
    "Data_Value": 33.9,
    "Sample_Size": 84,
    "Stratification1": "2 or more races",
    "StratificationId1": "RACE2PLUS",
    "LocationDisplayOrder": 5
  },
  {
    "ID": 38727,
    "Description": 2013,
    "LocationAbbr": "CA",
    "LocationDesc": "California",
    "DataSource": "BRFSS",
    "Topic": "Obesity / Weight Status",
    "Data_Value": 33.8,
    "Sample_Size": 202,
    "Stratification1": "2 or more races",
    "StratificationId1": "RACE2PLUS",
    "LocationDisplayOrder": 6
  },
  {
    "ID": 14884,
    "Description": 2013,
    "LocationAbbr": "CO",
    "LocationDesc": "Colorado",
    "DataSource": "BRFSS",
    "Topic": "Obesity / Weight Status",
    "Data_Value": 23.2,
    "Sample_Size": 181,
    "Stratification1": "2 or more races",
    "StratificationId1": "RACE2PLUS",
    "LocationDisplayOrder": 8
  },
  {
    "ID": 32075,
    "Description": 2013,
    "LocationAbbr": "CT",
    "LocationDesc": "Connecticut",
    "DataSource": "BRFSS",
    "Topic": "Obesity / Weight Status",
    "Data_Value": 33.1,
    "Sample_Size": 65,
    "Stratification1": "2 or more races",
    "StratificationId1": "RACE2PLUS",
    "LocationDisplayOrder": 9
  },
  {
    "ID": 9385,
    "Description": 2013,
    "LocationAbbr": "DE",
    "LocationDesc": "Delaware",
    "DataSource": "BRFSS",
    "Topic": "Obesity / Weight Status",
    "Data_Value": 22.8,
    "Sample_Size": 65,
    "Stratification1": "2 or more races",
    "StratificationId1": "RACE2PLUS",
    "LocationDisplayOrder": 10
  },
  {
    "ID": 9076,
    "Description": 2013,
    "LocationAbbr": "DC",
    "LocationDesc": "District of Columbia",
    "DataSource": "BRFSS",
    "Topic": "Obesity / Weight Status",
    "Data_Value": 19.1,
    "Sample_Size": 73,
    "Stratification1": "2 or more races",
    "StratificationId1": "RACE2PLUS",
    "LocationDisplayOrder": 11
  },
  {
    "ID": 13286,
    "Description": 2013,
    "LocationAbbr": "FL",
    "LocationDesc": "Florida",
    "DataSource": "BRFSS",
    "Topic": "Obesity / Weight Status",
    "Data_Value": 33.8,
    "Sample_Size": 466,
    "Stratification1": "2 or more races",
    "StratificationId1": "RACE2PLUS",
    "LocationDisplayOrder": 12
  },
  {
    "ID": 17669,
    "Description": 2013,
    "LocationAbbr": "GA",
    "LocationDesc": "Georgia",
    "DataSource": "BRFSS",
    "Topic": "Obesity / Weight Status",
    "Data_Value": 37.1,
    "Sample_Size": 124,
    "Stratification1": "2 or more races",
    "StratificationId1": "RACE2PLUS",
    "LocationDisplayOrder": 13
  },
  {
    "ID": 22768,
    "Description": 2013,
    "LocationAbbr": "HI",
    "LocationDesc": "Hawaii",
    "DataSource": "BRFSS",
    "Topic": "Obesity / Weight Status",
    "Data_Value": 33.9,
    "Sample_Size": "1,841",
    "Stratification1": "2 or more races",
    "StratificationId1": "RACE2PLUS",
    "LocationDisplayOrder": 15
  },
  {
    "ID": 15840,
    "Description": 2013,
    "LocationAbbr": "ID",
    "LocationDesc": "Idaho",
    "DataSource": "BRFSS",
    "Topic": "Obesity / Weight Status",
    "Data_Value": 41.9,
    "Sample_Size": 74,
    "Stratification1": "2 or more races",
    "StratificationId1": "RACE2PLUS",
    "LocationDisplayOrder": 16
  },
  {
    "ID": 1251,
    "Description": 2013,
    "LocationAbbr": "IL",
    "LocationDesc": "Illinois",
    "DataSource": "BRFSS",
    "Topic": "Obesity / Weight Status",
    "Data_Value": 26.5,
    "Sample_Size": 68,
    "Stratification1": "2 or more races",
    "StratificationId1": "RACE2PLUS",
    "LocationDisplayOrder": 17
  },
  {
    "ID": 6266,
    "Description": 2013,
    "LocationAbbr": "IN",
    "LocationDesc": "Indiana",
    "DataSource": "BRFSS",
    "Topic": "Obesity / Weight Status",
    "Data_Value": 37.3,
    "Sample_Size": 111,
    "Stratification1": "2 or more races",
    "StratificationId1": "RACE2PLUS",
    "LocationDisplayOrder": 18
  },
  {
    "ID": 35031,
    "Description": 2013,
    "LocationAbbr": "IA",
    "LocationDesc": "Iowa",
    "DataSource": "BRFSS",
    "Topic": "Obesity / Weight Status",
    "Data_Value": "~",
    "Sample_Size": "~",
    "Stratification1": "2 or more races",
    "StratificationId1": "RACE2PLUS",
    "LocationDisplayOrder": 19
  },
  {
    "ID": 15473,
    "Description": 2013,
    "LocationAbbr": "KS",
    "LocationDesc": "Kansas",
    "DataSource": "BRFSS",
    "Topic": "Obesity / Weight Status",
    "Data_Value": 31,
    "Sample_Size": 343,
    "Stratification1": "2 or more races",
    "StratificationId1": "RACE2PLUS",
    "LocationDisplayOrder": 20
  },
  {
    "ID": 6989,
    "Description": 2013,
    "LocationAbbr": "KY",
    "LocationDesc": "Kentucky",
    "DataSource": "BRFSS",
    "Topic": "Obesity / Weight Status",
    "Data_Value": 34,
    "Sample_Size": 194,
    "Stratification1": "2 or more races",
    "StratificationId1": "RACE2PLUS",
    "LocationDisplayOrder": 21
  },
  {
    "ID": 35263,
    "Description": 2013,
    "LocationAbbr": "LA",
    "LocationDesc": "Louisiana",
    "DataSource": "BRFSS",
    "Topic": "Obesity / Weight Status",
    "Data_Value": "~",
    "Sample_Size": "~",
    "Stratification1": "2 or more races",
    "StratificationId1": "RACE2PLUS",
    "LocationDisplayOrder": 22
  },
  {
    "ID": 38868,
    "Description": 2013,
    "LocationAbbr": "ME",
    "LocationDesc": "Maine",
    "DataSource": "BRFSS",
    "Topic": "Obesity / Weight Status",
    "Data_Value": 25.7,
    "Sample_Size": 91,
    "Stratification1": "2 or more races",
    "StratificationId1": "RACE2PLUS",
    "LocationDisplayOrder": 23
  },
  {
    "ID": 20094,
    "Description": 2013,
    "LocationAbbr": "MD",
    "LocationDesc": "Maryland",
    "DataSource": "BRFSS",
    "Topic": "Obesity / Weight Status",
    "Data_Value": 32.4,
    "Sample_Size": 163,
    "Stratification1": "2 or more races",
    "StratificationId1": "RACE2PLUS",
    "LocationDisplayOrder": 24
  },
  {
    "ID": 21089,
    "Description": 2013,
    "LocationAbbr": "MA",
    "LocationDesc": "Massachusetts",
    "DataSource": "BRFSS",
    "Topic": "Obesity / Weight Status",
    "Data_Value": 27.8,
    "Sample_Size": 170,
    "Stratification1": "2 or more races",
    "StratificationId1": "RACE2PLUS",
    "LocationDisplayOrder": 25
  },
  {
    "ID": 18596,
    "Description": 2013,
    "LocationAbbr": "MI",
    "LocationDesc": "Michigan",
    "DataSource": "BRFSS",
    "Topic": "Obesity / Weight Status",
    "Data_Value": 34.1,
    "Sample_Size": 286,
    "Stratification1": "2 or more races",
    "StratificationId1": "RACE2PLUS",
    "LocationDisplayOrder": 26
  },
  {
    "ID": 12364,
    "Description": 2013,
    "LocationAbbr": "MN",
    "LocationDesc": "Minnesota",
    "DataSource": "BRFSS",
    "Topic": "Obesity / Weight Status",
    "Data_Value": 19.6,
    "Sample_Size": 100,
    "Stratification1": "2 or more races",
    "StratificationId1": "RACE2PLUS",
    "LocationDisplayOrder": 27
  },
  {
    "ID": 22270,
    "Description": 2013,
    "LocationAbbr": "MS",
    "LocationDesc": "Mississippi",
    "DataSource": "BRFSS",
    "Topic": "Obesity / Weight Status",
    "Data_Value": "~",
    "Sample_Size": "~",
    "Stratification1": "2 or more races",
    "StratificationId1": "RACE2PLUS",
    "LocationDisplayOrder": 28
  },
  {
    "ID": 2939,
    "Description": 2013,
    "LocationAbbr": "MO",
    "LocationDesc": "Missouri",
    "DataSource": "BRFSS",
    "Topic": "Obesity / Weight Status",
    "Data_Value": 36.4,
    "Sample_Size": 130,
    "Stratification1": "2 or more races",
    "StratificationId1": "RACE2PLUS",
    "LocationDisplayOrder": 29
  },
  {
    "ID": 32979,
    "Description": 2013,
    "LocationAbbr": "MT",
    "LocationDesc": "Montana",
    "DataSource": "BRFSS",
    "Topic": "Obesity / Weight Status",
    "Data_Value": 39.9,
    "Sample_Size": 139,
    "Stratification1": "2 or more races",
    "StratificationId1": "RACE2PLUS",
    "LocationDisplayOrder": 30
  },
  {
    "ID": 29359,
    "Description": 2013,
    "LocationAbbr": "NE",
    "LocationDesc": "Nebraska",
    "DataSource": "BRFSS",
    "Topic": "Obesity / Weight Status",
    "Data_Value": 34.5,
    "Sample_Size": 147,
    "Stratification1": "2 or more races",
    "StratificationId1": "RACE2PLUS",
    "LocationDisplayOrder": 31
  },
  {
    "ID": 38857,
    "Description": 2013,
    "LocationAbbr": "NV",
    "LocationDesc": "Nevada",
    "DataSource": "BRFSS",
    "Topic": "Obesity / Weight Status",
    "Data_Value": 26.8,
    "Sample_Size": 207,
    "Stratification1": "2 or more races",
    "StratificationId1": "RACE2PLUS",
    "LocationDisplayOrder": 32
  },
  {
    "ID": 11237,
    "Description": 2013,
    "LocationAbbr": "NH",
    "LocationDesc": "New Hampshire",
    "DataSource": "BRFSS",
    "Topic": "Obesity / Weight Status",
    "Data_Value": 18,
    "Sample_Size": 59,
    "Stratification1": "2 or more races",
    "StratificationId1": "RACE2PLUS",
    "LocationDisplayOrder": 33
  },
  {
    "ID": 38018,
    "Description": 2013,
    "LocationAbbr": "NJ",
    "LocationDesc": "New Jersey",
    "DataSource": "BRFSS",
    "Topic": "Obesity / Weight Status",
    "Data_Value": 38.3,
    "Sample_Size": 94,
    "Stratification1": "2 or more races",
    "StratificationId1": "RACE2PLUS",
    "LocationDisplayOrder": 34
  },
  {
    "ID": 19628,
    "Description": 2013,
    "LocationAbbr": "NM",
    "LocationDesc": "New Mexico",
    "DataSource": "BRFSS",
    "Topic": "Obesity / Weight Status",
    "Data_Value": 30.9,
    "Sample_Size": 105,
    "Stratification1": "2 or more races",
    "StratificationId1": "RACE2PLUS",
    "LocationDisplayOrder": 35
  },
  {
    "ID": 2903,
    "Description": 2013,
    "LocationAbbr": "NY",
    "LocationDesc": "New York",
    "DataSource": "BRFSS",
    "Topic": "Obesity / Weight Status",
    "Data_Value": 28.9,
    "Sample_Size": 82,
    "Stratification1": "2 or more races",
    "StratificationId1": "RACE2PLUS",
    "LocationDisplayOrder": 36
  },
  {
    "ID": 5366,
    "Description": 2013,
    "LocationAbbr": "NC",
    "LocationDesc": "North Carolina",
    "DataSource": "BRFSS",
    "Topic": "Obesity / Weight Status",
    "Data_Value": 24,
    "Sample_Size": 105,
    "Stratification1": "2 or more races",
    "StratificationId1": "RACE2PLUS",
    "LocationDisplayOrder": 37
  },
  {
    "ID": 12451,
    "Description": 2013,
    "LocationAbbr": "ND",
    "LocationDesc": "North Dakota",
    "DataSource": "BRFSS",
    "Topic": "Obesity / Weight Status",
    "Data_Value": "~",
    "Sample_Size": "~",
    "Stratification1": "2 or more races",
    "StratificationId1": "RACE2PLUS",
    "LocationDisplayOrder": 38
  },
  {
    "ID": 31296,
    "Description": 2013,
    "LocationAbbr": "OH",
    "LocationDesc": "Ohio",
    "DataSource": "BRFSS",
    "Topic": "Obesity / Weight Status",
    "Data_Value": 46.1,
    "Sample_Size": 129,
    "Stratification1": "2 or more races",
    "StratificationId1": "RACE2PLUS",
    "LocationDisplayOrder": 39
  },
  {
    "ID": 3200,
    "Description": 2013,
    "LocationAbbr": "OK",
    "LocationDesc": "Oklahoma",
    "DataSource": "BRFSS",
    "Topic": "Obesity / Weight Status",
    "Data_Value": 29.9,
    "Sample_Size": 541,
    "Stratification1": "2 or more races",
    "StratificationId1": "RACE2PLUS",
    "LocationDisplayOrder": 40
  },
  {
    "ID": 38086,
    "Description": 2013,
    "LocationAbbr": "OR",
    "LocationDesc": "Oregon",
    "DataSource": "BRFSS",
    "Topic": "Obesity / Weight Status",
    "Data_Value": 36.8,
    "Sample_Size": 291,
    "Stratification1": "2 or more races",
    "StratificationId1": "RACE2PLUS",
    "LocationDisplayOrder": 41
  },
  {
    "ID": 23309,
    "Description": 2013,
    "LocationAbbr": "PA",
    "LocationDesc": "Pennsylvania",
    "DataSource": "BRFSS",
    "Topic": "Obesity / Weight Status",
    "Data_Value": 30.6,
    "Sample_Size": 108,
    "Stratification1": "2 or more races",
    "StratificationId1": "RACE2PLUS",
    "LocationDisplayOrder": 42
  },
  {
    "ID": 24048,
    "Description": 2013,
    "LocationAbbr": "RI",
    "LocationDesc": "Rhode Island",
    "DataSource": "BRFSS",
    "Topic": "Obesity / Weight Status",
    "Data_Value": 24,
    "Sample_Size": 51,
    "Stratification1": "2 or more races",
    "StratificationId1": "RACE2PLUS",
    "LocationDisplayOrder": 44
  },
  {
    "ID": 14946,
    "Description": 2013,
    "LocationAbbr": "SC",
    "LocationDesc": "South Carolina",
    "DataSource": "BRFSS",
    "Topic": "Obesity / Weight Status",
    "Data_Value": 38.8,
    "Sample_Size": 151,
    "Stratification1": "2 or more races",
    "StratificationId1": "RACE2PLUS",
    "LocationDisplayOrder": 45
  },
  {
    "ID": 12089,
    "Description": 2013,
    "LocationAbbr": "SD",
    "LocationDesc": "South Dakota",
    "DataSource": "BRFSS",
    "Topic": "Obesity / Weight Status",
    "Data_Value": 28.6,
    "Sample_Size": 93,
    "Stratification1": "2 or more races",
    "StratificationId1": "RACE2PLUS",
    "LocationDisplayOrder": 46
  },
  {
    "ID": 4715,
    "Description": 2013,
    "LocationAbbr": "TN",
    "LocationDesc": "Tennessee",
    "DataSource": "BRFSS",
    "Topic": "Obesity / Weight Status",
    "Data_Value": "~",
    "Sample_Size": "~",
    "Stratification1": "2 or more races",
    "StratificationId1": "RACE2PLUS",
    "LocationDisplayOrder": 47
  },
  {
    "ID": 27737,
    "Description": 2013,
    "LocationAbbr": "TX",
    "LocationDesc": "Texas",
    "DataSource": "BRFSS",
    "Topic": "Obesity / Weight Status",
    "Data_Value": 27.2,
    "Sample_Size": 111,
    "Stratification1": "2 or more races",
    "StratificationId1": "RACE2PLUS",
    "LocationDisplayOrder": 48
  },
  {
    "ID": 18518,
    "Description": 2013,
    "LocationAbbr": "UT",
    "LocationDesc": "Utah",
    "DataSource": "BRFSS",
    "Topic": "Obesity / Weight Status",
    "Data_Value": 24.7,
    "Sample_Size": 89,
    "Stratification1": "2 or more races",
    "StratificationId1": "RACE2PLUS",
    "LocationDisplayOrder": 49
  },
  {
    "ID": 8246,
    "Description": 2013,
    "LocationAbbr": "VT",
    "LocationDesc": "Vermont",
    "DataSource": "BRFSS",
    "Topic": "Obesity / Weight Status",
    "Data_Value": 31,
    "Sample_Size": 80,
    "Stratification1": "2 or more races",
    "StratificationId1": "RACE2PLUS",
    "LocationDisplayOrder": 50
  },
  {
    "ID": 31425,
    "Description": 2013,
    "LocationAbbr": "VA",
    "LocationDesc": "Virginia",
    "DataSource": "BRFSS",
    "Topic": "Obesity / Weight Status",
    "Data_Value": 30.5,
    "Sample_Size": 108,
    "Stratification1": "2 or more races",
    "StratificationId1": "RACE2PLUS",
    "LocationDisplayOrder": 51
  },
  {
    "ID": 35178,
    "Description": 2013,
    "LocationAbbr": "WA",
    "LocationDesc": "Washington",
    "DataSource": "BRFSS",
    "Topic": "Obesity / Weight Status",
    "Data_Value": 32.9,
    "Sample_Size": 203,
    "Stratification1": "2 or more races",
    "StratificationId1": "RACE2PLUS",
    "LocationDisplayOrder": 53
  },
  {
    "ID": 32549,
    "Description": 2013,
    "LocationAbbr": "WV",
    "LocationDesc": "West Virginia",
    "DataSource": "BRFSS",
    "Topic": "Obesity / Weight Status",
    "Data_Value": 34.7,
    "Sample_Size": 123,
    "Stratification1": "2 or more races",
    "StratificationId1": "RACE2PLUS",
    "LocationDisplayOrder": 54
  },
  {
    "ID": 17500,
    "Description": 2013,
    "LocationAbbr": "WI",
    "LocationDesc": "Wisconsin",
    "DataSource": "BRFSS",
    "Topic": "Obesity / Weight Status",
    "Data_Value": 35.7,
    "Sample_Size": 77,
    "Stratification1": "2 or more races",
    "StratificationId1": "RACE2PLUS",
    "LocationDisplayOrder": 55
  },
  {
    "ID": 13025,
    "Description": 2013,
    "LocationAbbr": "WY",
    "LocationDesc": "Wyoming",
    "DataSource": "BRFSS",
    "Topic": "Obesity / Weight Status",
    "Data_Value": 46.8,
    "Sample_Size": 57,
    "Stratification1": "2 or more races",
    "StratificationId1": "RACE2PLUS",
    "LocationDisplayOrder": 56
  },
  {
    "ID": 1178,
    "Description": 2013,
    "LocationAbbr": "PR",
    "LocationDesc": "Puerto Rico",
    "DataSource": "BRFSS",
    "Topic": "Obesity / Weight Status",
    "Data_Value": "~",
    "Sample_Size": "~",
    "Stratification1": "2 or more races",
    "StratificationId1": "RACE2PLUS",
    "LocationDisplayOrder": 72
  },
  {
    "ID": "",
    "Description": "",
    "LocationAbbr": "",
    "LocationDesc": "",
    "DataSource": "",
    "Topic": "",
    "Data_Value": "",
    "Sample_Size": "",
    "Stratification1": "",
    "StratificationId1": "",
    "LocationDisplayOrder": ""
  },
  {
    "ID": "",
    "Description": "",
    "LocationAbbr": "",
    "LocationDesc": "",
    "DataSource": "",
    "Topic": "",
    "Data_Value": "",
    "Sample_Size": "",
    "Stratification1": "",
    "StratificationId1": "",
    "LocationDisplayOrder": ""
  },
  {
    "ID": "",
    "Description": "",
    "LocationAbbr": "",
    "LocationDesc": "",
    "DataSource": "",
    "Topic": "",
    "Data_Value": "",
    "Sample_Size": "",
    "Stratification1": "",
    "StratificationId1": "",
    "LocationDisplayOrder": ""
  },
  {
    "ID": "",
    "Description": "",
    "LocationAbbr": "",
    "LocationDesc": "",
    "DataSource": "",
    "Topic": "",
    "Data_Value": "",
    "Sample_Size": "",
    "Stratification1": "",
    "StratificationId1": "",
    "LocationDisplayOrder": ""
  },
  {
    "ID": "",
    "Description": "",
    "LocationAbbr": "",
    "LocationDesc": "",
    "DataSource": "",
    "Topic": "",
    "Data_Value": "",
    "Sample_Size": "",
    "Stratification1": "",
    "StratificationId1": "",
    "LocationDisplayOrder": ""
  },
  {
    "ID": "",
    "Description": "",
    "LocationAbbr": "",
    "LocationDesc": "",
    "DataSource": "",
    "Topic": "",
    "Data_Value": "",
    "Sample_Size": "",
    "Stratification1": "",
    "StratificationId1": "",
    "LocationDisplayOrder": ""
  },
  {
    "ID": "",
    "Description": "",
    "LocationAbbr": "",
    "LocationDesc": "",
    "DataSource": "",
    "Topic": "",
    "Data_Value": "",
    "Sample_Size": "",
    "Stratification1": "",
    "StratificationId1": "",
    "LocationDisplayOrder": ""
  },
  {
    "ID": "",
    "Description": "",
    "LocationAbbr": "",
    "LocationDesc": "",
    "DataSource": "",
    "Topic": "",
    "Data_Value": "",
    "Sample_Size": "",
    "Stratification1": "",
    "StratificationId1": "",
    "LocationDisplayOrder": ""
  },
  {
    "ID": "",
    "Description": "",
    "LocationAbbr": "",
    "LocationDesc": "",
    "DataSource": "",
    "Topic": "",
    "Data_Value": "",
    "Sample_Size": "",
    "Stratification1": "",
    "StratificationId1": "",
    "LocationDisplayOrder": ""
  },
  {
    "ID": "",
    "Description": "",
    "LocationAbbr": "",
    "LocationDesc": "",
    "DataSource": "",
    "Topic": "",
    "Data_Value": "",
    "Sample_Size": "",
    "Stratification1": "",
    "StratificationId1": "",
    "LocationDisplayOrder": ""
  }
]