[
  {
    "ID": 1957,
    "Description": 2013,
    "LocationAbbr": "US",
    "LocationDesc": "National",
    "DataSource": "BRFSS",
    "Topic": "Obesity / Weight Status",
    "Data_Value": 31.7,
    "Sample_Size": "55,422",
    "Stratification1": "35 - 44",
    "StratificationId1": "AGEYR3544",
    "LocationDisplayOrder": 0
  },
  {
    "ID": 25309,
    "Description": 2013,
    "LocationAbbr": "AL",
    "LocationDesc": "Alabama",
    "DataSource": "BRFSS",
    "Topic": "Obesity / Weight Status",
    "Data_Value": 36.7,
    "Sample_Size": 649,
    "Stratification1": "35 - 44",
    "StratificationId1": "AGEYR3544",
    "LocationDisplayOrder": 1
  },
  {
    "ID": 31472,
    "Description": 2013,
    "LocationAbbr": "AK",
    "LocationDesc": "Alaska",
    "DataSource": "BRFSS",
    "Topic": "Obesity / Weight Status",
    "Data_Value": 33.5,
    "Sample_Size": 695,
    "Stratification1": "35 - 44",
    "StratificationId1": "AGEYR3544",
    "LocationDisplayOrder": 2
  },
  {
    "ID": 8497,
    "Description": 2013,
    "LocationAbbr": "AZ",
    "LocationDesc": "Arizona",
    "DataSource": "BRFSS",
    "Topic": "Obesity / Weight Status",
    "Data_Value": 27.6,
    "Sample_Size": 412,
    "Stratification1": "35 - 44",
    "StratificationId1": "AGEYR3544",
    "LocationDisplayOrder": 4
  },
  {
    "ID": 9928,
    "Description": 2013,
    "LocationAbbr": "AR",
    "LocationDesc": "Arkansas",
    "DataSource": "BRFSS",
    "Topic": "Obesity / Weight Status",
    "Data_Value": 42.1,
    "Sample_Size": 513,
    "Stratification1": "35 - 44",
    "StratificationId1": "AGEYR3544",
    "LocationDisplayOrder": 5
  },
  {
    "ID": 14069,
    "Description": 2013,
    "LocationAbbr": "CA",
    "LocationDesc": "California",
    "DataSource": "BRFSS",
    "Topic": "Obesity / Weight Status",
    "Data_Value": 26.7,
    "Sample_Size": "1,522",
    "Stratification1": "35 - 44",
    "StratificationId1": "AGEYR3544",
    "LocationDisplayOrder": 6
  },
  {
    "ID": 13948,
    "Description": 2013,
    "LocationAbbr": "CO",
    "LocationDesc": "Colorado",
    "DataSource": "BRFSS",
    "Topic": "Obesity / Weight Status",
    "Data_Value": 24.5,
    "Sample_Size": "1,791",
    "Stratification1": "35 - 44",
    "StratificationId1": "AGEYR3544",
    "LocationDisplayOrder": 8
  },
  {
    "ID": 32147,
    "Description": 2013,
    "LocationAbbr": "CT",
    "LocationDesc": "Connecticut",
    "DataSource": "BRFSS",
    "Topic": "Obesity / Weight Status",
    "Data_Value": 28.6,
    "Sample_Size": 927,
    "Stratification1": "35 - 44",
    "StratificationId1": "AGEYR3544",
    "LocationDisplayOrder": 9
  },
  {
    "ID": 21133,
    "Description": 2013,
    "LocationAbbr": "DE",
    "LocationDesc": "Delaware",
    "DataSource": "BRFSS",
    "Topic": "Obesity / Weight Status",
    "Data_Value": 31.4,
    "Sample_Size": 578,
    "Stratification1": "35 - 44",
    "StratificationId1": "AGEYR3544",
    "LocationDisplayOrder": 10
  },
  {
    "ID": 25324,
    "Description": 2013,
    "LocationAbbr": "DC",
    "LocationDesc": "District of Columbia",
    "DataSource": "BRFSS",
    "Topic": "Obesity / Weight Status",
    "Data_Value": 27.4,
    "Sample_Size": 627,
    "Stratification1": "35 - 44",
    "StratificationId1": "AGEYR3544",
    "LocationDisplayOrder": 11
  },
  {
    "ID": 16023,
    "Description": 2013,
    "LocationAbbr": "FL",
    "LocationDesc": "Florida",
    "DataSource": "BRFSS",
    "Topic": "Obesity / Weight Status",
    "Data_Value": 32,
    "Sample_Size": "2,996",
    "Stratification1": "35 - 44",
    "StratificationId1": "AGEYR3544",
    "LocationDisplayOrder": 12
  },
  {
    "ID": 8349,
    "Description": 2013,
    "LocationAbbr": "GA",
    "LocationDesc": "Georgia",
    "DataSource": "BRFSS",
    "Topic": "Obesity / Weight Status",
    "Data_Value": 34.7,
    "Sample_Size": 997,
    "Stratification1": "35 - 44",
    "StratificationId1": "AGEYR3544",
    "LocationDisplayOrder": 13
  },
  {
    "ID": 14470,
    "Description": 2013,
    "LocationAbbr": "HI",
    "LocationDesc": "Hawaii",
    "DataSource": "BRFSS",
    "Topic": "Obesity / Weight Status",
    "Data_Value": 24.2,
    "Sample_Size": 967,
    "Stratification1": "35 - 44",
    "StratificationId1": "AGEYR3544",
    "LocationDisplayOrder": 15
  },
  {
    "ID": 24172,
    "Description": 2013,
    "LocationAbbr": "ID",
    "LocationDesc": "Idaho",
    "DataSource": "BRFSS",
    "Topic": "Obesity / Weight Status",
    "Data_Value": 32.1,
    "Sample_Size": 655,
    "Stratification1": "35 - 44",
    "StratificationId1": "AGEYR3544",
    "LocationDisplayOrder": 16
  },
  {
    "ID": 9084,
    "Description": 2013,
    "LocationAbbr": "IL",
    "LocationDesc": "Illinois",
    "DataSource": "BRFSS",
    "Topic": "Obesity / Weight Status",
    "Data_Value": 33.7,
    "Sample_Size": 633,
    "Stratification1": "35 - 44",
    "StratificationId1": "AGEYR3544",
    "LocationDisplayOrder": 17
  },
  {
    "ID": 7332,
    "Description": 2013,
    "LocationAbbr": "IN",
    "LocationDesc": "Indiana",
    "DataSource": "BRFSS",
    "Topic": "Obesity / Weight Status",
    "Data_Value": 32.7,
    "Sample_Size": "1,171",
    "Stratification1": "35 - 44",
    "StratificationId1": "AGEYR3544",
    "LocationDisplayOrder": 18
  },
  {
    "ID": 21148,
    "Description": 2013,
    "LocationAbbr": "IA",
    "LocationDesc": "Iowa",
    "DataSource": "BRFSS",
    "Topic": "Obesity / Weight Status",
    "Data_Value": 34.3,
    "Sample_Size": 865,
    "Stratification1": "35 - 44",
    "StratificationId1": "AGEYR3544",
    "LocationDisplayOrder": 19
  },
  {
    "ID": 18461,
    "Description": 2013,
    "LocationAbbr": "KS",
    "LocationDesc": "Kansas",
    "DataSource": "BRFSS",
    "Topic": "Obesity / Weight Status",
    "Data_Value": 34.5,
    "Sample_Size": "2,646",
    "Stratification1": "35 - 44",
    "StratificationId1": "AGEYR3544",
    "LocationDisplayOrder": 20
  },
  {
    "ID": 23820,
    "Description": 2013,
    "LocationAbbr": "KY",
    "LocationDesc": "Kentucky",
    "DataSource": "BRFSS",
    "Topic": "Obesity / Weight Status",
    "Data_Value": 38.6,
    "Sample_Size": "1,247",
    "Stratification1": "35 - 44",
    "StratificationId1": "AGEYR3544",
    "LocationDisplayOrder": 21
  },
  {
    "ID": 13777,
    "Description": 2013,
    "LocationAbbr": "LA",
    "LocationDesc": "Louisiana",
    "DataSource": "BRFSS",
    "Topic": "Obesity / Weight Status",
    "Data_Value": 40.4,
    "Sample_Size": 549,
    "Stratification1": "35 - 44",
    "StratificationId1": "AGEYR3544",
    "LocationDisplayOrder": 22
  },
  {
    "ID": 25187,
    "Description": 2013,
    "LocationAbbr": "ME",
    "LocationDesc": "Maine",
    "DataSource": "BRFSS",
    "Topic": "Obesity / Weight Status",
    "Data_Value": 33.2,
    "Sample_Size": 859,
    "Stratification1": "35 - 44",
    "StratificationId1": "AGEYR3544",
    "LocationDisplayOrder": 23
  },
  {
    "ID": 22982,
    "Description": 2013,
    "LocationAbbr": "MD",
    "LocationDesc": "Maryland",
    "DataSource": "BRFSS",
    "Topic": "Obesity / Weight Status",
    "Data_Value": 29.4,
    "Sample_Size": "1,516",
    "Stratification1": "35 - 44",
    "StratificationId1": "AGEYR3544",
    "LocationDisplayOrder": 24
  },
  {
    "ID": 5692,
    "Description": 2013,
    "LocationAbbr": "MA",
    "LocationDesc": "Massachusetts",
    "DataSource": "BRFSS",
    "Topic": "Obesity / Weight Status",
    "Data_Value": 23.5,
    "Sample_Size": "1,772",
    "Stratification1": "35 - 44",
    "StratificationId1": "AGEYR3544",
    "LocationDisplayOrder": 25
  },
  {
    "ID": 18647,
    "Description": 2013,
    "LocationAbbr": "MI",
    "LocationDesc": "Michigan",
    "DataSource": "BRFSS",
    "Topic": "Obesity / Weight Status",
    "Data_Value": 33.7,
    "Sample_Size": "1,381",
    "Stratification1": "35 - 44",
    "StratificationId1": "AGEYR3544",
    "LocationDisplayOrder": 26
  },
  {
    "ID": 24821,
    "Description": 2013,
    "LocationAbbr": "MN",
    "LocationDesc": "Minnesota",
    "DataSource": "BRFSS",
    "Topic": "Obesity / Weight Status",
    "Data_Value": 27.9,
    "Sample_Size": "1,847",
    "Stratification1": "35 - 44",
    "StratificationId1": "AGEYR3544",
    "LocationDisplayOrder": 27
  },
  {
    "ID": 17769,
    "Description": 2013,
    "LocationAbbr": "MS",
    "LocationDesc": "Mississippi",
    "DataSource": "BRFSS",
    "Topic": "Obesity / Weight Status",
    "Data_Value": 38.9,
    "Sample_Size": 714,
    "Stratification1": "35 - 44",
    "StratificationId1": "AGEYR3544",
    "LocationDisplayOrder": 28
  },
  {
    "ID": 5488,
    "Description": 2013,
    "LocationAbbr": "MO",
    "LocationDesc": "Missouri",
    "DataSource": "BRFSS",
    "Topic": "Obesity / Weight Status",
    "Data_Value": 39.1,
    "Sample_Size": 714,
    "Stratification1": "35 - 44",
    "StratificationId1": "AGEYR3544",
    "LocationDisplayOrder": 29
  },
  {
    "ID": 29978,
    "Description": 2013,
    "LocationAbbr": "MT",
    "LocationDesc": "Montana",
    "DataSource": "BRFSS",
    "Topic": "Obesity / Weight Status",
    "Data_Value": 26.9,
    "Sample_Size": "1,029",
    "Stratification1": "35 - 44",
    "StratificationId1": "AGEYR3544",
    "LocationDisplayOrder": 30
  },
  {
    "ID": 7604,
    "Description": 2013,
    "LocationAbbr": "NE",
    "LocationDesc": "Nebraska",
    "DataSource": "BRFSS",
    "Topic": "Obesity / Weight Status",
    "Data_Value": 34.3,
    "Sample_Size": "1,908",
    "Stratification1": "35 - 44",
    "StratificationId1": "AGEYR3544",
    "LocationDisplayOrder": 31
  },
  {
    "ID": 5873,
    "Description": 2013,
    "LocationAbbr": "NV",
    "LocationDesc": "Nevada",
    "DataSource": "BRFSS",
    "Topic": "Obesity / Weight Status",
    "Data_Value": 31,
    "Sample_Size": 608,
    "Stratification1": "35 - 44",
    "StratificationId1": "AGEYR3544",
    "LocationDisplayOrder": 32
  },
  {
    "ID": 13253,
    "Description": 2013,
    "LocationAbbr": "NH",
    "LocationDesc": "New Hampshire",
    "DataSource": "BRFSS",
    "Topic": "Obesity / Weight Status",
    "Data_Value": 31,
    "Sample_Size": 719,
    "Stratification1": "35 - 44",
    "StratificationId1": "AGEYR3544",
    "LocationDisplayOrder": 33
  },
  {
    "ID": 12813,
    "Description": 2013,
    "LocationAbbr": "NJ",
    "LocationDesc": "New Jersey",
    "DataSource": "BRFSS",
    "Topic": "Obesity / Weight Status",
    "Data_Value": 28.3,
    "Sample_Size": "1,909",
    "Stratification1": "35 - 44",
    "StratificationId1": "AGEYR3544",
    "LocationDisplayOrder": 34
  },
  {
    "ID": 9001,
    "Description": 2013,
    "LocationAbbr": "NM",
    "LocationDesc": "New Mexico",
    "DataSource": "BRFSS",
    "Topic": "Obesity / Weight Status",
    "Data_Value": 30.7,
    "Sample_Size": "1,083",
    "Stratification1": "35 - 44",
    "StratificationId1": "AGEYR3544",
    "LocationDisplayOrder": 35
  },
  {
    "ID": 31098,
    "Description": 2013,
    "LocationAbbr": "NY",
    "LocationDesc": "New York",
    "DataSource": "BRFSS",
    "Topic": "Obesity / Weight Status",
    "Data_Value": 27.9,
    "Sample_Size": "1,119",
    "Stratification1": "35 - 44",
    "StratificationId1": "AGEYR3544",
    "LocationDisplayOrder": 36
  },
  {
    "ID": 2427,
    "Description": 2013,
    "LocationAbbr": "NC",
    "LocationDesc": "North Carolina",
    "DataSource": "BRFSS",
    "Topic": "Obesity / Weight Status",
    "Data_Value": 31.1,
    "Sample_Size": "1,083",
    "Stratification1": "35 - 44",
    "StratificationId1": "AGEYR3544",
    "LocationDisplayOrder": 37
  },
  {
    "ID": 3550,
    "Description": 2013,
    "LocationAbbr": "ND",
    "LocationDesc": "North Dakota",
    "DataSource": "BRFSS",
    "Topic": "Obesity / Weight Status",
    "Data_Value": 34.9,
    "Sample_Size": 831,
    "Stratification1": "35 - 44",
    "StratificationId1": "AGEYR3544",
    "LocationDisplayOrder": 38
  },
  {
    "ID": 14003,
    "Description": 2013,
    "LocationAbbr": "OH",
    "LocationDesc": "Ohio",
    "DataSource": "BRFSS",
    "Topic": "Obesity / Weight Status",
    "Data_Value": 35.3,
    "Sample_Size": "1,380",
    "Stratification1": "35 - 44",
    "StratificationId1": "AGEYR3544",
    "LocationDisplayOrder": 39
  },
  {
    "ID": 23376,
    "Description": 2013,
    "LocationAbbr": "OK",
    "LocationDesc": "Oklahoma",
    "DataSource": "BRFSS",
    "Topic": "Obesity / Weight Status",
    "Data_Value": 34.4,
    "Sample_Size": 929,
    "Stratification1": "35 - 44",
    "StratificationId1": "AGEYR3544",
    "LocationDisplayOrder": 40
  },
  {
    "ID": 33528,
    "Description": 2013,
    "LocationAbbr": "OR",
    "LocationDesc": "Oregon",
    "DataSource": "BRFSS",
    "Topic": "Obesity / Weight Status",
    "Data_Value": 30.6,
    "Sample_Size": 605,
    "Stratification1": "35 - 44",
    "StratificationId1": "AGEYR3544",
    "LocationDisplayOrder": 41
  },
  {
    "ID": 2650,
    "Description": 2013,
    "LocationAbbr": "PA",
    "LocationDesc": "Pennsylvania",
    "DataSource": "BRFSS",
    "Topic": "Obesity / Weight Status",
    "Data_Value": 34.5,
    "Sample_Size": "1,224",
    "Stratification1": "35 - 44",
    "StratificationId1": "AGEYR3544",
    "LocationDisplayOrder": 42
  },
  {
    "ID": 14038,
    "Description": 2013,
    "LocationAbbr": "RI",
    "LocationDesc": "Rhode Island",
    "DataSource": "BRFSS",
    "Topic": "Obesity / Weight Status",
    "Data_Value": 30.3,
    "Sample_Size": 773,
    "Stratification1": "35 - 44",
    "StratificationId1": "AGEYR3544",
    "LocationDisplayOrder": 44
  },
  {
    "ID": 27519,
    "Description": 2013,
    "LocationAbbr": "SC",
    "LocationDesc": "South Carolina",
    "DataSource": "BRFSS",
    "Topic": "Obesity / Weight Status",
    "Data_Value": 36,
    "Sample_Size": "1,154",
    "Stratification1": "35 - 44",
    "StratificationId1": "AGEYR3544",
    "LocationDisplayOrder": 45
  },
  {
    "ID": 25701,
    "Description": 2013,
    "LocationAbbr": "SD",
    "LocationDesc": "South Dakota",
    "DataSource": "BRFSS",
    "Topic": "Obesity / Weight Status",
    "Data_Value": 32.8,
    "Sample_Size": 732,
    "Stratification1": "35 - 44",
    "StratificationId1": "AGEYR3544",
    "LocationDisplayOrder": 46
  },
  {
    "ID": 39826,
    "Description": 2013,
    "LocationAbbr": "TN",
    "LocationDesc": "Tennessee",
    "DataSource": "BRFSS",
    "Topic": "Obesity / Weight Status",
    "Data_Value": 40.3,
    "Sample_Size": 620,
    "Stratification1": "35 - 44",
    "StratificationId1": "AGEYR3544",
    "LocationDisplayOrder": 47
  },
  {
    "ID": 4362,
    "Description": 2013,
    "LocationAbbr": "TX",
    "LocationDesc": "Texas",
    "DataSource": "BRFSS",
    "Topic": "Obesity / Weight Status",
    "Data_Value": 33.5,
    "Sample_Size": "1,331",
    "Stratification1": "35 - 44",
    "StratificationId1": "AGEYR3544",
    "LocationDisplayOrder": 48
  },
  {
    "ID": 19506,
    "Description": 2013,
    "LocationAbbr": "UT",
    "LocationDesc": "Utah",
    "DataSource": "BRFSS",
    "Topic": "Obesity / Weight Status",
    "Data_Value": 28.1,
    "Sample_Size": "2,093",
    "Stratification1": "35 - 44",
    "StratificationId1": "AGEYR3544",
    "LocationDisplayOrder": 49
  },
  {
    "ID": 21207,
    "Description": 2013,
    "LocationAbbr": "VT",
    "LocationDesc": "Vermont",
    "DataSource": "BRFSS",
    "Topic": "Obesity / Weight Status",
    "Data_Value": 29.3,
    "Sample_Size": 707,
    "Stratification1": "35 - 44",
    "StratificationId1": "AGEYR3544",
    "LocationDisplayOrder": 50
  },
  {
    "ID": 30539,
    "Description": 2013,
    "LocationAbbr": "VA",
    "LocationDesc": "Virginia",
    "DataSource": "BRFSS",
    "Topic": "Obesity / Weight Status",
    "Data_Value": 32.9,
    "Sample_Size": "1,044",
    "Stratification1": "35 - 44",
    "StratificationId1": "AGEYR3544",
    "LocationDisplayOrder": 51
  },
  {
    "ID": 19137,
    "Description": 2013,
    "LocationAbbr": "WA",
    "LocationDesc": "Washington",
    "DataSource": "BRFSS",
    "Topic": "Obesity / Weight Status",
    "Data_Value": 28.9,
    "Sample_Size": "1,258",
    "Stratification1": "35 - 44",
    "StratificationId1": "AGEYR3544",
    "LocationDisplayOrder": 53
  },
  {
    "ID": 37067,
    "Description": 2013,
    "LocationAbbr": "WV",
    "LocationDesc": "West Virginia",
    "DataSource": "BRFSS",
    "Topic": "Obesity / Weight Status",
    "Data_Value": 42,
    "Sample_Size": 756,
    "Stratification1": "35 - 44",
    "StratificationId1": "AGEYR3544",
    "LocationDisplayOrder": 54
  },
  {
    "ID": 8677,
    "Description": 2013,
    "LocationAbbr": "WI",
    "LocationDesc": "Wisconsin",
    "DataSource": "BRFSS",
    "Topic": "Obesity / Weight Status",
    "Data_Value": 33.5,
    "Sample_Size": 689,
    "Stratification1": "35 - 44",
    "StratificationId1": "AGEYR3544",
    "LocationDisplayOrder": 55
  },
  {
    "ID": 22860,
    "Description": 2013,
    "LocationAbbr": "WY",
    "LocationDesc": "Wyoming",
    "DataSource": "BRFSS",
    "Topic": "Obesity / Weight Status",
    "Data_Value": 29.8,
    "Sample_Size": 595,
    "Stratification1": "35 - 44",
    "StratificationId1": "AGEYR3544",
    "LocationDisplayOrder": 56
  },
  {
    "ID": 525,
    "Description": 2013,
    "LocationAbbr": "PR",
    "LocationDesc": "Puerto Rico",
    "DataSource": "BRFSS",
    "Topic": "Obesity / Weight Status",
    "Data_Value": 33.8,
    "Sample_Size": 778,
    "Stratification1": "35 - 44",
    "StratificationId1": "AGEYR3544",
    "LocationDisplayOrder": 72
  },
  {
    "ID": "",
    "Description": "",
    "LocationAbbr": "",
    "LocationDesc": "",
    "DataSource": "",
    "Topic": "",
    "Data_Value": "",
    "Sample_Size": "",
    "Stratification1": "",
    "StratificationId1": "",
    "LocationDisplayOrder": ""
  },
  {
    "ID": "",
    "Description": "",
    "LocationAbbr": "",
    "LocationDesc": "",
    "DataSource": "",
    "Topic": "",
    "Data_Value": "",
    "Sample_Size": "",
    "Stratification1": "",
    "StratificationId1": "",
    "LocationDisplayOrder": ""
  },
  {
    "ID": "",
    "Description": "",
    "LocationAbbr": "",
    "LocationDesc": "",
    "DataSource": "",
    "Topic": "",
    "Data_Value": "",
    "Sample_Size": "",
    "Stratification1": "",
    "StratificationId1": "",
    "LocationDisplayOrder": ""
  },
  {
    "ID": "",
    "Description": "",
    "LocationAbbr": "",
    "LocationDesc": "",
    "DataSource": "",
    "Topic": "",
    "Data_Value": "",
    "Sample_Size": "",
    "Stratification1": "",
    "StratificationId1": "",
    "LocationDisplayOrder": ""
  },
  {
    "ID": "",
    "Description": "",
    "LocationAbbr": "",
    "LocationDesc": "",
    "DataSource": "",
    "Topic": "",
    "Data_Value": "",
    "Sample_Size": "",
    "Stratification1": "",
    "StratificationId1": "",
    "LocationDisplayOrder": ""
  },
  {
    "ID": "",
    "Description": "",
    "LocationAbbr": "",
    "LocationDesc": "",
    "DataSource": "",
    "Topic": "",
    "Data_Value": "",
    "Sample_Size": "",
    "Stratification1": "",
    "StratificationId1": "",
    "LocationDisplayOrder": ""
  },
  {
    "ID": "",
    "Description": "",
    "LocationAbbr": "",
    "LocationDesc": "",
    "DataSource": "",
    "Topic": "",
    "Data_Value": "",
    "Sample_Size": "",
    "Stratification1": "",
    "StratificationId1": "",
    "LocationDisplayOrder": ""
  },
  {
    "ID": "",
    "Description": "",
    "LocationAbbr": "",
    "LocationDesc": "",
    "DataSource": "",
    "Topic": "",
    "Data_Value": "",
    "Sample_Size": "",
    "Stratification1": "",
    "StratificationId1": "",
    "LocationDisplayOrder": ""
  },
  {
    "ID": "",
    "Description": "",
    "LocationAbbr": "",
    "LocationDesc": "",
    "DataSource": "",
    "Topic": "",
    "Data_Value": "",
    "Sample_Size": "",
    "Stratification1": "",
    "StratificationId1": "",
    "LocationDisplayOrder": ""
  }
]