[
  {
    "ID": 479,
    "Description": 2013,
    "LocationAbbr": "US",
    "LocationDesc": "National",
    "DataSource": "BRFSS",
    "Topic": "Obesity / Weight Status",
    "Data_Value": 34.9,
    "Sample_Size": "7,291",
    "Stratification1": "American Indian / Alaska Native",
    "StratificationId1": "RACENAA",
    "LocationDisplayOrder": 0
  },
  {
    "ID": 6382,
    "Description": 2013,
    "LocationAbbr": "AL",
    "LocationDesc": "Alabama",
    "DataSource": "BRFSS",
    "Topic": "Obesity / Weight Status",
    "Data_Value": 46.2,
    "Sample_Size": 74,
    "Stratification1": "American Indian / Alaska Native",
    "StratificationId1": "RACENAA",
    "LocationDisplayOrder": 1
  },
  {
    "ID": 22108,
    "Description": 2013,
    "LocationAbbr": "AK",
    "LocationDesc": "Alaska",
    "DataSource": "BRFSS",
    "Topic": "Obesity / Weight Status",
    "Data_Value": 33.6,
    "Sample_Size": 621,
    "Stratification1": "American Indian / Alaska Native",
    "StratificationId1": "RACENAA",
    "LocationDisplayOrder": 2
  },
  {
    "ID": 21931,
    "Description": 2013,
    "LocationAbbr": "AZ",
    "LocationDesc": "Arizona",
    "DataSource": "BRFSS",
    "Topic": "Obesity / Weight Status",
    "Data_Value": 53,
    "Sample_Size": 172,
    "Stratification1": "American Indian / Alaska Native",
    "StratificationId1": "RACENAA",
    "LocationDisplayOrder": 4
  },
  {
    "ID": 28423,
    "Description": 2013,
    "LocationAbbr": "AR",
    "LocationDesc": "Arkansas",
    "DataSource": "BRFSS",
    "Topic": "Obesity / Weight Status",
    "Data_Value": 20.3,
    "Sample_Size": 75,
    "Stratification1": "American Indian / Alaska Native",
    "StratificationId1": "RACENAA",
    "LocationDisplayOrder": 5
  },
  {
    "ID": 6997,
    "Description": 2013,
    "LocationAbbr": "CA",
    "LocationDesc": "California",
    "DataSource": "BRFSS",
    "Topic": "Obesity / Weight Status",
    "Data_Value": 38.6,
    "Sample_Size": 86,
    "Stratification1": "American Indian / Alaska Native",
    "StratificationId1": "RACENAA",
    "LocationDisplayOrder": 6
  },
  {
    "ID": 33646,
    "Description": 2013,
    "LocationAbbr": "CO",
    "LocationDesc": "Colorado",
    "DataSource": "BRFSS",
    "Topic": "Obesity / Weight Status",
    "Data_Value": 23,
    "Sample_Size": 85,
    "Stratification1": "American Indian / Alaska Native",
    "StratificationId1": "RACENAA",
    "LocationDisplayOrder": 8
  },
  {
    "ID": 3921,
    "Description": 2013,
    "LocationAbbr": "CT",
    "LocationDesc": "Connecticut",
    "DataSource": "BRFSS",
    "Topic": "Obesity / Weight Status",
    "Data_Value": "~",
    "Sample_Size": "~",
    "Stratification1": "American Indian / Alaska Native",
    "StratificationId1": "RACENAA",
    "LocationDisplayOrder": 9
  },
  {
    "ID": 20658,
    "Description": 2013,
    "LocationAbbr": "DE",
    "LocationDesc": "Delaware",
    "DataSource": "BRFSS",
    "Topic": "Obesity / Weight Status",
    "Data_Value": "~",
    "Sample_Size": "~",
    "Stratification1": "American Indian / Alaska Native",
    "StratificationId1": "RACENAA",
    "LocationDisplayOrder": 10
  },
  {
    "ID": 11523,
    "Description": 2013,
    "LocationAbbr": "DC",
    "LocationDesc": "District of Columbia",
    "DataSource": "BRFSS",
    "Topic": "Obesity / Weight Status",
    "Data_Value": "~",
    "Sample_Size": "~",
    "Stratification1": "American Indian / Alaska Native",
    "StratificationId1": "RACENAA",
    "LocationDisplayOrder": 11
  },
  {
    "ID": 3778,
    "Description": 2013,
    "LocationAbbr": "FL",
    "LocationDesc": "Florida",
    "DataSource": "BRFSS",
    "Topic": "Obesity / Weight Status",
    "Data_Value": 34.9,
    "Sample_Size": 341,
    "Stratification1": "American Indian / Alaska Native",
    "StratificationId1": "RACENAA",
    "LocationDisplayOrder": 12
  },
  {
    "ID": 32502,
    "Description": 2013,
    "LocationAbbr": "GA",
    "LocationDesc": "Georgia",
    "DataSource": "BRFSS",
    "Topic": "Obesity / Weight Status",
    "Data_Value": 30.7,
    "Sample_Size": 68,
    "Stratification1": "American Indian / Alaska Native",
    "StratificationId1": "RACENAA",
    "LocationDisplayOrder": 13
  },
  {
    "ID": 10971,
    "Description": 2013,
    "LocationAbbr": "HI",
    "LocationDesc": "Hawaii",
    "DataSource": "BRFSS",
    "Topic": "Obesity / Weight Status",
    "Data_Value": "~",
    "Sample_Size": "~",
    "Stratification1": "American Indian / Alaska Native",
    "StratificationId1": "RACENAA",
    "LocationDisplayOrder": 15
  },
  {
    "ID": 22243,
    "Description": 2013,
    "LocationAbbr": "ID",
    "LocationDesc": "Idaho",
    "DataSource": "BRFSS",
    "Topic": "Obesity / Weight Status",
    "Data_Value": 45.4,
    "Sample_Size": 61,
    "Stratification1": "American Indian / Alaska Native",
    "StratificationId1": "RACENAA",
    "LocationDisplayOrder": 16
  },
  {
    "ID": 24038,
    "Description": 2013,
    "LocationAbbr": "IL",
    "LocationDesc": "Illinois",
    "DataSource": "BRFSS",
    "Topic": "Obesity / Weight Status",
    "Data_Value": "~",
    "Sample_Size": "~",
    "Stratification1": "American Indian / Alaska Native",
    "StratificationId1": "RACENAA",
    "LocationDisplayOrder": 17
  },
  {
    "ID": 10003,
    "Description": 2013,
    "LocationAbbr": "IN",
    "LocationDesc": "Indiana",
    "DataSource": "BRFSS",
    "Topic": "Obesity / Weight Status",
    "Data_Value": 44.7,
    "Sample_Size": 78,
    "Stratification1": "American Indian / Alaska Native",
    "StratificationId1": "RACENAA",
    "LocationDisplayOrder": 18
  },
  {
    "ID": 9392,
    "Description": 2013,
    "LocationAbbr": "IA",
    "LocationDesc": "Iowa",
    "DataSource": "BRFSS",
    "Topic": "Obesity / Weight Status",
    "Data_Value": "~",
    "Sample_Size": "~",
    "Stratification1": "American Indian / Alaska Native",
    "StratificationId1": "RACENAA",
    "LocationDisplayOrder": 19
  },
  {
    "ID": 4492,
    "Description": 2013,
    "LocationAbbr": "KS",
    "LocationDesc": "Kansas",
    "DataSource": "BRFSS",
    "Topic": "Obesity / Weight Status",
    "Data_Value": 36.8,
    "Sample_Size": 203,
    "Stratification1": "American Indian / Alaska Native",
    "StratificationId1": "RACENAA",
    "LocationDisplayOrder": 20
  },
  {
    "ID": 21575,
    "Description": 2013,
    "LocationAbbr": "KY",
    "LocationDesc": "Kentucky",
    "DataSource": "BRFSS",
    "Topic": "Obesity / Weight Status",
    "Data_Value": 43.1,
    "Sample_Size": 70,
    "Stratification1": "American Indian / Alaska Native",
    "StratificationId1": "RACENAA",
    "LocationDisplayOrder": 21
  },
  {
    "ID": 5742,
    "Description": 2013,
    "LocationAbbr": "LA",
    "LocationDesc": "Louisiana",
    "DataSource": "BRFSS",
    "Topic": "Obesity / Weight Status",
    "Data_Value": "~",
    "Sample_Size": "~",
    "Stratification1": "American Indian / Alaska Native",
    "StratificationId1": "RACENAA",
    "LocationDisplayOrder": 22
  },
  {
    "ID": 2269,
    "Description": 2013,
    "LocationAbbr": "ME",
    "LocationDesc": "Maine",
    "DataSource": "BRFSS",
    "Topic": "Obesity / Weight Status",
    "Data_Value": 44.7,
    "Sample_Size": 69,
    "Stratification1": "American Indian / Alaska Native",
    "StratificationId1": "RACENAA",
    "LocationDisplayOrder": 23
  },
  {
    "ID": 11263,
    "Description": 2013,
    "LocationAbbr": "MD",
    "LocationDesc": "Maryland",
    "DataSource": "BRFSS",
    "Topic": "Obesity / Weight Status",
    "Data_Value": 20.3,
    "Sample_Size": 63,
    "Stratification1": "American Indian / Alaska Native",
    "StratificationId1": "RACENAA",
    "LocationDisplayOrder": 24
  },
  {
    "ID": 30122,
    "Description": 2013,
    "LocationAbbr": "MA",
    "LocationDesc": "Massachusetts",
    "DataSource": "BRFSS",
    "Topic": "Obesity / Weight Status",
    "Data_Value": 36.1,
    "Sample_Size": 50,
    "Stratification1": "American Indian / Alaska Native",
    "StratificationId1": "RACENAA",
    "LocationDisplayOrder": 25
  },
  {
    "ID": 33670,
    "Description": 2013,
    "LocationAbbr": "MI",
    "LocationDesc": "Michigan",
    "DataSource": "BRFSS",
    "Topic": "Obesity / Weight Status",
    "Data_Value": 33.1,
    "Sample_Size": 127,
    "Stratification1": "American Indian / Alaska Native",
    "StratificationId1": "RACENAA",
    "LocationDisplayOrder": 26
  },
  {
    "ID": 24464,
    "Description": 2013,
    "LocationAbbr": "MN",
    "LocationDesc": "Minnesota",
    "DataSource": "BRFSS",
    "Topic": "Obesity / Weight Status",
    "Data_Value": 28.2,
    "Sample_Size": 125,
    "Stratification1": "American Indian / Alaska Native",
    "StratificationId1": "RACENAA",
    "LocationDisplayOrder": 27
  },
  {
    "ID": 13674,
    "Description": 2013,
    "LocationAbbr": "MS",
    "LocationDesc": "Mississippi",
    "DataSource": "BRFSS",
    "Topic": "Obesity / Weight Status",
    "Data_Value": "~",
    "Sample_Size": "~",
    "Stratification1": "American Indian / Alaska Native",
    "StratificationId1": "RACENAA",
    "LocationDisplayOrder": 28
  },
  {
    "ID": 19804,
    "Description": 2013,
    "LocationAbbr": "MO",
    "LocationDesc": "Missouri",
    "DataSource": "BRFSS",
    "Topic": "Obesity / Weight Status",
    "Data_Value": "~",
    "Sample_Size": "~",
    "Stratification1": "American Indian / Alaska Native",
    "StratificationId1": "RACENAA",
    "LocationDisplayOrder": 29
  },
  {
    "ID": 24685,
    "Description": 2013,
    "LocationAbbr": "MT",
    "LocationDesc": "Montana",
    "DataSource": "BRFSS",
    "Topic": "Obesity / Weight Status",
    "Data_Value": 39.6,
    "Sample_Size": 750,
    "Stratification1": "American Indian / Alaska Native",
    "StratificationId1": "RACENAA",
    "LocationDisplayOrder": 30
  },
  {
    "ID": 11509,
    "Description": 2013,
    "LocationAbbr": "NE",
    "LocationDesc": "Nebraska",
    "DataSource": "BRFSS",
    "Topic": "Obesity / Weight Status",
    "Data_Value": 37.2,
    "Sample_Size": 179,
    "Stratification1": "American Indian / Alaska Native",
    "StratificationId1": "RACENAA",
    "LocationDisplayOrder": 31
  },
  {
    "ID": 38101,
    "Description": 2013,
    "LocationAbbr": "NV",
    "LocationDesc": "Nevada",
    "DataSource": "BRFSS",
    "Topic": "Obesity / Weight Status",
    "Data_Value": 37.4,
    "Sample_Size": 51,
    "Stratification1": "American Indian / Alaska Native",
    "StratificationId1": "RACENAA",
    "LocationDisplayOrder": 32
  },
  {
    "ID": 27717,
    "Description": 2013,
    "LocationAbbr": "NH",
    "LocationDesc": "New Hampshire",
    "DataSource": "BRFSS",
    "Topic": "Obesity / Weight Status",
    "Data_Value": "~",
    "Sample_Size": "~",
    "Stratification1": "American Indian / Alaska Native",
    "StratificationId1": "RACENAA",
    "LocationDisplayOrder": 33
  },
  {
    "ID": 37361,
    "Description": 2013,
    "LocationAbbr": "NJ",
    "LocationDesc": "New Jersey",
    "DataSource": "BRFSS",
    "Topic": "Obesity / Weight Status",
    "Data_Value": 41.5,
    "Sample_Size": 68,
    "Stratification1": "American Indian / Alaska Native",
    "StratificationId1": "RACENAA",
    "LocationDisplayOrder": 34
  },
  {
    "ID": 18916,
    "Description": 2013,
    "LocationAbbr": "NM",
    "LocationDesc": "New Mexico",
    "DataSource": "BRFSS",
    "Topic": "Obesity / Weight Status",
    "Data_Value": 36.3,
    "Sample_Size": 712,
    "Stratification1": "American Indian / Alaska Native",
    "StratificationId1": "RACENAA",
    "LocationDisplayOrder": 35
  },
  {
    "ID": 20566,
    "Description": 2013,
    "LocationAbbr": "NY",
    "LocationDesc": "New York",
    "DataSource": "BRFSS",
    "Topic": "Obesity / Weight Status",
    "Data_Value": 18.4,
    "Sample_Size": 53,
    "Stratification1": "American Indian / Alaska Native",
    "StratificationId1": "RACENAA",
    "LocationDisplayOrder": 36
  },
  {
    "ID": 24176,
    "Description": 2013,
    "LocationAbbr": "NC",
    "LocationDesc": "North Carolina",
    "DataSource": "BRFSS",
    "Topic": "Obesity / Weight Status",
    "Data_Value": 43.8,
    "Sample_Size": 379,
    "Stratification1": "American Indian / Alaska Native",
    "StratificationId1": "RACENAA",
    "LocationDisplayOrder": 37
  },
  {
    "ID": 27987,
    "Description": 2013,
    "LocationAbbr": "ND",
    "LocationDesc": "North Dakota",
    "DataSource": "BRFSS",
    "Topic": "Obesity / Weight Status",
    "Data_Value": 36.1,
    "Sample_Size": 239,
    "Stratification1": "American Indian / Alaska Native",
    "StratificationId1": "RACENAA",
    "LocationDisplayOrder": 38
  },
  {
    "ID": 11396,
    "Description": 2013,
    "LocationAbbr": "OH",
    "LocationDesc": "Ohio",
    "DataSource": "BRFSS",
    "Topic": "Obesity / Weight Status",
    "Data_Value": 23.1,
    "Sample_Size": 77,
    "Stratification1": "American Indian / Alaska Native",
    "StratificationId1": "RACENAA",
    "LocationDisplayOrder": 39
  },
  {
    "ID": 15063,
    "Description": 2013,
    "LocationAbbr": "OK",
    "LocationDesc": "Oklahoma",
    "DataSource": "BRFSS",
    "Topic": "Obesity / Weight Status",
    "Data_Value": 41.3,
    "Sample_Size": 464,
    "Stratification1": "American Indian / Alaska Native",
    "StratificationId1": "RACENAA",
    "LocationDisplayOrder": 40
  },
  {
    "ID": 30690,
    "Description": 2013,
    "LocationAbbr": "OR",
    "LocationDesc": "Oregon",
    "DataSource": "BRFSS",
    "Topic": "Obesity / Weight Status",
    "Data_Value": "~",
    "Sample_Size": "~",
    "Stratification1": "American Indian / Alaska Native",
    "StratificationId1": "RACENAA",
    "LocationDisplayOrder": 41
  },
  {
    "ID": 24167,
    "Description": 2013,
    "LocationAbbr": "PA",
    "LocationDesc": "Pennsylvania",
    "DataSource": "BRFSS",
    "Topic": "Obesity / Weight Status",
    "Data_Value": "~",
    "Sample_Size": "~",
    "Stratification1": "American Indian / Alaska Native",
    "StratificationId1": "RACENAA",
    "LocationDisplayOrder": 42
  },
  {
    "ID": 19178,
    "Description": 2013,
    "LocationAbbr": "RI",
    "LocationDesc": "Rhode Island",
    "DataSource": "BRFSS",
    "Topic": "Obesity / Weight Status",
    "Data_Value": "~",
    "Sample_Size": "~",
    "Stratification1": "American Indian / Alaska Native",
    "StratificationId1": "RACENAA",
    "LocationDisplayOrder": 44
  },
  {
    "ID": 8566,
    "Description": 2013,
    "LocationAbbr": "SC",
    "LocationDesc": "South Carolina",
    "DataSource": "BRFSS",
    "Topic": "Obesity / Weight Status",
    "Data_Value": 31.4,
    "Sample_Size": 86,
    "Stratification1": "American Indian / Alaska Native",
    "StratificationId1": "RACENAA",
    "LocationDisplayOrder": 45
  },
  {
    "ID": 23839,
    "Description": 2013,
    "LocationAbbr": "SD",
    "LocationDesc": "South Dakota",
    "DataSource": "BRFSS",
    "Topic": "Obesity / Weight Status",
    "Data_Value": 35.1,
    "Sample_Size": 660,
    "Stratification1": "American Indian / Alaska Native",
    "StratificationId1": "RACENAA",
    "LocationDisplayOrder": 46
  },
  {
    "ID": 26063,
    "Description": 2013,
    "LocationAbbr": "TN",
    "LocationDesc": "Tennessee",
    "DataSource": "BRFSS",
    "Topic": "Obesity / Weight Status",
    "Data_Value": "~",
    "Sample_Size": "~",
    "Stratification1": "American Indian / Alaska Native",
    "StratificationId1": "RACENAA",
    "LocationDisplayOrder": 47
  },
  {
    "ID": 26006,
    "Description": 2013,
    "LocationAbbr": "TX",
    "LocationDesc": "Texas",
    "DataSource": "BRFSS",
    "Topic": "Obesity / Weight Status",
    "Data_Value": 27.2,
    "Sample_Size": 77,
    "Stratification1": "American Indian / Alaska Native",
    "StratificationId1": "RACENAA",
    "LocationDisplayOrder": 48
  },
  {
    "ID": 37600,
    "Description": 2013,
    "LocationAbbr": "UT",
    "LocationDesc": "Utah",
    "DataSource": "BRFSS",
    "Topic": "Obesity / Weight Status",
    "Data_Value": 27.4,
    "Sample_Size": 101,
    "Stratification1": "American Indian / Alaska Native",
    "StratificationId1": "RACENAA",
    "LocationDisplayOrder": 49
  },
  {
    "ID": 36891,
    "Description": 2013,
    "LocationAbbr": "VT",
    "LocationDesc": "Vermont",
    "DataSource": "BRFSS",
    "Topic": "Obesity / Weight Status",
    "Data_Value": 40.1,
    "Sample_Size": 60,
    "Stratification1": "American Indian / Alaska Native",
    "StratificationId1": "RACENAA",
    "LocationDisplayOrder": 50
  },
  {
    "ID": 1470,
    "Description": 2013,
    "LocationAbbr": "VA",
    "LocationDesc": "Virginia",
    "DataSource": "BRFSS",
    "Topic": "Obesity / Weight Status",
    "Data_Value": 24.2,
    "Sample_Size": 70,
    "Stratification1": "American Indian / Alaska Native",
    "StratificationId1": "RACENAA",
    "LocationDisplayOrder": 51
  },
  {
    "ID": 38959,
    "Description": 2013,
    "LocationAbbr": "WA",
    "LocationDesc": "Washington",
    "DataSource": "BRFSS",
    "Topic": "Obesity / Weight Status",
    "Data_Value": 36.3,
    "Sample_Size": 142,
    "Stratification1": "American Indian / Alaska Native",
    "StratificationId1": "RACENAA",
    "LocationDisplayOrder": 53
  },
  {
    "ID": 33848,
    "Description": 2013,
    "LocationAbbr": "WV",
    "LocationDesc": "West Virginia",
    "DataSource": "BRFSS",
    "Topic": "Obesity / Weight Status",
    "Data_Value": "~",
    "Sample_Size": "~",
    "Stratification1": "American Indian / Alaska Native",
    "StratificationId1": "RACENAA",
    "LocationDisplayOrder": 54
  },
  {
    "ID": 38724,
    "Description": 2013,
    "LocationAbbr": "WI",
    "LocationDesc": "Wisconsin",
    "DataSource": "BRFSS",
    "Topic": "Obesity / Weight Status",
    "Data_Value": 37.8,
    "Sample_Size": 189,
    "Stratification1": "American Indian / Alaska Native",
    "StratificationId1": "RACENAA",
    "LocationDisplayOrder": 55
  },
  {
    "ID": 21565,
    "Description": 2013,
    "LocationAbbr": "WY",
    "LocationDesc": "Wyoming",
    "DataSource": "BRFSS",
    "Topic": "Obesity / Weight Status",
    "Data_Value": 25.4,
    "Sample_Size": 71,
    "Stratification1": "American Indian / Alaska Native",
    "StratificationId1": "RACENAA",
    "LocationDisplayOrder": 56
  },
  {
    "ID": 936,
    "Description": 2013,
    "LocationAbbr": "PR",
    "LocationDesc": "Puerto Rico",
    "DataSource": "BRFSS",
    "Topic": "Obesity / Weight Status",
    "Data_Value": "~",
    "Sample_Size": "~",
    "Stratification1": "American Indian / Alaska Native",
    "StratificationId1": "RACENAA",
    "LocationDisplayOrder": 72
  },
  {
    "ID": "",
    "Description": "",
    "LocationAbbr": "",
    "LocationDesc": "",
    "DataSource": "",
    "Topic": "",
    "Data_Value": "",
    "Sample_Size": "",
    "Stratification1": "",
    "StratificationId1": "",
    "LocationDisplayOrder": ""
  },
  {
    "ID": "",
    "Description": "",
    "LocationAbbr": "",
    "LocationDesc": "",
    "DataSource": "",
    "Topic": "",
    "Data_Value": "",
    "Sample_Size": "",
    "Stratification1": "",
    "StratificationId1": "",
    "LocationDisplayOrder": ""
  },
  {
    "ID": "",
    "Description": "",
    "LocationAbbr": "",
    "LocationDesc": "",
    "DataSource": "",
    "Topic": "",
    "Data_Value": "",
    "Sample_Size": "",
    "Stratification1": "",
    "StratificationId1": "",
    "LocationDisplayOrder": ""
  },
  {
    "ID": "",
    "Description": "",
    "LocationAbbr": "",
    "LocationDesc": "",
    "DataSource": "",
    "Topic": "",
    "Data_Value": "",
    "Sample_Size": "",
    "Stratification1": "",
    "StratificationId1": "",
    "LocationDisplayOrder": ""
  },
  {
    "ID": "",
    "Description": "",
    "LocationAbbr": "",
    "LocationDesc": "",
    "DataSource": "",
    "Topic": "",
    "Data_Value": "",
    "Sample_Size": "",
    "Stratification1": "",
    "StratificationId1": "",
    "LocationDisplayOrder": ""
  },
  {
    "ID": "",
    "Description": "",
    "LocationAbbr": "",
    "LocationDesc": "",
    "DataSource": "",
    "Topic": "",
    "Data_Value": "",
    "Sample_Size": "",
    "Stratification1": "",
    "StratificationId1": "",
    "LocationDisplayOrder": ""
  },
  {
    "ID": "",
    "Description": "",
    "LocationAbbr": "",
    "LocationDesc": "",
    "DataSource": "",
    "Topic": "",
    "Data_Value": "",
    "Sample_Size": "",
    "Stratification1": "",
    "StratificationId1": "",
    "LocationDisplayOrder": ""
  },
  {
    "ID": "",
    "Description": "",
    "LocationAbbr": "",
    "LocationDesc": "",
    "DataSource": "",
    "Topic": "",
    "Data_Value": "",
    "Sample_Size": "",
    "Stratification1": "",
    "StratificationId1": "",
    "LocationDisplayOrder": ""
  },
  {
    "ID": "",
    "Description": "",
    "LocationAbbr": "",
    "LocationDesc": "",
    "DataSource": "",
    "Topic": "",
    "Data_Value": "",
    "Sample_Size": "",
    "Stratification1": "",
    "StratificationId1": "",
    "LocationDisplayOrder": ""
  },
  {
    "ID": "",
    "Description": "",
    "LocationAbbr": "",
    "LocationDesc": "",
    "DataSource": "",
    "Topic": "",
    "Data_Value": "",
    "Sample_Size": "",
    "Stratification1": "",
    "StratificationId1": "",
    "LocationDisplayOrder": ""
  }
]