[
  {
    "ID": 1988,
    "Description": 2013,
    "LocationAbbr": "US",
    "LocationDesc": "National",
    "DataSource": "BRFSS",
    "Topic": "Obesity / Weight Status",
    "Data_Value": 33.6,
    "Sample_Size": "46,889",
    "Stratification1": "Less than $15,000",
    "StratificationId1": "INCLESS15",
    "LocationDisplayOrder": 0
  },
  {
    "ID": 14251,
    "Description": 2013,
    "LocationAbbr": "AL",
    "LocationDesc": "Alabama",
    "DataSource": "BRFSS",
    "Topic": "Obesity / Weight Status",
    "Data_Value": 37.2,
    "Sample_Size": 882,
    "Stratification1": "Less than $15,000",
    "StratificationId1": "INCLESS15",
    "LocationDisplayOrder": 1
  },
  {
    "ID": 36201,
    "Description": 2013,
    "LocationAbbr": "AK",
    "LocationDesc": "Alaska",
    "DataSource": "BRFSS",
    "Topic": "Obesity / Weight Status",
    "Data_Value": 29.3,
    "Sample_Size": 381,
    "Stratification1": "Less than $15,000",
    "StratificationId1": "INCLESS15",
    "LocationDisplayOrder": 2
  },
  {
    "ID": 35899,
    "Description": 2013,
    "LocationAbbr": "AZ",
    "LocationDesc": "Arizona",
    "DataSource": "BRFSS",
    "Topic": "Obesity / Weight Status",
    "Data_Value": 32.4,
    "Sample_Size": 484,
    "Stratification1": "Less than $15,000",
    "StratificationId1": "INCLESS15",
    "LocationDisplayOrder": 4
  },
  {
    "ID": 32563,
    "Description": 2013,
    "LocationAbbr": "AR",
    "LocationDesc": "Arkansas",
    "DataSource": "BRFSS",
    "Topic": "Obesity / Weight Status",
    "Data_Value": 41.5,
    "Sample_Size": 733,
    "Stratification1": "Less than $15,000",
    "StratificationId1": "INCLESS15",
    "LocationDisplayOrder": 5
  },
  {
    "ID": 3580,
    "Description": 2013,
    "LocationAbbr": "CA",
    "LocationDesc": "California",
    "DataSource": "BRFSS",
    "Topic": "Obesity / Weight Status",
    "Data_Value": 29.7,
    "Sample_Size": "1,834",
    "Stratification1": "Less than $15,000",
    "StratificationId1": "INCLESS15",
    "LocationDisplayOrder": 6
  },
  {
    "ID": 19239,
    "Description": 2013,
    "LocationAbbr": "CO",
    "LocationDesc": "Colorado",
    "DataSource": "BRFSS",
    "Topic": "Obesity / Weight Status",
    "Data_Value": 28.2,
    "Sample_Size": 931,
    "Stratification1": "Less than $15,000",
    "StratificationId1": "INCLESS15",
    "LocationDisplayOrder": 8
  },
  {
    "ID": 16188,
    "Description": 2013,
    "LocationAbbr": "CT",
    "LocationDesc": "Connecticut",
    "DataSource": "BRFSS",
    "Topic": "Obesity / Weight Status",
    "Data_Value": 29.6,
    "Sample_Size": 568,
    "Stratification1": "Less than $15,000",
    "StratificationId1": "INCLESS15",
    "LocationDisplayOrder": 9
  },
  {
    "ID": 26106,
    "Description": 2013,
    "LocationAbbr": "DE",
    "LocationDesc": "Delaware",
    "DataSource": "BRFSS",
    "Topic": "Obesity / Weight Status",
    "Data_Value": 36.5,
    "Sample_Size": 411,
    "Stratification1": "Less than $15,000",
    "StratificationId1": "INCLESS15",
    "LocationDisplayOrder": 10
  },
  {
    "ID": 6385,
    "Description": 2013,
    "LocationAbbr": "DC",
    "LocationDesc": "District of Columbia",
    "DataSource": "BRFSS",
    "Topic": "Obesity / Weight Status",
    "Data_Value": 35.5,
    "Sample_Size": 446,
    "Stratification1": "Less than $15,000",
    "StratificationId1": "INCLESS15",
    "LocationDisplayOrder": 11
  },
  {
    "ID": 38304,
    "Description": 2013,
    "LocationAbbr": "FL",
    "LocationDesc": "Florida",
    "DataSource": "BRFSS",
    "Topic": "Obesity / Weight Status",
    "Data_Value": 33.7,
    "Sample_Size": "4,030",
    "Stratification1": "Less than $15,000",
    "StratificationId1": "INCLESS15",
    "LocationDisplayOrder": 12
  },
  {
    "ID": 15021,
    "Description": 2013,
    "LocationAbbr": "GA",
    "LocationDesc": "Georgia",
    "DataSource": "BRFSS",
    "Topic": "Obesity / Weight Status",
    "Data_Value": 35.8,
    "Sample_Size": 891,
    "Stratification1": "Less than $15,000",
    "StratificationId1": "INCLESS15",
    "LocationDisplayOrder": 13
  },
  {
    "ID": 7535,
    "Description": 2013,
    "LocationAbbr": "HI",
    "LocationDesc": "Hawaii",
    "DataSource": "BRFSS",
    "Topic": "Obesity / Weight Status",
    "Data_Value": 20.6,
    "Sample_Size": 796,
    "Stratification1": "Less than $15,000",
    "StratificationId1": "INCLESS15",
    "LocationDisplayOrder": 15
  },
  {
    "ID": 36061,
    "Description": 2013,
    "LocationAbbr": "ID",
    "LocationDesc": "Idaho",
    "DataSource": "BRFSS",
    "Topic": "Obesity / Weight Status",
    "Data_Value": 33.7,
    "Sample_Size": 571,
    "Stratification1": "Less than $15,000",
    "StratificationId1": "INCLESS15",
    "LocationDisplayOrder": 16
  },
  {
    "ID": 19340,
    "Description": 2013,
    "LocationAbbr": "IL",
    "LocationDesc": "Illinois",
    "DataSource": "BRFSS",
    "Topic": "Obesity / Weight Status",
    "Data_Value": 32.1,
    "Sample_Size": 464,
    "Stratification1": "Less than $15,000",
    "StratificationId1": "INCLESS15",
    "LocationDisplayOrder": 17
  },
  {
    "ID": 31034,
    "Description": 2013,
    "LocationAbbr": "IN",
    "LocationDesc": "Indiana",
    "DataSource": "BRFSS",
    "Topic": "Obesity / Weight Status",
    "Data_Value": 37.1,
    "Sample_Size": "1,023",
    "Stratification1": "Less than $15,000",
    "StratificationId1": "INCLESS15",
    "LocationDisplayOrder": 18
  },
  {
    "ID": 31351,
    "Description": 2013,
    "LocationAbbr": "IA",
    "LocationDesc": "Iowa",
    "DataSource": "BRFSS",
    "Topic": "Obesity / Weight Status",
    "Data_Value": 37.1,
    "Sample_Size": 591,
    "Stratification1": "Less than $15,000",
    "StratificationId1": "INCLESS15",
    "LocationDisplayOrder": 19
  },
  {
    "ID": 11591,
    "Description": 2013,
    "LocationAbbr": "KS",
    "LocationDesc": "Kansas",
    "DataSource": "BRFSS",
    "Topic": "Obesity / Weight Status",
    "Data_Value": 35.3,
    "Sample_Size": "1,778",
    "Stratification1": "Less than $15,000",
    "StratificationId1": "INCLESS15",
    "LocationDisplayOrder": 20
  },
  {
    "ID": 34198,
    "Description": 2013,
    "LocationAbbr": "KY",
    "LocationDesc": "Kentucky",
    "DataSource": "BRFSS",
    "Topic": "Obesity / Weight Status",
    "Data_Value": 38.1,
    "Sample_Size": "1,342",
    "Stratification1": "Less than $15,000",
    "StratificationId1": "INCLESS15",
    "LocationDisplayOrder": 21
  },
  {
    "ID": 38260,
    "Description": 2013,
    "LocationAbbr": "LA",
    "LocationDesc": "Louisiana",
    "DataSource": "BRFSS",
    "Topic": "Obesity / Weight Status",
    "Data_Value": 40.3,
    "Sample_Size": 622,
    "Stratification1": "Less than $15,000",
    "StratificationId1": "INCLESS15",
    "LocationDisplayOrder": 22
  },
  {
    "ID": 15650,
    "Description": 2013,
    "LocationAbbr": "ME",
    "LocationDesc": "Maine",
    "DataSource": "BRFSS",
    "Topic": "Obesity / Weight Status",
    "Data_Value": 35.6,
    "Sample_Size": 839,
    "Stratification1": "Less than $15,000",
    "StratificationId1": "INCLESS15",
    "LocationDisplayOrder": 23
  },
  {
    "ID": 11891,
    "Description": 2013,
    "LocationAbbr": "MD",
    "LocationDesc": "Maryland",
    "DataSource": "BRFSS",
    "Topic": "Obesity / Weight Status",
    "Data_Value": 37.3,
    "Sample_Size": 716,
    "Stratification1": "Less than $15,000",
    "StratificationId1": "INCLESS15",
    "LocationDisplayOrder": 24
  },
  {
    "ID": 14220,
    "Description": 2013,
    "LocationAbbr": "MA",
    "LocationDesc": "Massachusetts",
    "DataSource": "BRFSS",
    "Topic": "Obesity / Weight Status",
    "Data_Value": 33.2,
    "Sample_Size": "1,320",
    "Stratification1": "Less than $15,000",
    "StratificationId1": "INCLESS15",
    "LocationDisplayOrder": 25
  },
  {
    "ID": 19142,
    "Description": 2013,
    "LocationAbbr": "MI",
    "LocationDesc": "Michigan",
    "DataSource": "BRFSS",
    "Topic": "Obesity / Weight Status",
    "Data_Value": 36.6,
    "Sample_Size": "1,171",
    "Stratification1": "Less than $15,000",
    "StratificationId1": "INCLESS15",
    "LocationDisplayOrder": 26
  },
  {
    "ID": 19712,
    "Description": 2013,
    "LocationAbbr": "MN",
    "LocationDesc": "Minnesota",
    "DataSource": "BRFSS",
    "Topic": "Obesity / Weight Status",
    "Data_Value": 27.3,
    "Sample_Size": 916,
    "Stratification1": "Less than $15,000",
    "StratificationId1": "INCLESS15",
    "LocationDisplayOrder": 27
  },
  {
    "ID": 4308,
    "Description": 2013,
    "LocationAbbr": "MS",
    "LocationDesc": "Mississippi",
    "DataSource": "BRFSS",
    "Topic": "Obesity / Weight Status",
    "Data_Value": 41.2,
    "Sample_Size": "1,293",
    "Stratification1": "Less than $15,000",
    "StratificationId1": "INCLESS15",
    "LocationDisplayOrder": 28
  },
  {
    "ID": 4298,
    "Description": 2013,
    "LocationAbbr": "MO",
    "LocationDesc": "Missouri",
    "DataSource": "BRFSS",
    "Topic": "Obesity / Weight Status",
    "Data_Value": 29.9,
    "Sample_Size": 836,
    "Stratification1": "Less than $15,000",
    "StratificationId1": "INCLESS15",
    "LocationDisplayOrder": 29
  },
  {
    "ID": 2232,
    "Description": 2013,
    "LocationAbbr": "MT",
    "LocationDesc": "Montana",
    "DataSource": "BRFSS",
    "Topic": "Obesity / Weight Status",
    "Data_Value": 26.4,
    "Sample_Size": "1,076",
    "Stratification1": "Less than $15,000",
    "StratificationId1": "INCLESS15",
    "LocationDisplayOrder": 30
  },
  {
    "ID": 19981,
    "Description": 2013,
    "LocationAbbr": "NE",
    "LocationDesc": "Nebraska",
    "DataSource": "BRFSS",
    "Topic": "Obesity / Weight Status",
    "Data_Value": 29.9,
    "Sample_Size": "1,446",
    "Stratification1": "Less than $15,000",
    "StratificationId1": "INCLESS15",
    "LocationDisplayOrder": 31
  },
  {
    "ID": 11048,
    "Description": 2013,
    "LocationAbbr": "NV",
    "LocationDesc": "Nevada",
    "DataSource": "BRFSS",
    "Topic": "Obesity / Weight Status",
    "Data_Value": 26.5,
    "Sample_Size": 442,
    "Stratification1": "Less than $15,000",
    "StratificationId1": "INCLESS15",
    "LocationDisplayOrder": 32
  },
  {
    "ID": 34294,
    "Description": 2013,
    "LocationAbbr": "NH",
    "LocationDesc": "New Hampshire",
    "DataSource": "BRFSS",
    "Topic": "Obesity / Weight Status",
    "Data_Value": 35.9,
    "Sample_Size": 461,
    "Stratification1": "Less than $15,000",
    "StratificationId1": "INCLESS15",
    "LocationDisplayOrder": 33
  },
  {
    "ID": 37762,
    "Description": 2013,
    "LocationAbbr": "NJ",
    "LocationDesc": "New Jersey",
    "DataSource": "BRFSS",
    "Topic": "Obesity / Weight Status",
    "Data_Value": 32.6,
    "Sample_Size": 904,
    "Stratification1": "Less than $15,000",
    "StratificationId1": "INCLESS15",
    "LocationDisplayOrder": 34
  },
  {
    "ID": 8713,
    "Description": 2013,
    "LocationAbbr": "NM",
    "LocationDesc": "New Mexico",
    "DataSource": "BRFSS",
    "Topic": "Obesity / Weight Status",
    "Data_Value": 29.3,
    "Sample_Size": "1,252",
    "Stratification1": "Less than $15,000",
    "StratificationId1": "INCLESS15",
    "LocationDisplayOrder": 35
  },
  {
    "ID": 20229,
    "Description": 2013,
    "LocationAbbr": "NY",
    "LocationDesc": "New York",
    "DataSource": "BRFSS",
    "Topic": "Obesity / Weight Status",
    "Data_Value": 29.1,
    "Sample_Size": 952,
    "Stratification1": "Less than $15,000",
    "StratificationId1": "INCLESS15",
    "LocationDisplayOrder": 36
  },
  {
    "ID": 38855,
    "Description": 2013,
    "LocationAbbr": "NC",
    "LocationDesc": "North Carolina",
    "DataSource": "BRFSS",
    "Topic": "Obesity / Weight Status",
    "Data_Value": 36.5,
    "Sample_Size": "1,023",
    "Stratification1": "Less than $15,000",
    "StratificationId1": "INCLESS15",
    "LocationDisplayOrder": 37
  },
  {
    "ID": 3673,
    "Description": 2013,
    "LocationAbbr": "ND",
    "LocationDesc": "North Dakota",
    "DataSource": "BRFSS",
    "Topic": "Obesity / Weight Status",
    "Data_Value": 30.1,
    "Sample_Size": 466,
    "Stratification1": "Less than $15,000",
    "StratificationId1": "INCLESS15",
    "LocationDisplayOrder": 38
  },
  {
    "ID": 29797,
    "Description": 2013,
    "LocationAbbr": "OH",
    "LocationDesc": "Ohio",
    "DataSource": "BRFSS",
    "Topic": "Obesity / Weight Status",
    "Data_Value": 35.6,
    "Sample_Size": "1,178",
    "Stratification1": "Less than $15,000",
    "StratificationId1": "INCLESS15",
    "LocationDisplayOrder": 39
  },
  {
    "ID": 30041,
    "Description": 2013,
    "LocationAbbr": "OK",
    "LocationDesc": "Oklahoma",
    "DataSource": "BRFSS",
    "Topic": "Obesity / Weight Status",
    "Data_Value": 36.4,
    "Sample_Size": "1,047",
    "Stratification1": "Less than $15,000",
    "StratificationId1": "INCLESS15",
    "LocationDisplayOrder": 40
  },
  {
    "ID": 4343,
    "Description": 2013,
    "LocationAbbr": "OR",
    "LocationDesc": "Oregon",
    "DataSource": "BRFSS",
    "Topic": "Obesity / Weight Status",
    "Data_Value": 28.4,
    "Sample_Size": 535,
    "Stratification1": "Less than $15,000",
    "StratificationId1": "INCLESS15",
    "LocationDisplayOrder": 41
  },
  {
    "ID": 21332,
    "Description": 2013,
    "LocationAbbr": "PA",
    "LocationDesc": "Pennsylvania",
    "DataSource": "BRFSS",
    "Topic": "Obesity / Weight Status",
    "Data_Value": 34,
    "Sample_Size": "1,148",
    "Stratification1": "Less than $15,000",
    "StratificationId1": "INCLESS15",
    "LocationDisplayOrder": 42
  },
  {
    "ID": 3284,
    "Description": 2013,
    "LocationAbbr": "RI",
    "LocationDesc": "Rhode Island",
    "DataSource": "BRFSS",
    "Topic": "Obesity / Weight Status",
    "Data_Value": 32,
    "Sample_Size": 599,
    "Stratification1": "Less than $15,000",
    "StratificationId1": "INCLESS15",
    "LocationDisplayOrder": 44
  },
  {
    "ID": 33824,
    "Description": 2013,
    "LocationAbbr": "SC",
    "LocationDesc": "South Carolina",
    "DataSource": "BRFSS",
    "Topic": "Obesity / Weight Status",
    "Data_Value": 37.7,
    "Sample_Size": "1,287",
    "Stratification1": "Less than $15,000",
    "StratificationId1": "INCLESS15",
    "LocationDisplayOrder": 45
  },
  {
    "ID": 18758,
    "Description": 2013,
    "LocationAbbr": "SD",
    "LocationDesc": "South Dakota",
    "DataSource": "BRFSS",
    "Topic": "Obesity / Weight Status",
    "Data_Value": 31.7,
    "Sample_Size": 559,
    "Stratification1": "Less than $15,000",
    "StratificationId1": "INCLESS15",
    "LocationDisplayOrder": 46
  },
  {
    "ID": 10574,
    "Description": 2013,
    "LocationAbbr": "TN",
    "LocationDesc": "Tennessee",
    "DataSource": "BRFSS",
    "Topic": "Obesity / Weight Status",
    "Data_Value": 38,
    "Sample_Size": 701,
    "Stratification1": "Less than $15,000",
    "StratificationId1": "INCLESS15",
    "LocationDisplayOrder": 47
  },
  {
    "ID": 20477,
    "Description": 2013,
    "LocationAbbr": "TX",
    "LocationDesc": "Texas",
    "DataSource": "BRFSS",
    "Topic": "Obesity / Weight Status",
    "Data_Value": 41.1,
    "Sample_Size": "1,213",
    "Stratification1": "Less than $15,000",
    "StratificationId1": "INCLESS15",
    "LocationDisplayOrder": 48
  },
  {
    "ID": 15524,
    "Description": 2013,
    "LocationAbbr": "UT",
    "LocationDesc": "Utah",
    "DataSource": "BRFSS",
    "Topic": "Obesity / Weight Status",
    "Data_Value": 26.3,
    "Sample_Size": 794,
    "Stratification1": "Less than $15,000",
    "StratificationId1": "INCLESS15",
    "LocationDisplayOrder": 49
  },
  {
    "ID": 9893,
    "Description": 2013,
    "LocationAbbr": "VT",
    "LocationDesc": "Vermont",
    "DataSource": "BRFSS",
    "Topic": "Obesity / Weight Status",
    "Data_Value": 28.1,
    "Sample_Size": 509,
    "Stratification1": "Less than $15,000",
    "StratificationId1": "INCLESS15",
    "LocationDisplayOrder": 50
  },
  {
    "ID": 4305,
    "Description": 2013,
    "LocationAbbr": "VA",
    "LocationDesc": "Virginia",
    "DataSource": "BRFSS",
    "Topic": "Obesity / Weight Status",
    "Data_Value": 33.4,
    "Sample_Size": 712,
    "Stratification1": "Less than $15,000",
    "StratificationId1": "INCLESS15",
    "LocationDisplayOrder": 51
  },
  {
    "ID": 38003,
    "Description": 2013,
    "LocationAbbr": "WA",
    "LocationDesc": "Washington",
    "DataSource": "BRFSS",
    "Topic": "Obesity / Weight Status",
    "Data_Value": 33.3,
    "Sample_Size": 869,
    "Stratification1": "Less than $15,000",
    "StratificationId1": "INCLESS15",
    "LocationDisplayOrder": 53
  },
  {
    "ID": 29489,
    "Description": 2013,
    "LocationAbbr": "WV",
    "LocationDesc": "West Virginia",
    "DataSource": "BRFSS",
    "Topic": "Obesity / Weight Status",
    "Data_Value": 34.7,
    "Sample_Size": 772,
    "Stratification1": "Less than $15,000",
    "StratificationId1": "INCLESS15",
    "LocationDisplayOrder": 54
  },
  {
    "ID": 9506,
    "Description": 2013,
    "LocationAbbr": "WI",
    "LocationDesc": "Wisconsin",
    "DataSource": "BRFSS",
    "Topic": "Obesity / Weight Status",
    "Data_Value": 29,
    "Sample_Size": 587,
    "Stratification1": "Less than $15,000",
    "StratificationId1": "INCLESS15",
    "LocationDisplayOrder": 55
  },
  {
    "ID": 39184,
    "Description": 2013,
    "LocationAbbr": "WY",
    "LocationDesc": "Wyoming",
    "DataSource": "BRFSS",
    "Topic": "Obesity / Weight Status",
    "Data_Value": 29.6,
    "Sample_Size": 488,
    "Stratification1": "Less than $15,000",
    "StratificationId1": "INCLESS15",
    "LocationDisplayOrder": 56
  },
  {
    "ID": 952,
    "Description": 2013,
    "LocationAbbr": "PR",
    "LocationDesc": "Puerto Rico",
    "DataSource": "BRFSS",
    "Topic": "Obesity / Weight Status",
    "Data_Value": 29.7,
    "Sample_Size": "2,273",
    "Stratification1": "Less than $15,000",
    "StratificationId1": "INCLESS15",
    "LocationDisplayOrder": 72
  },
  {
    "ID": "",
    "Description": "",
    "LocationAbbr": "",
    "LocationDesc": "",
    "DataSource": "",
    "Topic": "",
    "Data_Value": "",
    "Sample_Size": "",
    "Stratification1": "",
    "StratificationId1": "",
    "LocationDisplayOrder": ""
  },
  {
    "ID": "",
    "Description": "",
    "LocationAbbr": "",
    "LocationDesc": "",
    "DataSource": "",
    "Topic": "",
    "Data_Value": "",
    "Sample_Size": "",
    "Stratification1": "",
    "StratificationId1": "",
    "LocationDisplayOrder": ""
  },
  {
    "ID": "",
    "Description": "",
    "LocationAbbr": "",
    "LocationDesc": "",
    "DataSource": "",
    "Topic": "",
    "Data_Value": "",
    "Sample_Size": "",
    "Stratification1": "",
    "StratificationId1": "",
    "LocationDisplayOrder": ""
  },
  {
    "ID": "",
    "Description": "",
    "LocationAbbr": "",
    "LocationDesc": "",
    "DataSource": "",
    "Topic": "",
    "Data_Value": "",
    "Sample_Size": "",
    "Stratification1": "",
    "StratificationId1": "",
    "LocationDisplayOrder": ""
  },
  {
    "ID": "",
    "Description": "",
    "LocationAbbr": "",
    "LocationDesc": "",
    "DataSource": "",
    "Topic": "",
    "Data_Value": "",
    "Sample_Size": "",
    "Stratification1": "",
    "StratificationId1": "",
    "LocationDisplayOrder": ""
  },
  {
    "ID": "",
    "Description": "",
    "LocationAbbr": "",
    "LocationDesc": "",
    "DataSource": "",
    "Topic": "",
    "Data_Value": "",
    "Sample_Size": "",
    "Stratification1": "",
    "StratificationId1": "",
    "LocationDisplayOrder": ""
  },
  {
    "ID": "",
    "Description": "",
    "LocationAbbr": "",
    "LocationDesc": "",
    "DataSource": "",
    "Topic": "",
    "Data_Value": "",
    "Sample_Size": "",
    "Stratification1": "",
    "StratificationId1": "",
    "LocationDisplayOrder": ""
  },
  {
    "ID": "",
    "Description": "",
    "LocationAbbr": "",
    "LocationDesc": "",
    "DataSource": "",
    "Topic": "",
    "Data_Value": "",
    "Sample_Size": "",
    "Stratification1": "",
    "StratificationId1": "",
    "LocationDisplayOrder": ""
  },
  {
    "ID": "",
    "Description": "",
    "LocationAbbr": "",
    "LocationDesc": "",
    "DataSource": "",
    "Topic": "",
    "Data_Value": "",
    "Sample_Size": "",
    "Stratification1": "",
    "StratificationId1": "",
    "LocationDisplayOrder": ""
  }
]