[
  {
    "ID": 1437,
    "Description": 2013,
    "LocationAbbr": "US",
    "LocationDesc": "National",
    "DataSource": "BRFSS",
    "Topic": "Obesity / Weight Status",
    "Data_Value": 33.5,
    "Sample_Size": "101,611",
    "Stratification1": "55 - 64",
    "StratificationId1": "AGEYR5564",
    "LocationDisplayOrder": 0
  },
  {
    "ID": 18286,
    "Description": 2013,
    "LocationAbbr": "AL",
    "LocationDesc": "Alabama",
    "DataSource": "BRFSS",
    "Topic": "Obesity / Weight Status",
    "Data_Value": 37.1,
    "Sample_Size": "1,509",
    "Stratification1": "55 - 64",
    "StratificationId1": "AGEYR5564",
    "LocationDisplayOrder": 1
  },
  {
    "ID": 33056,
    "Description": 2013,
    "LocationAbbr": "AK",
    "LocationDesc": "Alaska",
    "DataSource": "BRFSS",
    "Topic": "Obesity / Weight Status",
    "Data_Value": 33.1,
    "Sample_Size": "1,042",
    "Stratification1": "55 - 64",
    "StratificationId1": "AGEYR5564",
    "LocationDisplayOrder": 2
  },
  {
    "ID": 36983,
    "Description": 2013,
    "LocationAbbr": "AZ",
    "LocationDesc": "Arizona",
    "DataSource": "BRFSS",
    "Topic": "Obesity / Weight Status",
    "Data_Value": 30.4,
    "Sample_Size": 858,
    "Stratification1": "55 - 64",
    "StratificationId1": "AGEYR5564",
    "LocationDisplayOrder": 4
  },
  {
    "ID": 2367,
    "Description": 2013,
    "LocationAbbr": "AR",
    "LocationDesc": "Arkansas",
    "DataSource": "BRFSS",
    "Topic": "Obesity / Weight Status",
    "Data_Value": 38.5,
    "Sample_Size": "1,183",
    "Stratification1": "55 - 64",
    "StratificationId1": "AGEYR5564",
    "LocationDisplayOrder": 5
  },
  {
    "ID": 30683,
    "Description": 2013,
    "LocationAbbr": "CA",
    "LocationDesc": "California",
    "DataSource": "BRFSS",
    "Topic": "Obesity / Weight Status",
    "Data_Value": 30.3,
    "Sample_Size": "2,031",
    "Stratification1": "55 - 64",
    "StratificationId1": "AGEYR5564",
    "LocationDisplayOrder": 6
  },
  {
    "ID": 17459,
    "Description": 2013,
    "LocationAbbr": "CO",
    "LocationDesc": "Colorado",
    "DataSource": "BRFSS",
    "Topic": "Obesity / Weight Status",
    "Data_Value": 24.9,
    "Sample_Size": "2,984",
    "Stratification1": "55 - 64",
    "StratificationId1": "AGEYR5564",
    "LocationDisplayOrder": 8
  },
  {
    "ID": 28530,
    "Description": 2013,
    "LocationAbbr": "CT",
    "LocationDesc": "Connecticut",
    "DataSource": "BRFSS",
    "Topic": "Obesity / Weight Status",
    "Data_Value": 28.4,
    "Sample_Size": "1,662",
    "Stratification1": "55 - 64",
    "StratificationId1": "AGEYR5564",
    "LocationDisplayOrder": 9
  },
  {
    "ID": 32285,
    "Description": 2013,
    "LocationAbbr": "DE",
    "LocationDesc": "Delaware",
    "DataSource": "BRFSS",
    "Topic": "Obesity / Weight Status",
    "Data_Value": 34.6,
    "Sample_Size": "1,067",
    "Stratification1": "55 - 64",
    "StratificationId1": "AGEYR5564",
    "LocationDisplayOrder": 10
  },
  {
    "ID": 3010,
    "Description": 2013,
    "LocationAbbr": "DC",
    "LocationDesc": "District of Columbia",
    "DataSource": "BRFSS",
    "Topic": "Obesity / Weight Status",
    "Data_Value": 30.1,
    "Sample_Size": "1,042",
    "Stratification1": "55 - 64",
    "StratificationId1": "AGEYR5564",
    "LocationDisplayOrder": 11
  },
  {
    "ID": 13178,
    "Description": 2013,
    "LocationAbbr": "FL",
    "LocationDesc": "Florida",
    "DataSource": "BRFSS",
    "Topic": "Obesity / Weight Status",
    "Data_Value": 28,
    "Sample_Size": "6,936",
    "Stratification1": "55 - 64",
    "StratificationId1": "AGEYR5564",
    "LocationDisplayOrder": 12
  },
  {
    "ID": 27280,
    "Description": 2013,
    "LocationAbbr": "GA",
    "LocationDesc": "Georgia",
    "DataSource": "BRFSS",
    "Topic": "Obesity / Weight Status",
    "Data_Value": 35.9,
    "Sample_Size": "1,763",
    "Stratification1": "55 - 64",
    "StratificationId1": "AGEYR5564",
    "LocationDisplayOrder": 13
  },
  {
    "ID": 19128,
    "Description": 2013,
    "LocationAbbr": "HI",
    "LocationDesc": "Hawaii",
    "DataSource": "BRFSS",
    "Topic": "Obesity / Weight Status",
    "Data_Value": 21.9,
    "Sample_Size": "1,625",
    "Stratification1": "55 - 64",
    "StratificationId1": "AGEYR5564",
    "LocationDisplayOrder": 15
  },
  {
    "ID": 25813,
    "Description": 2013,
    "LocationAbbr": "ID",
    "LocationDesc": "Idaho",
    "DataSource": "BRFSS",
    "Topic": "Obesity / Weight Status",
    "Data_Value": 34.8,
    "Sample_Size": "1,089",
    "Stratification1": "55 - 64",
    "StratificationId1": "AGEYR5564",
    "LocationDisplayOrder": 16
  },
  {
    "ID": 30056,
    "Description": 2013,
    "LocationAbbr": "IL",
    "LocationDesc": "Illinois",
    "DataSource": "BRFSS",
    "Topic": "Obesity / Weight Status",
    "Data_Value": 34.8,
    "Sample_Size": "1,174",
    "Stratification1": "55 - 64",
    "StratificationId1": "AGEYR5564",
    "LocationDisplayOrder": 17
  },
  {
    "ID": 27766,
    "Description": 2013,
    "LocationAbbr": "IN",
    "LocationDesc": "Indiana",
    "DataSource": "BRFSS",
    "Topic": "Obesity / Weight Status",
    "Data_Value": 37,
    "Sample_Size": "2,215",
    "Stratification1": "55 - 64",
    "StratificationId1": "AGEYR5564",
    "LocationDisplayOrder": 18
  },
  {
    "ID": 7181,
    "Description": 2013,
    "LocationAbbr": "IA",
    "LocationDesc": "Iowa",
    "DataSource": "BRFSS",
    "Topic": "Obesity / Weight Status",
    "Data_Value": 37.4,
    "Sample_Size": "1,713",
    "Stratification1": "55 - 64",
    "StratificationId1": "AGEYR5564",
    "LocationDisplayOrder": 19
  },
  {
    "ID": 2550,
    "Description": 2013,
    "LocationAbbr": "KS",
    "LocationDesc": "Kansas",
    "DataSource": "BRFSS",
    "Topic": "Obesity / Weight Status",
    "Data_Value": 37,
    "Sample_Size": "4,801",
    "Stratification1": "55 - 64",
    "StratificationId1": "AGEYR5564",
    "LocationDisplayOrder": 20
  },
  {
    "ID": 30231,
    "Description": 2013,
    "LocationAbbr": "KY",
    "LocationDesc": "Kentucky",
    "DataSource": "BRFSS",
    "Topic": "Obesity / Weight Status",
    "Data_Value": 40.5,
    "Sample_Size": "2,482",
    "Stratification1": "55 - 64",
    "StratificationId1": "AGEYR5564",
    "LocationDisplayOrder": 21
  },
  {
    "ID": 27436,
    "Description": 2013,
    "LocationAbbr": "LA",
    "LocationDesc": "Louisiana",
    "DataSource": "BRFSS",
    "Topic": "Obesity / Weight Status",
    "Data_Value": 37.8,
    "Sample_Size": "1,243",
    "Stratification1": "55 - 64",
    "StratificationId1": "AGEYR5564",
    "LocationDisplayOrder": 22
  },
  {
    "ID": 8964,
    "Description": 2013,
    "LocationAbbr": "ME",
    "LocationDesc": "Maine",
    "DataSource": "BRFSS",
    "Topic": "Obesity / Weight Status",
    "Data_Value": 33.4,
    "Sample_Size": "1,886",
    "Stratification1": "55 - 64",
    "StratificationId1": "AGEYR5564",
    "LocationDisplayOrder": 23
  },
  {
    "ID": 5336,
    "Description": 2013,
    "LocationAbbr": "MD",
    "LocationDesc": "Maryland",
    "DataSource": "BRFSS",
    "Topic": "Obesity / Weight Status",
    "Data_Value": 33.1,
    "Sample_Size": "2,845",
    "Stratification1": "55 - 64",
    "StratificationId1": "AGEYR5564",
    "LocationDisplayOrder": 24
  },
  {
    "ID": 1817,
    "Description": 2013,
    "LocationAbbr": "MA",
    "LocationDesc": "Massachusetts",
    "DataSource": "BRFSS",
    "Topic": "Obesity / Weight Status",
    "Data_Value": 29,
    "Sample_Size": "3,030",
    "Stratification1": "55 - 64",
    "StratificationId1": "AGEYR5564",
    "LocationDisplayOrder": 25
  },
  {
    "ID": 14892,
    "Description": 2013,
    "LocationAbbr": "MI",
    "LocationDesc": "Michigan",
    "DataSource": "BRFSS",
    "Topic": "Obesity / Weight Status",
    "Data_Value": 37.6,
    "Sample_Size": "2,723",
    "Stratification1": "55 - 64",
    "StratificationId1": "AGEYR5564",
    "LocationDisplayOrder": 26
  },
  {
    "ID": 12190,
    "Description": 2013,
    "LocationAbbr": "MN",
    "LocationDesc": "Minnesota",
    "DataSource": "BRFSS",
    "Topic": "Obesity / Weight Status",
    "Data_Value": 31.2,
    "Sample_Size": "3,165",
    "Stratification1": "55 - 64",
    "StratificationId1": "AGEYR5564",
    "LocationDisplayOrder": 27
  },
  {
    "ID": 35338,
    "Description": 2013,
    "LocationAbbr": "MS",
    "LocationDesc": "Mississippi",
    "DataSource": "BRFSS",
    "Topic": "Obesity / Weight Status",
    "Data_Value": 36.7,
    "Sample_Size": "1,620",
    "Stratification1": "55 - 64",
    "StratificationId1": "AGEYR5564",
    "LocationDisplayOrder": 28
  },
  {
    "ID": 28011,
    "Description": 2013,
    "LocationAbbr": "MO",
    "LocationDesc": "Missouri",
    "DataSource": "BRFSS",
    "Topic": "Obesity / Weight Status",
    "Data_Value": 34.6,
    "Sample_Size": "1,450",
    "Stratification1": "55 - 64",
    "StratificationId1": "AGEYR5564",
    "LocationDisplayOrder": 29
  },
  {
    "ID": 16146,
    "Description": 2013,
    "LocationAbbr": "MT",
    "LocationDesc": "Montana",
    "DataSource": "BRFSS",
    "Topic": "Obesity / Weight Status",
    "Data_Value": 27.7,
    "Sample_Size": "2,123",
    "Stratification1": "55 - 64",
    "StratificationId1": "AGEYR5564",
    "LocationDisplayOrder": 30
  },
  {
    "ID": 5060,
    "Description": 2013,
    "LocationAbbr": "NE",
    "LocationDesc": "Nebraska",
    "DataSource": "BRFSS",
    "Topic": "Obesity / Weight Status",
    "Data_Value": 37.5,
    "Sample_Size": "3,584",
    "Stratification1": "55 - 64",
    "StratificationId1": "AGEYR5564",
    "LocationDisplayOrder": 31
  },
  {
    "ID": 30593,
    "Description": 2013,
    "LocationAbbr": "NV",
    "LocationDesc": "Nevada",
    "DataSource": "BRFSS",
    "Topic": "Obesity / Weight Status",
    "Data_Value": 28.5,
    "Sample_Size": "1,038",
    "Stratification1": "55 - 64",
    "StratificationId1": "AGEYR5564",
    "LocationDisplayOrder": 32
  },
  {
    "ID": 4135,
    "Description": 2013,
    "LocationAbbr": "NH",
    "LocationDesc": "New Hampshire",
    "DataSource": "BRFSS",
    "Topic": "Obesity / Weight Status",
    "Data_Value": 28.5,
    "Sample_Size": "1,368",
    "Stratification1": "55 - 64",
    "StratificationId1": "AGEYR5564",
    "LocationDisplayOrder": 33
  },
  {
    "ID": 24661,
    "Description": 2013,
    "LocationAbbr": "NJ",
    "LocationDesc": "New Jersey",
    "DataSource": "BRFSS",
    "Topic": "Obesity / Weight Status",
    "Data_Value": 29.2,
    "Sample_Size": "2,560",
    "Stratification1": "55 - 64",
    "StratificationId1": "AGEYR5564",
    "LocationDisplayOrder": 34
  },
  {
    "ID": 15837,
    "Description": 2013,
    "LocationAbbr": "NM",
    "LocationDesc": "New Mexico",
    "DataSource": "BRFSS",
    "Topic": "Obesity / Weight Status",
    "Data_Value": 29,
    "Sample_Size": "2,029",
    "Stratification1": "55 - 64",
    "StratificationId1": "AGEYR5564",
    "LocationDisplayOrder": 35
  },
  {
    "ID": 7749,
    "Description": 2013,
    "LocationAbbr": "NY",
    "LocationDesc": "New York",
    "DataSource": "BRFSS",
    "Topic": "Obesity / Weight Status",
    "Data_Value": 31,
    "Sample_Size": "1,741",
    "Stratification1": "55 - 64",
    "StratificationId1": "AGEYR5564",
    "LocationDisplayOrder": 36
  },
  {
    "ID": 16134,
    "Description": 2013,
    "LocationAbbr": "NC",
    "LocationDesc": "North Carolina",
    "DataSource": "BRFSS",
    "Topic": "Obesity / Weight Status",
    "Data_Value": 37,
    "Sample_Size": "1,765",
    "Stratification1": "55 - 64",
    "StratificationId1": "AGEYR5564",
    "LocationDisplayOrder": 37
  },
  {
    "ID": 32365,
    "Description": 2013,
    "LocationAbbr": "ND",
    "LocationDesc": "North Dakota",
    "DataSource": "BRFSS",
    "Topic": "Obesity / Weight Status",
    "Data_Value": 39.2,
    "Sample_Size": "1,655",
    "Stratification1": "55 - 64",
    "StratificationId1": "AGEYR5564",
    "LocationDisplayOrder": 38
  },
  {
    "ID": 17954,
    "Description": 2013,
    "LocationAbbr": "OH",
    "LocationDesc": "Ohio",
    "DataSource": "BRFSS",
    "Topic": "Obesity / Weight Status",
    "Data_Value": 37.4,
    "Sample_Size": "2,601",
    "Stratification1": "55 - 64",
    "StratificationId1": "AGEYR5564",
    "LocationDisplayOrder": 39
  },
  {
    "ID": 21118,
    "Description": 2013,
    "LocationAbbr": "OK",
    "LocationDesc": "Oklahoma",
    "DataSource": "BRFSS",
    "Topic": "Obesity / Weight Status",
    "Data_Value": 38.1,
    "Sample_Size": "1,689",
    "Stratification1": "55 - 64",
    "StratificationId1": "AGEYR5564",
    "LocationDisplayOrder": 40
  },
  {
    "ID": 6015,
    "Description": 2013,
    "LocationAbbr": "OR",
    "LocationDesc": "Oregon",
    "DataSource": "BRFSS",
    "Topic": "Obesity / Weight Status",
    "Data_Value": 31,
    "Sample_Size": "1,382",
    "Stratification1": "55 - 64",
    "StratificationId1": "AGEYR5564",
    "LocationDisplayOrder": 41
  },
  {
    "ID": 19302,
    "Description": 2013,
    "LocationAbbr": "PA",
    "LocationDesc": "Pennsylvania",
    "DataSource": "BRFSS",
    "Topic": "Obesity / Weight Status",
    "Data_Value": 36.7,
    "Sample_Size": "2,382",
    "Stratification1": "55 - 64",
    "StratificationId1": "AGEYR5564",
    "LocationDisplayOrder": 42
  },
  {
    "ID": 6822,
    "Description": 2013,
    "LocationAbbr": "RI",
    "LocationDesc": "Rhode Island",
    "DataSource": "BRFSS",
    "Topic": "Obesity / Weight Status",
    "Data_Value": 28,
    "Sample_Size": "1,476",
    "Stratification1": "55 - 64",
    "StratificationId1": "AGEYR5564",
    "LocationDisplayOrder": 44
  },
  {
    "ID": 33316,
    "Description": 2013,
    "LocationAbbr": "SC",
    "LocationDesc": "South Carolina",
    "DataSource": "BRFSS",
    "Topic": "Obesity / Weight Status",
    "Data_Value": 37.6,
    "Sample_Size": "2,298",
    "Stratification1": "55 - 64",
    "StratificationId1": "AGEYR5564",
    "LocationDisplayOrder": 45
  },
  {
    "ID": 20368,
    "Description": 2013,
    "LocationAbbr": "SD",
    "LocationDesc": "South Dakota",
    "DataSource": "BRFSS",
    "Topic": "Obesity / Weight Status",
    "Data_Value": 34.6,
    "Sample_Size": "1,361",
    "Stratification1": "55 - 64",
    "StratificationId1": "AGEYR5564",
    "LocationDisplayOrder": 46
  },
  {
    "ID": 6344,
    "Description": 2013,
    "LocationAbbr": "TN",
    "LocationDesc": "Tennessee",
    "DataSource": "BRFSS",
    "Topic": "Obesity / Weight Status",
    "Data_Value": 38.6,
    "Sample_Size": "1,282",
    "Stratification1": "55 - 64",
    "StratificationId1": "AGEYR5564",
    "LocationDisplayOrder": 47
  },
  {
    "ID": 13409,
    "Description": 2013,
    "LocationAbbr": "TX",
    "LocationDesc": "Texas",
    "DataSource": "BRFSS",
    "Topic": "Obesity / Weight Status",
    "Data_Value": 37.1,
    "Sample_Size": "1,978",
    "Stratification1": "55 - 64",
    "StratificationId1": "AGEYR5564",
    "LocationDisplayOrder": 48
  },
  {
    "ID": 35065,
    "Description": 2013,
    "LocationAbbr": "UT",
    "LocationDesc": "Utah",
    "DataSource": "BRFSS",
    "Topic": "Obesity / Weight Status",
    "Data_Value": 30.4,
    "Sample_Size": "2,172",
    "Stratification1": "55 - 64",
    "StratificationId1": "AGEYR5564",
    "LocationDisplayOrder": 49
  },
  {
    "ID": 14106,
    "Description": 2013,
    "LocationAbbr": "VT",
    "LocationDesc": "Vermont",
    "DataSource": "BRFSS",
    "Topic": "Obesity / Weight Status",
    "Data_Value": 26.7,
    "Sample_Size": "1,482",
    "Stratification1": "55 - 64",
    "StratificationId1": "AGEYR5564",
    "LocationDisplayOrder": 50
  },
  {
    "ID": 16595,
    "Description": 2013,
    "LocationAbbr": "VA",
    "LocationDesc": "Virginia",
    "DataSource": "BRFSS",
    "Topic": "Obesity / Weight Status",
    "Data_Value": 33.3,
    "Sample_Size": "1,761",
    "Stratification1": "55 - 64",
    "StratificationId1": "AGEYR5564",
    "LocationDisplayOrder": 51
  },
  {
    "ID": 38754,
    "Description": 2013,
    "LocationAbbr": "WA",
    "LocationDesc": "Washington",
    "DataSource": "BRFSS",
    "Topic": "Obesity / Weight Status",
    "Data_Value": 32.4,
    "Sample_Size": "2,374",
    "Stratification1": "55 - 64",
    "StratificationId1": "AGEYR5564",
    "LocationDisplayOrder": 53
  },
  {
    "ID": 6193,
    "Description": 2013,
    "LocationAbbr": "WV",
    "LocationDesc": "West Virginia",
    "DataSource": "BRFSS",
    "Topic": "Obesity / Weight Status",
    "Data_Value": 37.9,
    "Sample_Size": "1,321",
    "Stratification1": "55 - 64",
    "StratificationId1": "AGEYR5564",
    "LocationDisplayOrder": 54
  },
  {
    "ID": 35677,
    "Description": 2013,
    "LocationAbbr": "WI",
    "LocationDesc": "Wisconsin",
    "DataSource": "BRFSS",
    "Topic": "Obesity / Weight Status",
    "Data_Value": 34.9,
    "Sample_Size": "1,452",
    "Stratification1": "55 - 64",
    "StratificationId1": "AGEYR5564",
    "LocationDisplayOrder": 55
  },
  {
    "ID": 2868,
    "Description": 2013,
    "LocationAbbr": "WY",
    "LocationDesc": "Wyoming",
    "DataSource": "BRFSS",
    "Topic": "Obesity / Weight Status",
    "Data_Value": 32.7,
    "Sample_Size": "1,599",
    "Stratification1": "55 - 64",
    "StratificationId1": "AGEYR5564",
    "LocationDisplayOrder": 56
  },
  {
    "ID": 931,
    "Description": 2013,
    "LocationAbbr": "PR",
    "LocationDesc": "Puerto Rico",
    "DataSource": "BRFSS",
    "Topic": "Obesity / Weight Status",
    "Data_Value": 33.5,
    "Sample_Size": "1,058",
    "Stratification1": "55 - 64",
    "StratificationId1": "AGEYR5564",
    "LocationDisplayOrder": 72
  },
  {
    "ID": "",
    "Description": "",
    "LocationAbbr": "",
    "LocationDesc": "",
    "DataSource": "",
    "Topic": "",
    "Data_Value": "",
    "Sample_Size": "",
    "Stratification1": "",
    "StratificationId1": "",
    "LocationDisplayOrder": ""
  },
  {
    "ID": "",
    "Description": "",
    "LocationAbbr": "",
    "LocationDesc": "",
    "DataSource": "",
    "Topic": "",
    "Data_Value": "",
    "Sample_Size": "",
    "Stratification1": "",
    "StratificationId1": "",
    "LocationDisplayOrder": ""
  },
  {
    "ID": "",
    "Description": "",
    "LocationAbbr": "",
    "LocationDesc": "",
    "DataSource": "",
    "Topic": "",
    "Data_Value": "",
    "Sample_Size": "",
    "Stratification1": "",
    "StratificationId1": "",
    "LocationDisplayOrder": ""
  },
  {
    "ID": "",
    "Description": "",
    "LocationAbbr": "",
    "LocationDesc": "",
    "DataSource": "",
    "Topic": "",
    "Data_Value": "",
    "Sample_Size": "",
    "Stratification1": "",
    "StratificationId1": "",
    "LocationDisplayOrder": ""
  },
  {
    "ID": "",
    "Description": "",
    "LocationAbbr": "",
    "LocationDesc": "",
    "DataSource": "",
    "Topic": "",
    "Data_Value": "",
    "Sample_Size": "",
    "Stratification1": "",
    "StratificationId1": "",
    "LocationDisplayOrder": ""
  },
  {
    "ID": "",
    "Description": "",
    "LocationAbbr": "",
    "LocationDesc": "",
    "DataSource": "",
    "Topic": "",
    "Data_Value": "",
    "Sample_Size": "",
    "Stratification1": "",
    "StratificationId1": "",
    "LocationDisplayOrder": ""
  },
  {
    "ID": "",
    "Description": "",
    "LocationAbbr": "",
    "LocationDesc": "",
    "DataSource": "",
    "Topic": "",
    "Data_Value": "",
    "Sample_Size": "",
    "Stratification1": "",
    "StratificationId1": "",
    "LocationDisplayOrder": ""
  },
  {
    "ID": "",
    "Description": "",
    "LocationAbbr": "",
    "LocationDesc": "",
    "DataSource": "",
    "Topic": "",
    "Data_Value": "",
    "Sample_Size": "",
    "Stratification1": "",
    "StratificationId1": "",
    "LocationDisplayOrder": ""
  },
  {
    "ID": "",
    "Description": "",
    "LocationAbbr": "",
    "LocationDesc": "",
    "DataSource": "",
    "Topic": "",
    "Data_Value": "",
    "Sample_Size": "",
    "Stratification1": "",
    "StratificationId1": "",
    "LocationDisplayOrder": ""
  }
]