[
  {
    "ID": 624,
    "Description": 2013,
    "LocationAbbr": "US",
    "LocationDesc": "National",
    "DataSource": "BRFSS",
    "Topic": "Obesity / Weight Status",
    "Data_Value": 30,
    "Sample_Size": "58,655",
    "Stratification1": "$35,000 - $49,999",
    "StratificationId1": "INC3550",
    "LocationDisplayOrder": 0
  },
  {
    "ID": 6748,
    "Description": 2013,
    "LocationAbbr": "AL",
    "LocationDesc": "Alabama",
    "DataSource": "BRFSS",
    "Topic": "Obesity / Weight Status",
    "Data_Value": 31.1,
    "Sample_Size": 656,
    "Stratification1": "$35,000 - $49,999",
    "StratificationId1": "INC3550",
    "LocationDisplayOrder": 1
  },
  {
    "ID": 37308,
    "Description": 2013,
    "LocationAbbr": "AK",
    "LocationDesc": "Alaska",
    "DataSource": "BRFSS",
    "Topic": "Obesity / Weight Status",
    "Data_Value": 31.7,
    "Sample_Size": 510,
    "Stratification1": "$35,000 - $49,999",
    "StratificationId1": "INC3550",
    "LocationDisplayOrder": 2
  },
  {
    "ID": 29765,
    "Description": 2013,
    "LocationAbbr": "AZ",
    "LocationDesc": "Arizona",
    "DataSource": "BRFSS",
    "Topic": "Obesity / Weight Status",
    "Data_Value": 22,
    "Sample_Size": 570,
    "Stratification1": "$35,000 - $49,999",
    "StratificationId1": "INC3550",
    "LocationDisplayOrder": 4
  },
  {
    "ID": 25142,
    "Description": 2013,
    "LocationAbbr": "AR",
    "LocationDesc": "Arkansas",
    "DataSource": "BRFSS",
    "Topic": "Obesity / Weight Status",
    "Data_Value": 34.6,
    "Sample_Size": 632,
    "Stratification1": "$35,000 - $49,999",
    "StratificationId1": "INC3550",
    "LocationDisplayOrder": 5
  },
  {
    "ID": 25583,
    "Description": 2013,
    "LocationAbbr": "CA",
    "LocationDesc": "California",
    "DataSource": "BRFSS",
    "Topic": "Obesity / Weight Status",
    "Data_Value": 25.4,
    "Sample_Size": "1,178",
    "Stratification1": "$35,000 - $49,999",
    "StratificationId1": "INC3550",
    "LocationDisplayOrder": 6
  },
  {
    "ID": 25936,
    "Description": 2013,
    "LocationAbbr": "CO",
    "LocationDesc": "Colorado",
    "DataSource": "BRFSS",
    "Topic": "Obesity / Weight Status",
    "Data_Value": 21.8,
    "Sample_Size": "1,645",
    "Stratification1": "$35,000 - $49,999",
    "StratificationId1": "INC3550",
    "LocationDisplayOrder": 8
  },
  {
    "ID": 29263,
    "Description": 2013,
    "LocationAbbr": "CT",
    "LocationDesc": "Connecticut",
    "DataSource": "BRFSS",
    "Topic": "Obesity / Weight Status",
    "Data_Value": 28.1,
    "Sample_Size": 772,
    "Stratification1": "$35,000 - $49,999",
    "StratificationId1": "INC3550",
    "LocationDisplayOrder": 9
  },
  {
    "ID": 23701,
    "Description": 2013,
    "LocationAbbr": "DE",
    "LocationDesc": "Delaware",
    "DataSource": "BRFSS",
    "Topic": "Obesity / Weight Status",
    "Data_Value": 29.9,
    "Sample_Size": 670,
    "Stratification1": "$35,000 - $49,999",
    "StratificationId1": "INC3550",
    "LocationDisplayOrder": 10
  },
  {
    "ID": 31017,
    "Description": 2013,
    "LocationAbbr": "DC",
    "LocationDesc": "District of Columbia",
    "DataSource": "BRFSS",
    "Topic": "Obesity / Weight Status",
    "Data_Value": 24.3,
    "Sample_Size": 369,
    "Stratification1": "$35,000 - $49,999",
    "StratificationId1": "INC3550",
    "LocationDisplayOrder": 11
  },
  {
    "ID": 30113,
    "Description": 2013,
    "LocationAbbr": "FL",
    "LocationDesc": "Florida",
    "DataSource": "BRFSS",
    "Topic": "Obesity / Weight Status",
    "Data_Value": 28.7,
    "Sample_Size": "4,279",
    "Stratification1": "$35,000 - $49,999",
    "StratificationId1": "INC3550",
    "LocationDisplayOrder": 12
  },
  {
    "ID": 34517,
    "Description": 2013,
    "LocationAbbr": "GA",
    "LocationDesc": "Georgia",
    "DataSource": "BRFSS",
    "Topic": "Obesity / Weight Status",
    "Data_Value": 31.6,
    "Sample_Size": 926,
    "Stratification1": "$35,000 - $49,999",
    "StratificationId1": "INC3550",
    "LocationDisplayOrder": 13
  },
  {
    "ID": 18982,
    "Description": 2013,
    "LocationAbbr": "HI",
    "LocationDesc": "Hawaii",
    "DataSource": "BRFSS",
    "Topic": "Obesity / Weight Status",
    "Data_Value": 23.4,
    "Sample_Size": "1,054",
    "Stratification1": "$35,000 - $49,999",
    "StratificationId1": "INC3550",
    "LocationDisplayOrder": 15
  },
  {
    "ID": 6117,
    "Description": 2013,
    "LocationAbbr": "ID",
    "LocationDesc": "Idaho",
    "DataSource": "BRFSS",
    "Topic": "Obesity / Weight Status",
    "Data_Value": 33.6,
    "Sample_Size": 815,
    "Stratification1": "$35,000 - $49,999",
    "StratificationId1": "INC3550",
    "LocationDisplayOrder": 16
  },
  {
    "ID": 36782,
    "Description": 2013,
    "LocationAbbr": "IL",
    "LocationDesc": "Illinois",
    "DataSource": "BRFSS",
    "Topic": "Obesity / Weight Status",
    "Data_Value": 32.8,
    "Sample_Size": 794,
    "Stratification1": "$35,000 - $49,999",
    "StratificationId1": "INC3550",
    "LocationDisplayOrder": 17
  },
  {
    "ID": 5614,
    "Description": 2013,
    "LocationAbbr": "IN",
    "LocationDesc": "Indiana",
    "DataSource": "BRFSS",
    "Topic": "Obesity / Weight Status",
    "Data_Value": 34.4,
    "Sample_Size": "1,301",
    "Stratification1": "$35,000 - $49,999",
    "StratificationId1": "INC3550",
    "LocationDisplayOrder": 18
  },
  {
    "ID": 29591,
    "Description": 2013,
    "LocationAbbr": "IA",
    "LocationDesc": "Iowa",
    "DataSource": "BRFSS",
    "Topic": "Obesity / Weight Status",
    "Data_Value": 33.1,
    "Sample_Size": "1,104",
    "Stratification1": "$35,000 - $49,999",
    "StratificationId1": "INC3550",
    "LocationDisplayOrder": 19
  },
  {
    "ID": 24840,
    "Description": 2013,
    "LocationAbbr": "KS",
    "LocationDesc": "Kansas",
    "DataSource": "BRFSS",
    "Topic": "Obesity / Weight Status",
    "Data_Value": 31.7,
    "Sample_Size": "3,129",
    "Stratification1": "$35,000 - $49,999",
    "StratificationId1": "INC3550",
    "LocationDisplayOrder": 20
  },
  {
    "ID": 3267,
    "Description": 2013,
    "LocationAbbr": "KY",
    "LocationDesc": "Kentucky",
    "DataSource": "BRFSS",
    "Topic": "Obesity / Weight Status",
    "Data_Value": 34.8,
    "Sample_Size": "1,128",
    "Stratification1": "$35,000 - $49,999",
    "StratificationId1": "INC3550",
    "LocationDisplayOrder": 21
  },
  {
    "ID": 1241,
    "Description": 2013,
    "LocationAbbr": "LA",
    "LocationDesc": "Louisiana",
    "DataSource": "BRFSS",
    "Topic": "Obesity / Weight Status",
    "Data_Value": 38.4,
    "Sample_Size": 581,
    "Stratification1": "$35,000 - $49,999",
    "StratificationId1": "INC3550",
    "LocationDisplayOrder": 22
  },
  {
    "ID": 5197,
    "Description": 2013,
    "LocationAbbr": "ME",
    "LocationDesc": "Maine",
    "DataSource": "BRFSS",
    "Topic": "Obesity / Weight Status",
    "Data_Value": 28.4,
    "Sample_Size": "1,160",
    "Stratification1": "$35,000 - $49,999",
    "StratificationId1": "INC3550",
    "LocationDisplayOrder": 23
  },
  {
    "ID": 4562,
    "Description": 2013,
    "LocationAbbr": "MD",
    "LocationDesc": "Maryland",
    "DataSource": "BRFSS",
    "Topic": "Obesity / Weight Status",
    "Data_Value": 31.1,
    "Sample_Size": "1,279",
    "Stratification1": "$35,000 - $49,999",
    "StratificationId1": "INC3550",
    "LocationDisplayOrder": 24
  },
  {
    "ID": 23960,
    "Description": 2013,
    "LocationAbbr": "MA",
    "LocationDesc": "Massachusetts",
    "DataSource": "BRFSS",
    "Topic": "Obesity / Weight Status",
    "Data_Value": 27.3,
    "Sample_Size": "1,444",
    "Stratification1": "$35,000 - $49,999",
    "StratificationId1": "INC3550",
    "LocationDisplayOrder": 25
  },
  {
    "ID": 34038,
    "Description": 2013,
    "LocationAbbr": "MI",
    "LocationDesc": "Michigan",
    "DataSource": "BRFSS",
    "Topic": "Obesity / Weight Status",
    "Data_Value": 34.4,
    "Sample_Size": "1,634",
    "Stratification1": "$35,000 - $49,999",
    "StratificationId1": "INC3550",
    "LocationDisplayOrder": 26
  },
  {
    "ID": 36669,
    "Description": 2013,
    "LocationAbbr": "MN",
    "LocationDesc": "Minnesota",
    "DataSource": "BRFSS",
    "Topic": "Obesity / Weight Status",
    "Data_Value": 28.3,
    "Sample_Size": "1,848",
    "Stratification1": "$35,000 - $49,999",
    "StratificationId1": "INC3550",
    "LocationDisplayOrder": 27
  },
  {
    "ID": 27557,
    "Description": 2013,
    "LocationAbbr": "MS",
    "LocationDesc": "Mississippi",
    "DataSource": "BRFSS",
    "Topic": "Obesity / Weight Status",
    "Data_Value": 35,
    "Sample_Size": 771,
    "Stratification1": "$35,000 - $49,999",
    "StratificationId1": "INC3550",
    "LocationDisplayOrder": 28
  },
  {
    "ID": 11108,
    "Description": 2013,
    "LocationAbbr": "MO",
    "LocationDesc": "Missouri",
    "DataSource": "BRFSS",
    "Topic": "Obesity / Weight Status",
    "Data_Value": 30.8,
    "Sample_Size": 867,
    "Stratification1": "$35,000 - $49,999",
    "StratificationId1": "INC3550",
    "LocationDisplayOrder": 29
  },
  {
    "ID": 28249,
    "Description": 2013,
    "LocationAbbr": "MT",
    "LocationDesc": "Montana",
    "DataSource": "BRFSS",
    "Topic": "Obesity / Weight Status",
    "Data_Value": 27.8,
    "Sample_Size": "1,442",
    "Stratification1": "$35,000 - $49,999",
    "StratificationId1": "INC3550",
    "LocationDisplayOrder": 30
  },
  {
    "ID": 36532,
    "Description": 2013,
    "LocationAbbr": "NE",
    "LocationDesc": "Nebraska",
    "DataSource": "BRFSS",
    "Topic": "Obesity / Weight Status",
    "Data_Value": 32.1,
    "Sample_Size": "2,599",
    "Stratification1": "$35,000 - $49,999",
    "StratificationId1": "INC3550",
    "LocationDisplayOrder": 31
  },
  {
    "ID": 18391,
    "Description": 2013,
    "LocationAbbr": "NV",
    "LocationDesc": "Nevada",
    "DataSource": "BRFSS",
    "Topic": "Obesity / Weight Status",
    "Data_Value": 29.4,
    "Sample_Size": 583,
    "Stratification1": "$35,000 - $49,999",
    "StratificationId1": "INC3550",
    "LocationDisplayOrder": 32
  },
  {
    "ID": 23127,
    "Description": 2013,
    "LocationAbbr": "NH",
    "LocationDesc": "New Hampshire",
    "DataSource": "BRFSS",
    "Topic": "Obesity / Weight Status",
    "Data_Value": 28.7,
    "Sample_Size": 831,
    "Stratification1": "$35,000 - $49,999",
    "StratificationId1": "INC3550",
    "LocationDisplayOrder": 33
  },
  {
    "ID": 7873,
    "Description": 2013,
    "LocationAbbr": "NJ",
    "LocationDesc": "New Jersey",
    "DataSource": "BRFSS",
    "Topic": "Obesity / Weight Status",
    "Data_Value": 31.6,
    "Sample_Size": "1,243",
    "Stratification1": "$35,000 - $49,999",
    "StratificationId1": "INC3550",
    "LocationDisplayOrder": 34
  },
  {
    "ID": 1332,
    "Description": 2013,
    "LocationAbbr": "NM",
    "LocationDesc": "New Mexico",
    "DataSource": "BRFSS",
    "Topic": "Obesity / Weight Status",
    "Data_Value": 26.9,
    "Sample_Size": "1,136",
    "Stratification1": "$35,000 - $49,999",
    "StratificationId1": "INC3550",
    "LocationDisplayOrder": 35
  },
  {
    "ID": 31769,
    "Description": 2013,
    "LocationAbbr": "NY",
    "LocationDesc": "New York",
    "DataSource": "BRFSS",
    "Topic": "Obesity / Weight Status",
    "Data_Value": 26.8,
    "Sample_Size": 957,
    "Stratification1": "$35,000 - $49,999",
    "StratificationId1": "INC3550",
    "LocationDisplayOrder": 36
  },
  {
    "ID": 38452,
    "Description": 2013,
    "LocationAbbr": "NC",
    "LocationDesc": "North Carolina",
    "DataSource": "BRFSS",
    "Topic": "Obesity / Weight Status",
    "Data_Value": 32.9,
    "Sample_Size": 992,
    "Stratification1": "$35,000 - $49,999",
    "StratificationId1": "INC3550",
    "LocationDisplayOrder": 37
  },
  {
    "ID": 6936,
    "Description": 2013,
    "LocationAbbr": "ND",
    "LocationDesc": "North Dakota",
    "DataSource": "BRFSS",
    "Topic": "Obesity / Weight Status",
    "Data_Value": 30.5,
    "Sample_Size": "1,021",
    "Stratification1": "$35,000 - $49,999",
    "StratificationId1": "INC3550",
    "LocationDisplayOrder": 38
  },
  {
    "ID": 29204,
    "Description": 2013,
    "LocationAbbr": "OH",
    "LocationDesc": "Ohio",
    "DataSource": "BRFSS",
    "Topic": "Obesity / Weight Status",
    "Data_Value": 32.6,
    "Sample_Size": "1,513",
    "Stratification1": "$35,000 - $49,999",
    "StratificationId1": "INC3550",
    "LocationDisplayOrder": 39
  },
  {
    "ID": 19073,
    "Description": 2013,
    "LocationAbbr": "OK",
    "LocationDesc": "Oklahoma",
    "DataSource": "BRFSS",
    "Topic": "Obesity / Weight Status",
    "Data_Value": 32,
    "Sample_Size": "1,087",
    "Stratification1": "$35,000 - $49,999",
    "StratificationId1": "INC3550",
    "LocationDisplayOrder": 40
  },
  {
    "ID": 23180,
    "Description": 2013,
    "LocationAbbr": "OR",
    "LocationDesc": "Oregon",
    "DataSource": "BRFSS",
    "Topic": "Obesity / Weight Status",
    "Data_Value": 25.2,
    "Sample_Size": 783,
    "Stratification1": "$35,000 - $49,999",
    "StratificationId1": "INC3550",
    "LocationDisplayOrder": 41
  },
  {
    "ID": 15000,
    "Description": 2013,
    "LocationAbbr": "PA",
    "LocationDesc": "Pennsylvania",
    "DataSource": "BRFSS",
    "Topic": "Obesity / Weight Status",
    "Data_Value": 32.6,
    "Sample_Size": "1,355",
    "Stratification1": "$35,000 - $49,999",
    "StratificationId1": "INC3550",
    "LocationDisplayOrder": 42
  },
  {
    "ID": 33026,
    "Description": 2013,
    "LocationAbbr": "RI",
    "LocationDesc": "Rhode Island",
    "DataSource": "BRFSS",
    "Topic": "Obesity / Weight Status",
    "Data_Value": 28.8,
    "Sample_Size": 753,
    "Stratification1": "$35,000 - $49,999",
    "StratificationId1": "INC3550",
    "LocationDisplayOrder": 44
  },
  {
    "ID": 14013,
    "Description": 2013,
    "LocationAbbr": "SC",
    "LocationDesc": "South Carolina",
    "DataSource": "BRFSS",
    "Topic": "Obesity / Weight Status",
    "Data_Value": 32,
    "Sample_Size": "1,239",
    "Stratification1": "$35,000 - $49,999",
    "StratificationId1": "INC3550",
    "LocationDisplayOrder": 45
  },
  {
    "ID": 33605,
    "Description": 2013,
    "LocationAbbr": "SD",
    "LocationDesc": "South Dakota",
    "DataSource": "BRFSS",
    "Topic": "Obesity / Weight Status",
    "Data_Value": 25.2,
    "Sample_Size": 967,
    "Stratification1": "$35,000 - $49,999",
    "StratificationId1": "INC3550",
    "LocationDisplayOrder": 46
  },
  {
    "ID": 12203,
    "Description": 2013,
    "LocationAbbr": "TN",
    "LocationDesc": "Tennessee",
    "DataSource": "BRFSS",
    "Topic": "Obesity / Weight Status",
    "Data_Value": 39,
    "Sample_Size": 565,
    "Stratification1": "$35,000 - $49,999",
    "StratificationId1": "INC3550",
    "LocationDisplayOrder": 47
  },
  {
    "ID": 12471,
    "Description": 2013,
    "LocationAbbr": "TX",
    "LocationDesc": "Texas",
    "DataSource": "BRFSS",
    "Topic": "Obesity / Weight Status",
    "Data_Value": 32,
    "Sample_Size": "1,148",
    "Stratification1": "$35,000 - $49,999",
    "StratificationId1": "INC3550",
    "LocationDisplayOrder": 48
  },
  {
    "ID": 28297,
    "Description": 2013,
    "LocationAbbr": "UT",
    "LocationDesc": "Utah",
    "DataSource": "BRFSS",
    "Topic": "Obesity / Weight Status",
    "Data_Value": 27,
    "Sample_Size": "1,638",
    "Stratification1": "$35,000 - $49,999",
    "StratificationId1": "INC3550",
    "LocationDisplayOrder": 49
  },
  {
    "ID": 38821,
    "Description": 2013,
    "LocationAbbr": "VT",
    "LocationDesc": "Vermont",
    "DataSource": "BRFSS",
    "Topic": "Obesity / Weight Status",
    "Data_Value": 25.6,
    "Sample_Size": 865,
    "Stratification1": "$35,000 - $49,999",
    "StratificationId1": "INC3550",
    "LocationDisplayOrder": 50
  },
  {
    "ID": 32260,
    "Description": 2013,
    "LocationAbbr": "VA",
    "LocationDesc": "Virginia",
    "DataSource": "BRFSS",
    "Topic": "Obesity / Weight Status",
    "Data_Value": 27.2,
    "Sample_Size": 983,
    "Stratification1": "$35,000 - $49,999",
    "StratificationId1": "INC3550",
    "LocationDisplayOrder": 51
  },
  {
    "ID": 25420,
    "Description": 2013,
    "LocationAbbr": "WA",
    "LocationDesc": "Washington",
    "DataSource": "BRFSS",
    "Topic": "Obesity / Weight Status",
    "Data_Value": 26.2,
    "Sample_Size": "1,418",
    "Stratification1": "$35,000 - $49,999",
    "StratificationId1": "INC3550",
    "LocationDisplayOrder": 53
  },
  {
    "ID": 7693,
    "Description": 2013,
    "LocationAbbr": "WV",
    "LocationDesc": "West Virginia",
    "DataSource": "BRFSS",
    "Topic": "Obesity / Weight Status",
    "Data_Value": 31.5,
    "Sample_Size": 681,
    "Stratification1": "$35,000 - $49,999",
    "StratificationId1": "INC3550",
    "LocationDisplayOrder": 54
  },
  {
    "ID": 4061,
    "Description": 2013,
    "LocationAbbr": "WI",
    "LocationDesc": "Wisconsin",
    "DataSource": "BRFSS",
    "Topic": "Obesity / Weight Status",
    "Data_Value": 29.4,
    "Sample_Size": 921,
    "Stratification1": "$35,000 - $49,999",
    "StratificationId1": "INC3550",
    "LocationDisplayOrder": 55
  },
  {
    "ID": 22436,
    "Description": 2013,
    "LocationAbbr": "WY",
    "LocationDesc": "Wyoming",
    "DataSource": "BRFSS",
    "Topic": "Obesity / Weight Status",
    "Data_Value": 29.1,
    "Sample_Size": 819,
    "Stratification1": "$35,000 - $49,999",
    "StratificationId1": "INC3550",
    "LocationDisplayOrder": 56
  },
  {
    "ID": 1384,
    "Description": 2013,
    "LocationAbbr": "PR",
    "LocationDesc": "Puerto Rico",
    "DataSource": "BRFSS",
    "Topic": "Obesity / Weight Status",
    "Data_Value": 25.4,
    "Sample_Size": 373,
    "Stratification1": "$35,000 - $49,999",
    "StratificationId1": "INC3550",
    "LocationDisplayOrder": 72
  },
  {
    "ID": "",
    "Description": "",
    "LocationAbbr": "",
    "LocationDesc": "",
    "DataSource": "",
    "Topic": "",
    "Data_Value": "",
    "Sample_Size": "",
    "Stratification1": "",
    "StratificationId1": "",
    "LocationDisplayOrder": ""
  },
  {
    "ID": "",
    "Description": "",
    "LocationAbbr": "",
    "LocationDesc": "",
    "DataSource": "",
    "Topic": "",
    "Data_Value": "",
    "Sample_Size": "",
    "Stratification1": "",
    "StratificationId1": "",
    "LocationDisplayOrder": ""
  },
  {
    "ID": "",
    "Description": "",
    "LocationAbbr": "",
    "LocationDesc": "",
    "DataSource": "",
    "Topic": "",
    "Data_Value": "",
    "Sample_Size": "",
    "Stratification1": "",
    "StratificationId1": "",
    "LocationDisplayOrder": ""
  },
  {
    "ID": "",
    "Description": "",
    "LocationAbbr": "",
    "LocationDesc": "",
    "DataSource": "",
    "Topic": "",
    "Data_Value": "",
    "Sample_Size": "",
    "Stratification1": "",
    "StratificationId1": "",
    "LocationDisplayOrder": ""
  },
  {
    "ID": "",
    "Description": "",
    "LocationAbbr": "",
    "LocationDesc": "",
    "DataSource": "",
    "Topic": "",
    "Data_Value": "",
    "Sample_Size": "",
    "Stratification1": "",
    "StratificationId1": "",
    "LocationDisplayOrder": ""
  },
  {
    "ID": "",
    "Description": "",
    "LocationAbbr": "",
    "LocationDesc": "",
    "DataSource": "",
    "Topic": "",
    "Data_Value": "",
    "Sample_Size": "",
    "Stratification1": "",
    "StratificationId1": "",
    "LocationDisplayOrder": ""
  },
  {
    "ID": "",
    "Description": "",
    "LocationAbbr": "",
    "LocationDesc": "",
    "DataSource": "",
    "Topic": "",
    "Data_Value": "",
    "Sample_Size": "",
    "Stratification1": "",
    "StratificationId1": "",
    "LocationDisplayOrder": ""
  },
  {
    "ID": "",
    "Description": "",
    "LocationAbbr": "",
    "LocationDesc": "",
    "DataSource": "",
    "Topic": "",
    "Data_Value": "",
    "Sample_Size": "",
    "Stratification1": "",
    "StratificationId1": "",
    "LocationDisplayOrder": ""
  },
  {
    "ID": "",
    "Description": "",
    "LocationAbbr": "",
    "LocationDesc": "",
    "DataSource": "",
    "Topic": "",
    "Data_Value": "",
    "Sample_Size": "",
    "Stratification1": "",
    "StratificationId1": "",
    "LocationDisplayOrder": ""
  }
]