[
  {
    "ID": 640,
    "Description": 2013,
    "LocationAbbr": "US",
    "LocationDesc": "National",
    "DataSource": "BRFSS",
    "Topic": "Obesity / Weight Status",
    "Data_Value": 28.3,
    "Sample_Size": "263,276",
    "Stratification1": "Female",
    "StratificationId1": "FEMALE",
    "LocationDisplayOrder": 0
  },
  {
    "ID": 5124,
    "Description": 2013,
    "LocationAbbr": "AL",
    "LocationDesc": "Alabama",
    "DataSource": "BRFSS",
    "Topic": "Obesity / Weight Status",
    "Data_Value": 34,
    "Sample_Size": "4,065",
    "Stratification1": "Female",
    "StratificationId1": "FEMALE",
    "LocationDisplayOrder": 1
  },
  {
    "ID": 37656,
    "Description": 2013,
    "LocationAbbr": "AK",
    "LocationDesc": "Alaska",
    "DataSource": "BRFSS",
    "Topic": "Obesity / Weight Status",
    "Data_Value": 27.5,
    "Sample_Size": "2,303",
    "Stratification1": "Female",
    "StratificationId1": "FEMALE",
    "LocationDisplayOrder": 2
  },
  {
    "ID": 34713,
    "Description": 2013,
    "LocationAbbr": "AZ",
    "LocationDesc": "Arizona",
    "DataSource": "BRFSS",
    "Topic": "Obesity / Weight Status",
    "Data_Value": 27.1,
    "Sample_Size": "2,306",
    "Stratification1": "Female",
    "StratificationId1": "FEMALE",
    "LocationDisplayOrder": 4
  },
  {
    "ID": 10564,
    "Description": 2013,
    "LocationAbbr": "AR",
    "LocationDesc": "Arkansas",
    "DataSource": "BRFSS",
    "Topic": "Obesity / Weight Status",
    "Data_Value": 34.1,
    "Sample_Size": "3,043",
    "Stratification1": "Female",
    "StratificationId1": "FEMALE",
    "LocationDisplayOrder": 5
  },
  {
    "ID": 29681,
    "Description": 2013,
    "LocationAbbr": "CA",
    "LocationDesc": "California",
    "DataSource": "BRFSS",
    "Topic": "Obesity / Weight Status",
    "Data_Value": 23.1,
    "Sample_Size": "5,841",
    "Stratification1": "Female",
    "StratificationId1": "FEMALE",
    "LocationDisplayOrder": 6
  },
  {
    "ID": 16340,
    "Description": 2013,
    "LocationAbbr": "CO",
    "LocationDesc": "Colorado",
    "DataSource": "BRFSS",
    "Topic": "Obesity / Weight Status",
    "Data_Value": 21.8,
    "Sample_Size": "7,096",
    "Stratification1": "Female",
    "StratificationId1": "FEMALE",
    "LocationDisplayOrder": 8
  },
  {
    "ID": 25725,
    "Description": 2013,
    "LocationAbbr": "CT",
    "LocationDesc": "Connecticut",
    "DataSource": "BRFSS",
    "Topic": "Obesity / Weight Status",
    "Data_Value": 24.4,
    "Sample_Size": "4,182",
    "Stratification1": "Female",
    "StratificationId1": "FEMALE",
    "LocationDisplayOrder": 9
  },
  {
    "ID": 10871,
    "Description": 2013,
    "LocationAbbr": "DE",
    "LocationDesc": "Delaware",
    "DataSource": "BRFSS",
    "Topic": "Obesity / Weight Status",
    "Data_Value": 31.5,
    "Sample_Size": "2,864",
    "Stratification1": "Female",
    "StratificationId1": "FEMALE",
    "LocationDisplayOrder": 10
  },
  {
    "ID": 16674,
    "Description": 2013,
    "LocationAbbr": "DC",
    "LocationDesc": "District of Columbia",
    "DataSource": "BRFSS",
    "Topic": "Obesity / Weight Status",
    "Data_Value": 24.9,
    "Sample_Size": "2,791",
    "Stratification1": "Female",
    "StratificationId1": "FEMALE",
    "LocationDisplayOrder": 11
  },
  {
    "ID": 36060,
    "Description": 2013,
    "LocationAbbr": "FL",
    "LocationDesc": "Florida",
    "DataSource": "BRFSS",
    "Topic": "Obesity / Weight Status",
    "Data_Value": 25.3,
    "Sample_Size": "19,423",
    "Stratification1": "Female",
    "StratificationId1": "FEMALE",
    "LocationDisplayOrder": 12
  },
  {
    "ID": 29821,
    "Description": 2013,
    "LocationAbbr": "GA",
    "LocationDesc": "Georgia",
    "DataSource": "BRFSS",
    "Topic": "Obesity / Weight Status",
    "Data_Value": 31.5,
    "Sample_Size": "4,623",
    "Stratification1": "Female",
    "StratificationId1": "FEMALE",
    "LocationDisplayOrder": 13
  },
  {
    "ID": 25230,
    "Description": 2013,
    "LocationAbbr": "HI",
    "LocationDesc": "Hawaii",
    "DataSource": "BRFSS",
    "Topic": "Obesity / Weight Status",
    "Data_Value": 18.7,
    "Sample_Size": "4,024",
    "Stratification1": "Female",
    "StratificationId1": "FEMALE",
    "LocationDisplayOrder": 15
  },
  {
    "ID": 13412,
    "Description": 2013,
    "LocationAbbr": "ID",
    "LocationDesc": "Idaho",
    "DataSource": "BRFSS",
    "Topic": "Obesity / Weight Status",
    "Data_Value": 27.9,
    "Sample_Size": "2,968",
    "Stratification1": "Female",
    "StratificationId1": "FEMALE",
    "LocationDisplayOrder": 16
  },
  {
    "ID": 28340,
    "Description": 2013,
    "LocationAbbr": "IL",
    "LocationDesc": "Illinois",
    "DataSource": "BRFSS",
    "Topic": "Obesity / Weight Status",
    "Data_Value": 30.5,
    "Sample_Size": "3,160",
    "Stratification1": "Female",
    "StratificationId1": "FEMALE",
    "LocationDisplayOrder": 17
  },
  {
    "ID": 15360,
    "Description": 2013,
    "LocationAbbr": "IN",
    "LocationDesc": "Indiana",
    "DataSource": "BRFSS",
    "Topic": "Obesity / Weight Status",
    "Data_Value": 32.6,
    "Sample_Size": "5,567",
    "Stratification1": "Female",
    "StratificationId1": "FEMALE",
    "LocationDisplayOrder": 18
  },
  {
    "ID": 3209,
    "Description": 2013,
    "LocationAbbr": "IA",
    "LocationDesc": "Iowa",
    "DataSource": "BRFSS",
    "Topic": "Obesity / Weight Status",
    "Data_Value": 30.1,
    "Sample_Size": "4,446",
    "Stratification1": "Female",
    "StratificationId1": "FEMALE",
    "LocationDisplayOrder": 19
  },
  {
    "ID": 4379,
    "Description": 2013,
    "LocationAbbr": "KS",
    "LocationDesc": "Kansas",
    "DataSource": "BRFSS",
    "Topic": "Obesity / Weight Status",
    "Data_Value": 29.4,
    "Sample_Size": "12,535",
    "Stratification1": "Female",
    "StratificationId1": "FEMALE",
    "LocationDisplayOrder": 20
  },
  {
    "ID": 7504,
    "Description": 2013,
    "LocationAbbr": "KY",
    "LocationDesc": "Kentucky",
    "DataSource": "BRFSS",
    "Topic": "Obesity / Weight Status",
    "Data_Value": 33.1,
    "Sample_Size": "6,529",
    "Stratification1": "Female",
    "StratificationId1": "FEMALE",
    "LocationDisplayOrder": 21
  },
  {
    "ID": 8345,
    "Description": 2013,
    "LocationAbbr": "LA",
    "LocationDesc": "Louisiana",
    "DataSource": "BRFSS",
    "Topic": "Obesity / Weight Status",
    "Data_Value": 35,
    "Sample_Size": "3,268",
    "Stratification1": "Female",
    "StratificationId1": "FEMALE",
    "LocationDisplayOrder": 22
  },
  {
    "ID": 30344,
    "Description": 2013,
    "LocationAbbr": "ME",
    "LocationDesc": "Maine",
    "DataSource": "BRFSS",
    "Topic": "Obesity / Weight Status",
    "Data_Value": 28.7,
    "Sample_Size": "4,497",
    "Stratification1": "Female",
    "StratificationId1": "FEMALE",
    "LocationDisplayOrder": 23
  },
  {
    "ID": 18727,
    "Description": 2013,
    "LocationAbbr": "MD",
    "LocationDesc": "Maryland",
    "DataSource": "BRFSS",
    "Topic": "Obesity / Weight Status",
    "Data_Value": 28.8,
    "Sample_Size": "7,320",
    "Stratification1": "Female",
    "StratificationId1": "FEMALE",
    "LocationDisplayOrder": 24
  },
  {
    "ID": 25484,
    "Description": 2013,
    "LocationAbbr": "MA",
    "LocationDesc": "Massachusetts",
    "DataSource": "BRFSS",
    "Topic": "Obesity / Weight Status",
    "Data_Value": 21.4,
    "Sample_Size": "8,085",
    "Stratification1": "Female",
    "StratificationId1": "FEMALE",
    "LocationDisplayOrder": 25
  },
  {
    "ID": 12334,
    "Description": 2013,
    "LocationAbbr": "MI",
    "LocationDesc": "Michigan",
    "DataSource": "BRFSS",
    "Topic": "Obesity / Weight Status",
    "Data_Value": 31.9,
    "Sample_Size": "6,811",
    "Stratification1": "Female",
    "StratificationId1": "FEMALE",
    "LocationDisplayOrder": 26
  },
  {
    "ID": 13990,
    "Description": 2013,
    "LocationAbbr": "MN",
    "LocationDesc": "Minnesota",
    "DataSource": "BRFSS",
    "Topic": "Obesity / Weight Status",
    "Data_Value": 23.8,
    "Sample_Size": "7,452",
    "Stratification1": "Female",
    "StratificationId1": "FEMALE",
    "LocationDisplayOrder": 27
  },
  {
    "ID": 35644,
    "Description": 2013,
    "LocationAbbr": "MS",
    "LocationDesc": "Mississippi",
    "DataSource": "BRFSS",
    "Topic": "Obesity / Weight Status",
    "Data_Value": 36.4,
    "Sample_Size": "4,481",
    "Stratification1": "Female",
    "StratificationId1": "FEMALE",
    "LocationDisplayOrder": 28
  },
  {
    "ID": 2369,
    "Description": 2013,
    "LocationAbbr": "MO",
    "LocationDesc": "Missouri",
    "DataSource": "BRFSS",
    "Topic": "Obesity / Weight Status",
    "Data_Value": 30.2,
    "Sample_Size": "4,068",
    "Stratification1": "Female",
    "StratificationId1": "FEMALE",
    "LocationDisplayOrder": 29
  },
  {
    "ID": 35044,
    "Description": 2013,
    "LocationAbbr": "MT",
    "LocationDesc": "Montana",
    "DataSource": "BRFSS",
    "Topic": "Obesity / Weight Status",
    "Data_Value": 23.1,
    "Sample_Size": "5,052",
    "Stratification1": "Female",
    "StratificationId1": "FEMALE",
    "LocationDisplayOrder": 30
  },
  {
    "ID": 10199,
    "Description": 2013,
    "LocationAbbr": "NE",
    "LocationDesc": "Nebraska",
    "DataSource": "BRFSS",
    "Topic": "Obesity / Weight Status",
    "Data_Value": 28.4,
    "Sample_Size": "9,390",
    "Stratification1": "Female",
    "StratificationId1": "FEMALE",
    "LocationDisplayOrder": 31
  },
  {
    "ID": 30395,
    "Description": 2013,
    "LocationAbbr": "NV",
    "LocationDesc": "Nevada",
    "DataSource": "BRFSS",
    "Topic": "Obesity / Weight Status",
    "Data_Value": 26.6,
    "Sample_Size": "2,706",
    "Stratification1": "Female",
    "StratificationId1": "FEMALE",
    "LocationDisplayOrder": 32
  },
  {
    "ID": 35274,
    "Description": 2013,
    "LocationAbbr": "NH",
    "LocationDesc": "New Hampshire",
    "DataSource": "BRFSS",
    "Topic": "Obesity / Weight Status",
    "Data_Value": 24.8,
    "Sample_Size": "3,470",
    "Stratification1": "Female",
    "StratificationId1": "FEMALE",
    "LocationDisplayOrder": 33
  },
  {
    "ID": 23956,
    "Description": 2013,
    "LocationAbbr": "NJ",
    "LocationDesc": "New Jersey",
    "DataSource": "BRFSS",
    "Topic": "Obesity / Weight Status",
    "Data_Value": 24.9,
    "Sample_Size": "6,798",
    "Stratification1": "Female",
    "StratificationId1": "FEMALE",
    "LocationDisplayOrder": 34
  },
  {
    "ID": 18832,
    "Description": 2013,
    "LocationAbbr": "NM",
    "LocationDesc": "New Mexico",
    "DataSource": "BRFSS",
    "Topic": "Obesity / Weight Status",
    "Data_Value": 27.1,
    "Sample_Size": "5,028",
    "Stratification1": "Female",
    "StratificationId1": "FEMALE",
    "LocationDisplayOrder": 35
  },
  {
    "ID": 16744,
    "Description": 2013,
    "LocationAbbr": "NY",
    "LocationDesc": "New York",
    "DataSource": "BRFSS",
    "Topic": "Obesity / Weight Status",
    "Data_Value": 26.1,
    "Sample_Size": "4,841",
    "Stratification1": "Female",
    "StratificationId1": "FEMALE",
    "LocationDisplayOrder": 36
  },
  {
    "ID": 28057,
    "Description": 2013,
    "LocationAbbr": "NC",
    "LocationDesc": "North Carolina",
    "DataSource": "BRFSS",
    "Topic": "Obesity / Weight Status",
    "Data_Value": 30.2,
    "Sample_Size": "4,943",
    "Stratification1": "Female",
    "StratificationId1": "FEMALE",
    "LocationDisplayOrder": 37
  },
  {
    "ID": 33087,
    "Description": 2013,
    "LocationAbbr": "ND",
    "LocationDesc": "North Dakota",
    "DataSource": "BRFSS",
    "Topic": "Obesity / Weight Status",
    "Data_Value": 28,
    "Sample_Size": "3,930",
    "Stratification1": "Female",
    "StratificationId1": "FEMALE",
    "LocationDisplayOrder": 38
  },
  {
    "ID": 19154,
    "Description": 2013,
    "LocationAbbr": "OH",
    "LocationDesc": "Ohio",
    "DataSource": "BRFSS",
    "Topic": "Obesity / Weight Status",
    "Data_Value": 30.8,
    "Sample_Size": "6,559",
    "Stratification1": "Female",
    "StratificationId1": "FEMALE",
    "LocationDisplayOrder": 39
  },
  {
    "ID": 28056,
    "Description": 2013,
    "LocationAbbr": "OK",
    "LocationDesc": "Oklahoma",
    "DataSource": "BRFSS",
    "Topic": "Obesity / Weight Status",
    "Data_Value": 32.2,
    "Sample_Size": "4,664",
    "Stratification1": "Female",
    "StratificationId1": "FEMALE",
    "LocationDisplayOrder": 40
  },
  {
    "ID": 17020,
    "Description": 2013,
    "LocationAbbr": "OR",
    "LocationDesc": "Oregon",
    "DataSource": "BRFSS",
    "Topic": "Obesity / Weight Status",
    "Data_Value": 25,
    "Sample_Size": "3,144",
    "Stratification1": "Female",
    "StratificationId1": "FEMALE",
    "LocationDisplayOrder": 41
  },
  {
    "ID": 30316,
    "Description": 2013,
    "LocationAbbr": "PA",
    "LocationDesc": "Pennsylvania",
    "DataSource": "BRFSS",
    "Topic": "Obesity / Weight Status",
    "Data_Value": 29.7,
    "Sample_Size": "6,115",
    "Stratification1": "Female",
    "StratificationId1": "FEMALE",
    "LocationDisplayOrder": 42
  },
  {
    "ID": 11787,
    "Description": 2013,
    "LocationAbbr": "RI",
    "LocationDesc": "Rhode Island",
    "DataSource": "BRFSS",
    "Topic": "Obesity / Weight Status",
    "Data_Value": 26.1,
    "Sample_Size": "3,673",
    "Stratification1": "Female",
    "StratificationId1": "FEMALE",
    "LocationDisplayOrder": 44
  },
  {
    "ID": 10524,
    "Description": 2013,
    "LocationAbbr": "SC",
    "LocationDesc": "South Carolina",
    "DataSource": "BRFSS",
    "Topic": "Obesity / Weight Status",
    "Data_Value": 33.4,
    "Sample_Size": "5,930",
    "Stratification1": "Female",
    "StratificationId1": "FEMALE",
    "LocationDisplayOrder": 45
  },
  {
    "ID": 35216,
    "Description": 2013,
    "LocationAbbr": "SD",
    "LocationDesc": "South Dakota",
    "DataSource": "BRFSS",
    "Topic": "Obesity / Weight Status",
    "Data_Value": 27.6,
    "Sample_Size": "3,556",
    "Stratification1": "Female",
    "StratificationId1": "FEMALE",
    "LocationDisplayOrder": 46
  },
  {
    "ID": 15312,
    "Description": 2013,
    "LocationAbbr": "TN",
    "LocationDesc": "Tennessee",
    "DataSource": "BRFSS",
    "Topic": "Obesity / Weight Status",
    "Data_Value": 34.6,
    "Sample_Size": "3,386",
    "Stratification1": "Female",
    "StratificationId1": "FEMALE",
    "LocationDisplayOrder": 47
  },
  {
    "ID": 25339,
    "Description": 2013,
    "LocationAbbr": "TX",
    "LocationDesc": "Texas",
    "DataSource": "BRFSS",
    "Topic": "Obesity / Weight Status",
    "Data_Value": 32.2,
    "Sample_Size": "5,831",
    "Stratification1": "Female",
    "StratificationId1": "FEMALE",
    "LocationDisplayOrder": 48
  },
  {
    "ID": 20558,
    "Description": 2013,
    "LocationAbbr": "UT",
    "LocationDesc": "Utah",
    "DataSource": "BRFSS",
    "Topic": "Obesity / Weight Status",
    "Data_Value": 23.7,
    "Sample_Size": "6,448",
    "Stratification1": "Female",
    "StratificationId1": "FEMALE",
    "LocationDisplayOrder": 49
  },
  {
    "ID": 19565,
    "Description": 2013,
    "LocationAbbr": "VT",
    "LocationDesc": "Vermont",
    "DataSource": "BRFSS",
    "Topic": "Obesity / Weight Status",
    "Data_Value": 23.8,
    "Sample_Size": "3,446",
    "Stratification1": "Female",
    "StratificationId1": "FEMALE",
    "LocationDisplayOrder": 50
  },
  {
    "ID": 29944,
    "Description": 2013,
    "LocationAbbr": "VA",
    "LocationDesc": "Virginia",
    "DataSource": "BRFSS",
    "Topic": "Obesity / Weight Status",
    "Data_Value": 27.3,
    "Sample_Size": "4,530",
    "Stratification1": "Female",
    "StratificationId1": "FEMALE",
    "LocationDisplayOrder": 51
  },
  {
    "ID": 9413,
    "Description": 2013,
    "LocationAbbr": "WA",
    "LocationDesc": "Washington",
    "DataSource": "BRFSS",
    "Topic": "Obesity / Weight Status",
    "Data_Value": 27.7,
    "Sample_Size": "5,919",
    "Stratification1": "Female",
    "StratificationId1": "FEMALE",
    "LocationDisplayOrder": 53
  },
  {
    "ID": 29889,
    "Description": 2013,
    "LocationAbbr": "WV",
    "LocationDesc": "West Virginia",
    "DataSource": "BRFSS",
    "Topic": "Obesity / Weight Status",
    "Data_Value": 34.9,
    "Sample_Size": "3,207",
    "Stratification1": "Female",
    "StratificationId1": "FEMALE",
    "LocationDisplayOrder": 54
  },
  {
    "ID": 34199,
    "Description": 2013,
    "LocationAbbr": "WI",
    "LocationDesc": "Wisconsin",
    "DataSource": "BRFSS",
    "Topic": "Obesity / Weight Status",
    "Data_Value": 28.7,
    "Sample_Size": "3,375",
    "Stratification1": "Female",
    "StratificationId1": "FEMALE",
    "LocationDisplayOrder": 55
  },
  {
    "ID": 32452,
    "Description": 2013,
    "LocationAbbr": "WY",
    "LocationDesc": "Wyoming",
    "DataSource": "BRFSS",
    "Topic": "Obesity / Weight Status",
    "Data_Value": 27.4,
    "Sample_Size": "3,587",
    "Stratification1": "Female",
    "StratificationId1": "FEMALE",
    "LocationDisplayOrder": 56
  },
  {
    "ID": 571,
    "Description": 2013,
    "LocationAbbr": "PR",
    "LocationDesc": "Puerto Rico",
    "DataSource": "BRFSS",
    "Topic": "Obesity / Weight Status",
    "Data_Value": 29.1,
    "Sample_Size": "3,613",
    "Stratification1": "Female",
    "StratificationId1": "FEMALE",
    "LocationDisplayOrder": 72
  },
  {
    "ID": "",
    "Description": "",
    "LocationAbbr": "",
    "LocationDesc": "",
    "DataSource": "",
    "Topic": "",
    "Data_Value": "",
    "Sample_Size": "",
    "Stratification1": "",
    "StratificationId1": "",
    "LocationDisplayOrder": ""
  },
  {
    "ID": "",
    "Description": "",
    "LocationAbbr": "",
    "LocationDesc": "",
    "DataSource": "",
    "Topic": "",
    "Data_Value": "",
    "Sample_Size": "",
    "Stratification1": "",
    "StratificationId1": "",
    "LocationDisplayOrder": ""
  },
  {
    "ID": "",
    "Description": "",
    "LocationAbbr": "",
    "LocationDesc": "",
    "DataSource": "",
    "Topic": "",
    "Data_Value": "",
    "Sample_Size": "",
    "Stratification1": "",
    "StratificationId1": "",
    "LocationDisplayOrder": ""
  },
  {
    "ID": "",
    "Description": "",
    "LocationAbbr": "",
    "LocationDesc": "",
    "DataSource": "",
    "Topic": "",
    "Data_Value": "",
    "Sample_Size": "",
    "Stratification1": "",
    "StratificationId1": "",
    "LocationDisplayOrder": ""
  },
  {
    "ID": "",
    "Description": "",
    "LocationAbbr": "",
    "LocationDesc": "",
    "DataSource": "",
    "Topic": "",
    "Data_Value": "",
    "Sample_Size": "",
    "Stratification1": "",
    "StratificationId1": "",
    "LocationDisplayOrder": ""
  },
  {
    "ID": "",
    "Description": "",
    "LocationAbbr": "",
    "LocationDesc": "",
    "DataSource": "",
    "Topic": "",
    "Data_Value": "",
    "Sample_Size": "",
    "Stratification1": "",
    "StratificationId1": "",
    "LocationDisplayOrder": ""
  },
  {
    "ID": "",
    "Description": "",
    "LocationAbbr": "",
    "LocationDesc": "",
    "DataSource": "",
    "Topic": "",
    "Data_Value": "",
    "Sample_Size": "",
    "Stratification1": "",
    "StratificationId1": "",
    "LocationDisplayOrder": ""
  },
  {
    "ID": "",
    "Description": "",
    "LocationAbbr": "",
    "LocationDesc": "",
    "DataSource": "",
    "Topic": "",
    "Data_Value": "",
    "Sample_Size": "",
    "Stratification1": "",
    "StratificationId1": "",
    "LocationDisplayOrder": ""
  },
  {
    "ID": "",
    "Description": "",
    "LocationAbbr": "",
    "LocationDesc": "",
    "DataSource": "",
    "Topic": "",
    "Data_Value": "",
    "Sample_Size": "",
    "Stratification1": "",
    "StratificationId1": "",
    "LocationDisplayOrder": ""
  }
]