[
  {
    "ID": 601,
    "Description": 2013,
    "LocationAbbr": "US",
    "LocationDesc": "National",
    "DataSource": "BRFSS",
    "Topic": "Obesity / Weight Status",
    "Data_Value": 20.9,
    "Sample_Size": "160,091",
    "Stratification1": "College graduate",
    "StratificationId1": "EDUCOGRAD",
    "LocationDisplayOrder": 0
  },
  {
    "ID": 21631,
    "Description": 2013,
    "LocationAbbr": "AL",
    "LocationDesc": "Alabama",
    "DataSource": "BRFSS",
    "Topic": "Obesity / Weight Status",
    "Data_Value": 27.6,
    "Sample_Size": "1,658",
    "Stratification1": "College graduate",
    "StratificationId1": "EDUCOGRAD",
    "LocationDisplayOrder": 1
  },
  {
    "ID": 21112,
    "Description": 2013,
    "LocationAbbr": "AK",
    "LocationDesc": "Alaska",
    "DataSource": "BRFSS",
    "Topic": "Obesity / Weight Status",
    "Data_Value": 21.2,
    "Sample_Size": "1,571",
    "Stratification1": "College graduate",
    "StratificationId1": "EDUCOGRAD",
    "LocationDisplayOrder": 2
  },
  {
    "ID": 21313,
    "Description": 2013,
    "LocationAbbr": "AZ",
    "LocationDesc": "Arizona",
    "DataSource": "BRFSS",
    "Topic": "Obesity / Weight Status",
    "Data_Value": 19.2,
    "Sample_Size": "1,362",
    "Stratification1": "College graduate",
    "StratificationId1": "EDUCOGRAD",
    "LocationDisplayOrder": 4
  },
  {
    "ID": 14378,
    "Description": 2013,
    "LocationAbbr": "AR",
    "LocationDesc": "Arkansas",
    "DataSource": "BRFSS",
    "Topic": "Obesity / Weight Status",
    "Data_Value": 27.2,
    "Sample_Size": "1,318",
    "Stratification1": "College graduate",
    "StratificationId1": "EDUCOGRAD",
    "LocationDisplayOrder": 5
  },
  {
    "ID": 38130,
    "Description": 2013,
    "LocationAbbr": "CA",
    "LocationDesc": "California",
    "DataSource": "BRFSS",
    "Topic": "Obesity / Weight Status",
    "Data_Value": 14.3,
    "Sample_Size": "4,382",
    "Stratification1": "College graduate",
    "StratificationId1": "EDUCOGRAD",
    "LocationDisplayOrder": 6
  },
  {
    "ID": 20365,
    "Description": 2013,
    "LocationAbbr": "CO",
    "LocationDesc": "Colorado",
    "DataSource": "BRFSS",
    "Topic": "Obesity / Weight Status",
    "Data_Value": 15.8,
    "Sample_Size": "5,639",
    "Stratification1": "College graduate",
    "StratificationId1": "EDUCOGRAD",
    "LocationDisplayOrder": 8
  },
  {
    "ID": 20110,
    "Description": 2013,
    "LocationAbbr": "CT",
    "LocationDesc": "Connecticut",
    "DataSource": "BRFSS",
    "Topic": "Obesity / Weight Status",
    "Data_Value": 18.6,
    "Sample_Size": "3,207",
    "Stratification1": "College graduate",
    "StratificationId1": "EDUCOGRAD",
    "LocationDisplayOrder": 9
  },
  {
    "ID": 11694,
    "Description": 2013,
    "LocationAbbr": "DE",
    "LocationDesc": "Delaware",
    "DataSource": "BRFSS",
    "Topic": "Obesity / Weight Status",
    "Data_Value": 24.7,
    "Sample_Size": "1,747",
    "Stratification1": "College graduate",
    "StratificationId1": "EDUCOGRAD",
    "LocationDisplayOrder": 10
  },
  {
    "ID": 3086,
    "Description": 2013,
    "LocationAbbr": "DC",
    "LocationDesc": "District of Columbia",
    "DataSource": "BRFSS",
    "Topic": "Obesity / Weight Status",
    "Data_Value": 13.7,
    "Sample_Size": "2,947",
    "Stratification1": "College graduate",
    "StratificationId1": "EDUCOGRAD",
    "LocationDisplayOrder": 11
  },
  {
    "ID": 30407,
    "Description": 2013,
    "LocationAbbr": "FL",
    "LocationDesc": "Florida",
    "DataSource": "BRFSS",
    "Topic": "Obesity / Weight Status",
    "Data_Value": 21.8,
    "Sample_Size": "9,716",
    "Stratification1": "College graduate",
    "StratificationId1": "EDUCOGRAD",
    "LocationDisplayOrder": 12
  },
  {
    "ID": 30693,
    "Description": 2013,
    "LocationAbbr": "GA",
    "LocationDesc": "Georgia",
    "DataSource": "BRFSS",
    "Topic": "Obesity / Weight Status",
    "Data_Value": 24.6,
    "Sample_Size": "2,662",
    "Stratification1": "College graduate",
    "StratificationId1": "EDUCOGRAD",
    "LocationDisplayOrder": 13
  },
  {
    "ID": 34618,
    "Description": 2013,
    "LocationAbbr": "HI",
    "LocationDesc": "Hawaii",
    "DataSource": "BRFSS",
    "Topic": "Obesity / Weight Status",
    "Data_Value": 15.7,
    "Sample_Size": "2,979",
    "Stratification1": "College graduate",
    "StratificationId1": "EDUCOGRAD",
    "LocationDisplayOrder": 15
  },
  {
    "ID": 12591,
    "Description": 2013,
    "LocationAbbr": "ID",
    "LocationDesc": "Idaho",
    "DataSource": "BRFSS",
    "Topic": "Obesity / Weight Status",
    "Data_Value": 24.2,
    "Sample_Size": "1,688",
    "Stratification1": "College graduate",
    "StratificationId1": "EDUCOGRAD",
    "LocationDisplayOrder": 16
  },
  {
    "ID": 10072,
    "Description": 2013,
    "LocationAbbr": "IL",
    "LocationDesc": "Illinois",
    "DataSource": "BRFSS",
    "Topic": "Obesity / Weight Status",
    "Data_Value": 22.8,
    "Sample_Size": "2,045",
    "Stratification1": "College graduate",
    "StratificationId1": "EDUCOGRAD",
    "LocationDisplayOrder": 17
  },
  {
    "ID": 19600,
    "Description": 2013,
    "LocationAbbr": "IN",
    "LocationDesc": "Indiana",
    "DataSource": "BRFSS",
    "Topic": "Obesity / Weight Status",
    "Data_Value": 25.4,
    "Sample_Size": "2,811",
    "Stratification1": "College graduate",
    "StratificationId1": "EDUCOGRAD",
    "LocationDisplayOrder": 18
  },
  {
    "ID": 14133,
    "Description": 2013,
    "LocationAbbr": "IA",
    "LocationDesc": "Iowa",
    "DataSource": "BRFSS",
    "Topic": "Obesity / Weight Status",
    "Data_Value": 26.7,
    "Sample_Size": "2,378",
    "Stratification1": "College graduate",
    "StratificationId1": "EDUCOGRAD",
    "LocationDisplayOrder": 19
  },
  {
    "ID": 18066,
    "Description": 2013,
    "LocationAbbr": "KS",
    "LocationDesc": "Kansas",
    "DataSource": "BRFSS",
    "Topic": "Obesity / Weight Status",
    "Data_Value": 25.1,
    "Sample_Size": "7,729",
    "Stratification1": "College graduate",
    "StratificationId1": "EDUCOGRAD",
    "LocationDisplayOrder": 20
  },
  {
    "ID": 38475,
    "Description": 2013,
    "LocationAbbr": "KY",
    "LocationDesc": "Kentucky",
    "DataSource": "BRFSS",
    "Topic": "Obesity / Weight Status",
    "Data_Value": 25.7,
    "Sample_Size": "2,727",
    "Stratification1": "College graduate",
    "StratificationId1": "EDUCOGRAD",
    "LocationDisplayOrder": 21
  },
  {
    "ID": 38331,
    "Description": 2013,
    "LocationAbbr": "LA",
    "LocationDesc": "Louisiana",
    "DataSource": "BRFSS",
    "Topic": "Obesity / Weight Status",
    "Data_Value": 25.8,
    "Sample_Size": "1,600",
    "Stratification1": "College graduate",
    "StratificationId1": "EDUCOGRAD",
    "LocationDisplayOrder": 22
  },
  {
    "ID": 33409,
    "Description": 2013,
    "LocationAbbr": "ME",
    "LocationDesc": "Maine",
    "DataSource": "BRFSS",
    "Topic": "Obesity / Weight Status",
    "Data_Value": 22.2,
    "Sample_Size": "2,811",
    "Stratification1": "College graduate",
    "StratificationId1": "EDUCOGRAD",
    "LocationDisplayOrder": 23
  },
  {
    "ID": 18146,
    "Description": 2013,
    "LocationAbbr": "MD",
    "LocationDesc": "Maryland",
    "DataSource": "BRFSS",
    "Topic": "Obesity / Weight Status",
    "Data_Value": 21.7,
    "Sample_Size": "5,270",
    "Stratification1": "College graduate",
    "StratificationId1": "EDUCOGRAD",
    "LocationDisplayOrder": 24
  },
  {
    "ID": 21560,
    "Description": 2013,
    "LocationAbbr": "MA",
    "LocationDesc": "Massachusetts",
    "DataSource": "BRFSS",
    "Topic": "Obesity / Weight Status",
    "Data_Value": 16.8,
    "Sample_Size": "6,132",
    "Stratification1": "College graduate",
    "StratificationId1": "EDUCOGRAD",
    "LocationDisplayOrder": 25
  },
  {
    "ID": 38621,
    "Description": 2013,
    "LocationAbbr": "MI",
    "LocationDesc": "Michigan",
    "DataSource": "BRFSS",
    "Topic": "Obesity / Weight Status",
    "Data_Value": 25.5,
    "Sample_Size": "4,220",
    "Stratification1": "College graduate",
    "StratificationId1": "EDUCOGRAD",
    "LocationDisplayOrder": 26
  },
  {
    "ID": 28061,
    "Description": 2013,
    "LocationAbbr": "MN",
    "LocationDesc": "Minnesota",
    "DataSource": "BRFSS",
    "Topic": "Obesity / Weight Status",
    "Data_Value": 19.1,
    "Sample_Size": "5,583",
    "Stratification1": "College graduate",
    "StratificationId1": "EDUCOGRAD",
    "LocationDisplayOrder": 27
  },
  {
    "ID": 25767,
    "Description": 2013,
    "LocationAbbr": "MS",
    "LocationDesc": "Mississippi",
    "DataSource": "BRFSS",
    "Topic": "Obesity / Weight Status",
    "Data_Value": 30.6,
    "Sample_Size": "1,951",
    "Stratification1": "College graduate",
    "StratificationId1": "EDUCOGRAD",
    "LocationDisplayOrder": 28
  },
  {
    "ID": 11544,
    "Description": 2013,
    "LocationAbbr": "MO",
    "LocationDesc": "Missouri",
    "DataSource": "BRFSS",
    "Topic": "Obesity / Weight Status",
    "Data_Value": 23.1,
    "Sample_Size": "1,919",
    "Stratification1": "College graduate",
    "StratificationId1": "EDUCOGRAD",
    "LocationDisplayOrder": 29
  },
  {
    "ID": 26925,
    "Description": 2013,
    "LocationAbbr": "MT",
    "LocationDesc": "Montana",
    "DataSource": "BRFSS",
    "Topic": "Obesity / Weight Status",
    "Data_Value": 20.5,
    "Sample_Size": "2,958",
    "Stratification1": "College graduate",
    "StratificationId1": "EDUCOGRAD",
    "LocationDisplayOrder": 30
  },
  {
    "ID": 2190,
    "Description": 2013,
    "LocationAbbr": "NE",
    "LocationDesc": "Nebraska",
    "DataSource": "BRFSS",
    "Topic": "Obesity / Weight Status",
    "Data_Value": 24.3,
    "Sample_Size": "4,807",
    "Stratification1": "College graduate",
    "StratificationId1": "EDUCOGRAD",
    "LocationDisplayOrder": 31
  },
  {
    "ID": 7000,
    "Description": 2013,
    "LocationAbbr": "NV",
    "LocationDesc": "Nevada",
    "DataSource": "BRFSS",
    "Topic": "Obesity / Weight Status",
    "Data_Value": 21.4,
    "Sample_Size": "1,566",
    "Stratification1": "College graduate",
    "StratificationId1": "EDUCOGRAD",
    "LocationDisplayOrder": 32
  },
  {
    "ID": 18932,
    "Description": 2013,
    "LocationAbbr": "NH",
    "LocationDesc": "New Hampshire",
    "DataSource": "BRFSS",
    "Topic": "Obesity / Weight Status",
    "Data_Value": 22.3,
    "Sample_Size": "2,426",
    "Stratification1": "College graduate",
    "StratificationId1": "EDUCOGRAD",
    "LocationDisplayOrder": 33
  },
  {
    "ID": 20756,
    "Description": 2013,
    "LocationAbbr": "NJ",
    "LocationDesc": "New Jersey",
    "DataSource": "BRFSS",
    "Topic": "Obesity / Weight Status",
    "Data_Value": 19.1,
    "Sample_Size": "5,037",
    "Stratification1": "College graduate",
    "StratificationId1": "EDUCOGRAD",
    "LocationDisplayOrder": 34
  },
  {
    "ID": 18784,
    "Description": 2013,
    "LocationAbbr": "NM",
    "LocationDesc": "New Mexico",
    "DataSource": "BRFSS",
    "Topic": "Obesity / Weight Status",
    "Data_Value": 18.3,
    "Sample_Size": "2,843",
    "Stratification1": "College graduate",
    "StratificationId1": "EDUCOGRAD",
    "LocationDisplayOrder": 35
  },
  {
    "ID": 33484,
    "Description": 2013,
    "LocationAbbr": "NY",
    "LocationDesc": "New York",
    "DataSource": "BRFSS",
    "Topic": "Obesity / Weight Status",
    "Data_Value": 17.1,
    "Sample_Size": "3,570",
    "Stratification1": "College graduate",
    "StratificationId1": "EDUCOGRAD",
    "LocationDisplayOrder": 36
  },
  {
    "ID": 18529,
    "Description": 2013,
    "LocationAbbr": "NC",
    "LocationDesc": "North Carolina",
    "DataSource": "BRFSS",
    "Topic": "Obesity / Weight Status",
    "Data_Value": 22.7,
    "Sample_Size": "2,616",
    "Stratification1": "College graduate",
    "StratificationId1": "EDUCOGRAD",
    "LocationDisplayOrder": 37
  },
  {
    "ID": 1298,
    "Description": 2013,
    "LocationAbbr": "ND",
    "LocationDesc": "North Dakota",
    "DataSource": "BRFSS",
    "Topic": "Obesity / Weight Status",
    "Data_Value": 26.8,
    "Sample_Size": "2,211",
    "Stratification1": "College graduate",
    "StratificationId1": "EDUCOGRAD",
    "LocationDisplayOrder": 38
  },
  {
    "ID": 4043,
    "Description": 2013,
    "LocationAbbr": "OH",
    "LocationDesc": "Ohio",
    "DataSource": "BRFSS",
    "Topic": "Obesity / Weight Status",
    "Data_Value": 24.6,
    "Sample_Size": "3,422",
    "Stratification1": "College graduate",
    "StratificationId1": "EDUCOGRAD",
    "LocationDisplayOrder": 39
  },
  {
    "ID": 17735,
    "Description": 2013,
    "LocationAbbr": "OK",
    "LocationDesc": "Oklahoma",
    "DataSource": "BRFSS",
    "Topic": "Obesity / Weight Status",
    "Data_Value": 28.3,
    "Sample_Size": "2,329",
    "Stratification1": "College graduate",
    "StratificationId1": "EDUCOGRAD",
    "LocationDisplayOrder": 40
  },
  {
    "ID": 12292,
    "Description": 2013,
    "LocationAbbr": "OR",
    "LocationDesc": "Oregon",
    "DataSource": "BRFSS",
    "Topic": "Obesity / Weight Status",
    "Data_Value": 17.9,
    "Sample_Size": "2,232",
    "Stratification1": "College graduate",
    "StratificationId1": "EDUCOGRAD",
    "LocationDisplayOrder": 41
  },
  {
    "ID": 23781,
    "Description": 2013,
    "LocationAbbr": "PA",
    "LocationDesc": "Pennsylvania",
    "DataSource": "BRFSS",
    "Topic": "Obesity / Weight Status",
    "Data_Value": 21,
    "Sample_Size": "3,475",
    "Stratification1": "College graduate",
    "StratificationId1": "EDUCOGRAD",
    "LocationDisplayOrder": 42
  },
  {
    "ID": 24948,
    "Description": 2013,
    "LocationAbbr": "RI",
    "LocationDesc": "Rhode Island",
    "DataSource": "BRFSS",
    "Topic": "Obesity / Weight Status",
    "Data_Value": 21.2,
    "Sample_Size": "2,442",
    "Stratification1": "College graduate",
    "StratificationId1": "EDUCOGRAD",
    "LocationDisplayOrder": 44
  },
  {
    "ID": 35481,
    "Description": 2013,
    "LocationAbbr": "SC",
    "LocationDesc": "South Carolina",
    "DataSource": "BRFSS",
    "Topic": "Obesity / Weight Status",
    "Data_Value": 25.4,
    "Sample_Size": "3,284",
    "Stratification1": "College graduate",
    "StratificationId1": "EDUCOGRAD",
    "LocationDisplayOrder": 45
  },
  {
    "ID": 9520,
    "Description": 2013,
    "LocationAbbr": "SD",
    "LocationDesc": "South Dakota",
    "DataSource": "BRFSS",
    "Topic": "Obesity / Weight Status",
    "Data_Value": 27.6,
    "Sample_Size": "2,076",
    "Stratification1": "College graduate",
    "StratificationId1": "EDUCOGRAD",
    "LocationDisplayOrder": 46
  },
  {
    "ID": 33894,
    "Description": 2013,
    "LocationAbbr": "TN",
    "LocationDesc": "Tennessee",
    "DataSource": "BRFSS",
    "Topic": "Obesity / Weight Status",
    "Data_Value": 27,
    "Sample_Size": "1,494",
    "Stratification1": "College graduate",
    "StratificationId1": "EDUCOGRAD",
    "LocationDisplayOrder": 47
  },
  {
    "ID": 19077,
    "Description": 2013,
    "LocationAbbr": "TX",
    "LocationDesc": "Texas",
    "DataSource": "BRFSS",
    "Topic": "Obesity / Weight Status",
    "Data_Value": 22.9,
    "Sample_Size": "3,580",
    "Stratification1": "College graduate",
    "StratificationId1": "EDUCOGRAD",
    "LocationDisplayOrder": 48
  },
  {
    "ID": 4972,
    "Description": 2013,
    "LocationAbbr": "UT",
    "LocationDesc": "Utah",
    "DataSource": "BRFSS",
    "Topic": "Obesity / Weight Status",
    "Data_Value": 20.8,
    "Sample_Size": "4,335",
    "Stratification1": "College graduate",
    "StratificationId1": "EDUCOGRAD",
    "LocationDisplayOrder": 49
  },
  {
    "ID": 36684,
    "Description": 2013,
    "LocationAbbr": "VT",
    "LocationDesc": "Vermont",
    "DataSource": "BRFSS",
    "Topic": "Obesity / Weight Status",
    "Data_Value": 16,
    "Sample_Size": "2,530",
    "Stratification1": "College graduate",
    "StratificationId1": "EDUCOGRAD",
    "LocationDisplayOrder": 50
  },
  {
    "ID": 36540,
    "Description": 2013,
    "LocationAbbr": "VA",
    "LocationDesc": "Virginia",
    "DataSource": "BRFSS",
    "Topic": "Obesity / Weight Status",
    "Data_Value": 21.4,
    "Sample_Size": "3,157",
    "Stratification1": "College graduate",
    "StratificationId1": "EDUCOGRAD",
    "LocationDisplayOrder": 51
  },
  {
    "ID": 33844,
    "Description": 2013,
    "LocationAbbr": "WA",
    "LocationDesc": "Washington",
    "DataSource": "BRFSS",
    "Topic": "Obesity / Weight Status",
    "Data_Value": 20.1,
    "Sample_Size": "4,334",
    "Stratification1": "College graduate",
    "StratificationId1": "EDUCOGRAD",
    "LocationDisplayOrder": 53
  },
  {
    "ID": 26756,
    "Description": 2013,
    "LocationAbbr": "WV",
    "LocationDesc": "West Virginia",
    "DataSource": "BRFSS",
    "Topic": "Obesity / Weight Status",
    "Data_Value": 31.7,
    "Sample_Size": "1,384",
    "Stratification1": "College graduate",
    "StratificationId1": "EDUCOGRAD",
    "LocationDisplayOrder": 54
  },
  {
    "ID": 10462,
    "Description": 2013,
    "LocationAbbr": "WI",
    "LocationDesc": "Wisconsin",
    "DataSource": "BRFSS",
    "Topic": "Obesity / Weight Status",
    "Data_Value": 23.1,
    "Sample_Size": "1,908",
    "Stratification1": "College graduate",
    "StratificationId1": "EDUCOGRAD",
    "LocationDisplayOrder": 55
  },
  {
    "ID": 33095,
    "Description": 2013,
    "LocationAbbr": "WY",
    "LocationDesc": "Wyoming",
    "DataSource": "BRFSS",
    "Topic": "Obesity / Weight Status",
    "Data_Value": 21.8,
    "Sample_Size": "2,023",
    "Stratification1": "College graduate",
    "StratificationId1": "EDUCOGRAD",
    "LocationDisplayOrder": 56
  },
  {
    "ID": 703,
    "Description": 2013,
    "LocationAbbr": "PR",
    "LocationDesc": "Puerto Rico",
    "DataSource": "BRFSS",
    "Topic": "Obesity / Weight Status",
    "Data_Value": 25.4,
    "Sample_Size": "1,730",
    "Stratification1": "College graduate",
    "StratificationId1": "EDUCOGRAD",
    "LocationDisplayOrder": 72
  },
  {
    "ID": "",
    "Description": "",
    "LocationAbbr": "",
    "LocationDesc": "",
    "DataSource": "",
    "Topic": "",
    "Data_Value": "",
    "Sample_Size": "",
    "Stratification1": "",
    "StratificationId1": "",
    "LocationDisplayOrder": ""
  },
  {
    "ID": "",
    "Description": "",
    "LocationAbbr": "",
    "LocationDesc": "",
    "DataSource": "",
    "Topic": "",
    "Data_Value": "",
    "Sample_Size": "",
    "Stratification1": "",
    "StratificationId1": "",
    "LocationDisplayOrder": ""
  },
  {
    "ID": "",
    "Description": "",
    "LocationAbbr": "",
    "LocationDesc": "",
    "DataSource": "",
    "Topic": "",
    "Data_Value": "",
    "Sample_Size": "",
    "Stratification1": "",
    "StratificationId1": "",
    "LocationDisplayOrder": ""
  },
  {
    "ID": "",
    "Description": "",
    "LocationAbbr": "",
    "LocationDesc": "",
    "DataSource": "",
    "Topic": "",
    "Data_Value": "",
    "Sample_Size": "",
    "Stratification1": "",
    "StratificationId1": "",
    "LocationDisplayOrder": ""
  },
  {
    "ID": "",
    "Description": "",
    "LocationAbbr": "",
    "LocationDesc": "",
    "DataSource": "",
    "Topic": "",
    "Data_Value": "",
    "Sample_Size": "",
    "Stratification1": "",
    "StratificationId1": "",
    "LocationDisplayOrder": ""
  },
  {
    "ID": "",
    "Description": "",
    "LocationAbbr": "",
    "LocationDesc": "",
    "DataSource": "",
    "Topic": "",
    "Data_Value": "",
    "Sample_Size": "",
    "Stratification1": "",
    "StratificationId1": "",
    "LocationDisplayOrder": ""
  },
  {
    "ID": "",
    "Description": "",
    "LocationAbbr": "",
    "LocationDesc": "",
    "DataSource": "",
    "Topic": "",
    "Data_Value": "",
    "Sample_Size": "",
    "Stratification1": "",
    "StratificationId1": "",
    "LocationDisplayOrder": ""
  },
  {
    "ID": "",
    "Description": "",
    "LocationAbbr": "",
    "LocationDesc": "",
    "DataSource": "",
    "Topic": "",
    "Data_Value": "",
    "Sample_Size": "",
    "Stratification1": "",
    "StratificationId1": "",
    "LocationDisplayOrder": ""
  },
  {
    "ID": "",
    "Description": "",
    "LocationAbbr": "",
    "LocationDesc": "",
    "DataSource": "",
    "Topic": "",
    "Data_Value": "",
    "Sample_Size": "",
    "Stratification1": "",
    "StratificationId1": "",
    "LocationDisplayOrder": ""
  }
]