[
  {
    "ID": 636,
    "Description": 2013,
    "LocationAbbr": "US",
    "LocationDesc": "National",
    "DataSource": "BRFSS",
    "Topic": "Obesity / Weight Status",
    "Data_Value": 26.5,
    "Sample_Size": "152,140",
    "Stratification1": "65 or older",
    "StratificationId1": "AGEYR65PLUS",
    "LocationDisplayOrder": 0
  },
  {
    "ID": 6350,
    "Description": 2013,
    "LocationAbbr": "AL",
    "LocationDesc": "Alabama",
    "DataSource": "BRFSS",
    "Topic": "Obesity / Weight Status",
    "Data_Value": 28.4,
    "Sample_Size": "2,328",
    "Stratification1": "65 or older",
    "StratificationId1": "AGEYR65PLUS",
    "LocationDisplayOrder": 1
  },
  {
    "ID": 33827,
    "Description": 2013,
    "LocationAbbr": "AK",
    "LocationDesc": "Alaska",
    "DataSource": "BRFSS",
    "Topic": "Obesity / Weight Status",
    "Data_Value": 30.4,
    "Sample_Size": 841,
    "Stratification1": "65 or older",
    "StratificationId1": "AGEYR65PLUS",
    "LocationDisplayOrder": 2
  },
  {
    "ID": 20214,
    "Description": 2013,
    "LocationAbbr": "AZ",
    "LocationDesc": "Arizona",
    "DataSource": "BRFSS",
    "Topic": "Obesity / Weight Status",
    "Data_Value": 23.2,
    "Sample_Size": "1,531",
    "Stratification1": "65 or older",
    "StratificationId1": "AGEYR65PLUS",
    "LocationDisplayOrder": 4
  },
  {
    "ID": 27200,
    "Description": 2013,
    "LocationAbbr": "AR",
    "LocationDesc": "Arkansas",
    "DataSource": "BRFSS",
    "Topic": "Obesity / Weight Status",
    "Data_Value": 26.4,
    "Sample_Size": "1,993",
    "Stratification1": "65 or older",
    "StratificationId1": "AGEYR65PLUS",
    "LocationDisplayOrder": 5
  },
  {
    "ID": 22739,
    "Description": 2013,
    "LocationAbbr": "CA",
    "LocationDesc": "California",
    "DataSource": "BRFSS",
    "Topic": "Obesity / Weight Status",
    "Data_Value": 22,
    "Sample_Size": "2,981",
    "Stratification1": "65 or older",
    "StratificationId1": "AGEYR65PLUS",
    "LocationDisplayOrder": 6
  },
  {
    "ID": 9272,
    "Description": 2013,
    "LocationAbbr": "CO",
    "LocationDesc": "Colorado",
    "DataSource": "BRFSS",
    "Topic": "Obesity / Weight Status",
    "Data_Value": 18.6,
    "Sample_Size": "3,893",
    "Stratification1": "65 or older",
    "StratificationId1": "AGEYR65PLUS",
    "LocationDisplayOrder": 8
  },
  {
    "ID": 28738,
    "Description": 2013,
    "LocationAbbr": "CT",
    "LocationDesc": "Connecticut",
    "DataSource": "BRFSS",
    "Topic": "Obesity / Weight Status",
    "Data_Value": 26.3,
    "Sample_Size": "2,270",
    "Stratification1": "65 or older",
    "StratificationId1": "AGEYR65PLUS",
    "LocationDisplayOrder": 9
  },
  {
    "ID": 21450,
    "Description": 2013,
    "LocationAbbr": "DE",
    "LocationDesc": "Delaware",
    "DataSource": "BRFSS",
    "Topic": "Obesity / Weight Status",
    "Data_Value": 30.3,
    "Sample_Size": "1,695",
    "Stratification1": "65 or older",
    "StratificationId1": "AGEYR65PLUS",
    "LocationDisplayOrder": 10
  },
  {
    "ID": 19722,
    "Description": 2013,
    "LocationAbbr": "DC",
    "LocationDesc": "District of Columbia",
    "DataSource": "BRFSS",
    "Topic": "Obesity / Weight Status",
    "Data_Value": 23.8,
    "Sample_Size": "1,629",
    "Stratification1": "65 or older",
    "StratificationId1": "AGEYR65PLUS",
    "LocationDisplayOrder": 11
  },
  {
    "ID": 29898,
    "Description": 2013,
    "LocationAbbr": "FL",
    "LocationDesc": "Florida",
    "DataSource": "BRFSS",
    "Topic": "Obesity / Weight Status",
    "Data_Value": 24.8,
    "Sample_Size": "14,105",
    "Stratification1": "65 or older",
    "StratificationId1": "AGEYR65PLUS",
    "LocationDisplayOrder": 12
  },
  {
    "ID": 8075,
    "Description": 2013,
    "LocationAbbr": "GA",
    "LocationDesc": "Georgia",
    "DataSource": "BRFSS",
    "Topic": "Obesity / Weight Status",
    "Data_Value": 26.5,
    "Sample_Size": "2,170",
    "Stratification1": "65 or older",
    "StratificationId1": "AGEYR65PLUS",
    "LocationDisplayOrder": 13
  },
  {
    "ID": 16807,
    "Description": 2013,
    "LocationAbbr": "HI",
    "LocationDesc": "Hawaii",
    "DataSource": "BRFSS",
    "Topic": "Obesity / Weight Status",
    "Data_Value": 16.1,
    "Sample_Size": "2,227",
    "Stratification1": "65 or older",
    "StratificationId1": "AGEYR65PLUS",
    "LocationDisplayOrder": 15
  },
  {
    "ID": 28268,
    "Description": 2013,
    "LocationAbbr": "ID",
    "LocationDesc": "Idaho",
    "DataSource": "BRFSS",
    "Topic": "Obesity / Weight Status",
    "Data_Value": 29.9,
    "Sample_Size": "1,869",
    "Stratification1": "65 or older",
    "StratificationId1": "AGEYR65PLUS",
    "LocationDisplayOrder": 16
  },
  {
    "ID": 30920,
    "Description": 2013,
    "LocationAbbr": "IL",
    "LocationDesc": "Illinois",
    "DataSource": "BRFSS",
    "Topic": "Obesity / Weight Status",
    "Data_Value": 28.8,
    "Sample_Size": "1,819",
    "Stratification1": "65 or older",
    "StratificationId1": "AGEYR65PLUS",
    "LocationDisplayOrder": 17
  },
  {
    "ID": 21822,
    "Description": 2013,
    "LocationAbbr": "IN",
    "LocationDesc": "Indiana",
    "DataSource": "BRFSS",
    "Topic": "Obesity / Weight Status",
    "Data_Value": 30.7,
    "Sample_Size": "3,340",
    "Stratification1": "65 or older",
    "StratificationId1": "AGEYR65PLUS",
    "LocationDisplayOrder": 18
  },
  {
    "ID": 29230,
    "Description": 2013,
    "LocationAbbr": "IA",
    "LocationDesc": "Iowa",
    "DataSource": "BRFSS",
    "Topic": "Obesity / Weight Status",
    "Data_Value": 29.9,
    "Sample_Size": "2,788",
    "Stratification1": "65 or older",
    "StratificationId1": "AGEYR65PLUS",
    "LocationDisplayOrder": 19
  },
  {
    "ID": 33263,
    "Description": 2013,
    "LocationAbbr": "KS",
    "LocationDesc": "Kansas",
    "DataSource": "BRFSS",
    "Topic": "Obesity / Weight Status",
    "Data_Value": 25.9,
    "Sample_Size": "7,350",
    "Stratification1": "65 or older",
    "StratificationId1": "AGEYR65PLUS",
    "LocationDisplayOrder": 20
  },
  {
    "ID": 16401,
    "Description": 2013,
    "LocationAbbr": "KY",
    "LocationDesc": "Kentucky",
    "DataSource": "BRFSS",
    "Topic": "Obesity / Weight Status",
    "Data_Value": 29.7,
    "Sample_Size": "3,296",
    "Stratification1": "65 or older",
    "StratificationId1": "AGEYR65PLUS",
    "LocationDisplayOrder": 21
  },
  {
    "ID": 15313,
    "Description": 2013,
    "LocationAbbr": "LA",
    "LocationDesc": "Louisiana",
    "DataSource": "BRFSS",
    "Topic": "Obesity / Weight Status",
    "Data_Value": 32.2,
    "Sample_Size": "1,806",
    "Stratification1": "65 or older",
    "StratificationId1": "AGEYR65PLUS",
    "LocationDisplayOrder": 22
  },
  {
    "ID": 24919,
    "Description": 2013,
    "LocationAbbr": "ME",
    "LocationDesc": "Maine",
    "DataSource": "BRFSS",
    "Topic": "Obesity / Weight Status",
    "Data_Value": 27.2,
    "Sample_Size": "2,718",
    "Stratification1": "65 or older",
    "StratificationId1": "AGEYR65PLUS",
    "LocationDisplayOrder": 23
  },
  {
    "ID": 25602,
    "Description": 2013,
    "LocationAbbr": "MD",
    "LocationDesc": "Maryland",
    "DataSource": "BRFSS",
    "Topic": "Obesity / Weight Status",
    "Data_Value": 27,
    "Sample_Size": "4,053",
    "Stratification1": "65 or older",
    "StratificationId1": "AGEYR65PLUS",
    "LocationDisplayOrder": 24
  },
  {
    "ID": 18033,
    "Description": 2013,
    "LocationAbbr": "MA",
    "LocationDesc": "Massachusetts",
    "DataSource": "BRFSS",
    "Topic": "Obesity / Weight Status",
    "Data_Value": 23.8,
    "Sample_Size": "4,260",
    "Stratification1": "65 or older",
    "StratificationId1": "AGEYR65PLUS",
    "LocationDisplayOrder": 25
  },
  {
    "ID": 22636,
    "Description": 2013,
    "LocationAbbr": "MI",
    "LocationDesc": "Michigan",
    "DataSource": "BRFSS",
    "Topic": "Obesity / Weight Status",
    "Data_Value": 29.8,
    "Sample_Size": "4,048",
    "Stratification1": "65 or older",
    "StratificationId1": "AGEYR65PLUS",
    "LocationDisplayOrder": 26
  },
  {
    "ID": 3053,
    "Description": 2013,
    "LocationAbbr": "MN",
    "LocationDesc": "Minnesota",
    "DataSource": "BRFSS",
    "Topic": "Obesity / Weight Status",
    "Data_Value": 24.8,
    "Sample_Size": "3,884",
    "Stratification1": "65 or older",
    "StratificationId1": "AGEYR65PLUS",
    "LocationDisplayOrder": 27
  },
  {
    "ID": 7010,
    "Description": 2013,
    "LocationAbbr": "MS",
    "LocationDesc": "Mississippi",
    "DataSource": "BRFSS",
    "Topic": "Obesity / Weight Status",
    "Data_Value": 28.2,
    "Sample_Size": "2,589",
    "Stratification1": "65 or older",
    "StratificationId1": "AGEYR65PLUS",
    "LocationDisplayOrder": 28
  },
  {
    "ID": 39351,
    "Description": 2013,
    "LocationAbbr": "MO",
    "LocationDesc": "Missouri",
    "DataSource": "BRFSS",
    "Topic": "Obesity / Weight Status",
    "Data_Value": 26.7,
    "Sample_Size": "2,564",
    "Stratification1": "65 or older",
    "StratificationId1": "AGEYR65PLUS",
    "LocationDisplayOrder": 29
  },
  {
    "ID": 12634,
    "Description": 2013,
    "LocationAbbr": "MT",
    "LocationDesc": "Montana",
    "DataSource": "BRFSS",
    "Topic": "Obesity / Weight Status",
    "Data_Value": 23.4,
    "Sample_Size": "3,090",
    "Stratification1": "65 or older",
    "StratificationId1": "AGEYR65PLUS",
    "LocationDisplayOrder": 30
  },
  {
    "ID": 3708,
    "Description": 2013,
    "LocationAbbr": "NE",
    "LocationDesc": "Nebraska",
    "DataSource": "BRFSS",
    "Topic": "Obesity / Weight Status",
    "Data_Value": 28.2,
    "Sample_Size": "5,774",
    "Stratification1": "65 or older",
    "StratificationId1": "AGEYR65PLUS",
    "LocationDisplayOrder": 31
  },
  {
    "ID": 7189,
    "Description": 2013,
    "LocationAbbr": "NV",
    "LocationDesc": "Nevada",
    "DataSource": "BRFSS",
    "Topic": "Obesity / Weight Status",
    "Data_Value": 23.9,
    "Sample_Size": "1,552",
    "Stratification1": "65 or older",
    "StratificationId1": "AGEYR65PLUS",
    "LocationDisplayOrder": 32
  },
  {
    "ID": 39283,
    "Description": 2013,
    "LocationAbbr": "NH",
    "LocationDesc": "New Hampshire",
    "DataSource": "BRFSS",
    "Topic": "Obesity / Weight Status",
    "Data_Value": 25.5,
    "Sample_Size": "2,079",
    "Stratification1": "65 or older",
    "StratificationId1": "AGEYR65PLUS",
    "LocationDisplayOrder": 33
  },
  {
    "ID": 13288,
    "Description": 2013,
    "LocationAbbr": "NJ",
    "LocationDesc": "New Jersey",
    "DataSource": "BRFSS",
    "Topic": "Obesity / Weight Status",
    "Data_Value": 26.2,
    "Sample_Size": "3,239",
    "Stratification1": "65 or older",
    "StratificationId1": "AGEYR65PLUS",
    "LocationDisplayOrder": 34
  },
  {
    "ID": 12322,
    "Description": 2013,
    "LocationAbbr": "NM",
    "LocationDesc": "New Mexico",
    "DataSource": "BRFSS",
    "Topic": "Obesity / Weight Status",
    "Data_Value": 20.5,
    "Sample_Size": "2,754",
    "Stratification1": "65 or older",
    "StratificationId1": "AGEYR65PLUS",
    "LocationDisplayOrder": 35
  },
  {
    "ID": 15075,
    "Description": 2013,
    "LocationAbbr": "NY",
    "LocationDesc": "New York",
    "DataSource": "BRFSS",
    "Topic": "Obesity / Weight Status",
    "Data_Value": 25.9,
    "Sample_Size": "2,438",
    "Stratification1": "65 or older",
    "StratificationId1": "AGEYR65PLUS",
    "LocationDisplayOrder": 36
  },
  {
    "ID": 33352,
    "Description": 2013,
    "LocationAbbr": "NC",
    "LocationDesc": "North Carolina",
    "DataSource": "BRFSS",
    "Topic": "Obesity / Weight Status",
    "Data_Value": 25.7,
    "Sample_Size": "2,800",
    "Stratification1": "65 or older",
    "StratificationId1": "AGEYR65PLUS",
    "LocationDisplayOrder": 37
  },
  {
    "ID": 25482,
    "Description": 2013,
    "LocationAbbr": "ND",
    "LocationDesc": "North Dakota",
    "DataSource": "BRFSS",
    "Topic": "Obesity / Weight Status",
    "Data_Value": 29.3,
    "Sample_Size": "2,352",
    "Stratification1": "65 or older",
    "StratificationId1": "AGEYR65PLUS",
    "LocationDisplayOrder": 38
  },
  {
    "ID": 4871,
    "Description": 2013,
    "LocationAbbr": "OH",
    "LocationDesc": "Ohio",
    "DataSource": "BRFSS",
    "Topic": "Obesity / Weight Status",
    "Data_Value": 28.6,
    "Sample_Size": "3,561",
    "Stratification1": "65 or older",
    "StratificationId1": "AGEYR65PLUS",
    "LocationDisplayOrder": 39
  },
  {
    "ID": 31431,
    "Description": 2013,
    "LocationAbbr": "OK",
    "LocationDesc": "Oklahoma",
    "DataSource": "BRFSS",
    "Topic": "Obesity / Weight Status",
    "Data_Value": 26.9,
    "Sample_Size": "2,857",
    "Stratification1": "65 or older",
    "StratificationId1": "AGEYR65PLUS",
    "LocationDisplayOrder": 40
  },
  {
    "ID": 36987,
    "Description": 2013,
    "LocationAbbr": "OR",
    "LocationDesc": "Oregon",
    "DataSource": "BRFSS",
    "Topic": "Obesity / Weight Status",
    "Data_Value": 26,
    "Sample_Size": "1,974",
    "Stratification1": "65 or older",
    "StratificationId1": "AGEYR65PLUS",
    "LocationDisplayOrder": 41
  },
  {
    "ID": 11115,
    "Description": 2013,
    "LocationAbbr": "PA",
    "LocationDesc": "Pennsylvania",
    "DataSource": "BRFSS",
    "Topic": "Obesity / Weight Status",
    "Data_Value": 30.1,
    "Sample_Size": "3,664",
    "Stratification1": "65 or older",
    "StratificationId1": "AGEYR65PLUS",
    "LocationDisplayOrder": 42
  },
  {
    "ID": 20732,
    "Description": 2013,
    "LocationAbbr": "RI",
    "LocationDesc": "Rhode Island",
    "DataSource": "BRFSS",
    "Topic": "Obesity / Weight Status",
    "Data_Value": 26.8,
    "Sample_Size": "2,020",
    "Stratification1": "65 or older",
    "StratificationId1": "AGEYR65PLUS",
    "LocationDisplayOrder": 44
  },
  {
    "ID": 13227,
    "Description": 2013,
    "LocationAbbr": "SC",
    "LocationDesc": "South Carolina",
    "DataSource": "BRFSS",
    "Topic": "Obesity / Weight Status",
    "Data_Value": 26.7,
    "Sample_Size": "3,663",
    "Stratification1": "65 or older",
    "StratificationId1": "AGEYR65PLUS",
    "LocationDisplayOrder": 45
  },
  {
    "ID": 31996,
    "Description": 2013,
    "LocationAbbr": "SD",
    "LocationDesc": "South Dakota",
    "DataSource": "BRFSS",
    "Topic": "Obesity / Weight Status",
    "Data_Value": 28.7,
    "Sample_Size": "2,079",
    "Stratification1": "65 or older",
    "StratificationId1": "AGEYR65PLUS",
    "LocationDisplayOrder": 46
  },
  {
    "ID": 11560,
    "Description": 2013,
    "LocationAbbr": "TN",
    "LocationDesc": "Tennessee",
    "DataSource": "BRFSS",
    "Topic": "Obesity / Weight Status",
    "Data_Value": 28.3,
    "Sample_Size": "1,853",
    "Stratification1": "65 or older",
    "StratificationId1": "AGEYR65PLUS",
    "LocationDisplayOrder": 47
  },
  {
    "ID": 18946,
    "Description": 2013,
    "LocationAbbr": "TX",
    "LocationDesc": "Texas",
    "DataSource": "BRFSS",
    "Topic": "Obesity / Weight Status",
    "Data_Value": 27.6,
    "Sample_Size": "3,213",
    "Stratification1": "65 or older",
    "StratificationId1": "AGEYR65PLUS",
    "LocationDisplayOrder": 48
  },
  {
    "ID": 14643,
    "Description": 2013,
    "LocationAbbr": "UT",
    "LocationDesc": "Utah",
    "DataSource": "BRFSS",
    "Topic": "Obesity / Weight Status",
    "Data_Value": 25.4,
    "Sample_Size": "3,110",
    "Stratification1": "65 or older",
    "StratificationId1": "AGEYR65PLUS",
    "LocationDisplayOrder": 49
  },
  {
    "ID": 6962,
    "Description": 2013,
    "LocationAbbr": "VT",
    "LocationDesc": "Vermont",
    "DataSource": "BRFSS",
    "Topic": "Obesity / Weight Status",
    "Data_Value": 25.4,
    "Sample_Size": "2,018",
    "Stratification1": "65 or older",
    "StratificationId1": "AGEYR65PLUS",
    "LocationDisplayOrder": 50
  },
  {
    "ID": 2336,
    "Description": 2013,
    "LocationAbbr": "VA",
    "LocationDesc": "Virginia",
    "DataSource": "BRFSS",
    "Topic": "Obesity / Weight Status",
    "Data_Value": 26.4,
    "Sample_Size": "2,337",
    "Stratification1": "65 or older",
    "StratificationId1": "AGEYR65PLUS",
    "LocationDisplayOrder": 51
  },
  {
    "ID": 1829,
    "Description": 2013,
    "LocationAbbr": "WA",
    "LocationDesc": "Washington",
    "DataSource": "BRFSS",
    "Topic": "Obesity / Weight Status",
    "Data_Value": 27,
    "Sample_Size": "3,604",
    "Stratification1": "65 or older",
    "StratificationId1": "AGEYR65PLUS",
    "LocationDisplayOrder": 53
  },
  {
    "ID": 15711,
    "Description": 2013,
    "LocationAbbr": "WV",
    "LocationDesc": "West Virginia",
    "DataSource": "BRFSS",
    "Topic": "Obesity / Weight Status",
    "Data_Value": 29.1,
    "Sample_Size": "1,728",
    "Stratification1": "65 or older",
    "StratificationId1": "AGEYR65PLUS",
    "LocationDisplayOrder": 54
  },
  {
    "ID": 35090,
    "Description": 2013,
    "LocationAbbr": "WI",
    "LocationDesc": "Wisconsin",
    "DataSource": "BRFSS",
    "Topic": "Obesity / Weight Status",
    "Data_Value": 32.5,
    "Sample_Size": "1,924",
    "Stratification1": "65 or older",
    "StratificationId1": "AGEYR65PLUS",
    "LocationDisplayOrder": 55
  },
  {
    "ID": 7444,
    "Description": 2013,
    "LocationAbbr": "WY",
    "LocationDesc": "Wyoming",
    "DataSource": "BRFSS",
    "Topic": "Obesity / Weight Status",
    "Data_Value": 23.4,
    "Sample_Size": "2,410",
    "Stratification1": "65 or older",
    "StratificationId1": "AGEYR65PLUS",
    "LocationDisplayOrder": 56
  },
  {
    "ID": 1596,
    "Description": 2013,
    "LocationAbbr": "PR",
    "LocationDesc": "Puerto Rico",
    "DataSource": "BRFSS",
    "Topic": "Obesity / Weight Status",
    "Data_Value": 21.6,
    "Sample_Size": "1,876",
    "Stratification1": "65 or older",
    "StratificationId1": "AGEYR65PLUS",
    "LocationDisplayOrder": 72
  },
  {
    "ID": "",
    "Description": "",
    "LocationAbbr": "",
    "LocationDesc": "",
    "DataSource": "",
    "Topic": "",
    "Data_Value": "",
    "Sample_Size": "",
    "Stratification1": "",
    "StratificationId1": "",
    "LocationDisplayOrder": ""
  },
  {
    "ID": "",
    "Description": "",
    "LocationAbbr": "",
    "LocationDesc": "",
    "DataSource": "",
    "Topic": "",
    "Data_Value": "",
    "Sample_Size": "",
    "Stratification1": "",
    "StratificationId1": "",
    "LocationDisplayOrder": ""
  },
  {
    "ID": "",
    "Description": "",
    "LocationAbbr": "",
    "LocationDesc": "",
    "DataSource": "",
    "Topic": "",
    "Data_Value": "",
    "Sample_Size": "",
    "Stratification1": "",
    "StratificationId1": "",
    "LocationDisplayOrder": ""
  },
  {
    "ID": "",
    "Description": "",
    "LocationAbbr": "",
    "LocationDesc": "",
    "DataSource": "",
    "Topic": "",
    "Data_Value": "",
    "Sample_Size": "",
    "Stratification1": "",
    "StratificationId1": "",
    "LocationDisplayOrder": ""
  },
  {
    "ID": "",
    "Description": "",
    "LocationAbbr": "",
    "LocationDesc": "",
    "DataSource": "",
    "Topic": "",
    "Data_Value": "",
    "Sample_Size": "",
    "Stratification1": "",
    "StratificationId1": "",
    "LocationDisplayOrder": ""
  },
  {
    "ID": "",
    "Description": "",
    "LocationAbbr": "",
    "LocationDesc": "",
    "DataSource": "",
    "Topic": "",
    "Data_Value": "",
    "Sample_Size": "",
    "Stratification1": "",
    "StratificationId1": "",
    "LocationDisplayOrder": ""
  },
  {
    "ID": "",
    "Description": "",
    "LocationAbbr": "",
    "LocationDesc": "",
    "DataSource": "",
    "Topic": "",
    "Data_Value": "",
    "Sample_Size": "",
    "Stratification1": "",
    "StratificationId1": "",
    "LocationDisplayOrder": ""
  },
  {
    "ID": "",
    "Description": "",
    "LocationAbbr": "",
    "LocationDesc": "",
    "DataSource": "",
    "Topic": "",
    "Data_Value": "",
    "Sample_Size": "",
    "Stratification1": "",
    "StratificationId1": "",
    "LocationDisplayOrder": ""
  },
  {
    "ID": "",
    "Description": "",
    "LocationAbbr": "",
    "LocationDesc": "",
    "DataSource": "",
    "Topic": "",
    "Data_Value": "",
    "Sample_Size": "",
    "Stratification1": "",
    "StratificationId1": "",
    "LocationDisplayOrder": ""
  }
]