[
  {
    "ID": 228,
    "Description": 2013,
    "LocationAbbr": "US",
    "LocationDesc": "National",
    "DataSource": "BRFSS",
    "Topic": "Obesity / Weight Status",
    "Data_Value": 27.1,
    "Sample_Size": "358,345",
    "Stratification1": "Non-Hispanic White",
    "StratificationId1": "RACEWHT",
    "LocationDisplayOrder": 0
  },
  {
    "ID": 23736,
    "Description": 2013,
    "LocationAbbr": "AL",
    "LocationDesc": "Alabama",
    "DataSource": "BRFSS",
    "Topic": "Obesity / Weight Status",
    "Data_Value": 29.6,
    "Sample_Size": "4,453",
    "Stratification1": "Non-Hispanic White",
    "StratificationId1": "RACEWHT",
    "LocationDisplayOrder": 1
  },
  {
    "ID": 12459,
    "Description": 2013,
    "LocationAbbr": "AK",
    "LocationDesc": "Alaska",
    "DataSource": "BRFSS",
    "Topic": "Obesity / Weight Status",
    "Data_Value": 26.4,
    "Sample_Size": "3,194",
    "Stratification1": "Non-Hispanic White",
    "StratificationId1": "RACEWHT",
    "LocationDisplayOrder": 2
  },
  {
    "ID": 23646,
    "Description": 2013,
    "LocationAbbr": "AZ",
    "LocationDesc": "Arizona",
    "DataSource": "BRFSS",
    "Topic": "Obesity / Weight Status",
    "Data_Value": 21.7,
    "Sample_Size": "2,993",
    "Stratification1": "Non-Hispanic White",
    "StratificationId1": "RACEWHT",
    "LocationDisplayOrder": 4
  },
  {
    "ID": 32985,
    "Description": 2013,
    "LocationAbbr": "AR",
    "LocationDesc": "Arkansas",
    "DataSource": "BRFSS",
    "Topic": "Obesity / Weight Status",
    "Data_Value": 32.3,
    "Sample_Size": "3,867",
    "Stratification1": "Non-Hispanic White",
    "StratificationId1": "RACEWHT",
    "LocationDisplayOrder": 5
  },
  {
    "ID": 2195,
    "Description": 2013,
    "LocationAbbr": "CA",
    "LocationDesc": "California",
    "DataSource": "BRFSS",
    "Topic": "Obesity / Weight Status",
    "Data_Value": 21.8,
    "Sample_Size": "6,299",
    "Stratification1": "Non-Hispanic White",
    "StratificationId1": "RACEWHT",
    "LocationDisplayOrder": 6
  },
  {
    "ID": 38127,
    "Description": 2013,
    "LocationAbbr": "CO",
    "LocationDesc": "Colorado",
    "DataSource": "BRFSS",
    "Topic": "Obesity / Weight Status",
    "Data_Value": 18.7,
    "Sample_Size": "10,463",
    "Stratification1": "Non-Hispanic White",
    "StratificationId1": "RACEWHT",
    "LocationDisplayOrder": 8
  },
  {
    "ID": 20084,
    "Description": 2013,
    "LocationAbbr": "CT",
    "LocationDesc": "Connecticut",
    "DataSource": "BRFSS",
    "Topic": "Obesity / Weight Status",
    "Data_Value": 23.3,
    "Sample_Size": "5,721",
    "Stratification1": "Non-Hispanic White",
    "StratificationId1": "RACEWHT",
    "LocationDisplayOrder": 9
  },
  {
    "ID": 33380,
    "Description": 2013,
    "LocationAbbr": "DE",
    "LocationDesc": "Delaware",
    "DataSource": "BRFSS",
    "Topic": "Obesity / Weight Status",
    "Data_Value": 29.3,
    "Sample_Size": "3,653",
    "Stratification1": "Non-Hispanic White",
    "StratificationId1": "RACEWHT",
    "LocationDisplayOrder": 10
  },
  {
    "ID": 21125,
    "Description": 2013,
    "LocationAbbr": "DC",
    "LocationDesc": "District of Columbia",
    "DataSource": "BRFSS",
    "Topic": "Obesity / Weight Status",
    "Data_Value": 9.8,
    "Sample_Size": "2,135",
    "Stratification1": "Non-Hispanic White",
    "StratificationId1": "RACEWHT",
    "LocationDisplayOrder": 11
  },
  {
    "ID": 21592,
    "Description": 2013,
    "LocationAbbr": "FL",
    "LocationDesc": "Florida",
    "DataSource": "BRFSS",
    "Topic": "Obesity / Weight Status",
    "Data_Value": 25.1,
    "Sample_Size": "25,460",
    "Stratification1": "Non-Hispanic White",
    "StratificationId1": "RACEWHT",
    "LocationDisplayOrder": 12
  },
  {
    "ID": 28862,
    "Description": 2013,
    "LocationAbbr": "GA",
    "LocationDesc": "Georgia",
    "DataSource": "BRFSS",
    "Topic": "Obesity / Weight Status",
    "Data_Value": 27.4,
    "Sample_Size": "4,896",
    "Stratification1": "Non-Hispanic White",
    "StratificationId1": "RACEWHT",
    "LocationDisplayOrder": 13
  },
  {
    "ID": 10937,
    "Description": 2013,
    "LocationAbbr": "HI",
    "LocationDesc": "Hawaii",
    "DataSource": "BRFSS",
    "Topic": "Obesity / Weight Status",
    "Data_Value": 19.1,
    "Sample_Size": "2,374",
    "Stratification1": "Non-Hispanic White",
    "StratificationId1": "RACEWHT",
    "LocationDisplayOrder": 15
  },
  {
    "ID": 14358,
    "Description": 2013,
    "LocationAbbr": "ID",
    "LocationDesc": "Idaho",
    "DataSource": "BRFSS",
    "Topic": "Obesity / Weight Status",
    "Data_Value": 28.4,
    "Sample_Size": "4,806",
    "Stratification1": "Non-Hispanic White",
    "StratificationId1": "RACEWHT",
    "LocationDisplayOrder": 16
  },
  {
    "ID": 17991,
    "Description": 2013,
    "LocationAbbr": "IL",
    "LocationDesc": "Illinois",
    "DataSource": "BRFSS",
    "Topic": "Obesity / Weight Status",
    "Data_Value": 27.9,
    "Sample_Size": "4,441",
    "Stratification1": "Non-Hispanic White",
    "StratificationId1": "RACEWHT",
    "LocationDisplayOrder": 17
  },
  {
    "ID": 39186,
    "Description": 2013,
    "LocationAbbr": "IN",
    "LocationDesc": "Indiana",
    "DataSource": "BRFSS",
    "Topic": "Obesity / Weight Status",
    "Data_Value": 30.6,
    "Sample_Size": "8,515",
    "Stratification1": "Non-Hispanic White",
    "StratificationId1": "RACEWHT",
    "LocationDisplayOrder": 18
  },
  {
    "ID": 22177,
    "Description": 2013,
    "LocationAbbr": "IA",
    "LocationDesc": "Iowa",
    "DataSource": "BRFSS",
    "Topic": "Obesity / Weight Status",
    "Data_Value": 31,
    "Sample_Size": "7,178",
    "Stratification1": "Non-Hispanic White",
    "StratificationId1": "RACEWHT",
    "LocationDisplayOrder": 19
  },
  {
    "ID": 27346,
    "Description": 2013,
    "LocationAbbr": "KS",
    "LocationDesc": "Kansas",
    "DataSource": "BRFSS",
    "Topic": "Obesity / Weight Status",
    "Data_Value": 29.4,
    "Sample_Size": "19,105",
    "Stratification1": "Non-Hispanic White",
    "StratificationId1": "RACEWHT",
    "LocationDisplayOrder": 20
  },
  {
    "ID": 13038,
    "Description": 2013,
    "LocationAbbr": "KY",
    "LocationDesc": "Kentucky",
    "DataSource": "BRFSS",
    "Topic": "Obesity / Weight Status",
    "Data_Value": 32.8,
    "Sample_Size": "8,917",
    "Stratification1": "Non-Hispanic White",
    "StratificationId1": "RACEWHT",
    "LocationDisplayOrder": 21
  },
  {
    "ID": 36108,
    "Description": 2013,
    "LocationAbbr": "LA",
    "LocationDesc": "Louisiana",
    "DataSource": "BRFSS",
    "Topic": "Obesity / Weight Status",
    "Data_Value": 30.2,
    "Sample_Size": "3,385",
    "Stratification1": "Non-Hispanic White",
    "StratificationId1": "RACEWHT",
    "LocationDisplayOrder": 22
  },
  {
    "ID": 18318,
    "Description": 2013,
    "LocationAbbr": "ME",
    "LocationDesc": "Maine",
    "DataSource": "BRFSS",
    "Topic": "Obesity / Weight Status",
    "Data_Value": 29,
    "Sample_Size": "7,398",
    "Stratification1": "Non-Hispanic White",
    "StratificationId1": "RACEWHT",
    "LocationDisplayOrder": 23
  },
  {
    "ID": 35139,
    "Description": 2013,
    "LocationAbbr": "MD",
    "LocationDesc": "Maryland",
    "DataSource": "BRFSS",
    "Topic": "Obesity / Weight Status",
    "Data_Value": 25.5,
    "Sample_Size": "8,529",
    "Stratification1": "Non-Hispanic White",
    "StratificationId1": "RACEWHT",
    "LocationDisplayOrder": 24
  },
  {
    "ID": 37105,
    "Description": 2013,
    "LocationAbbr": "MA",
    "LocationDesc": "Massachusetts",
    "DataSource": "BRFSS",
    "Topic": "Obesity / Weight Status",
    "Data_Value": 23,
    "Sample_Size": "10,958",
    "Stratification1": "Non-Hispanic White",
    "StratificationId1": "RACEWHT",
    "LocationDisplayOrder": 25
  },
  {
    "ID": 7001,
    "Description": 2013,
    "LocationAbbr": "MI",
    "LocationDesc": "Michigan",
    "DataSource": "BRFSS",
    "Topic": "Obesity / Weight Status",
    "Data_Value": 30.6,
    "Sample_Size": "10,194",
    "Stratification1": "Non-Hispanic White",
    "StratificationId1": "RACEWHT",
    "LocationDisplayOrder": 26
  },
  {
    "ID": 31950,
    "Description": 2013,
    "LocationAbbr": "MN",
    "LocationDesc": "Minnesota",
    "DataSource": "BRFSS",
    "Topic": "Obesity / Weight Status",
    "Data_Value": 25.2,
    "Sample_Size": "11,927",
    "Stratification1": "Non-Hispanic White",
    "StratificationId1": "RACEWHT",
    "LocationDisplayOrder": 27
  },
  {
    "ID": 36093,
    "Description": 2013,
    "LocationAbbr": "MS",
    "LocationDesc": "Mississippi",
    "DataSource": "BRFSS",
    "Topic": "Obesity / Weight Status",
    "Data_Value": 31.1,
    "Sample_Size": "4,427",
    "Stratification1": "Non-Hispanic White",
    "StratificationId1": "RACEWHT",
    "LocationDisplayOrder": 28
  },
  {
    "ID": 37538,
    "Description": 2013,
    "LocationAbbr": "MO",
    "LocationDesc": "Missouri",
    "DataSource": "BRFSS",
    "Topic": "Obesity / Weight Status",
    "Data_Value": 29.6,
    "Sample_Size": "4,789",
    "Stratification1": "Non-Hispanic White",
    "StratificationId1": "RACEWHT",
    "LocationDisplayOrder": 29
  },
  {
    "ID": 33800,
    "Description": 2013,
    "LocationAbbr": "MT",
    "LocationDesc": "Montana",
    "DataSource": "BRFSS",
    "Topic": "Obesity / Weight Status",
    "Data_Value": 23.2,
    "Sample_Size": "8,118",
    "Stratification1": "Non-Hispanic White",
    "StratificationId1": "RACEWHT",
    "LocationDisplayOrder": 30
  },
  {
    "ID": 14058,
    "Description": 2013,
    "LocationAbbr": "NE",
    "LocationDesc": "Nebraska",
    "DataSource": "BRFSS",
    "Topic": "Obesity / Weight Status",
    "Data_Value": 29.2,
    "Sample_Size": "14,910",
    "Stratification1": "Non-Hispanic White",
    "StratificationId1": "RACEWHT",
    "LocationDisplayOrder": 31
  },
  {
    "ID": 15656,
    "Description": 2013,
    "LocationAbbr": "NV",
    "LocationDesc": "Nevada",
    "DataSource": "BRFSS",
    "Topic": "Obesity / Weight Status",
    "Data_Value": 26.4,
    "Sample_Size": "3,612",
    "Stratification1": "Non-Hispanic White",
    "StratificationId1": "RACEWHT",
    "LocationDisplayOrder": 32
  },
  {
    "ID": 15396,
    "Description": 2013,
    "LocationAbbr": "NH",
    "LocationDesc": "New Hampshire",
    "DataSource": "BRFSS",
    "Topic": "Obesity / Weight Status",
    "Data_Value": 27.3,
    "Sample_Size": "5,750",
    "Stratification1": "Non-Hispanic White",
    "StratificationId1": "RACEWHT",
    "LocationDisplayOrder": 33
  },
  {
    "ID": 6321,
    "Description": 2013,
    "LocationAbbr": "NJ",
    "LocationDesc": "New Jersey",
    "DataSource": "BRFSS",
    "Topic": "Obesity / Weight Status",
    "Data_Value": 26,
    "Sample_Size": "8,361",
    "Stratification1": "Non-Hispanic White",
    "StratificationId1": "RACEWHT",
    "LocationDisplayOrder": 34
  },
  {
    "ID": 36150,
    "Description": 2013,
    "LocationAbbr": "NM",
    "LocationDesc": "New Mexico",
    "DataSource": "BRFSS",
    "Topic": "Obesity / Weight Status",
    "Data_Value": 21.9,
    "Sample_Size": "4,545",
    "Stratification1": "Non-Hispanic White",
    "StratificationId1": "RACEWHT",
    "LocationDisplayOrder": 35
  },
  {
    "ID": 29130,
    "Description": 2013,
    "LocationAbbr": "NY",
    "LocationDesc": "New York",
    "DataSource": "BRFSS",
    "Topic": "Obesity / Weight Status",
    "Data_Value": 24,
    "Sample_Size": "5,618",
    "Stratification1": "Non-Hispanic White",
    "StratificationId1": "RACEWHT",
    "LocationDisplayOrder": 36
  },
  {
    "ID": 1917,
    "Description": 2013,
    "LocationAbbr": "NC",
    "LocationDesc": "North Carolina",
    "DataSource": "BRFSS",
    "Topic": "Obesity / Weight Status",
    "Data_Value": 27.2,
    "Sample_Size": "5,662",
    "Stratification1": "Non-Hispanic White",
    "StratificationId1": "RACEWHT",
    "LocationDisplayOrder": 37
  },
  {
    "ID": 6765,
    "Description": 2013,
    "LocationAbbr": "ND",
    "LocationDesc": "North Dakota",
    "DataSource": "BRFSS",
    "Topic": "Obesity / Weight Status",
    "Data_Value": 31.2,
    "Sample_Size": "6,885",
    "Stratification1": "Non-Hispanic White",
    "StratificationId1": "RACEWHT",
    "LocationDisplayOrder": 38
  },
  {
    "ID": 13858,
    "Description": 2013,
    "LocationAbbr": "OH",
    "LocationDesc": "Ohio",
    "DataSource": "BRFSS",
    "Topic": "Obesity / Weight Status",
    "Data_Value": 30,
    "Sample_Size": "9,679",
    "Stratification1": "Non-Hispanic White",
    "StratificationId1": "RACEWHT",
    "LocationDisplayOrder": 39
  },
  {
    "ID": 33749,
    "Description": 2013,
    "LocationAbbr": "OK",
    "LocationDesc": "Oklahoma",
    "DataSource": "BRFSS",
    "Topic": "Obesity / Weight Status",
    "Data_Value": 31.6,
    "Sample_Size": "5,850",
    "Stratification1": "Non-Hispanic White",
    "StratificationId1": "RACEWHT",
    "LocationDisplayOrder": 40
  },
  {
    "ID": 7210,
    "Description": 2013,
    "LocationAbbr": "OR",
    "LocationDesc": "Oregon",
    "DataSource": "BRFSS",
    "Topic": "Obesity / Weight Status",
    "Data_Value": 25.9,
    "Sample_Size": "4,927",
    "Stratification1": "Non-Hispanic White",
    "StratificationId1": "RACEWHT",
    "LocationDisplayOrder": 41
  },
  {
    "ID": 32186,
    "Description": 2013,
    "LocationAbbr": "PA",
    "LocationDesc": "Pennsylvania",
    "DataSource": "BRFSS",
    "Topic": "Obesity / Weight Status",
    "Data_Value": 29.7,
    "Sample_Size": "9,143",
    "Stratification1": "Non-Hispanic White",
    "StratificationId1": "RACEWHT",
    "LocationDisplayOrder": 42
  },
  {
    "ID": 13897,
    "Description": 2013,
    "LocationAbbr": "RI",
    "LocationDesc": "Rhode Island",
    "DataSource": "BRFSS",
    "Topic": "Obesity / Weight Status",
    "Data_Value": 26.6,
    "Sample_Size": "5,120",
    "Stratification1": "Non-Hispanic White",
    "StratificationId1": "RACEWHT",
    "LocationDisplayOrder": 44
  },
  {
    "ID": 39500,
    "Description": 2013,
    "LocationAbbr": "SC",
    "LocationDesc": "South Carolina",
    "DataSource": "BRFSS",
    "Topic": "Obesity / Weight Status",
    "Data_Value": 27.6,
    "Sample_Size": "6,764",
    "Stratification1": "Non-Hispanic White",
    "StratificationId1": "RACEWHT",
    "LocationDisplayOrder": 45
  },
  {
    "ID": 16603,
    "Description": 2013,
    "LocationAbbr": "SD",
    "LocationDesc": "South Dakota",
    "DataSource": "BRFSS",
    "Topic": "Obesity / Weight Status",
    "Data_Value": 29.9,
    "Sample_Size": "5,596",
    "Stratification1": "Non-Hispanic White",
    "StratificationId1": "RACEWHT",
    "LocationDisplayOrder": 46
  },
  {
    "ID": 22689,
    "Description": 2013,
    "LocationAbbr": "TN",
    "LocationDesc": "Tennessee",
    "DataSource": "BRFSS",
    "Topic": "Obesity / Weight Status",
    "Data_Value": 33,
    "Sample_Size": "4,480",
    "Stratification1": "Non-Hispanic White",
    "StratificationId1": "RACEWHT",
    "LocationDisplayOrder": 47
  },
  {
    "ID": 33983,
    "Description": 2013,
    "LocationAbbr": "TX",
    "LocationDesc": "Texas",
    "DataSource": "BRFSS",
    "Topic": "Obesity / Weight Status",
    "Data_Value": 27.1,
    "Sample_Size": "5,843",
    "Stratification1": "Non-Hispanic White",
    "StratificationId1": "RACEWHT",
    "LocationDisplayOrder": 48
  },
  {
    "ID": 2867,
    "Description": 2013,
    "LocationAbbr": "UT",
    "LocationDesc": "Utah",
    "DataSource": "BRFSS",
    "Topic": "Obesity / Weight Status",
    "Data_Value": 23.6,
    "Sample_Size": "10,718",
    "Stratification1": "Non-Hispanic White",
    "StratificationId1": "RACEWHT",
    "LocationDisplayOrder": 49
  },
  {
    "ID": 19272,
    "Description": 2013,
    "LocationAbbr": "VT",
    "LocationDesc": "Vermont",
    "DataSource": "BRFSS",
    "Topic": "Obesity / Weight Status",
    "Data_Value": 24.6,
    "Sample_Size": "5,716",
    "Stratification1": "Non-Hispanic White",
    "StratificationId1": "RACEWHT",
    "LocationDisplayOrder": 50
  },
  {
    "ID": 38983,
    "Description": 2013,
    "LocationAbbr": "VA",
    "LocationDesc": "Virginia",
    "DataSource": "BRFSS",
    "Topic": "Obesity / Weight Status",
    "Data_Value": 25.6,
    "Sample_Size": "5,968",
    "Stratification1": "Non-Hispanic White",
    "StratificationId1": "RACEWHT",
    "LocationDisplayOrder": 51
  },
  {
    "ID": 15077,
    "Description": 2013,
    "LocationAbbr": "WA",
    "LocationDesc": "Washington",
    "DataSource": "BRFSS",
    "Topic": "Obesity / Weight Status",
    "Data_Value": 27.9,
    "Sample_Size": "8,882",
    "Stratification1": "Non-Hispanic White",
    "StratificationId1": "RACEWHT",
    "LocationDisplayOrder": 53
  },
  {
    "ID": 33554,
    "Description": 2013,
    "LocationAbbr": "WV",
    "LocationDesc": "West Virginia",
    "DataSource": "BRFSS",
    "Topic": "Obesity / Weight Status",
    "Data_Value": 35.1,
    "Sample_Size": "5,274",
    "Stratification1": "Non-Hispanic White",
    "StratificationId1": "RACEWHT",
    "LocationDisplayOrder": 54
  },
  {
    "ID": 21044,
    "Description": 2013,
    "LocationAbbr": "WI",
    "LocationDesc": "Wisconsin",
    "DataSource": "BRFSS",
    "Topic": "Obesity / Weight Status",
    "Data_Value": 29.5,
    "Sample_Size": "5,288",
    "Stratification1": "Non-Hispanic White",
    "StratificationId1": "RACEWHT",
    "LocationDisplayOrder": 55
  },
  {
    "ID": 32313,
    "Description": 2013,
    "LocationAbbr": "WY",
    "LocationDesc": "Wyoming",
    "DataSource": "BRFSS",
    "Topic": "Obesity / Weight Status",
    "Data_Value": 27.3,
    "Sample_Size": "5,559",
    "Stratification1": "Non-Hispanic White",
    "StratificationId1": "RACEWHT",
    "LocationDisplayOrder": 56
  },
  {
    "ID": 951,
    "Description": 2013,
    "LocationAbbr": "PR",
    "LocationDesc": "Puerto Rico",
    "DataSource": "BRFSS",
    "Topic": "Obesity / Weight Status",
    "Data_Value": "~",
    "Sample_Size": "~",
    "Stratification1": "Non-Hispanic White",
    "StratificationId1": "RACEWHT",
    "LocationDisplayOrder": 72
  },
  {
    "ID": "",
    "Description": "",
    "LocationAbbr": "",
    "LocationDesc": "",
    "DataSource": "",
    "Topic": "",
    "Data_Value": "",
    "Sample_Size": "",
    "Stratification1": "",
    "StratificationId1": "",
    "LocationDisplayOrder": ""
  },
  {
    "ID": "",
    "Description": "",
    "LocationAbbr": "",
    "LocationDesc": "",
    "DataSource": "",
    "Topic": "",
    "Data_Value": "",
    "Sample_Size": "",
    "Stratification1": "",
    "StratificationId1": "",
    "LocationDisplayOrder": ""
  },
  {
    "ID": "",
    "Description": "",
    "LocationAbbr": "",
    "LocationDesc": "",
    "DataSource": "",
    "Topic": "",
    "Data_Value": "",
    "Sample_Size": "",
    "Stratification1": "",
    "StratificationId1": "",
    "LocationDisplayOrder": ""
  },
  {
    "ID": "",
    "Description": "",
    "LocationAbbr": "",
    "LocationDesc": "",
    "DataSource": "",
    "Topic": "",
    "Data_Value": "",
    "Sample_Size": "",
    "Stratification1": "",
    "StratificationId1": "",
    "LocationDisplayOrder": ""
  },
  {
    "ID": "",
    "Description": "",
    "LocationAbbr": "",
    "LocationDesc": "",
    "DataSource": "",
    "Topic": "",
    "Data_Value": "",
    "Sample_Size": "",
    "Stratification1": "",
    "StratificationId1": "",
    "LocationDisplayOrder": ""
  },
  {
    "ID": "",
    "Description": "",
    "LocationAbbr": "",
    "LocationDesc": "",
    "DataSource": "",
    "Topic": "",
    "Data_Value": "",
    "Sample_Size": "",
    "Stratification1": "",
    "StratificationId1": "",
    "LocationDisplayOrder": ""
  },
  {
    "ID": "",
    "Description": "",
    "LocationAbbr": "",
    "LocationDesc": "",
    "DataSource": "",
    "Topic": "",
    "Data_Value": "",
    "Sample_Size": "",
    "Stratification1": "",
    "StratificationId1": "",
    "LocationDisplayOrder": ""
  },
  {
    "ID": "",
    "Description": "",
    "LocationAbbr": "",
    "LocationDesc": "",
    "DataSource": "",
    "Topic": "",
    "Data_Value": "",
    "Sample_Size": "",
    "Stratification1": "",
    "StratificationId1": "",
    "LocationDisplayOrder": ""
  },
  {
    "ID": "",
    "Description": "",
    "LocationAbbr": "",
    "LocationDesc": "",
    "DataSource": "",
    "Topic": "",
    "Data_Value": "",
    "Sample_Size": "",
    "Stratification1": "",
    "StratificationId1": "",
    "LocationDisplayOrder": ""
  },
  {
    "ID": "",
    "Description": "",
    "LocationAbbr": "",
    "LocationDesc": "",
    "DataSource": "",
    "Topic": "",
    "Data_Value": "",
    "Sample_Size": "",
    "Stratification1": "",
    "StratificationId1": "",
    "LocationDisplayOrder": ""
  }
]