[
  {
    "ID": 219,
    "Description": 2013,
    "LocationAbbr": "US",
    "LocationDesc": "National",
    "DataSource": "BRFSS",
    "Topic": "Obesity / Weight Status",
    "Data_Value": 28.3,
    "Sample_Size": "457,487",
    "Stratification1": "Total",
    "StratificationId1": "OVERALL",
    "LocationDisplayOrder": 0
  },
  {
    "ID": 23013,
    "Description": 2013,
    "LocationAbbr": "AL",
    "LocationDesc": "Alabama",
    "DataSource": "BRFSS",
    "Topic": "Obesity / Weight Status",
    "Data_Value": 32.4,
    "Sample_Size": "6,244",
    "Stratification1": "Total",
    "StratificationId1": "OVERALL",
    "LocationDisplayOrder": 1
  },
  {
    "ID": 29605,
    "Description": 2013,
    "LocationAbbr": "AK",
    "LocationDesc": "Alaska",
    "DataSource": "BRFSS",
    "Topic": "Obesity / Weight Status",
    "Data_Value": 28.4,
    "Sample_Size": "4,396",
    "Stratification1": "Total",
    "StratificationId1": "OVERALL",
    "LocationDisplayOrder": 2
  },
  {
    "ID": 11195,
    "Description": 2013,
    "LocationAbbr": "AZ",
    "LocationDesc": "Arizona",
    "DataSource": "BRFSS",
    "Topic": "Obesity / Weight Status",
    "Data_Value": 26.8,
    "Sample_Size": "4,029",
    "Stratification1": "Total",
    "StratificationId1": "OVERALL",
    "LocationDisplayOrder": 4
  },
  {
    "ID": 11194,
    "Description": 2013,
    "LocationAbbr": "AR",
    "LocationDesc": "Arkansas",
    "DataSource": "BRFSS",
    "Topic": "Obesity / Weight Status",
    "Data_Value": 34.6,
    "Sample_Size": "5,023",
    "Stratification1": "Total",
    "StratificationId1": "OVERALL",
    "LocationDisplayOrder": 5
  },
  {
    "ID": 25052,
    "Description": 2013,
    "LocationAbbr": "CA",
    "LocationDesc": "California",
    "DataSource": "BRFSS",
    "Topic": "Obesity / Weight Status",
    "Data_Value": 24.1,
    "Sample_Size": "10,669",
    "Stratification1": "Total",
    "StratificationId1": "OVERALL",
    "LocationDisplayOrder": 6
  },
  {
    "ID": 14135,
    "Description": 2013,
    "LocationAbbr": "CO",
    "LocationDesc": "Colorado",
    "DataSource": "BRFSS",
    "Topic": "Obesity / Weight Status",
    "Data_Value": 21.3,
    "Sample_Size": "12,920",
    "Stratification1": "Total",
    "StratificationId1": "OVERALL",
    "LocationDisplayOrder": 8
  },
  {
    "ID": 36723,
    "Description": 2013,
    "LocationAbbr": "CT",
    "LocationDesc": "Connecticut",
    "DataSource": "BRFSS",
    "Topic": "Obesity / Weight Status",
    "Data_Value": 25,
    "Sample_Size": "7,309",
    "Stratification1": "Total",
    "StratificationId1": "OVERALL",
    "LocationDisplayOrder": 9
  },
  {
    "ID": 33869,
    "Description": 2013,
    "LocationAbbr": "DE",
    "LocationDesc": "Delaware",
    "DataSource": "BRFSS",
    "Topic": "Obesity / Weight Status",
    "Data_Value": 31.1,
    "Sample_Size": "4,893",
    "Stratification1": "Total",
    "StratificationId1": "OVERALL",
    "LocationDisplayOrder": 10
  },
  {
    "ID": 33299,
    "Description": 2013,
    "LocationAbbr": "DC",
    "LocationDesc": "District of Columbia",
    "DataSource": "BRFSS",
    "Topic": "Obesity / Weight Status",
    "Data_Value": 22.9,
    "Sample_Size": "4,705",
    "Stratification1": "Total",
    "StratificationId1": "OVERALL",
    "LocationDisplayOrder": 11
  },
  {
    "ID": 22801,
    "Description": 2013,
    "LocationAbbr": "FL",
    "LocationDesc": "Florida",
    "DataSource": "BRFSS",
    "Topic": "Obesity / Weight Status",
    "Data_Value": 26.4,
    "Sample_Size": "32,552",
    "Stratification1": "Total",
    "StratificationId1": "OVERALL",
    "LocationDisplayOrder": 12
  },
  {
    "ID": 25512,
    "Description": 2013,
    "LocationAbbr": "GA",
    "LocationDesc": "Georgia",
    "DataSource": "BRFSS",
    "Topic": "Obesity / Weight Status",
    "Data_Value": 30.3,
    "Sample_Size": "7,606",
    "Stratification1": "Total",
    "StratificationId1": "OVERALL",
    "LocationDisplayOrder": 13
  },
  {
    "ID": 18253,
    "Description": 2013,
    "LocationAbbr": "HI",
    "LocationDesc": "Hawaii",
    "DataSource": "BRFSS",
    "Topic": "Obesity / Weight Status",
    "Data_Value": 21.8,
    "Sample_Size": "7,609",
    "Stratification1": "Total",
    "StratificationId1": "OVERALL",
    "LocationDisplayOrder": 15
  },
  {
    "ID": 15357,
    "Description": 2013,
    "LocationAbbr": "ID",
    "LocationDesc": "Idaho",
    "DataSource": "BRFSS",
    "Topic": "Obesity / Weight Status",
    "Data_Value": 29.6,
    "Sample_Size": "5,315",
    "Stratification1": "Total",
    "StratificationId1": "OVERALL",
    "LocationDisplayOrder": 16
  },
  {
    "ID": 35200,
    "Description": 2013,
    "LocationAbbr": "IL",
    "LocationDesc": "Illinois",
    "DataSource": "BRFSS",
    "Topic": "Obesity / Weight Status",
    "Data_Value": 29.4,
    "Sample_Size": "5,490",
    "Stratification1": "Total",
    "StratificationId1": "OVERALL",
    "LocationDisplayOrder": 17
  },
  {
    "ID": 39216,
    "Description": 2013,
    "LocationAbbr": "IN",
    "LocationDesc": "Indiana",
    "DataSource": "BRFSS",
    "Topic": "Obesity / Weight Status",
    "Data_Value": 31.8,
    "Sample_Size": "9,770",
    "Stratification1": "Total",
    "StratificationId1": "OVERALL",
    "LocationDisplayOrder": 18
  },
  {
    "ID": 31207,
    "Description": 2013,
    "LocationAbbr": "IA",
    "LocationDesc": "Iowa",
    "DataSource": "BRFSS",
    "Topic": "Obesity / Weight Status",
    "Data_Value": 31.3,
    "Sample_Size": "7,672",
    "Stratification1": "Total",
    "StratificationId1": "OVERALL",
    "LocationDisplayOrder": 19
  },
  {
    "ID": 10698,
    "Description": 2013,
    "LocationAbbr": "KS",
    "LocationDesc": "Kansas",
    "DataSource": "BRFSS",
    "Topic": "Obesity / Weight Status",
    "Data_Value": 30,
    "Sample_Size": "21,991",
    "Stratification1": "Total",
    "StratificationId1": "OVERALL",
    "LocationDisplayOrder": 20
  },
  {
    "ID": 28619,
    "Description": 2013,
    "LocationAbbr": "KY",
    "LocationDesc": "Kentucky",
    "DataSource": "BRFSS",
    "Topic": "Obesity / Weight Status",
    "Data_Value": 33.2,
    "Sample_Size": "10,325",
    "Stratification1": "Total",
    "StratificationId1": "OVERALL",
    "LocationDisplayOrder": 21
  },
  {
    "ID": 18723,
    "Description": 2013,
    "LocationAbbr": "LA",
    "LocationDesc": "Louisiana",
    "DataSource": "BRFSS",
    "Topic": "Obesity / Weight Status",
    "Data_Value": 33.1,
    "Sample_Size": "5,014",
    "Stratification1": "Total",
    "StratificationId1": "OVERALL",
    "LocationDisplayOrder": 22
  },
  {
    "ID": 10701,
    "Description": 2013,
    "LocationAbbr": "ME",
    "LocationDesc": "Maine",
    "DataSource": "BRFSS",
    "Topic": "Obesity / Weight Status",
    "Data_Value": 28.9,
    "Sample_Size": "7,791",
    "Stratification1": "Total",
    "StratificationId1": "OVERALL",
    "LocationDisplayOrder": 23
  },
  {
    "ID": 29760,
    "Description": 2013,
    "LocationAbbr": "MD",
    "LocationDesc": "Maryland",
    "DataSource": "BRFSS",
    "Topic": "Obesity / Weight Status",
    "Data_Value": 28.3,
    "Sample_Size": "12,169",
    "Stratification1": "Total",
    "StratificationId1": "OVERALL",
    "LocationDisplayOrder": 24
  },
  {
    "ID": 31772,
    "Description": 2013,
    "LocationAbbr": "MA",
    "LocationDesc": "Massachusetts",
    "DataSource": "BRFSS",
    "Topic": "Obesity / Weight Status",
    "Data_Value": 23.6,
    "Sample_Size": "13,883",
    "Stratification1": "Total",
    "StratificationId1": "OVERALL",
    "LocationDisplayOrder": 25
  },
  {
    "ID": 25983,
    "Description": 2013,
    "LocationAbbr": "MI",
    "LocationDesc": "Michigan",
    "DataSource": "BRFSS",
    "Topic": "Obesity / Weight Status",
    "Data_Value": 31.5,
    "Sample_Size": "12,177",
    "Stratification1": "Total",
    "StratificationId1": "OVERALL",
    "LocationDisplayOrder": 26
  },
  {
    "ID": 23635,
    "Description": 2013,
    "LocationAbbr": "MN",
    "LocationDesc": "Minnesota",
    "DataSource": "BRFSS",
    "Topic": "Obesity / Weight Status",
    "Data_Value": 25.5,
    "Sample_Size": "13,450",
    "Stratification1": "Total",
    "StratificationId1": "OVERALL",
    "LocationDisplayOrder": 27
  },
  {
    "ID": 14379,
    "Description": 2013,
    "LocationAbbr": "MS",
    "LocationDesc": "Mississippi",
    "DataSource": "BRFSS",
    "Topic": "Obesity / Weight Status",
    "Data_Value": 35.1,
    "Sample_Size": "7,032",
    "Stratification1": "Total",
    "StratificationId1": "OVERALL",
    "LocationDisplayOrder": 28
  },
  {
    "ID": 38135,
    "Description": 2013,
    "LocationAbbr": "MO",
    "LocationDesc": "Missouri",
    "DataSource": "BRFSS",
    "Topic": "Obesity / Weight Status",
    "Data_Value": 30.4,
    "Sample_Size": "6,783",
    "Stratification1": "Total",
    "StratificationId1": "OVERALL",
    "LocationDisplayOrder": 29
  },
  {
    "ID": 10860,
    "Description": 2013,
    "LocationAbbr": "MT",
    "LocationDesc": "Montana",
    "DataSource": "BRFSS",
    "Topic": "Obesity / Weight Status",
    "Data_Value": 24.6,
    "Sample_Size": "9,323",
    "Stratification1": "Total",
    "StratificationId1": "OVERALL",
    "LocationDisplayOrder": 30
  },
  {
    "ID": 20327,
    "Description": 2013,
    "LocationAbbr": "NE",
    "LocationDesc": "Nebraska",
    "DataSource": "BRFSS",
    "Topic": "Obesity / Weight Status",
    "Data_Value": 29.6,
    "Sample_Size": "16,250",
    "Stratification1": "Total",
    "StratificationId1": "OVERALL",
    "LocationDisplayOrder": 31
  },
  {
    "ID": 25095,
    "Description": 2013,
    "LocationAbbr": "NV",
    "LocationDesc": "Nevada",
    "DataSource": "BRFSS",
    "Topic": "Obesity / Weight Status",
    "Data_Value": 26.2,
    "Sample_Size": "4,871",
    "Stratification1": "Total",
    "StratificationId1": "OVERALL",
    "LocationDisplayOrder": 32
  },
  {
    "ID": 9652,
    "Description": 2013,
    "LocationAbbr": "NH",
    "LocationDesc": "New Hampshire",
    "DataSource": "BRFSS",
    "Topic": "Obesity / Weight Status",
    "Data_Value": 26.7,
    "Sample_Size": "6,141",
    "Stratification1": "Total",
    "StratificationId1": "OVERALL",
    "LocationDisplayOrder": 33
  },
  {
    "ID": 27917,
    "Description": 2013,
    "LocationAbbr": "NJ",
    "LocationDesc": "New Jersey",
    "DataSource": "BRFSS",
    "Topic": "Obesity / Weight Status",
    "Data_Value": 26.3,
    "Sample_Size": "12,256",
    "Stratification1": "Total",
    "StratificationId1": "OVERALL",
    "LocationDisplayOrder": 34
  },
  {
    "ID": 11380,
    "Description": 2013,
    "LocationAbbr": "NM",
    "LocationDesc": "New Mexico",
    "DataSource": "BRFSS",
    "Topic": "Obesity / Weight Status",
    "Data_Value": 26.4,
    "Sample_Size": "8,914",
    "Stratification1": "Total",
    "StratificationId1": "OVERALL",
    "LocationDisplayOrder": 35
  },
  {
    "ID": 1655,
    "Description": 2013,
    "LocationAbbr": "NY",
    "LocationDesc": "New York",
    "DataSource": "BRFSS",
    "Topic": "Obesity / Weight Status",
    "Data_Value": 25.4,
    "Sample_Size": "8,465",
    "Stratification1": "Total",
    "StratificationId1": "OVERALL",
    "LocationDisplayOrder": 36
  },
  {
    "ID": 15427,
    "Description": 2013,
    "LocationAbbr": "NC",
    "LocationDesc": "North Carolina",
    "DataSource": "BRFSS",
    "Topic": "Obesity / Weight Status",
    "Data_Value": 29.4,
    "Sample_Size": "8,292",
    "Stratification1": "Total",
    "StratificationId1": "OVERALL",
    "LocationDisplayOrder": 37
  },
  {
    "ID": 1214,
    "Description": 2013,
    "LocationAbbr": "ND",
    "LocationDesc": "North Dakota",
    "DataSource": "BRFSS",
    "Topic": "Obesity / Weight Status",
    "Data_Value": 31,
    "Sample_Size": "7,413",
    "Stratification1": "Total",
    "StratificationId1": "OVERALL",
    "LocationDisplayOrder": 38
  },
  {
    "ID": 30936,
    "Description": 2013,
    "LocationAbbr": "OH",
    "LocationDesc": "Ohio",
    "DataSource": "BRFSS",
    "Topic": "Obesity / Weight Status",
    "Data_Value": 30.4,
    "Sample_Size": "11,260",
    "Stratification1": "Total",
    "StratificationId1": "OVERALL",
    "LocationDisplayOrder": 39
  },
  {
    "ID": 25477,
    "Description": 2013,
    "LocationAbbr": "OK",
    "LocationDesc": "Oklahoma",
    "DataSource": "BRFSS",
    "Topic": "Obesity / Weight Status",
    "Data_Value": 32.5,
    "Sample_Size": "7,875",
    "Stratification1": "Total",
    "StratificationId1": "OVERALL",
    "LocationDisplayOrder": 40
  },
  {
    "ID": 24268,
    "Description": 2013,
    "LocationAbbr": "OR",
    "LocationDesc": "Oregon",
    "DataSource": "BRFSS",
    "Topic": "Obesity / Weight Status",
    "Data_Value": 26.5,
    "Sample_Size": "5,668",
    "Stratification1": "Total",
    "StratificationId1": "OVERALL",
    "LocationDisplayOrder": 41
  },
  {
    "ID": 8072,
    "Description": 2013,
    "LocationAbbr": "PA",
    "LocationDesc": "Pennsylvania",
    "DataSource": "BRFSS",
    "Topic": "Obesity / Weight Status",
    "Data_Value": 30,
    "Sample_Size": "10,857",
    "Stratification1": "Total",
    "StratificationId1": "OVERALL",
    "LocationDisplayOrder": 42
  },
  {
    "ID": 25407,
    "Description": 2013,
    "LocationAbbr": "RI",
    "LocationDesc": "Rhode Island",
    "DataSource": "BRFSS",
    "Topic": "Obesity / Weight Status",
    "Data_Value": 27.3,
    "Sample_Size": "6,191",
    "Stratification1": "Total",
    "StratificationId1": "OVERALL",
    "LocationDisplayOrder": 44
  },
  {
    "ID": 30860,
    "Description": 2013,
    "LocationAbbr": "SC",
    "LocationDesc": "South Carolina",
    "DataSource": "BRFSS",
    "Topic": "Obesity / Weight Status",
    "Data_Value": 31.7,
    "Sample_Size": "10,227",
    "Stratification1": "Total",
    "StratificationId1": "OVERALL",
    "LocationDisplayOrder": 45
  },
  {
    "ID": 34351,
    "Description": 2013,
    "LocationAbbr": "SD",
    "LocationDesc": "South Dakota",
    "DataSource": "BRFSS",
    "Topic": "Obesity / Weight Status",
    "Data_Value": 29.9,
    "Sample_Size": "6,531",
    "Stratification1": "Total",
    "StratificationId1": "OVERALL",
    "LocationDisplayOrder": 46
  },
  {
    "ID": 27825,
    "Description": 2013,
    "LocationAbbr": "TN",
    "LocationDesc": "Tennessee",
    "DataSource": "BRFSS",
    "Topic": "Obesity / Weight Status",
    "Data_Value": 33.7,
    "Sample_Size": "5,452",
    "Stratification1": "Total",
    "StratificationId1": "OVERALL",
    "LocationDisplayOrder": 47
  },
  {
    "ID": 39331,
    "Description": 2013,
    "LocationAbbr": "TX",
    "LocationDesc": "Texas",
    "DataSource": "BRFSS",
    "Topic": "Obesity / Weight Status",
    "Data_Value": 30.9,
    "Sample_Size": "10,085",
    "Stratification1": "Total",
    "StratificationId1": "OVERALL",
    "LocationDisplayOrder": 48
  },
  {
    "ID": 10536,
    "Description": 2013,
    "LocationAbbr": "UT",
    "LocationDesc": "Utah",
    "DataSource": "BRFSS",
    "Topic": "Obesity / Weight Status",
    "Data_Value": 24.1,
    "Sample_Size": "12,027",
    "Stratification1": "Total",
    "StratificationId1": "OVERALL",
    "LocationDisplayOrder": 49
  },
  {
    "ID": 14273,
    "Description": 2013,
    "LocationAbbr": "VT",
    "LocationDesc": "Vermont",
    "DataSource": "BRFSS",
    "Topic": "Obesity / Weight Status",
    "Data_Value": 24.7,
    "Sample_Size": "6,106",
    "Stratification1": "Total",
    "StratificationId1": "OVERALL",
    "LocationDisplayOrder": 50
  },
  {
    "ID": 31418,
    "Description": 2013,
    "LocationAbbr": "VA",
    "LocationDesc": "Virginia",
    "DataSource": "BRFSS",
    "Topic": "Obesity / Weight Status",
    "Data_Value": 27.2,
    "Sample_Size": "7,941",
    "Stratification1": "Total",
    "StratificationId1": "OVERALL",
    "LocationDisplayOrder": 51
  },
  {
    "ID": 16463,
    "Description": 2013,
    "LocationAbbr": "WA",
    "LocationDesc": "Washington",
    "DataSource": "BRFSS",
    "Topic": "Obesity / Weight Status",
    "Data_Value": 27.2,
    "Sample_Size": "10,554",
    "Stratification1": "Total",
    "StratificationId1": "OVERALL",
    "LocationDisplayOrder": 53
  },
  {
    "ID": 14310,
    "Description": 2013,
    "LocationAbbr": "WV",
    "LocationDesc": "West Virginia",
    "DataSource": "BRFSS",
    "Topic": "Obesity / Weight Status",
    "Data_Value": 35.1,
    "Sample_Size": "5,636",
    "Stratification1": "Total",
    "StratificationId1": "OVERALL",
    "LocationDisplayOrder": 54
  },
  {
    "ID": 4120,
    "Description": 2013,
    "LocationAbbr": "WI",
    "LocationDesc": "Wisconsin",
    "DataSource": "BRFSS",
    "Topic": "Obesity / Weight Status",
    "Data_Value": 29.8,
    "Sample_Size": "6,188",
    "Stratification1": "Total",
    "StratificationId1": "OVERALL",
    "LocationDisplayOrder": 55
  },
  {
    "ID": 12908,
    "Description": 2013,
    "LocationAbbr": "WY",
    "LocationDesc": "Wyoming",
    "DataSource": "BRFSS",
    "Topic": "Obesity / Weight Status",
    "Data_Value": 27.8,
    "Sample_Size": "6,147",
    "Stratification1": "Total",
    "StratificationId1": "OVERALL",
    "LocationDisplayOrder": 56
  },
  {
    "ID": 1940,
    "Description": 2013,
    "LocationAbbr": "PR",
    "LocationDesc": "Puerto Rico",
    "DataSource": "BRFSS",
    "Topic": "Obesity / Weight Status",
    "Data_Value": 27.9,
    "Sample_Size": "5,762",
    "Stratification1": "Total",
    "StratificationId1": "OVERALL",
    "LocationDisplayOrder": 72
  },
  {
    "ID": "",
    "Description": "",
    "LocationAbbr": "",
    "LocationDesc": "",
    "DataSource": "",
    "Topic": "",
    "Data_Value": "",
    "Sample_Size": "",
    "Stratification1": "",
    "StratificationId1": "",
    "LocationDisplayOrder": ""
  },
  {
    "ID": "",
    "Description": "",
    "LocationAbbr": "",
    "LocationDesc": "",
    "DataSource": "",
    "Topic": "",
    "Data_Value": "",
    "Sample_Size": "",
    "Stratification1": "",
    "StratificationId1": "",
    "LocationDisplayOrder": ""
  },
  {
    "ID": "",
    "Description": "",
    "LocationAbbr": "",
    "LocationDesc": "",
    "DataSource": "",
    "Topic": "",
    "Data_Value": "",
    "Sample_Size": "",
    "Stratification1": "",
    "StratificationId1": "",
    "LocationDisplayOrder": ""
  },
  {
    "ID": "",
    "Description": "",
    "LocationAbbr": "",
    "LocationDesc": "",
    "DataSource": "",
    "Topic": "",
    "Data_Value": "",
    "Sample_Size": "",
    "Stratification1": "",
    "StratificationId1": "",
    "LocationDisplayOrder": ""
  },
  {
    "ID": "",
    "Description": "",
    "LocationAbbr": "",
    "LocationDesc": "",
    "DataSource": "",
    "Topic": "",
    "Data_Value": "",
    "Sample_Size": "",
    "Stratification1": "",
    "StratificationId1": "",
    "LocationDisplayOrder": ""
  },
  {
    "ID": "",
    "Description": "",
    "LocationAbbr": "",
    "LocationDesc": "",
    "DataSource": "",
    "Topic": "",
    "Data_Value": "",
    "Sample_Size": "",
    "Stratification1": "",
    "StratificationId1": "",
    "LocationDisplayOrder": ""
  },
  {
    "ID": "",
    "Description": "",
    "LocationAbbr": "",
    "LocationDesc": "",
    "DataSource": "",
    "Topic": "",
    "Data_Value": "",
    "Sample_Size": "",
    "Stratification1": "",
    "StratificationId1": "",
    "LocationDisplayOrder": ""
  },
  {
    "ID": "",
    "Description": "",
    "LocationAbbr": "",
    "LocationDesc": "",
    "DataSource": "",
    "Topic": "",
    "Data_Value": "",
    "Sample_Size": "",
    "Stratification1": "",
    "StratificationId1": "",
    "LocationDisplayOrder": ""
  },
  {
    "ID": "",
    "Description": "",
    "LocationAbbr": "",
    "LocationDesc": "",
    "DataSource": "",
    "Topic": "",
    "Data_Value": "",
    "Sample_Size": "",
    "Stratification1": "",
    "StratificationId1": "",
    "LocationDisplayOrder": ""
  }
]