[
  {
    "ID": 2000,
    "Description": 2013,
    "LocationAbbr": "US",
    "LocationDesc": "National",
    "DataSource": "BRFSS",
    "Topic": "Obesity / Weight Status",
    "Data_Value": 30.7,
    "Sample_Size": "133,402",
    "Stratification1": "High school graduate",
    "StratificationId1": "EDUHSGRAD",
    "LocationDisplayOrder": 0
  },
  {
    "ID": 26174,
    "Description": 2013,
    "LocationAbbr": "AL",
    "LocationDesc": "Alabama",
    "DataSource": "BRFSS",
    "Topic": "Obesity / Weight Status",
    "Data_Value": 32.1,
    "Sample_Size": "1,994",
    "Stratification1": "High school graduate",
    "StratificationId1": "EDUHSGRAD",
    "LocationDisplayOrder": 1
  },
  {
    "ID": 37366,
    "Description": 2013,
    "LocationAbbr": "AK",
    "LocationDesc": "Alaska",
    "DataSource": "BRFSS",
    "Topic": "Obesity / Weight Status",
    "Data_Value": 33.1,
    "Sample_Size": "1,272",
    "Stratification1": "High school graduate",
    "StratificationId1": "EDUHSGRAD",
    "LocationDisplayOrder": 2
  },
  {
    "ID": 32193,
    "Description": 2013,
    "LocationAbbr": "AZ",
    "LocationDesc": "Arizona",
    "DataSource": "BRFSS",
    "Topic": "Obesity / Weight Status",
    "Data_Value": 27.3,
    "Sample_Size": "1,067",
    "Stratification1": "High school graduate",
    "StratificationId1": "EDUHSGRAD",
    "LocationDisplayOrder": 4
  },
  {
    "ID": 6314,
    "Description": 2013,
    "LocationAbbr": "AR",
    "LocationDesc": "Arkansas",
    "DataSource": "BRFSS",
    "Topic": "Obesity / Weight Status",
    "Data_Value": 36,
    "Sample_Size": "1,844",
    "Stratification1": "High school graduate",
    "StratificationId1": "EDUHSGRAD",
    "LocationDisplayOrder": 5
  },
  {
    "ID": 8982,
    "Description": 2013,
    "LocationAbbr": "CA",
    "LocationDesc": "California",
    "DataSource": "BRFSS",
    "Topic": "Obesity / Weight Status",
    "Data_Value": 24.5,
    "Sample_Size": "2,142",
    "Stratification1": "High school graduate",
    "StratificationId1": "EDUHSGRAD",
    "LocationDisplayOrder": 6
  },
  {
    "ID": 10878,
    "Description": 2013,
    "LocationAbbr": "CO",
    "LocationDesc": "Colorado",
    "DataSource": "BRFSS",
    "Topic": "Obesity / Weight Status",
    "Data_Value": 21.7,
    "Sample_Size": "3,023",
    "Stratification1": "High school graduate",
    "StratificationId1": "EDUHSGRAD",
    "LocationDisplayOrder": 8
  },
  {
    "ID": 5514,
    "Description": 2013,
    "LocationAbbr": "CT",
    "LocationDesc": "Connecticut",
    "DataSource": "BRFSS",
    "Topic": "Obesity / Weight Status",
    "Data_Value": 28.5,
    "Sample_Size": "1,863",
    "Stratification1": "High school graduate",
    "StratificationId1": "EDUHSGRAD",
    "LocationDisplayOrder": 9
  },
  {
    "ID": 29675,
    "Description": 2013,
    "LocationAbbr": "DE",
    "LocationDesc": "Delaware",
    "DataSource": "BRFSS",
    "Topic": "Obesity / Weight Status",
    "Data_Value": 29.8,
    "Sample_Size": "1,480",
    "Stratification1": "High school graduate",
    "StratificationId1": "EDUHSGRAD",
    "LocationDisplayOrder": 10
  },
  {
    "ID": 17393,
    "Description": 2013,
    "LocationAbbr": "DC",
    "LocationDesc": "District of Columbia",
    "DataSource": "BRFSS",
    "Topic": "Obesity / Weight Status",
    "Data_Value": 31.3,
    "Sample_Size": 737,
    "Stratification1": "High school graduate",
    "StratificationId1": "EDUHSGRAD",
    "LocationDisplayOrder": 11
  },
  {
    "ID": 2335,
    "Description": 2013,
    "LocationAbbr": "FL",
    "LocationDesc": "Florida",
    "DataSource": "BRFSS",
    "Topic": "Obesity / Weight Status",
    "Data_Value": 28.4,
    "Sample_Size": "10,143",
    "Stratification1": "High school graduate",
    "StratificationId1": "EDUHSGRAD",
    "LocationDisplayOrder": 12
  },
  {
    "ID": 7935,
    "Description": 2013,
    "LocationAbbr": "GA",
    "LocationDesc": "Georgia",
    "DataSource": "BRFSS",
    "Topic": "Obesity / Weight Status",
    "Data_Value": 32,
    "Sample_Size": "2,120",
    "Stratification1": "High school graduate",
    "StratificationId1": "EDUHSGRAD",
    "LocationDisplayOrder": 13
  },
  {
    "ID": 17288,
    "Description": 2013,
    "LocationAbbr": "HI",
    "LocationDesc": "Hawaii",
    "DataSource": "BRFSS",
    "Topic": "Obesity / Weight Status",
    "Data_Value": 24.2,
    "Sample_Size": "2,191",
    "Stratification1": "High school graduate",
    "StratificationId1": "EDUHSGRAD",
    "LocationDisplayOrder": 15
  },
  {
    "ID": 16691,
    "Description": 2013,
    "LocationAbbr": "ID",
    "LocationDesc": "Idaho",
    "DataSource": "BRFSS",
    "Topic": "Obesity / Weight Status",
    "Data_Value": 31.1,
    "Sample_Size": "1,528",
    "Stratification1": "High school graduate",
    "StratificationId1": "EDUHSGRAD",
    "LocationDisplayOrder": 16
  },
  {
    "ID": 17424,
    "Description": 2013,
    "LocationAbbr": "IL",
    "LocationDesc": "Illinois",
    "DataSource": "BRFSS",
    "Topic": "Obesity / Weight Status",
    "Data_Value": 33.5,
    "Sample_Size": "1,627",
    "Stratification1": "High school graduate",
    "StratificationId1": "EDUHSGRAD",
    "LocationDisplayOrder": 17
  },
  {
    "ID": 21585,
    "Description": 2013,
    "LocationAbbr": "IN",
    "LocationDesc": "Indiana",
    "DataSource": "BRFSS",
    "Topic": "Obesity / Weight Status",
    "Data_Value": 33,
    "Sample_Size": "3,570",
    "Stratification1": "High school graduate",
    "StratificationId1": "EDUHSGRAD",
    "LocationDisplayOrder": 18
  },
  {
    "ID": 11879,
    "Description": 2013,
    "LocationAbbr": "IA",
    "LocationDesc": "Iowa",
    "DataSource": "BRFSS",
    "Topic": "Obesity / Weight Status",
    "Data_Value": 33,
    "Sample_Size": "2,673",
    "Stratification1": "High school graduate",
    "StratificationId1": "EDUHSGRAD",
    "LocationDisplayOrder": 19
  },
  {
    "ID": 6157,
    "Description": 2013,
    "LocationAbbr": "KS",
    "LocationDesc": "Kansas",
    "DataSource": "BRFSS",
    "Topic": "Obesity / Weight Status",
    "Data_Value": 31,
    "Sample_Size": "6,116",
    "Stratification1": "High school graduate",
    "StratificationId1": "EDUHSGRAD",
    "LocationDisplayOrder": 20
  },
  {
    "ID": 26945,
    "Description": 2013,
    "LocationAbbr": "KY",
    "LocationDesc": "Kentucky",
    "DataSource": "BRFSS",
    "Topic": "Obesity / Weight Status",
    "Data_Value": 35.7,
    "Sample_Size": "3,546",
    "Stratification1": "High school graduate",
    "StratificationId1": "EDUHSGRAD",
    "LocationDisplayOrder": 21
  },
  {
    "ID": 10707,
    "Description": 2013,
    "LocationAbbr": "LA",
    "LocationDesc": "Louisiana",
    "DataSource": "BRFSS",
    "Topic": "Obesity / Weight Status",
    "Data_Value": 34.7,
    "Sample_Size": "1,615",
    "Stratification1": "High school graduate",
    "StratificationId1": "EDUHSGRAD",
    "LocationDisplayOrder": 22
  },
  {
    "ID": 25247,
    "Description": 2013,
    "LocationAbbr": "ME",
    "LocationDesc": "Maine",
    "DataSource": "BRFSS",
    "Topic": "Obesity / Weight Status",
    "Data_Value": 31.5,
    "Sample_Size": "2,502",
    "Stratification1": "High school graduate",
    "StratificationId1": "EDUHSGRAD",
    "LocationDisplayOrder": 23
  },
  {
    "ID": 35134,
    "Description": 2013,
    "LocationAbbr": "MD",
    "LocationDesc": "Maryland",
    "DataSource": "BRFSS",
    "Topic": "Obesity / Weight Status",
    "Data_Value": 33.8,
    "Sample_Size": "3,185",
    "Stratification1": "High school graduate",
    "StratificationId1": "EDUHSGRAD",
    "LocationDisplayOrder": 24
  },
  {
    "ID": 3521,
    "Description": 2013,
    "LocationAbbr": "MA",
    "LocationDesc": "Massachusetts",
    "DataSource": "BRFSS",
    "Topic": "Obesity / Weight Status",
    "Data_Value": 28.4,
    "Sample_Size": "3,265",
    "Stratification1": "High school graduate",
    "StratificationId1": "EDUHSGRAD",
    "LocationDisplayOrder": 25
  },
  {
    "ID": 3668,
    "Description": 2013,
    "LocationAbbr": "MI",
    "LocationDesc": "Michigan",
    "DataSource": "BRFSS",
    "Topic": "Obesity / Weight Status",
    "Data_Value": 32.7,
    "Sample_Size": "3,743",
    "Stratification1": "High school graduate",
    "StratificationId1": "EDUHSGRAD",
    "LocationDisplayOrder": 26
  },
  {
    "ID": 12262,
    "Description": 2013,
    "LocationAbbr": "MN",
    "LocationDesc": "Minnesota",
    "DataSource": "BRFSS",
    "Topic": "Obesity / Weight Status",
    "Data_Value": 28.7,
    "Sample_Size": "3,301",
    "Stratification1": "High school graduate",
    "StratificationId1": "EDUHSGRAD",
    "LocationDisplayOrder": 27
  },
  {
    "ID": 5453,
    "Description": 2013,
    "LocationAbbr": "MS",
    "LocationDesc": "Mississippi",
    "DataSource": "BRFSS",
    "Topic": "Obesity / Weight Status",
    "Data_Value": 38.2,
    "Sample_Size": "2,231",
    "Stratification1": "High school graduate",
    "StratificationId1": "EDUHSGRAD",
    "LocationDisplayOrder": 28
  },
  {
    "ID": 18581,
    "Description": 2013,
    "LocationAbbr": "MO",
    "LocationDesc": "Missouri",
    "DataSource": "BRFSS",
    "Topic": "Obesity / Weight Status",
    "Data_Value": 32,
    "Sample_Size": "2,331",
    "Stratification1": "High school graduate",
    "StratificationId1": "EDUHSGRAD",
    "LocationDisplayOrder": 29
  },
  {
    "ID": 14231,
    "Description": 2013,
    "LocationAbbr": "MT",
    "LocationDesc": "Montana",
    "DataSource": "BRFSS",
    "Topic": "Obesity / Weight Status",
    "Data_Value": 27.3,
    "Sample_Size": "2,856",
    "Stratification1": "High school graduate",
    "StratificationId1": "EDUHSGRAD",
    "LocationDisplayOrder": 30
  },
  {
    "ID": 3259,
    "Description": 2013,
    "LocationAbbr": "NE",
    "LocationDesc": "Nebraska",
    "DataSource": "BRFSS",
    "Topic": "Obesity / Weight Status",
    "Data_Value": 30.9,
    "Sample_Size": "5,450",
    "Stratification1": "High school graduate",
    "StratificationId1": "EDUHSGRAD",
    "LocationDisplayOrder": 31
  },
  {
    "ID": 10581,
    "Description": 2013,
    "LocationAbbr": "NV",
    "LocationDesc": "Nevada",
    "DataSource": "BRFSS",
    "Topic": "Obesity / Weight Status",
    "Data_Value": 29,
    "Sample_Size": "1,312",
    "Stratification1": "High school graduate",
    "StratificationId1": "EDUHSGRAD",
    "LocationDisplayOrder": 32
  },
  {
    "ID": 28135,
    "Description": 2013,
    "LocationAbbr": "NH",
    "LocationDesc": "New Hampshire",
    "DataSource": "BRFSS",
    "Topic": "Obesity / Weight Status",
    "Data_Value": 29.4,
    "Sample_Size": "1,693",
    "Stratification1": "High school graduate",
    "StratificationId1": "EDUHSGRAD",
    "LocationDisplayOrder": 33
  },
  {
    "ID": 34903,
    "Description": 2013,
    "LocationAbbr": "NJ",
    "LocationDesc": "New Jersey",
    "DataSource": "BRFSS",
    "Topic": "Obesity / Weight Status",
    "Data_Value": 29.1,
    "Sample_Size": "3,409",
    "Stratification1": "High school graduate",
    "StratificationId1": "EDUHSGRAD",
    "LocationDisplayOrder": 34
  },
  {
    "ID": 38922,
    "Description": 2013,
    "LocationAbbr": "NM",
    "LocationDesc": "New Mexico",
    "DataSource": "BRFSS",
    "Topic": "Obesity / Weight Status",
    "Data_Value": 26.7,
    "Sample_Size": "2,515",
    "Stratification1": "High school graduate",
    "StratificationId1": "EDUHSGRAD",
    "LocationDisplayOrder": 35
  },
  {
    "ID": 21801,
    "Description": 2013,
    "LocationAbbr": "NY",
    "LocationDesc": "New York",
    "DataSource": "BRFSS",
    "Topic": "Obesity / Weight Status",
    "Data_Value": 28.2,
    "Sample_Size": "1,999",
    "Stratification1": "High school graduate",
    "StratificationId1": "EDUHSGRAD",
    "LocationDisplayOrder": 36
  },
  {
    "ID": 12278,
    "Description": 2013,
    "LocationAbbr": "NC",
    "LocationDesc": "North Carolina",
    "DataSource": "BRFSS",
    "Topic": "Obesity / Weight Status",
    "Data_Value": 30.4,
    "Sample_Size": "2,358",
    "Stratification1": "High school graduate",
    "StratificationId1": "EDUHSGRAD",
    "LocationDisplayOrder": 37
  },
  {
    "ID": 20571,
    "Description": 2013,
    "LocationAbbr": "ND",
    "LocationDesc": "North Dakota",
    "DataSource": "BRFSS",
    "Topic": "Obesity / Weight Status",
    "Data_Value": 32,
    "Sample_Size": "2,283",
    "Stratification1": "High school graduate",
    "StratificationId1": "EDUHSGRAD",
    "LocationDisplayOrder": 38
  },
  {
    "ID": 34175,
    "Description": 2013,
    "LocationAbbr": "OH",
    "LocationDesc": "Ohio",
    "DataSource": "BRFSS",
    "Topic": "Obesity / Weight Status",
    "Data_Value": 31.7,
    "Sample_Size": "4,039",
    "Stratification1": "High school graduate",
    "StratificationId1": "EDUHSGRAD",
    "LocationDisplayOrder": 39
  },
  {
    "ID": 37099,
    "Description": 2013,
    "LocationAbbr": "OK",
    "LocationDesc": "Oklahoma",
    "DataSource": "BRFSS",
    "Topic": "Obesity / Weight Status",
    "Data_Value": 33.9,
    "Sample_Size": "2,399",
    "Stratification1": "High school graduate",
    "StratificationId1": "EDUHSGRAD",
    "LocationDisplayOrder": 40
  },
  {
    "ID": 9984,
    "Description": 2013,
    "LocationAbbr": "OR",
    "LocationDesc": "Oregon",
    "DataSource": "BRFSS",
    "Topic": "Obesity / Weight Status",
    "Data_Value": 29.4,
    "Sample_Size": "1,392",
    "Stratification1": "High school graduate",
    "StratificationId1": "EDUHSGRAD",
    "LocationDisplayOrder": 41
  },
  {
    "ID": 36177,
    "Description": 2013,
    "LocationAbbr": "PA",
    "LocationDesc": "Pennsylvania",
    "DataSource": "BRFSS",
    "Topic": "Obesity / Weight Status",
    "Data_Value": 32.4,
    "Sample_Size": "4,021",
    "Stratification1": "High school graduate",
    "StratificationId1": "EDUHSGRAD",
    "LocationDisplayOrder": 42
  },
  {
    "ID": 20116,
    "Description": 2013,
    "LocationAbbr": "RI",
    "LocationDesc": "Rhode Island",
    "DataSource": "BRFSS",
    "Topic": "Obesity / Weight Status",
    "Data_Value": 28.9,
    "Sample_Size": "1,666",
    "Stratification1": "High school graduate",
    "StratificationId1": "EDUHSGRAD",
    "LocationDisplayOrder": 44
  },
  {
    "ID": 38758,
    "Description": 2013,
    "LocationAbbr": "SC",
    "LocationDesc": "South Carolina",
    "DataSource": "BRFSS",
    "Topic": "Obesity / Weight Status",
    "Data_Value": 32.4,
    "Sample_Size": "3,060",
    "Stratification1": "High school graduate",
    "StratificationId1": "EDUHSGRAD",
    "LocationDisplayOrder": 45
  },
  {
    "ID": 2157,
    "Description": 2013,
    "LocationAbbr": "SD",
    "LocationDesc": "South Dakota",
    "DataSource": "BRFSS",
    "Topic": "Obesity / Weight Status",
    "Data_Value": 27.8,
    "Sample_Size": "2,003",
    "Stratification1": "High school graduate",
    "StratificationId1": "EDUHSGRAD",
    "LocationDisplayOrder": 46
  },
  {
    "ID": 26509,
    "Description": 2013,
    "LocationAbbr": "TN",
    "LocationDesc": "Tennessee",
    "DataSource": "BRFSS",
    "Topic": "Obesity / Weight Status",
    "Data_Value": 34.7,
    "Sample_Size": "1,808",
    "Stratification1": "High school graduate",
    "StratificationId1": "EDUHSGRAD",
    "LocationDisplayOrder": 47
  },
  {
    "ID": 20014,
    "Description": 2013,
    "LocationAbbr": "TX",
    "LocationDesc": "Texas",
    "DataSource": "BRFSS",
    "Topic": "Obesity / Weight Status",
    "Data_Value": 34,
    "Sample_Size": "2,413",
    "Stratification1": "High school graduate",
    "StratificationId1": "EDUHSGRAD",
    "LocationDisplayOrder": 48
  },
  {
    "ID": 12240,
    "Description": 2013,
    "LocationAbbr": "UT",
    "LocationDesc": "Utah",
    "DataSource": "BRFSS",
    "Topic": "Obesity / Weight Status",
    "Data_Value": 25.4,
    "Sample_Size": "3,091",
    "Stratification1": "High school graduate",
    "StratificationId1": "EDUHSGRAD",
    "LocationDisplayOrder": 49
  },
  {
    "ID": 11016,
    "Description": 2013,
    "LocationAbbr": "VT",
    "LocationDesc": "Vermont",
    "DataSource": "BRFSS",
    "Topic": "Obesity / Weight Status",
    "Data_Value": 28.4,
    "Sample_Size": "1,849",
    "Stratification1": "High school graduate",
    "StratificationId1": "EDUHSGRAD",
    "LocationDisplayOrder": 50
  },
  {
    "ID": 29180,
    "Description": 2013,
    "LocationAbbr": "VA",
    "LocationDesc": "Virginia",
    "DataSource": "BRFSS",
    "Topic": "Obesity / Weight Status",
    "Data_Value": 31,
    "Sample_Size": "2,047",
    "Stratification1": "High school graduate",
    "StratificationId1": "EDUHSGRAD",
    "LocationDisplayOrder": 51
  },
  {
    "ID": 26469,
    "Description": 2013,
    "LocationAbbr": "WA",
    "LocationDesc": "Washington",
    "DataSource": "BRFSS",
    "Topic": "Obesity / Weight Status",
    "Data_Value": 31.3,
    "Sample_Size": "2,437",
    "Stratification1": "High school graduate",
    "StratificationId1": "EDUHSGRAD",
    "LocationDisplayOrder": 53
  },
  {
    "ID": 14536,
    "Description": 2013,
    "LocationAbbr": "WV",
    "LocationDesc": "West Virginia",
    "DataSource": "BRFSS",
    "Topic": "Obesity / Weight Status",
    "Data_Value": 36,
    "Sample_Size": "2,174",
    "Stratification1": "High school graduate",
    "StratificationId1": "EDUHSGRAD",
    "LocationDisplayOrder": 54
  },
  {
    "ID": 12452,
    "Description": 2013,
    "LocationAbbr": "WI",
    "LocationDesc": "Wisconsin",
    "DataSource": "BRFSS",
    "Topic": "Obesity / Weight Status",
    "Data_Value": 32,
    "Sample_Size": "2,136",
    "Stratification1": "High school graduate",
    "StratificationId1": "EDUHSGRAD",
    "LocationDisplayOrder": 55
  },
  {
    "ID": 22320,
    "Description": 2013,
    "LocationAbbr": "WY",
    "LocationDesc": "Wyoming",
    "DataSource": "BRFSS",
    "Topic": "Obesity / Weight Status",
    "Data_Value": 27.5,
    "Sample_Size": "1,883",
    "Stratification1": "High school graduate",
    "StratificationId1": "EDUHSGRAD",
    "LocationDisplayOrder": 56
  },
  {
    "ID": 1177,
    "Description": 2013,
    "LocationAbbr": "PR",
    "LocationDesc": "Puerto Rico",
    "DataSource": "BRFSS",
    "Topic": "Obesity / Weight Status",
    "Data_Value": 30,
    "Sample_Size": "1,418",
    "Stratification1": "High school graduate",
    "StratificationId1": "EDUHSGRAD",
    "LocationDisplayOrder": 72
  },
  {
    "ID": "",
    "Description": "",
    "LocationAbbr": "",
    "LocationDesc": "",
    "DataSource": "",
    "Topic": "",
    "Data_Value": "",
    "Sample_Size": "",
    "Stratification1": "",
    "StratificationId1": "",
    "LocationDisplayOrder": ""
  },
  {
    "ID": "",
    "Description": "",
    "LocationAbbr": "",
    "LocationDesc": "",
    "DataSource": "",
    "Topic": "",
    "Data_Value": "",
    "Sample_Size": "",
    "Stratification1": "",
    "StratificationId1": "",
    "LocationDisplayOrder": ""
  },
  {
    "ID": "",
    "Description": "",
    "LocationAbbr": "",
    "LocationDesc": "",
    "DataSource": "",
    "Topic": "",
    "Data_Value": "",
    "Sample_Size": "",
    "Stratification1": "",
    "StratificationId1": "",
    "LocationDisplayOrder": ""
  },
  {
    "ID": "",
    "Description": "",
    "LocationAbbr": "",
    "LocationDesc": "",
    "DataSource": "",
    "Topic": "",
    "Data_Value": "",
    "Sample_Size": "",
    "Stratification1": "",
    "StratificationId1": "",
    "LocationDisplayOrder": ""
  },
  {
    "ID": "",
    "Description": "",
    "LocationAbbr": "",
    "LocationDesc": "",
    "DataSource": "",
    "Topic": "",
    "Data_Value": "",
    "Sample_Size": "",
    "Stratification1": "",
    "StratificationId1": "",
    "LocationDisplayOrder": ""
  },
  {
    "ID": "",
    "Description": "",
    "LocationAbbr": "",
    "LocationDesc": "",
    "DataSource": "",
    "Topic": "",
    "Data_Value": "",
    "Sample_Size": "",
    "Stratification1": "",
    "StratificationId1": "",
    "LocationDisplayOrder": ""
  },
  {
    "ID": "",
    "Description": "",
    "LocationAbbr": "",
    "LocationDesc": "",
    "DataSource": "",
    "Topic": "",
    "Data_Value": "",
    "Sample_Size": "",
    "Stratification1": "",
    "StratificationId1": "",
    "LocationDisplayOrder": ""
  },
  {
    "ID": "",
    "Description": "",
    "LocationAbbr": "",
    "LocationDesc": "",
    "DataSource": "",
    "Topic": "",
    "Data_Value": "",
    "Sample_Size": "",
    "Stratification1": "",
    "StratificationId1": "",
    "LocationDisplayOrder": ""
  },
  {
    "ID": "",
    "Description": "",
    "LocationAbbr": "",
    "LocationDesc": "",
    "DataSource": "",
    "Topic": "",
    "Data_Value": "",
    "Sample_Size": "",
    "Stratification1": "",
    "StratificationId1": "",
    "LocationDisplayOrder": ""
  }
]