[
  {
    "ID": 1978,
    "Description": 2013,
    "LocationAbbr": "US",
    "LocationDesc": "National",
    "DataSource": "BRFSS",
    "Topic": "Obesity / Weight Status",
    "Data_Value": 30.1,
    "Sample_Size": 834,
    "Stratification1": "Hawaiian / Pacific Islander",
    "StratificationId1": "RACEHPI",
    "LocationDisplayOrder": 0
  },
  {
    "ID": 38971,
    "Description": 2013,
    "LocationAbbr": "AL",
    "LocationDesc": "Alabama",
    "DataSource": "BRFSS",
    "Topic": "Obesity / Weight Status",
    "Data_Value": "~",
    "Sample_Size": "~",
    "Stratification1": "Hawaiian / Pacific Islander",
    "StratificationId1": "RACEHPI",
    "LocationDisplayOrder": 1
  },
  {
    "ID": 12263,
    "Description": 2013,
    "LocationAbbr": "AK",
    "LocationDesc": "Alaska",
    "DataSource": "BRFSS",
    "Topic": "Obesity / Weight Status",
    "Data_Value": "~",
    "Sample_Size": "~",
    "Stratification1": "Hawaiian / Pacific Islander",
    "StratificationId1": "RACEHPI",
    "LocationDisplayOrder": 2
  },
  {
    "ID": 31406,
    "Description": 2013,
    "LocationAbbr": "AZ",
    "LocationDesc": "Arizona",
    "DataSource": "BRFSS",
    "Topic": "Obesity / Weight Status",
    "Data_Value": "~",
    "Sample_Size": "~",
    "Stratification1": "Hawaiian / Pacific Islander",
    "StratificationId1": "RACEHPI",
    "LocationDisplayOrder": 4
  },
  {
    "ID": 2973,
    "Description": 2013,
    "LocationAbbr": "AR",
    "LocationDesc": "Arkansas",
    "DataSource": "BRFSS",
    "Topic": "Obesity / Weight Status",
    "Data_Value": "~",
    "Sample_Size": "~",
    "Stratification1": "Hawaiian / Pacific Islander",
    "StratificationId1": "RACEHPI",
    "LocationDisplayOrder": 5
  },
  {
    "ID": 30703,
    "Description": 2013,
    "LocationAbbr": "CA",
    "LocationDesc": "California",
    "DataSource": "BRFSS",
    "Topic": "Obesity / Weight Status",
    "Data_Value": "~",
    "Sample_Size": "~",
    "Stratification1": "Hawaiian / Pacific Islander",
    "StratificationId1": "RACEHPI",
    "LocationDisplayOrder": 6
  },
  {
    "ID": 23978,
    "Description": 2013,
    "LocationAbbr": "CO",
    "LocationDesc": "Colorado",
    "DataSource": "BRFSS",
    "Topic": "Obesity / Weight Status",
    "Data_Value": "~",
    "Sample_Size": "~",
    "Stratification1": "Hawaiian / Pacific Islander",
    "StratificationId1": "RACEHPI",
    "LocationDisplayOrder": 8
  },
  {
    "ID": 5201,
    "Description": 2013,
    "LocationAbbr": "CT",
    "LocationDesc": "Connecticut",
    "DataSource": "BRFSS",
    "Topic": "Obesity / Weight Status",
    "Data_Value": "~",
    "Sample_Size": "~",
    "Stratification1": "Hawaiian / Pacific Islander",
    "StratificationId1": "RACEHPI",
    "LocationDisplayOrder": 9
  },
  {
    "ID": 18649,
    "Description": 2013,
    "LocationAbbr": "DE",
    "LocationDesc": "Delaware",
    "DataSource": "BRFSS",
    "Topic": "Obesity / Weight Status",
    "Data_Value": "~",
    "Sample_Size": "~",
    "Stratification1": "Hawaiian / Pacific Islander",
    "StratificationId1": "RACEHPI",
    "LocationDisplayOrder": 10
  },
  {
    "ID": 37494,
    "Description": 2013,
    "LocationAbbr": "DC",
    "LocationDesc": "District of Columbia",
    "DataSource": "BRFSS",
    "Topic": "Obesity / Weight Status",
    "Data_Value": "~",
    "Sample_Size": "~",
    "Stratification1": "Hawaiian / Pacific Islander",
    "StratificationId1": "RACEHPI",
    "LocationDisplayOrder": 11
  },
  {
    "ID": 28667,
    "Description": 2013,
    "LocationAbbr": "FL",
    "LocationDesc": "Florida",
    "DataSource": "BRFSS",
    "Topic": "Obesity / Weight Status",
    "Data_Value": 22.4,
    "Sample_Size": 56,
    "Stratification1": "Hawaiian / Pacific Islander",
    "StratificationId1": "RACEHPI",
    "LocationDisplayOrder": 12
  },
  {
    "ID": 32641,
    "Description": 2013,
    "LocationAbbr": "GA",
    "LocationDesc": "Georgia",
    "DataSource": "BRFSS",
    "Topic": "Obesity / Weight Status",
    "Data_Value": "~",
    "Sample_Size": "~",
    "Stratification1": "Hawaiian / Pacific Islander",
    "StratificationId1": "RACEHPI",
    "LocationDisplayOrder": 13
  },
  {
    "ID": 15702,
    "Description": 2013,
    "LocationAbbr": "HI",
    "LocationDesc": "Hawaii",
    "DataSource": "BRFSS",
    "Topic": "Obesity / Weight Status",
    "Data_Value": 56.2,
    "Sample_Size": 243,
    "Stratification1": "Hawaiian / Pacific Islander",
    "StratificationId1": "RACEHPI",
    "LocationDisplayOrder": 15
  },
  {
    "ID": 10834,
    "Description": 2013,
    "LocationAbbr": "ID",
    "LocationDesc": "Idaho",
    "DataSource": "BRFSS",
    "Topic": "Obesity / Weight Status",
    "Data_Value": "~",
    "Sample_Size": "~",
    "Stratification1": "Hawaiian / Pacific Islander",
    "StratificationId1": "RACEHPI",
    "LocationDisplayOrder": 16
  },
  {
    "ID": 4080,
    "Description": 2013,
    "LocationAbbr": "IL",
    "LocationDesc": "Illinois",
    "DataSource": "BRFSS",
    "Topic": "Obesity / Weight Status",
    "Data_Value": "~",
    "Sample_Size": "~",
    "Stratification1": "Hawaiian / Pacific Islander",
    "StratificationId1": "RACEHPI",
    "LocationDisplayOrder": 17
  },
  {
    "ID": 19810,
    "Description": 2013,
    "LocationAbbr": "IN",
    "LocationDesc": "Indiana",
    "DataSource": "BRFSS",
    "Topic": "Obesity / Weight Status",
    "Data_Value": "~",
    "Sample_Size": "~",
    "Stratification1": "Hawaiian / Pacific Islander",
    "StratificationId1": "RACEHPI",
    "LocationDisplayOrder": 18
  },
  {
    "ID": 25479,
    "Description": 2013,
    "LocationAbbr": "IA",
    "LocationDesc": "Iowa",
    "DataSource": "BRFSS",
    "Topic": "Obesity / Weight Status",
    "Data_Value": "~",
    "Sample_Size": "~",
    "Stratification1": "Hawaiian / Pacific Islander",
    "StratificationId1": "RACEHPI",
    "LocationDisplayOrder": 19
  },
  {
    "ID": 39838,
    "Description": 2013,
    "LocationAbbr": "KS",
    "LocationDesc": "Kansas",
    "DataSource": "BRFSS",
    "Topic": "Obesity / Weight Status",
    "Data_Value": "~",
    "Sample_Size": "~",
    "Stratification1": "Hawaiian / Pacific Islander",
    "StratificationId1": "RACEHPI",
    "LocationDisplayOrder": 20
  },
  {
    "ID": 26735,
    "Description": 2013,
    "LocationAbbr": "KY",
    "LocationDesc": "Kentucky",
    "DataSource": "BRFSS",
    "Topic": "Obesity / Weight Status",
    "Data_Value": "~",
    "Sample_Size": "~",
    "Stratification1": "Hawaiian / Pacific Islander",
    "StratificationId1": "RACEHPI",
    "LocationDisplayOrder": 21
  },
  {
    "ID": 26506,
    "Description": 2013,
    "LocationAbbr": "LA",
    "LocationDesc": "Louisiana",
    "DataSource": "BRFSS",
    "Topic": "Obesity / Weight Status",
    "Data_Value": "~",
    "Sample_Size": "~",
    "Stratification1": "Hawaiian / Pacific Islander",
    "StratificationId1": "RACEHPI",
    "LocationDisplayOrder": 22
  },
  {
    "ID": 3917,
    "Description": 2013,
    "LocationAbbr": "ME",
    "LocationDesc": "Maine",
    "DataSource": "BRFSS",
    "Topic": "Obesity / Weight Status",
    "Data_Value": "~",
    "Sample_Size": "~",
    "Stratification1": "Hawaiian / Pacific Islander",
    "StratificationId1": "RACEHPI",
    "LocationDisplayOrder": 23
  },
  {
    "ID": 13148,
    "Description": 2013,
    "LocationAbbr": "MD",
    "LocationDesc": "Maryland",
    "DataSource": "BRFSS",
    "Topic": "Obesity / Weight Status",
    "Data_Value": "~",
    "Sample_Size": "~",
    "Stratification1": "Hawaiian / Pacific Islander",
    "StratificationId1": "RACEHPI",
    "LocationDisplayOrder": 24
  },
  {
    "ID": 38171,
    "Description": 2013,
    "LocationAbbr": "MA",
    "LocationDesc": "Massachusetts",
    "DataSource": "BRFSS",
    "Topic": "Obesity / Weight Status",
    "Data_Value": "~",
    "Sample_Size": "~",
    "Stratification1": "Hawaiian / Pacific Islander",
    "StratificationId1": "RACEHPI",
    "LocationDisplayOrder": 25
  },
  {
    "ID": 32320,
    "Description": 2013,
    "LocationAbbr": "MI",
    "LocationDesc": "Michigan",
    "DataSource": "BRFSS",
    "Topic": "Obesity / Weight Status",
    "Data_Value": "~",
    "Sample_Size": "~",
    "Stratification1": "Hawaiian / Pacific Islander",
    "StratificationId1": "RACEHPI",
    "LocationDisplayOrder": 26
  },
  {
    "ID": 36919,
    "Description": 2013,
    "LocationAbbr": "MN",
    "LocationDesc": "Minnesota",
    "DataSource": "BRFSS",
    "Topic": "Obesity / Weight Status",
    "Data_Value": "~",
    "Sample_Size": "~",
    "Stratification1": "Hawaiian / Pacific Islander",
    "StratificationId1": "RACEHPI",
    "LocationDisplayOrder": 27
  },
  {
    "ID": 9322,
    "Description": 2013,
    "LocationAbbr": "MS",
    "LocationDesc": "Mississippi",
    "DataSource": "BRFSS",
    "Topic": "Obesity / Weight Status",
    "Data_Value": "~",
    "Sample_Size": "~",
    "Stratification1": "Hawaiian / Pacific Islander",
    "StratificationId1": "RACEHPI",
    "LocationDisplayOrder": 28
  },
  {
    "ID": 30557,
    "Description": 2013,
    "LocationAbbr": "MO",
    "LocationDesc": "Missouri",
    "DataSource": "BRFSS",
    "Topic": "Obesity / Weight Status",
    "Data_Value": "~",
    "Sample_Size": "~",
    "Stratification1": "Hawaiian / Pacific Islander",
    "StratificationId1": "RACEHPI",
    "LocationDisplayOrder": 29
  },
  {
    "ID": 16838,
    "Description": 2013,
    "LocationAbbr": "MT",
    "LocationDesc": "Montana",
    "DataSource": "BRFSS",
    "Topic": "Obesity / Weight Status",
    "Data_Value": "~",
    "Sample_Size": "~",
    "Stratification1": "Hawaiian / Pacific Islander",
    "StratificationId1": "RACEHPI",
    "LocationDisplayOrder": 30
  },
  {
    "ID": 15386,
    "Description": 2013,
    "LocationAbbr": "NE",
    "LocationDesc": "Nebraska",
    "DataSource": "BRFSS",
    "Topic": "Obesity / Weight Status",
    "Data_Value": "~",
    "Sample_Size": "~",
    "Stratification1": "Hawaiian / Pacific Islander",
    "StratificationId1": "RACEHPI",
    "LocationDisplayOrder": 31
  },
  {
    "ID": 9280,
    "Description": 2013,
    "LocationAbbr": "NV",
    "LocationDesc": "Nevada",
    "DataSource": "BRFSS",
    "Topic": "Obesity / Weight Status",
    "Data_Value": "~",
    "Sample_Size": "~",
    "Stratification1": "Hawaiian / Pacific Islander",
    "StratificationId1": "RACEHPI",
    "LocationDisplayOrder": 32
  },
  {
    "ID": 2299,
    "Description": 2013,
    "LocationAbbr": "NH",
    "LocationDesc": "New Hampshire",
    "DataSource": "BRFSS",
    "Topic": "Obesity / Weight Status",
    "Data_Value": "~",
    "Sample_Size": "~",
    "Stratification1": "Hawaiian / Pacific Islander",
    "StratificationId1": "RACEHPI",
    "LocationDisplayOrder": 33
  },
  {
    "ID": 26188,
    "Description": 2013,
    "LocationAbbr": "NJ",
    "LocationDesc": "New Jersey",
    "DataSource": "BRFSS",
    "Topic": "Obesity / Weight Status",
    "Data_Value": "~",
    "Sample_Size": "~",
    "Stratification1": "Hawaiian / Pacific Islander",
    "StratificationId1": "RACEHPI",
    "LocationDisplayOrder": 34
  },
  {
    "ID": 16152,
    "Description": 2013,
    "LocationAbbr": "NM",
    "LocationDesc": "New Mexico",
    "DataSource": "BRFSS",
    "Topic": "Obesity / Weight Status",
    "Data_Value": "~",
    "Sample_Size": "~",
    "Stratification1": "Hawaiian / Pacific Islander",
    "StratificationId1": "RACEHPI",
    "LocationDisplayOrder": 35
  },
  {
    "ID": 34053,
    "Description": 2013,
    "LocationAbbr": "NY",
    "LocationDesc": "New York",
    "DataSource": "BRFSS",
    "Topic": "Obesity / Weight Status",
    "Data_Value": "~",
    "Sample_Size": "~",
    "Stratification1": "Hawaiian / Pacific Islander",
    "StratificationId1": "RACEHPI",
    "LocationDisplayOrder": 36
  },
  {
    "ID": 33851,
    "Description": 2013,
    "LocationAbbr": "NC",
    "LocationDesc": "North Carolina",
    "DataSource": "BRFSS",
    "Topic": "Obesity / Weight Status",
    "Data_Value": "~",
    "Sample_Size": "~",
    "Stratification1": "Hawaiian / Pacific Islander",
    "StratificationId1": "RACEHPI",
    "LocationDisplayOrder": 37
  },
  {
    "ID": 28353,
    "Description": 2013,
    "LocationAbbr": "ND",
    "LocationDesc": "North Dakota",
    "DataSource": "BRFSS",
    "Topic": "Obesity / Weight Status",
    "Data_Value": "~",
    "Sample_Size": "~",
    "Stratification1": "Hawaiian / Pacific Islander",
    "StratificationId1": "RACEHPI",
    "LocationDisplayOrder": 38
  },
  {
    "ID": 18760,
    "Description": 2013,
    "LocationAbbr": "OH",
    "LocationDesc": "Ohio",
    "DataSource": "BRFSS",
    "Topic": "Obesity / Weight Status",
    "Data_Value": "~",
    "Sample_Size": "~",
    "Stratification1": "Hawaiian / Pacific Islander",
    "StratificationId1": "RACEHPI",
    "LocationDisplayOrder": 39
  },
  {
    "ID": 22949,
    "Description": 2013,
    "LocationAbbr": "OK",
    "LocationDesc": "Oklahoma",
    "DataSource": "BRFSS",
    "Topic": "Obesity / Weight Status",
    "Data_Value": "~",
    "Sample_Size": "~",
    "Stratification1": "Hawaiian / Pacific Islander",
    "StratificationId1": "RACEHPI",
    "LocationDisplayOrder": 40
  },
  {
    "ID": 7871,
    "Description": 2013,
    "LocationAbbr": "OR",
    "LocationDesc": "Oregon",
    "DataSource": "BRFSS",
    "Topic": "Obesity / Weight Status",
    "Data_Value": "~",
    "Sample_Size": "~",
    "Stratification1": "Hawaiian / Pacific Islander",
    "StratificationId1": "RACEHPI",
    "LocationDisplayOrder": 41
  },
  {
    "ID": 10390,
    "Description": 2013,
    "LocationAbbr": "PA",
    "LocationDesc": "Pennsylvania",
    "DataSource": "BRFSS",
    "Topic": "Obesity / Weight Status",
    "Data_Value": "~",
    "Sample_Size": "~",
    "Stratification1": "Hawaiian / Pacific Islander",
    "StratificationId1": "RACEHPI",
    "LocationDisplayOrder": 42
  },
  {
    "ID": 11837,
    "Description": 2013,
    "LocationAbbr": "RI",
    "LocationDesc": "Rhode Island",
    "DataSource": "BRFSS",
    "Topic": "Obesity / Weight Status",
    "Data_Value": "~",
    "Sample_Size": "~",
    "Stratification1": "Hawaiian / Pacific Islander",
    "StratificationId1": "RACEHPI",
    "LocationDisplayOrder": 44
  },
  {
    "ID": 7614,
    "Description": 2013,
    "LocationAbbr": "SC",
    "LocationDesc": "South Carolina",
    "DataSource": "BRFSS",
    "Topic": "Obesity / Weight Status",
    "Data_Value": "~",
    "Sample_Size": "~",
    "Stratification1": "Hawaiian / Pacific Islander",
    "StratificationId1": "RACEHPI",
    "LocationDisplayOrder": 45
  },
  {
    "ID": 26829,
    "Description": 2013,
    "LocationAbbr": "SD",
    "LocationDesc": "South Dakota",
    "DataSource": "BRFSS",
    "Topic": "Obesity / Weight Status",
    "Data_Value": "~",
    "Sample_Size": "~",
    "Stratification1": "Hawaiian / Pacific Islander",
    "StratificationId1": "RACEHPI",
    "LocationDisplayOrder": 46
  },
  {
    "ID": 34330,
    "Description": 2013,
    "LocationAbbr": "TN",
    "LocationDesc": "Tennessee",
    "DataSource": "BRFSS",
    "Topic": "Obesity / Weight Status",
    "Data_Value": "~",
    "Sample_Size": "~",
    "Stratification1": "Hawaiian / Pacific Islander",
    "StratificationId1": "RACEHPI",
    "LocationDisplayOrder": 47
  },
  {
    "ID": 25757,
    "Description": 2013,
    "LocationAbbr": "TX",
    "LocationDesc": "Texas",
    "DataSource": "BRFSS",
    "Topic": "Obesity / Weight Status",
    "Data_Value": "~",
    "Sample_Size": "~",
    "Stratification1": "Hawaiian / Pacific Islander",
    "StratificationId1": "RACEHPI",
    "LocationDisplayOrder": 48
  },
  {
    "ID": 22245,
    "Description": 2013,
    "LocationAbbr": "UT",
    "LocationDesc": "Utah",
    "DataSource": "BRFSS",
    "Topic": "Obesity / Weight Status",
    "Data_Value": "~",
    "Sample_Size": "~",
    "Stratification1": "Hawaiian / Pacific Islander",
    "StratificationId1": "RACEHPI",
    "LocationDisplayOrder": 49
  },
  {
    "ID": 38147,
    "Description": 2013,
    "LocationAbbr": "VT",
    "LocationDesc": "Vermont",
    "DataSource": "BRFSS",
    "Topic": "Obesity / Weight Status",
    "Data_Value": "~",
    "Sample_Size": "~",
    "Stratification1": "Hawaiian / Pacific Islander",
    "StratificationId1": "RACEHPI",
    "LocationDisplayOrder": 50
  },
  {
    "ID": 4369,
    "Description": 2013,
    "LocationAbbr": "VA",
    "LocationDesc": "Virginia",
    "DataSource": "BRFSS",
    "Topic": "Obesity / Weight Status",
    "Data_Value": "~",
    "Sample_Size": "~",
    "Stratification1": "Hawaiian / Pacific Islander",
    "StratificationId1": "RACEHPI",
    "LocationDisplayOrder": 51
  },
  {
    "ID": 8267,
    "Description": 2013,
    "LocationAbbr": "WA",
    "LocationDesc": "Washington",
    "DataSource": "BRFSS",
    "Topic": "Obesity / Weight Status",
    "Data_Value": "~",
    "Sample_Size": "~",
    "Stratification1": "Hawaiian / Pacific Islander",
    "StratificationId1": "RACEHPI",
    "LocationDisplayOrder": 53
  },
  {
    "ID": 20873,
    "Description": 2013,
    "LocationAbbr": "WV",
    "LocationDesc": "West Virginia",
    "DataSource": "BRFSS",
    "Topic": "Obesity / Weight Status",
    "Data_Value": "~",
    "Sample_Size": "~",
    "Stratification1": "Hawaiian / Pacific Islander",
    "StratificationId1": "RACEHPI",
    "LocationDisplayOrder": 54
  },
  {
    "ID": 24288,
    "Description": 2013,
    "LocationAbbr": "WI",
    "LocationDesc": "Wisconsin",
    "DataSource": "BRFSS",
    "Topic": "Obesity / Weight Status",
    "Data_Value": "~",
    "Sample_Size": "~",
    "Stratification1": "Hawaiian / Pacific Islander",
    "StratificationId1": "RACEHPI",
    "LocationDisplayOrder": 55
  },
  {
    "ID": 14025,
    "Description": 2013,
    "LocationAbbr": "WY",
    "LocationDesc": "Wyoming",
    "DataSource": "BRFSS",
    "Topic": "Obesity / Weight Status",
    "Data_Value": "~",
    "Sample_Size": "~",
    "Stratification1": "Hawaiian / Pacific Islander",
    "StratificationId1": "RACEHPI",
    "LocationDisplayOrder": 56
  },
  {
    "ID": 486,
    "Description": 2013,
    "LocationAbbr": "PR",
    "LocationDesc": "Puerto Rico",
    "DataSource": "BRFSS",
    "Topic": "Obesity / Weight Status",
    "Data_Value": "~",
    "Sample_Size": "~",
    "Stratification1": "Hawaiian / Pacific Islander",
    "StratificationId1": "RACEHPI",
    "LocationDisplayOrder": 72
  },
  {
    "ID": "",
    "Description": "",
    "LocationAbbr": "",
    "LocationDesc": "",
    "DataSource": "",
    "Topic": "",
    "Data_Value": "",
    "Sample_Size": "",
    "Stratification1": "",
    "StratificationId1": "",
    "LocationDisplayOrder": ""
  },
  {
    "ID": "",
    "Description": "",
    "LocationAbbr": "",
    "LocationDesc": "",
    "DataSource": "",
    "Topic": "",
    "Data_Value": "",
    "Sample_Size": "",
    "Stratification1": "",
    "StratificationId1": "",
    "LocationDisplayOrder": ""
  },
  {
    "ID": "",
    "Description": "",
    "LocationAbbr": "",
    "LocationDesc": "",
    "DataSource": "",
    "Topic": "",
    "Data_Value": "",
    "Sample_Size": "",
    "Stratification1": "",
    "StratificationId1": "",
    "LocationDisplayOrder": ""
  },
  {
    "ID": "",
    "Description": "",
    "LocationAbbr": "",
    "LocationDesc": "",
    "DataSource": "",
    "Topic": "",
    "Data_Value": "",
    "Sample_Size": "",
    "Stratification1": "",
    "StratificationId1": "",
    "LocationDisplayOrder": ""
  },
  {
    "ID": "",
    "Description": "",
    "LocationAbbr": "",
    "LocationDesc": "",
    "DataSource": "",
    "Topic": "",
    "Data_Value": "",
    "Sample_Size": "",
    "Stratification1": "",
    "StratificationId1": "",
    "LocationDisplayOrder": ""
  },
  {
    "ID": "",
    "Description": "",
    "LocationAbbr": "",
    "LocationDesc": "",
    "DataSource": "",
    "Topic": "",
    "Data_Value": "",
    "Sample_Size": "",
    "Stratification1": "",
    "StratificationId1": "",
    "LocationDisplayOrder": ""
  },
  {
    "ID": "",
    "Description": "",
    "LocationAbbr": "",
    "LocationDesc": "",
    "DataSource": "",
    "Topic": "",
    "Data_Value": "",
    "Sample_Size": "",
    "Stratification1": "",
    "StratificationId1": "",
    "LocationDisplayOrder": ""
  },
  {
    "ID": "",
    "Description": "",
    "LocationAbbr": "",
    "LocationDesc": "",
    "DataSource": "",
    "Topic": "",
    "Data_Value": "",
    "Sample_Size": "",
    "Stratification1": "",
    "StratificationId1": "",
    "LocationDisplayOrder": ""
  },
  {
    "ID": "",
    "Description": "",
    "LocationAbbr": "",
    "LocationDesc": "",
    "DataSource": "",
    "Topic": "",
    "Data_Value": "",
    "Sample_Size": "",
    "Stratification1": "",
    "StratificationId1": "",
    "LocationDisplayOrder": ""
  },
  {
    "ID": "",
    "Description": "",
    "LocationAbbr": "",
    "LocationDesc": "",
    "DataSource": "",
    "Topic": "",
    "Data_Value": "",
    "Sample_Size": "",
    "Stratification1": "",
    "StratificationId1": "",
    "LocationDisplayOrder": ""
  }
]