[
  {
    "ID": 1980,
    "Description": 2013,
    "LocationAbbr": "US",
    "LocationDesc": "National",
    "DataSource": "BRFSS",
    "Topic": "Obesity / Weight Status",
    "Data_Value": 26.4,
    "Sample_Size": "45,270",
    "Stratification1": "25 - 34",
    "StratificationId1": "AGEYR2534",
    "LocationDisplayOrder": 0
  },
  {
    "ID": 19462,
    "Description": 2013,
    "LocationAbbr": "AL",
    "LocationDesc": "Alabama",
    "DataSource": "BRFSS",
    "Topic": "Obesity / Weight Status",
    "Data_Value": 30.4,
    "Sample_Size": 491,
    "Stratification1": "25 - 34",
    "StratificationId1": "AGEYR2534",
    "LocationDisplayOrder": 1
  },
  {
    "ID": 19892,
    "Description": 2013,
    "LocationAbbr": "AK",
    "LocationDesc": "Alaska",
    "DataSource": "BRFSS",
    "Topic": "Obesity / Weight Status",
    "Data_Value": 28.1,
    "Sample_Size": 614,
    "Stratification1": "25 - 34",
    "StratificationId1": "AGEYR2534",
    "LocationDisplayOrder": 2
  },
  {
    "ID": 15715,
    "Description": 2013,
    "LocationAbbr": "AZ",
    "LocationDesc": "Arizona",
    "DataSource": "BRFSS",
    "Topic": "Obesity / Weight Status",
    "Data_Value": 29.6,
    "Sample_Size": 361,
    "Stratification1": "25 - 34",
    "StratificationId1": "AGEYR2534",
    "LocationDisplayOrder": 4
  },
  {
    "ID": 13058,
    "Description": 2013,
    "LocationAbbr": "AR",
    "LocationDesc": "Arkansas",
    "DataSource": "BRFSS",
    "Topic": "Obesity / Weight Status",
    "Data_Value": 34.2,
    "Sample_Size": 386,
    "Stratification1": "25 - 34",
    "StratificationId1": "AGEYR2534",
    "LocationDisplayOrder": 5
  },
  {
    "ID": 28390,
    "Description": 2013,
    "LocationAbbr": "CA",
    "LocationDesc": "California",
    "DataSource": "BRFSS",
    "Topic": "Obesity / Weight Status",
    "Data_Value": 23,
    "Sample_Size": "1,538",
    "Stratification1": "25 - 34",
    "StratificationId1": "AGEYR2534",
    "LocationDisplayOrder": 6
  },
  {
    "ID": 31976,
    "Description": 2013,
    "LocationAbbr": "CO",
    "LocationDesc": "Colorado",
    "DataSource": "BRFSS",
    "Topic": "Obesity / Weight Status",
    "Data_Value": 20.8,
    "Sample_Size": "1,338",
    "Stratification1": "25 - 34",
    "StratificationId1": "AGEYR2534",
    "LocationDisplayOrder": 8
  },
  {
    "ID": 38384,
    "Description": 2013,
    "LocationAbbr": "CT",
    "LocationDesc": "Connecticut",
    "DataSource": "BRFSS",
    "Topic": "Obesity / Weight Status",
    "Data_Value": 21.5,
    "Sample_Size": 704,
    "Stratification1": "25 - 34",
    "StratificationId1": "AGEYR2534",
    "LocationDisplayOrder": 9
  },
  {
    "ID": 17688,
    "Description": 2013,
    "LocationAbbr": "DE",
    "LocationDesc": "Delaware",
    "DataSource": "BRFSS",
    "Topic": "Obesity / Weight Status",
    "Data_Value": 30.8,
    "Sample_Size": 444,
    "Stratification1": "25 - 34",
    "StratificationId1": "AGEYR2534",
    "LocationDisplayOrder": 10
  },
  {
    "ID": 21475,
    "Description": 2013,
    "LocationAbbr": "DC",
    "LocationDesc": "District of Columbia",
    "DataSource": "BRFSS",
    "Topic": "Obesity / Weight Status",
    "Data_Value": 18.9,
    "Sample_Size": 439,
    "Stratification1": "25 - 34",
    "StratificationId1": "AGEYR2534",
    "LocationDisplayOrder": 11
  },
  {
    "ID": 12237,
    "Description": 2013,
    "LocationAbbr": "FL",
    "LocationDesc": "Florida",
    "DataSource": "BRFSS",
    "Topic": "Obesity / Weight Status",
    "Data_Value": 25.3,
    "Sample_Size": "2,344",
    "Stratification1": "25 - 34",
    "StratificationId1": "AGEYR2534",
    "LocationDisplayOrder": 12
  },
  {
    "ID": 15835,
    "Description": 2013,
    "LocationAbbr": "GA",
    "LocationDesc": "Georgia",
    "DataSource": "BRFSS",
    "Topic": "Obesity / Weight Status",
    "Data_Value": 27.3,
    "Sample_Size": 822,
    "Stratification1": "25 - 34",
    "StratificationId1": "AGEYR2534",
    "LocationDisplayOrder": 13
  },
  {
    "ID": 29528,
    "Description": 2013,
    "LocationAbbr": "HI",
    "LocationDesc": "Hawaii",
    "DataSource": "BRFSS",
    "Topic": "Obesity / Weight Status",
    "Data_Value": 25.8,
    "Sample_Size": 937,
    "Stratification1": "25 - 34",
    "StratificationId1": "AGEYR2534",
    "LocationDisplayOrder": 15
  },
  {
    "ID": 19298,
    "Description": 2013,
    "LocationAbbr": "ID",
    "LocationDesc": "Idaho",
    "DataSource": "BRFSS",
    "Topic": "Obesity / Weight Status",
    "Data_Value": 27.6,
    "Sample_Size": 546,
    "Stratification1": "25 - 34",
    "StratificationId1": "AGEYR2534",
    "LocationDisplayOrder": 16
  },
  {
    "ID": 23734,
    "Description": 2013,
    "LocationAbbr": "IL",
    "LocationDesc": "Illinois",
    "DataSource": "BRFSS",
    "Topic": "Obesity / Weight Status",
    "Data_Value": 24,
    "Sample_Size": 551,
    "Stratification1": "25 - 34",
    "StratificationId1": "AGEYR2534",
    "LocationDisplayOrder": 17
  },
  {
    "ID": 13156,
    "Description": 2013,
    "LocationAbbr": "IN",
    "LocationDesc": "Indiana",
    "DataSource": "BRFSS",
    "Topic": "Obesity / Weight Status",
    "Data_Value": 29.2,
    "Sample_Size": 848,
    "Stratification1": "25 - 34",
    "StratificationId1": "AGEYR2534",
    "LocationDisplayOrder": 18
  },
  {
    "ID": 12740,
    "Description": 2013,
    "LocationAbbr": "IA",
    "LocationDesc": "Iowa",
    "DataSource": "BRFSS",
    "Topic": "Obesity / Weight Status",
    "Data_Value": 31.5,
    "Sample_Size": 665,
    "Stratification1": "25 - 34",
    "StratificationId1": "AGEYR2534",
    "LocationDisplayOrder": 19
  },
  {
    "ID": 20376,
    "Description": 2013,
    "LocationAbbr": "KS",
    "LocationDesc": "Kansas",
    "DataSource": "BRFSS",
    "Topic": "Obesity / Weight Status",
    "Data_Value": 28.9,
    "Sample_Size": "2,210",
    "Stratification1": "25 - 34",
    "StratificationId1": "AGEYR2534",
    "LocationDisplayOrder": 20
  },
  {
    "ID": 15786,
    "Description": 2013,
    "LocationAbbr": "KY",
    "LocationDesc": "Kentucky",
    "DataSource": "BRFSS",
    "Topic": "Obesity / Weight Status",
    "Data_Value": 29.2,
    "Sample_Size": 842,
    "Stratification1": "25 - 34",
    "StratificationId1": "AGEYR2534",
    "LocationDisplayOrder": 21
  },
  {
    "ID": 29713,
    "Description": 2013,
    "LocationAbbr": "LA",
    "LocationDesc": "Louisiana",
    "DataSource": "BRFSS",
    "Topic": "Obesity / Weight Status",
    "Data_Value": 27.5,
    "Sample_Size": 403,
    "Stratification1": "25 - 34",
    "StratificationId1": "AGEYR2534",
    "LocationDisplayOrder": 22
  },
  {
    "ID": 34504,
    "Description": 2013,
    "LocationAbbr": "ME",
    "LocationDesc": "Maine",
    "DataSource": "BRFSS",
    "Topic": "Obesity / Weight Status",
    "Data_Value": 24,
    "Sample_Size": 578,
    "Stratification1": "25 - 34",
    "StratificationId1": "AGEYR2534",
    "LocationDisplayOrder": 23
  },
  {
    "ID": 17437,
    "Description": 2013,
    "LocationAbbr": "MD",
    "LocationDesc": "Maryland",
    "DataSource": "BRFSS",
    "Topic": "Obesity / Weight Status",
    "Data_Value": 25.5,
    "Sample_Size": "1,025",
    "Stratification1": "25 - 34",
    "StratificationId1": "AGEYR2534",
    "LocationDisplayOrder": 24
  },
  {
    "ID": 6255,
    "Description": 2013,
    "LocationAbbr": "MA",
    "LocationDesc": "Massachusetts",
    "DataSource": "BRFSS",
    "Topic": "Obesity / Weight Status",
    "Data_Value": 22.1,
    "Sample_Size": "1,368",
    "Stratification1": "25 - 34",
    "StratificationId1": "AGEYR2534",
    "LocationDisplayOrder": 25
  },
  {
    "ID": 3411,
    "Description": 2013,
    "LocationAbbr": "MI",
    "LocationDesc": "Michigan",
    "DataSource": "BRFSS",
    "Topic": "Obesity / Weight Status",
    "Data_Value": 30.3,
    "Sample_Size": "1,064",
    "Stratification1": "25 - 34",
    "StratificationId1": "AGEYR2534",
    "LocationDisplayOrder": 26
  },
  {
    "ID": 8851,
    "Description": 2013,
    "LocationAbbr": "MN",
    "LocationDesc": "Minnesota",
    "DataSource": "BRFSS",
    "Topic": "Obesity / Weight Status",
    "Data_Value": 23.2,
    "Sample_Size": "1,422",
    "Stratification1": "25 - 34",
    "StratificationId1": "AGEYR2534",
    "LocationDisplayOrder": 27
  },
  {
    "ID": 5919,
    "Description": 2013,
    "LocationAbbr": "MS",
    "LocationDesc": "Mississippi",
    "DataSource": "BRFSS",
    "Topic": "Obesity / Weight Status",
    "Data_Value": 35,
    "Sample_Size": 619,
    "Stratification1": "25 - 34",
    "StratificationId1": "AGEYR2534",
    "LocationDisplayOrder": 28
  },
  {
    "ID": 37192,
    "Description": 2013,
    "LocationAbbr": "MO",
    "LocationDesc": "Missouri",
    "DataSource": "BRFSS",
    "Topic": "Obesity / Weight Status",
    "Data_Value": 25.9,
    "Sample_Size": 651,
    "Stratification1": "25 - 34",
    "StratificationId1": "AGEYR2534",
    "LocationDisplayOrder": 29
  },
  {
    "ID": 39105,
    "Description": 2013,
    "LocationAbbr": "MT",
    "LocationDesc": "Montana",
    "DataSource": "BRFSS",
    "Topic": "Obesity / Weight Status",
    "Data_Value": 25.4,
    "Sample_Size": "1,026",
    "Stratification1": "25 - 34",
    "StratificationId1": "AGEYR2534",
    "LocationDisplayOrder": 30
  },
  {
    "ID": 6668,
    "Description": 2013,
    "LocationAbbr": "NE",
    "LocationDesc": "Nebraska",
    "DataSource": "BRFSS",
    "Topic": "Obesity / Weight Status",
    "Data_Value": 26.4,
    "Sample_Size": "1,553",
    "Stratification1": "25 - 34",
    "StratificationId1": "AGEYR2534",
    "LocationDisplayOrder": 31
  },
  {
    "ID": 19862,
    "Description": 2013,
    "LocationAbbr": "NV",
    "LocationDesc": "Nevada",
    "DataSource": "BRFSS",
    "Topic": "Obesity / Weight Status",
    "Data_Value": 28.3,
    "Sample_Size": 525,
    "Stratification1": "25 - 34",
    "StratificationId1": "AGEYR2534",
    "LocationDisplayOrder": 32
  },
  {
    "ID": 25285,
    "Description": 2013,
    "LocationAbbr": "NH",
    "LocationDesc": "New Hampshire",
    "DataSource": "BRFSS",
    "Topic": "Obesity / Weight Status",
    "Data_Value": 26.3,
    "Sample_Size": 481,
    "Stratification1": "25 - 34",
    "StratificationId1": "AGEYR2534",
    "LocationDisplayOrder": 33
  },
  {
    "ID": 37383,
    "Description": 2013,
    "LocationAbbr": "NJ",
    "LocationDesc": "New Jersey",
    "DataSource": "BRFSS",
    "Topic": "Obesity / Weight Status",
    "Data_Value": 23.7,
    "Sample_Size": "1,385",
    "Stratification1": "25 - 34",
    "StratificationId1": "AGEYR2534",
    "LocationDisplayOrder": 34
  },
  {
    "ID": 7582,
    "Description": 2013,
    "LocationAbbr": "NM",
    "LocationDesc": "New Mexico",
    "DataSource": "BRFSS",
    "Topic": "Obesity / Weight Status",
    "Data_Value": 29.3,
    "Sample_Size": 993,
    "Stratification1": "25 - 34",
    "StratificationId1": "AGEYR2534",
    "LocationDisplayOrder": 35
  },
  {
    "ID": 29955,
    "Description": 2013,
    "LocationAbbr": "NY",
    "LocationDesc": "New York",
    "DataSource": "BRFSS",
    "Topic": "Obesity / Weight Status",
    "Data_Value": 22.5,
    "Sample_Size": "1,070",
    "Stratification1": "25 - 34",
    "StratificationId1": "AGEYR2534",
    "LocationDisplayOrder": 36
  },
  {
    "ID": 27897,
    "Description": 2013,
    "LocationAbbr": "NC",
    "LocationDesc": "North Carolina",
    "DataSource": "BRFSS",
    "Topic": "Obesity / Weight Status",
    "Data_Value": 28.1,
    "Sample_Size": 837,
    "Stratification1": "25 - 34",
    "StratificationId1": "AGEYR2534",
    "LocationDisplayOrder": 37
  },
  {
    "ID": 13331,
    "Description": 2013,
    "LocationAbbr": "ND",
    "LocationDesc": "North Dakota",
    "DataSource": "BRFSS",
    "Topic": "Obesity / Weight Status",
    "Data_Value": 28.4,
    "Sample_Size": 841,
    "Stratification1": "25 - 34",
    "StratificationId1": "AGEYR2534",
    "LocationDisplayOrder": 38
  },
  {
    "ID": 26881,
    "Description": 2013,
    "LocationAbbr": "OH",
    "LocationDesc": "Ohio",
    "DataSource": "BRFSS",
    "Topic": "Obesity / Weight Status",
    "Data_Value": 24.8,
    "Sample_Size": "1,071",
    "Stratification1": "25 - 34",
    "StratificationId1": "AGEYR2534",
    "LocationDisplayOrder": 39
  },
  {
    "ID": 31579,
    "Description": 2013,
    "LocationAbbr": "OK",
    "LocationDesc": "Oklahoma",
    "DataSource": "BRFSS",
    "Topic": "Obesity / Weight Status",
    "Data_Value": 29.9,
    "Sample_Size": 777,
    "Stratification1": "25 - 34",
    "StratificationId1": "AGEYR2534",
    "LocationDisplayOrder": 40
  },
  {
    "ID": 18656,
    "Description": 2013,
    "LocationAbbr": "OR",
    "LocationDesc": "Oregon",
    "DataSource": "BRFSS",
    "Topic": "Obesity / Weight Status",
    "Data_Value": 26.2,
    "Sample_Size": 569,
    "Stratification1": "25 - 34",
    "StratificationId1": "AGEYR2534",
    "LocationDisplayOrder": 41
  },
  {
    "ID": 18594,
    "Description": 2013,
    "LocationAbbr": "PA",
    "LocationDesc": "Pennsylvania",
    "DataSource": "BRFSS",
    "Topic": "Obesity / Weight Status",
    "Data_Value": 27.8,
    "Sample_Size": "1,108",
    "Stratification1": "25 - 34",
    "StratificationId1": "AGEYR2534",
    "LocationDisplayOrder": 42
  },
  {
    "ID": 34744,
    "Description": 2013,
    "LocationAbbr": "RI",
    "LocationDesc": "Rhode Island",
    "DataSource": "BRFSS",
    "Topic": "Obesity / Weight Status",
    "Data_Value": 29,
    "Sample_Size": 543,
    "Stratification1": "25 - 34",
    "StratificationId1": "AGEYR2534",
    "LocationDisplayOrder": 44
  },
  {
    "ID": 17448,
    "Description": 2013,
    "LocationAbbr": "SC",
    "LocationDesc": "South Carolina",
    "DataSource": "BRFSS",
    "Topic": "Obesity / Weight Status",
    "Data_Value": 34.2,
    "Sample_Size": 952,
    "Stratification1": "25 - 34",
    "StratificationId1": "AGEYR2534",
    "LocationDisplayOrder": 45
  },
  {
    "ID": 24922,
    "Description": 2013,
    "LocationAbbr": "SD",
    "LocationDesc": "South Dakota",
    "DataSource": "BRFSS",
    "Topic": "Obesity / Weight Status",
    "Data_Value": 27.7,
    "Sample_Size": 829,
    "Stratification1": "25 - 34",
    "StratificationId1": "AGEYR2534",
    "LocationDisplayOrder": 46
  },
  {
    "ID": 17935,
    "Description": 2013,
    "LocationAbbr": "TN",
    "LocationDesc": "Tennessee",
    "DataSource": "BRFSS",
    "Topic": "Obesity / Weight Status",
    "Data_Value": 33.5,
    "Sample_Size": 520,
    "Stratification1": "25 - 34",
    "StratificationId1": "AGEYR2534",
    "LocationDisplayOrder": 47
  },
  {
    "ID": 5026,
    "Description": 2013,
    "LocationAbbr": "TX",
    "LocationDesc": "Texas",
    "DataSource": "BRFSS",
    "Topic": "Obesity / Weight Status",
    "Data_Value": 30.6,
    "Sample_Size": "1,188",
    "Stratification1": "25 - 34",
    "StratificationId1": "AGEYR2534",
    "LocationDisplayOrder": 48
  },
  {
    "ID": 24025,
    "Description": 2013,
    "LocationAbbr": "UT",
    "LocationDesc": "Utah",
    "DataSource": "BRFSS",
    "Topic": "Obesity / Weight Status",
    "Data_Value": 21.4,
    "Sample_Size": "1,723",
    "Stratification1": "25 - 34",
    "StratificationId1": "AGEYR2534",
    "LocationDisplayOrder": 49
  },
  {
    "ID": 33437,
    "Description": 2013,
    "LocationAbbr": "VT",
    "LocationDesc": "Vermont",
    "DataSource": "BRFSS",
    "Topic": "Obesity / Weight Status",
    "Data_Value": 24.5,
    "Sample_Size": 545,
    "Stratification1": "25 - 34",
    "StratificationId1": "AGEYR2534",
    "LocationDisplayOrder": 50
  },
  {
    "ID": 19649,
    "Description": 2013,
    "LocationAbbr": "VA",
    "LocationDesc": "Virginia",
    "DataSource": "BRFSS",
    "Topic": "Obesity / Weight Status",
    "Data_Value": 22.7,
    "Sample_Size": 898,
    "Stratification1": "25 - 34",
    "StratificationId1": "AGEYR2534",
    "LocationDisplayOrder": 51
  },
  {
    "ID": 11174,
    "Description": 2013,
    "LocationAbbr": "WA",
    "LocationDesc": "Washington",
    "DataSource": "BRFSS",
    "Topic": "Obesity / Weight Status",
    "Data_Value": 24.6,
    "Sample_Size": 992,
    "Stratification1": "25 - 34",
    "StratificationId1": "AGEYR2534",
    "LocationDisplayOrder": 53
  },
  {
    "ID": 15237,
    "Description": 2013,
    "LocationAbbr": "WV",
    "LocationDesc": "West Virginia",
    "DataSource": "BRFSS",
    "Topic": "Obesity / Weight Status",
    "Data_Value": 35.7,
    "Sample_Size": 547,
    "Stratification1": "25 - 34",
    "StratificationId1": "AGEYR2534",
    "LocationDisplayOrder": 54
  },
  {
    "ID": 31904,
    "Description": 2013,
    "LocationAbbr": "WI",
    "LocationDesc": "Wisconsin",
    "DataSource": "BRFSS",
    "Topic": "Obesity / Weight Status",
    "Data_Value": 25.1,
    "Sample_Size": 603,
    "Stratification1": "25 - 34",
    "StratificationId1": "AGEYR2534",
    "LocationDisplayOrder": 55
  },
  {
    "ID": 19176,
    "Description": 2013,
    "LocationAbbr": "WY",
    "LocationDesc": "Wyoming",
    "DataSource": "BRFSS",
    "Topic": "Obesity / Weight Status",
    "Data_Value": 29.9,
    "Sample_Size": 484,
    "Stratification1": "25 - 34",
    "StratificationId1": "AGEYR2534",
    "LocationDisplayOrder": 56
  },
  {
    "ID": 449,
    "Description": 2013,
    "LocationAbbr": "PR",
    "LocationDesc": "Puerto Rico",
    "DataSource": "BRFSS",
    "Topic": "Obesity / Weight Status",
    "Data_Value": 26.5,
    "Sample_Size": 626,
    "Stratification1": "25 - 34",
    "StratificationId1": "AGEYR2534",
    "LocationDisplayOrder": 72
  },
  {
    "ID": "",
    "Description": "",
    "LocationAbbr": "",
    "LocationDesc": "",
    "DataSource": "",
    "Topic": "",
    "Data_Value": "",
    "Sample_Size": "",
    "Stratification1": "",
    "StratificationId1": "",
    "LocationDisplayOrder": ""
  },
  {
    "ID": "",
    "Description": "",
    "LocationAbbr": "",
    "LocationDesc": "",
    "DataSource": "",
    "Topic": "",
    "Data_Value": "",
    "Sample_Size": "",
    "Stratification1": "",
    "StratificationId1": "",
    "LocationDisplayOrder": ""
  },
  {
    "ID": "",
    "Description": "",
    "LocationAbbr": "",
    "LocationDesc": "",
    "DataSource": "",
    "Topic": "",
    "Data_Value": "",
    "Sample_Size": "",
    "Stratification1": "",
    "StratificationId1": "",
    "LocationDisplayOrder": ""
  },
  {
    "ID": "",
    "Description": "",
    "LocationAbbr": "",
    "LocationDesc": "",
    "DataSource": "",
    "Topic": "",
    "Data_Value": "",
    "Sample_Size": "",
    "Stratification1": "",
    "StratificationId1": "",
    "LocationDisplayOrder": ""
  },
  {
    "ID": "",
    "Description": "",
    "LocationAbbr": "",
    "LocationDesc": "",
    "DataSource": "",
    "Topic": "",
    "Data_Value": "",
    "Sample_Size": "",
    "Stratification1": "",
    "StratificationId1": "",
    "LocationDisplayOrder": ""
  },
  {
    "ID": "",
    "Description": "",
    "LocationAbbr": "",
    "LocationDesc": "",
    "DataSource": "",
    "Topic": "",
    "Data_Value": "",
    "Sample_Size": "",
    "Stratification1": "",
    "StratificationId1": "",
    "LocationDisplayOrder": ""
  },
  {
    "ID": "",
    "Description": "",
    "LocationAbbr": "",
    "LocationDesc": "",
    "DataSource": "",
    "Topic": "",
    "Data_Value": "",
    "Sample_Size": "",
    "Stratification1": "",
    "StratificationId1": "",
    "LocationDisplayOrder": ""
  },
  {
    "ID": "",
    "Description": "",
    "LocationAbbr": "",
    "LocationDesc": "",
    "DataSource": "",
    "Topic": "",
    "Data_Value": "",
    "Sample_Size": "",
    "Stratification1": "",
    "StratificationId1": "",
    "LocationDisplayOrder": ""
  },
  {
    "ID": "",
    "Description": "",
    "LocationAbbr": "",
    "LocationDesc": "",
    "DataSource": "",
    "Topic": "",
    "Data_Value": "",
    "Sample_Size": "",
    "Stratification1": "",
    "StratificationId1": "",
    "LocationDisplayOrder": ""
  }
]