[
  {
    "ID": 1570,
    "Description": 2013,
    "LocationAbbr": "US",
    "LocationDesc": "National",
    "DataSource": "BRFSS",
    "Topic": "Obesity / Weight Status",
    "Data_Value": 32.3,
    "Sample_Size": "71,389",
    "Stratification1": "$15,000 - $24,999",
    "StratificationId1": "INC1525",
    "LocationDisplayOrder": 0
  },
  {
    "ID": 12691,
    "Description": 2013,
    "LocationAbbr": "AL",
    "LocationDesc": "Alabama",
    "DataSource": "BRFSS",
    "Topic": "Obesity / Weight Status",
    "Data_Value": 36.6,
    "Sample_Size": "1,115",
    "Stratification1": "$15,000 - $24,999",
    "StratificationId1": "INC1525",
    "LocationDisplayOrder": 1
  },
  {
    "ID": 3457,
    "Description": 2013,
    "LocationAbbr": "AK",
    "LocationDesc": "Alaska",
    "DataSource": "BRFSS",
    "Topic": "Obesity / Weight Status",
    "Data_Value": 32.7,
    "Sample_Size": 514,
    "Stratification1": "$15,000 - $24,999",
    "StratificationId1": "INC1525",
    "LocationDisplayOrder": 2
  },
  {
    "ID": 10112,
    "Description": 2013,
    "LocationAbbr": "AZ",
    "LocationDesc": "Arizona",
    "DataSource": "BRFSS",
    "Topic": "Obesity / Weight Status",
    "Data_Value": 33.7,
    "Sample_Size": 685,
    "Stratification1": "$15,000 - $24,999",
    "StratificationId1": "INC1525",
    "LocationDisplayOrder": 4
  },
  {
    "ID": 7744,
    "Description": 2013,
    "LocationAbbr": "AR",
    "LocationDesc": "Arkansas",
    "DataSource": "BRFSS",
    "Topic": "Obesity / Weight Status",
    "Data_Value": 35.3,
    "Sample_Size": 989,
    "Stratification1": "$15,000 - $24,999",
    "StratificationId1": "INC1525",
    "LocationDisplayOrder": 5
  },
  {
    "ID": 16777,
    "Description": 2013,
    "LocationAbbr": "CA",
    "LocationDesc": "California",
    "DataSource": "BRFSS",
    "Topic": "Obesity / Weight Status",
    "Data_Value": 27.4,
    "Sample_Size": "1,406",
    "Stratification1": "$15,000 - $24,999",
    "StratificationId1": "INC1525",
    "LocationDisplayOrder": 6
  },
  {
    "ID": 2365,
    "Description": 2013,
    "LocationAbbr": "CO",
    "LocationDesc": "Colorado",
    "DataSource": "BRFSS",
    "Topic": "Obesity / Weight Status",
    "Data_Value": 23.7,
    "Sample_Size": "1,747",
    "Stratification1": "$15,000 - $24,999",
    "StratificationId1": "INC1525",
    "LocationDisplayOrder": 8
  },
  {
    "ID": 28403,
    "Description": 2013,
    "LocationAbbr": "CT",
    "LocationDesc": "Connecticut",
    "DataSource": "BRFSS",
    "Topic": "Obesity / Weight Status",
    "Data_Value": 33.6,
    "Sample_Size": 871,
    "Stratification1": "$15,000 - $24,999",
    "StratificationId1": "INC1525",
    "LocationDisplayOrder": 9
  },
  {
    "ID": 20293,
    "Description": 2013,
    "LocationAbbr": "DE",
    "LocationDesc": "Delaware",
    "DataSource": "BRFSS",
    "Topic": "Obesity / Weight Status",
    "Data_Value": 36.3,
    "Sample_Size": 689,
    "Stratification1": "$15,000 - $24,999",
    "StratificationId1": "INC1525",
    "LocationDisplayOrder": 10
  },
  {
    "ID": 8514,
    "Description": 2013,
    "LocationAbbr": "DC",
    "LocationDesc": "District of Columbia",
    "DataSource": "BRFSS",
    "Topic": "Obesity / Weight Status",
    "Data_Value": 35.1,
    "Sample_Size": 529,
    "Stratification1": "$15,000 - $24,999",
    "StratificationId1": "INC1525",
    "LocationDisplayOrder": 11
  },
  {
    "ID": 30220,
    "Description": 2013,
    "LocationAbbr": "FL",
    "LocationDesc": "Florida",
    "DataSource": "BRFSS",
    "Topic": "Obesity / Weight Status",
    "Data_Value": 27.2,
    "Sample_Size": "6,137",
    "Stratification1": "$15,000 - $24,999",
    "StratificationId1": "INC1525",
    "LocationDisplayOrder": 12
  },
  {
    "ID": 38044,
    "Description": 2013,
    "LocationAbbr": "GA",
    "LocationDesc": "Georgia",
    "DataSource": "BRFSS",
    "Topic": "Obesity / Weight Status",
    "Data_Value": 33.4,
    "Sample_Size": "1,223",
    "Stratification1": "$15,000 - $24,999",
    "StratificationId1": "INC1525",
    "LocationDisplayOrder": 13
  },
  {
    "ID": 24848,
    "Description": 2013,
    "LocationAbbr": "HI",
    "LocationDesc": "Hawaii",
    "DataSource": "BRFSS",
    "Topic": "Obesity / Weight Status",
    "Data_Value": 26,
    "Sample_Size": "1,098",
    "Stratification1": "$15,000 - $24,999",
    "StratificationId1": "INC1525",
    "LocationDisplayOrder": 15
  },
  {
    "ID": 19303,
    "Description": 2013,
    "LocationAbbr": "ID",
    "LocationDesc": "Idaho",
    "DataSource": "BRFSS",
    "Topic": "Obesity / Weight Status",
    "Data_Value": 32.1,
    "Sample_Size": 911,
    "Stratification1": "$15,000 - $24,999",
    "StratificationId1": "INC1525",
    "LocationDisplayOrder": 16
  },
  {
    "ID": 18493,
    "Description": 2013,
    "LocationAbbr": "IL",
    "LocationDesc": "Illinois",
    "DataSource": "BRFSS",
    "Topic": "Obesity / Weight Status",
    "Data_Value": 33,
    "Sample_Size": 856,
    "Stratification1": "$15,000 - $24,999",
    "StratificationId1": "INC1525",
    "LocationDisplayOrder": 17
  },
  {
    "ID": 7270,
    "Description": 2013,
    "LocationAbbr": "IN",
    "LocationDesc": "Indiana",
    "DataSource": "BRFSS",
    "Topic": "Obesity / Weight Status",
    "Data_Value": 34.8,
    "Sample_Size": "1,659",
    "Stratification1": "$15,000 - $24,999",
    "StratificationId1": "INC1525",
    "LocationDisplayOrder": 18
  },
  {
    "ID": 8370,
    "Description": 2013,
    "LocationAbbr": "IA",
    "LocationDesc": "Iowa",
    "DataSource": "BRFSS",
    "Topic": "Obesity / Weight Status",
    "Data_Value": 33,
    "Sample_Size": "1,185",
    "Stratification1": "$15,000 - $24,999",
    "StratificationId1": "INC1525",
    "LocationDisplayOrder": 19
  },
  {
    "ID": 39173,
    "Description": 2013,
    "LocationAbbr": "KS",
    "LocationDesc": "Kansas",
    "DataSource": "BRFSS",
    "Topic": "Obesity / Weight Status",
    "Data_Value": 33.6,
    "Sample_Size": "3,424",
    "Stratification1": "$15,000 - $24,999",
    "StratificationId1": "INC1525",
    "LocationDisplayOrder": 20
  },
  {
    "ID": 37436,
    "Description": 2013,
    "LocationAbbr": "KY",
    "LocationDesc": "Kentucky",
    "DataSource": "BRFSS",
    "Topic": "Obesity / Weight Status",
    "Data_Value": 37.4,
    "Sample_Size": "1,086",
    "Stratification1": "$15,000 - $24,999",
    "StratificationId1": "INC1525",
    "LocationDisplayOrder": 21
  },
  {
    "ID": 37899,
    "Description": 2013,
    "LocationAbbr": "LA",
    "LocationDesc": "Louisiana",
    "DataSource": "BRFSS",
    "Topic": "Obesity / Weight Status",
    "Data_Value": 36.8,
    "Sample_Size": 856,
    "Stratification1": "$15,000 - $24,999",
    "StratificationId1": "INC1525",
    "LocationDisplayOrder": 22
  },
  {
    "ID": 37527,
    "Description": 2013,
    "LocationAbbr": "ME",
    "LocationDesc": "Maine",
    "DataSource": "BRFSS",
    "Topic": "Obesity / Weight Status",
    "Data_Value": 33.7,
    "Sample_Size": "1,292",
    "Stratification1": "$15,000 - $24,999",
    "StratificationId1": "INC1525",
    "LocationDisplayOrder": 23
  },
  {
    "ID": 19020,
    "Description": 2013,
    "LocationAbbr": "MD",
    "LocationDesc": "Maryland",
    "DataSource": "BRFSS",
    "Topic": "Obesity / Weight Status",
    "Data_Value": 32.6,
    "Sample_Size": "1,425",
    "Stratification1": "$15,000 - $24,999",
    "StratificationId1": "INC1525",
    "LocationDisplayOrder": 24
  },
  {
    "ID": 12822,
    "Description": 2013,
    "LocationAbbr": "MA",
    "LocationDesc": "Massachusetts",
    "DataSource": "BRFSS",
    "Topic": "Obesity / Weight Status",
    "Data_Value": 27.2,
    "Sample_Size": "2,019",
    "Stratification1": "$15,000 - $24,999",
    "StratificationId1": "INC1525",
    "LocationDisplayOrder": 25
  },
  {
    "ID": 39053,
    "Description": 2013,
    "LocationAbbr": "MI",
    "LocationDesc": "Michigan",
    "DataSource": "BRFSS",
    "Topic": "Obesity / Weight Status",
    "Data_Value": 37,
    "Sample_Size": "1,919",
    "Stratification1": "$15,000 - $24,999",
    "StratificationId1": "INC1525",
    "LocationDisplayOrder": 26
  },
  {
    "ID": 10822,
    "Description": 2013,
    "LocationAbbr": "MN",
    "LocationDesc": "Minnesota",
    "DataSource": "BRFSS",
    "Topic": "Obesity / Weight Status",
    "Data_Value": 29.3,
    "Sample_Size": "1,733",
    "Stratification1": "$15,000 - $24,999",
    "StratificationId1": "INC1525",
    "LocationDisplayOrder": 27
  },
  {
    "ID": 15189,
    "Description": 2013,
    "LocationAbbr": "MS",
    "LocationDesc": "Mississippi",
    "DataSource": "BRFSS",
    "Topic": "Obesity / Weight Status",
    "Data_Value": 40.7,
    "Sample_Size": "1,345",
    "Stratification1": "$15,000 - $24,999",
    "StratificationId1": "INC1525",
    "LocationDisplayOrder": 28
  },
  {
    "ID": 9930,
    "Description": 2013,
    "LocationAbbr": "MO",
    "LocationDesc": "Missouri",
    "DataSource": "BRFSS",
    "Topic": "Obesity / Weight Status",
    "Data_Value": 32.3,
    "Sample_Size": "1,217",
    "Stratification1": "$15,000 - $24,999",
    "StratificationId1": "INC1525",
    "LocationDisplayOrder": 29
  },
  {
    "ID": 14059,
    "Description": 2013,
    "LocationAbbr": "MT",
    "LocationDesc": "Montana",
    "DataSource": "BRFSS",
    "Topic": "Obesity / Weight Status",
    "Data_Value": 25.6,
    "Sample_Size": "1,750",
    "Stratification1": "$15,000 - $24,999",
    "StratificationId1": "INC1525",
    "LocationDisplayOrder": 30
  },
  {
    "ID": 26152,
    "Description": 2013,
    "LocationAbbr": "NE",
    "LocationDesc": "Nebraska",
    "DataSource": "BRFSS",
    "Topic": "Obesity / Weight Status",
    "Data_Value": 31.6,
    "Sample_Size": "2,699",
    "Stratification1": "$15,000 - $24,999",
    "StratificationId1": "INC1525",
    "LocationDisplayOrder": 31
  },
  {
    "ID": 3004,
    "Description": 2013,
    "LocationAbbr": "NV",
    "LocationDesc": "Nevada",
    "DataSource": "BRFSS",
    "Topic": "Obesity / Weight Status",
    "Data_Value": 25.1,
    "Sample_Size": 776,
    "Stratification1": "$15,000 - $24,999",
    "StratificationId1": "INC1525",
    "LocationDisplayOrder": 32
  },
  {
    "ID": 37668,
    "Description": 2013,
    "LocationAbbr": "NH",
    "LocationDesc": "New Hampshire",
    "DataSource": "BRFSS",
    "Topic": "Obesity / Weight Status",
    "Data_Value": 29.5,
    "Sample_Size": 845,
    "Stratification1": "$15,000 - $24,999",
    "StratificationId1": "INC1525",
    "LocationDisplayOrder": 33
  },
  {
    "ID": 22744,
    "Description": 2013,
    "LocationAbbr": "NJ",
    "LocationDesc": "New Jersey",
    "DataSource": "BRFSS",
    "Topic": "Obesity / Weight Status",
    "Data_Value": 27.6,
    "Sample_Size": "1,646",
    "Stratification1": "$15,000 - $24,999",
    "StratificationId1": "INC1525",
    "LocationDisplayOrder": 34
  },
  {
    "ID": 24884,
    "Description": 2013,
    "LocationAbbr": "NM",
    "LocationDesc": "New Mexico",
    "DataSource": "BRFSS",
    "Topic": "Obesity / Weight Status",
    "Data_Value": 29.5,
    "Sample_Size": "1,764",
    "Stratification1": "$15,000 - $24,999",
    "StratificationId1": "INC1525",
    "LocationDisplayOrder": 35
  },
  {
    "ID": 9099,
    "Description": 2013,
    "LocationAbbr": "NY",
    "LocationDesc": "New York",
    "DataSource": "BRFSS",
    "Topic": "Obesity / Weight Status",
    "Data_Value": 34.1,
    "Sample_Size": "1,278",
    "Stratification1": "$15,000 - $24,999",
    "StratificationId1": "INC1525",
    "LocationDisplayOrder": 36
  },
  {
    "ID": 5099,
    "Description": 2013,
    "LocationAbbr": "NC",
    "LocationDesc": "North Carolina",
    "DataSource": "BRFSS",
    "Topic": "Obesity / Weight Status",
    "Data_Value": 33.2,
    "Sample_Size": "1,469",
    "Stratification1": "$15,000 - $24,999",
    "StratificationId1": "INC1525",
    "LocationDisplayOrder": 37
  },
  {
    "ID": 18328,
    "Description": 2013,
    "LocationAbbr": "ND",
    "LocationDesc": "North Dakota",
    "DataSource": "BRFSS",
    "Topic": "Obesity / Weight Status",
    "Data_Value": 36.6,
    "Sample_Size": 890,
    "Stratification1": "$15,000 - $24,999",
    "StratificationId1": "INC1525",
    "LocationDisplayOrder": 38
  },
  {
    "ID": 32867,
    "Description": 2013,
    "LocationAbbr": "OH",
    "LocationDesc": "Ohio",
    "DataSource": "BRFSS",
    "Topic": "Obesity / Weight Status",
    "Data_Value": 35.8,
    "Sample_Size": "2,036",
    "Stratification1": "$15,000 - $24,999",
    "StratificationId1": "INC1525",
    "LocationDisplayOrder": 39
  },
  {
    "ID": 34582,
    "Description": 2013,
    "LocationAbbr": "OK",
    "LocationDesc": "Oklahoma",
    "DataSource": "BRFSS",
    "Topic": "Obesity / Weight Status",
    "Data_Value": 34.6,
    "Sample_Size": "1,432",
    "Stratification1": "$15,000 - $24,999",
    "StratificationId1": "INC1525",
    "LocationDisplayOrder": 40
  },
  {
    "ID": 13043,
    "Description": 2013,
    "LocationAbbr": "OR",
    "LocationDesc": "Oregon",
    "DataSource": "BRFSS",
    "Topic": "Obesity / Weight Status",
    "Data_Value": 30.1,
    "Sample_Size": 830,
    "Stratification1": "$15,000 - $24,999",
    "StratificationId1": "INC1525",
    "LocationDisplayOrder": 41
  },
  {
    "ID": 15304,
    "Description": 2013,
    "LocationAbbr": "PA",
    "LocationDesc": "Pennsylvania",
    "DataSource": "BRFSS",
    "Topic": "Obesity / Weight Status",
    "Data_Value": 32.3,
    "Sample_Size": "1,908",
    "Stratification1": "$15,000 - $24,999",
    "StratificationId1": "INC1525",
    "LocationDisplayOrder": 42
  },
  {
    "ID": 37691,
    "Description": 2013,
    "LocationAbbr": "RI",
    "LocationDesc": "Rhode Island",
    "DataSource": "BRFSS",
    "Topic": "Obesity / Weight Status",
    "Data_Value": 29.2,
    "Sample_Size": 865,
    "Stratification1": "$15,000 - $24,999",
    "StratificationId1": "INC1525",
    "LocationDisplayOrder": 44
  },
  {
    "ID": 15676,
    "Description": 2013,
    "LocationAbbr": "SC",
    "LocationDesc": "South Carolina",
    "DataSource": "BRFSS",
    "Topic": "Obesity / Weight Status",
    "Data_Value": 36.1,
    "Sample_Size": "1,808",
    "Stratification1": "$15,000 - $24,999",
    "StratificationId1": "INC1525",
    "LocationDisplayOrder": 45
  },
  {
    "ID": 6967,
    "Description": 2013,
    "LocationAbbr": "SD",
    "LocationDesc": "South Dakota",
    "DataSource": "BRFSS",
    "Topic": "Obesity / Weight Status",
    "Data_Value": 30.7,
    "Sample_Size": 872,
    "Stratification1": "$15,000 - $24,999",
    "StratificationId1": "INC1525",
    "LocationDisplayOrder": 46
  },
  {
    "ID": 35278,
    "Description": 2013,
    "LocationAbbr": "TN",
    "LocationDesc": "Tennessee",
    "DataSource": "BRFSS",
    "Topic": "Obesity / Weight Status",
    "Data_Value": 36.1,
    "Sample_Size": 927,
    "Stratification1": "$15,000 - $24,999",
    "StratificationId1": "INC1525",
    "LocationDisplayOrder": 47
  },
  {
    "ID": 6064,
    "Description": 2013,
    "LocationAbbr": "TX",
    "LocationDesc": "Texas",
    "DataSource": "BRFSS",
    "Topic": "Obesity / Weight Status",
    "Data_Value": 35.1,
    "Sample_Size": "1,646",
    "Stratification1": "$15,000 - $24,999",
    "StratificationId1": "INC1525",
    "LocationDisplayOrder": 48
  },
  {
    "ID": 15864,
    "Description": 2013,
    "LocationAbbr": "UT",
    "LocationDesc": "Utah",
    "DataSource": "BRFSS",
    "Topic": "Obesity / Weight Status",
    "Data_Value": 27.1,
    "Sample_Size": "1,503",
    "Stratification1": "$15,000 - $24,999",
    "StratificationId1": "INC1525",
    "LocationDisplayOrder": 49
  },
  {
    "ID": 14163,
    "Description": 2013,
    "LocationAbbr": "VT",
    "LocationDesc": "Vermont",
    "DataSource": "BRFSS",
    "Topic": "Obesity / Weight Status",
    "Data_Value": 30.5,
    "Sample_Size": 902,
    "Stratification1": "$15,000 - $24,999",
    "StratificationId1": "INC1525",
    "LocationDisplayOrder": 50
  },
  {
    "ID": 5371,
    "Description": 2013,
    "LocationAbbr": "VA",
    "LocationDesc": "Virginia",
    "DataSource": "BRFSS",
    "Topic": "Obesity / Weight Status",
    "Data_Value": 32.4,
    "Sample_Size": "1,161",
    "Stratification1": "$15,000 - $24,999",
    "StratificationId1": "INC1525",
    "LocationDisplayOrder": 51
  },
  {
    "ID": 20405,
    "Description": 2013,
    "LocationAbbr": "WA",
    "LocationDesc": "Washington",
    "DataSource": "BRFSS",
    "Topic": "Obesity / Weight Status",
    "Data_Value": 32.5,
    "Sample_Size": "1,398",
    "Stratification1": "$15,000 - $24,999",
    "StratificationId1": "INC1525",
    "LocationDisplayOrder": 53
  },
  {
    "ID": 14093,
    "Description": 2013,
    "LocationAbbr": "WV",
    "LocationDesc": "West Virginia",
    "DataSource": "BRFSS",
    "Topic": "Obesity / Weight Status",
    "Data_Value": 35.3,
    "Sample_Size": "1,019",
    "Stratification1": "$15,000 - $24,999",
    "StratificationId1": "INC1525",
    "LocationDisplayOrder": 54
  },
  {
    "ID": 27703,
    "Description": 2013,
    "LocationAbbr": "WI",
    "LocationDesc": "Wisconsin",
    "DataSource": "BRFSS",
    "Topic": "Obesity / Weight Status",
    "Data_Value": 31,
    "Sample_Size": "1,106",
    "Stratification1": "$15,000 - $24,999",
    "StratificationId1": "INC1525",
    "LocationDisplayOrder": 55
  },
  {
    "ID": 25591,
    "Description": 2013,
    "LocationAbbr": "WY",
    "LocationDesc": "Wyoming",
    "DataSource": "BRFSS",
    "Topic": "Obesity / Weight Status",
    "Data_Value": 30.4,
    "Sample_Size": 929,
    "Stratification1": "$15,000 - $24,999",
    "StratificationId1": "INC1525",
    "LocationDisplayOrder": 56
  },
  {
    "ID": 239,
    "Description": 2013,
    "LocationAbbr": "PR",
    "LocationDesc": "Puerto Rico",
    "DataSource": "BRFSS",
    "Topic": "Obesity / Weight Status",
    "Data_Value": 29.5,
    "Sample_Size": "1,346",
    "Stratification1": "$15,000 - $24,999",
    "StratificationId1": "INC1525",
    "LocationDisplayOrder": 72
  },
  {
    "ID": "",
    "Description": "",
    "LocationAbbr": "",
    "LocationDesc": "",
    "DataSource": "",
    "Topic": "",
    "Data_Value": "",
    "Sample_Size": "",
    "Stratification1": "",
    "StratificationId1": "",
    "LocationDisplayOrder": ""
  },
  {
    "ID": "",
    "Description": "",
    "LocationAbbr": "",
    "LocationDesc": "",
    "DataSource": "",
    "Topic": "",
    "Data_Value": "",
    "Sample_Size": "",
    "Stratification1": "",
    "StratificationId1": "",
    "LocationDisplayOrder": ""
  },
  {
    "ID": "",
    "Description": "",
    "LocationAbbr": "",
    "LocationDesc": "",
    "DataSource": "",
    "Topic": "",
    "Data_Value": "",
    "Sample_Size": "",
    "Stratification1": "",
    "StratificationId1": "",
    "LocationDisplayOrder": ""
  },
  {
    "ID": "",
    "Description": "",
    "LocationAbbr": "",
    "LocationDesc": "",
    "DataSource": "",
    "Topic": "",
    "Data_Value": "",
    "Sample_Size": "",
    "Stratification1": "",
    "StratificationId1": "",
    "LocationDisplayOrder": ""
  },
  {
    "ID": "",
    "Description": "",
    "LocationAbbr": "",
    "LocationDesc": "",
    "DataSource": "",
    "Topic": "",
    "Data_Value": "",
    "Sample_Size": "",
    "Stratification1": "",
    "StratificationId1": "",
    "LocationDisplayOrder": ""
  },
  {
    "ID": "",
    "Description": "",
    "LocationAbbr": "",
    "LocationDesc": "",
    "DataSource": "",
    "Topic": "",
    "Data_Value": "",
    "Sample_Size": "",
    "Stratification1": "",
    "StratificationId1": "",
    "LocationDisplayOrder": ""
  },
  {
    "ID": "",
    "Description": "",
    "LocationAbbr": "",
    "LocationDesc": "",
    "DataSource": "",
    "Topic": "",
    "Data_Value": "",
    "Sample_Size": "",
    "Stratification1": "",
    "StratificationId1": "",
    "LocationDisplayOrder": ""
  },
  {
    "ID": "",
    "Description": "",
    "LocationAbbr": "",
    "LocationDesc": "",
    "DataSource": "",
    "Topic": "",
    "Data_Value": "",
    "Sample_Size": "",
    "Stratification1": "",
    "StratificationId1": "",
    "LocationDisplayOrder": ""
  },
  {
    "ID": "",
    "Description": "",
    "LocationAbbr": "",
    "LocationDesc": "",
    "DataSource": "",
    "Topic": "",
    "Data_Value": "",
    "Sample_Size": "",
    "Stratification1": "",
    "StratificationId1": "",
    "LocationDisplayOrder": ""
  }
]