[
  {
    "ID": 647,
    "Description": 2013,
    "LocationAbbr": "US",
    "LocationDesc": "National",
    "DataSource": "BRFSS",
    "Topic": "Obesity / Weight Status",
    "Data_Value": 33.3,
    "Sample_Size": "78,259",
    "Stratification1": "45 - 54",
    "StratificationId1": "AGEYR4554",
    "LocationDisplayOrder": 0
  },
  {
    "ID": 9593,
    "Description": 2013,
    "LocationAbbr": "AL",
    "LocationDesc": "Alabama",
    "DataSource": "BRFSS",
    "Topic": "Obesity / Weight Status",
    "Data_Value": 40,
    "Sample_Size": "1,003",
    "Stratification1": "45 - 54",
    "StratificationId1": "AGEYR4554",
    "LocationDisplayOrder": 1
  },
  {
    "ID": 33686,
    "Description": 2013,
    "LocationAbbr": "AK",
    "LocationDesc": "Alaska",
    "DataSource": "BRFSS",
    "Topic": "Obesity / Weight Status",
    "Data_Value": 29.8,
    "Sample_Size": 877,
    "Stratification1": "45 - 54",
    "StratificationId1": "AGEYR4554",
    "LocationDisplayOrder": 2
  },
  {
    "ID": 25954,
    "Description": 2013,
    "LocationAbbr": "AZ",
    "LocationDesc": "Arizona",
    "DataSource": "BRFSS",
    "Topic": "Obesity / Weight Status",
    "Data_Value": 34.6,
    "Sample_Size": 635,
    "Stratification1": "45 - 54",
    "StratificationId1": "AGEYR4554",
    "LocationDisplayOrder": 4
  },
  {
    "ID": 20301,
    "Description": 2013,
    "LocationAbbr": "AR",
    "LocationDesc": "Arkansas",
    "DataSource": "BRFSS",
    "Topic": "Obesity / Weight Status",
    "Data_Value": 37.9,
    "Sample_Size": 737,
    "Stratification1": "45 - 54",
    "StratificationId1": "AGEYR4554",
    "LocationDisplayOrder": 5
  },
  {
    "ID": 38068,
    "Description": 2013,
    "LocationAbbr": "CA",
    "LocationDesc": "California",
    "DataSource": "BRFSS",
    "Topic": "Obesity / Weight Status",
    "Data_Value": 28.3,
    "Sample_Size": "1,738",
    "Stratification1": "45 - 54",
    "StratificationId1": "AGEYR4554",
    "LocationDisplayOrder": 6
  },
  {
    "ID": 35888,
    "Description": 2013,
    "LocationAbbr": "CO",
    "LocationDesc": "Colorado",
    "DataSource": "BRFSS",
    "Topic": "Obesity / Weight Status",
    "Data_Value": 24.6,
    "Sample_Size": "2,230",
    "Stratification1": "45 - 54",
    "StratificationId1": "AGEYR4554",
    "LocationDisplayOrder": 8
  },
  {
    "ID": 32975,
    "Description": 2013,
    "LocationAbbr": "CT",
    "LocationDesc": "Connecticut",
    "DataSource": "BRFSS",
    "Topic": "Obesity / Weight Status",
    "Data_Value": 26.2,
    "Sample_Size": "1,359",
    "Stratification1": "45 - 54",
    "StratificationId1": "AGEYR4554",
    "LocationDisplayOrder": 9
  },
  {
    "ID": 29339,
    "Description": 2013,
    "LocationAbbr": "DE",
    "LocationDesc": "Delaware",
    "DataSource": "BRFSS",
    "Topic": "Obesity / Weight Status",
    "Data_Value": 39.1,
    "Sample_Size": 846,
    "Stratification1": "45 - 54",
    "StratificationId1": "AGEYR4554",
    "LocationDisplayOrder": 10
  },
  {
    "ID": 31309,
    "Description": 2013,
    "LocationAbbr": "DC",
    "LocationDesc": "District of Columbia",
    "DataSource": "BRFSS",
    "Topic": "Obesity / Weight Status",
    "Data_Value": 29.9,
    "Sample_Size": 825,
    "Stratification1": "45 - 54",
    "StratificationId1": "AGEYR4554",
    "LocationDisplayOrder": 11
  },
  {
    "ID": 14385,
    "Description": 2013,
    "LocationAbbr": "FL",
    "LocationDesc": "Florida",
    "DataSource": "BRFSS",
    "Topic": "Obesity / Weight Status",
    "Data_Value": 32.2,
    "Sample_Size": "4,887",
    "Stratification1": "45 - 54",
    "StratificationId1": "AGEYR4554",
    "LocationDisplayOrder": 12
  },
  {
    "ID": 31019,
    "Description": 2013,
    "LocationAbbr": "GA",
    "LocationDesc": "Georgia",
    "DataSource": "BRFSS",
    "Topic": "Obesity / Weight Status",
    "Data_Value": 34.9,
    "Sample_Size": "1,393",
    "Stratification1": "45 - 54",
    "StratificationId1": "AGEYR4554",
    "LocationDisplayOrder": 13
  },
  {
    "ID": 38145,
    "Description": 2013,
    "LocationAbbr": "HI",
    "LocationDesc": "Hawaii",
    "DataSource": "BRFSS",
    "Topic": "Obesity / Weight Status",
    "Data_Value": 27,
    "Sample_Size": "1,233",
    "Stratification1": "45 - 54",
    "StratificationId1": "AGEYR4554",
    "LocationDisplayOrder": 15
  },
  {
    "ID": 9354,
    "Description": 2013,
    "LocationAbbr": "ID",
    "LocationDesc": "Idaho",
    "DataSource": "BRFSS",
    "Topic": "Obesity / Weight Status",
    "Data_Value": 34.4,
    "Sample_Size": 866,
    "Stratification1": "45 - 54",
    "StratificationId1": "AGEYR4554",
    "LocationDisplayOrder": 16
  },
  {
    "ID": 10826,
    "Description": 2013,
    "LocationAbbr": "IL",
    "LocationDesc": "Illinois",
    "DataSource": "BRFSS",
    "Topic": "Obesity / Weight Status",
    "Data_Value": 35.7,
    "Sample_Size": 954,
    "Stratification1": "45 - 54",
    "StratificationId1": "AGEYR4554",
    "LocationDisplayOrder": 17
  },
  {
    "ID": 7320,
    "Description": 2013,
    "LocationAbbr": "IN",
    "LocationDesc": "Indiana",
    "DataSource": "BRFSS",
    "Topic": "Obesity / Weight Status",
    "Data_Value": 38.8,
    "Sample_Size": "1,689",
    "Stratification1": "45 - 54",
    "StratificationId1": "AGEYR4554",
    "LocationDisplayOrder": 18
  },
  {
    "ID": 35929,
    "Description": 2013,
    "LocationAbbr": "IA",
    "LocationDesc": "Iowa",
    "DataSource": "BRFSS",
    "Topic": "Obesity / Weight Status",
    "Data_Value": 34.9,
    "Sample_Size": "1,261",
    "Stratification1": "45 - 54",
    "StratificationId1": "AGEYR4554",
    "LocationDisplayOrder": 19
  },
  {
    "ID": 18615,
    "Description": 2013,
    "LocationAbbr": "KS",
    "LocationDesc": "Kansas",
    "DataSource": "BRFSS",
    "Topic": "Obesity / Weight Status",
    "Data_Value": 34.1,
    "Sample_Size": "3,697",
    "Stratification1": "45 - 54",
    "StratificationId1": "AGEYR4554",
    "LocationDisplayOrder": 20
  },
  {
    "ID": 15469,
    "Description": 2013,
    "LocationAbbr": "KY",
    "LocationDesc": "Kentucky",
    "DataSource": "BRFSS",
    "Topic": "Obesity / Weight Status",
    "Data_Value": 38.6,
    "Sample_Size": "1,924",
    "Stratification1": "45 - 54",
    "StratificationId1": "AGEYR4554",
    "LocationDisplayOrder": 21
  },
  {
    "ID": 5405,
    "Description": 2013,
    "LocationAbbr": "LA",
    "LocationDesc": "Louisiana",
    "DataSource": "BRFSS",
    "Topic": "Obesity / Weight Status",
    "Data_Value": 40.5,
    "Sample_Size": 807,
    "Stratification1": "45 - 54",
    "StratificationId1": "AGEYR4554",
    "LocationDisplayOrder": 22
  },
  {
    "ID": 7757,
    "Description": 2013,
    "LocationAbbr": "ME",
    "LocationDesc": "Maine",
    "DataSource": "BRFSS",
    "Topic": "Obesity / Weight Status",
    "Data_Value": 34.3,
    "Sample_Size": "1,379",
    "Stratification1": "45 - 54",
    "StratificationId1": "AGEYR4554",
    "LocationDisplayOrder": 23
  },
  {
    "ID": 8055,
    "Description": 2013,
    "LocationAbbr": "MD",
    "LocationDesc": "Maryland",
    "DataSource": "BRFSS",
    "Topic": "Obesity / Weight Status",
    "Data_Value": 34.9,
    "Sample_Size": "2,278",
    "Stratification1": "45 - 54",
    "StratificationId1": "AGEYR4554",
    "LocationDisplayOrder": 24
  },
  {
    "ID": 21192,
    "Description": 2013,
    "LocationAbbr": "MA",
    "LocationDesc": "Massachusetts",
    "DataSource": "BRFSS",
    "Topic": "Obesity / Weight Status",
    "Data_Value": 29.4,
    "Sample_Size": "2,737",
    "Stratification1": "45 - 54",
    "StratificationId1": "AGEYR4554",
    "LocationDisplayOrder": 25
  },
  {
    "ID": 37855,
    "Description": 2013,
    "LocationAbbr": "MI",
    "LocationDesc": "Michigan",
    "DataSource": "BRFSS",
    "Topic": "Obesity / Weight Status",
    "Data_Value": 37.3,
    "Sample_Size": "2,095",
    "Stratification1": "45 - 54",
    "StratificationId1": "AGEYR4554",
    "LocationDisplayOrder": 26
  },
  {
    "ID": 28982,
    "Description": 2013,
    "LocationAbbr": "MN",
    "LocationDesc": "Minnesota",
    "DataSource": "BRFSS",
    "Topic": "Obesity / Weight Status",
    "Data_Value": 30.4,
    "Sample_Size": "2,469",
    "Stratification1": "45 - 54",
    "StratificationId1": "AGEYR4554",
    "LocationDisplayOrder": 27
  },
  {
    "ID": 7540,
    "Description": 2013,
    "LocationAbbr": "MS",
    "LocationDesc": "Mississippi",
    "DataSource": "BRFSS",
    "Topic": "Obesity / Weight Status",
    "Data_Value": 46.2,
    "Sample_Size": "1,166",
    "Stratification1": "45 - 54",
    "StratificationId1": "AGEYR4554",
    "LocationDisplayOrder": 28
  },
  {
    "ID": 3758,
    "Description": 2013,
    "LocationAbbr": "MO",
    "LocationDesc": "Missouri",
    "DataSource": "BRFSS",
    "Topic": "Obesity / Weight Status",
    "Data_Value": 34.8,
    "Sample_Size": "1,058",
    "Stratification1": "45 - 54",
    "StratificationId1": "AGEYR4554",
    "LocationDisplayOrder": 29
  },
  {
    "ID": 24892,
    "Description": 2013,
    "LocationAbbr": "MT",
    "LocationDesc": "Montana",
    "DataSource": "BRFSS",
    "Topic": "Obesity / Weight Status",
    "Data_Value": 30.3,
    "Sample_Size": "1,470",
    "Stratification1": "45 - 54",
    "StratificationId1": "AGEYR4554",
    "LocationDisplayOrder": 30
  },
  {
    "ID": 9177,
    "Description": 2013,
    "LocationAbbr": "NE",
    "LocationDesc": "Nebraska",
    "DataSource": "BRFSS",
    "Topic": "Obesity / Weight Status",
    "Data_Value": 34,
    "Sample_Size": "2,635",
    "Stratification1": "45 - 54",
    "StratificationId1": "AGEYR4554",
    "LocationDisplayOrder": 31
  },
  {
    "ID": 4765,
    "Description": 2013,
    "LocationAbbr": "NV",
    "LocationDesc": "Nevada",
    "DataSource": "BRFSS",
    "Topic": "Obesity / Weight Status",
    "Data_Value": 29.6,
    "Sample_Size": 840,
    "Stratification1": "45 - 54",
    "StratificationId1": "AGEYR4554",
    "LocationDisplayOrder": 32
  },
  {
    "ID": 30579,
    "Description": 2013,
    "LocationAbbr": "NH",
    "LocationDesc": "New Hampshire",
    "DataSource": "BRFSS",
    "Topic": "Obesity / Weight Status",
    "Data_Value": 32.1,
    "Sample_Size": "1,225",
    "Stratification1": "45 - 54",
    "StratificationId1": "AGEYR4554",
    "LocationDisplayOrder": 33
  },
  {
    "ID": 36462,
    "Description": 2013,
    "LocationAbbr": "NJ",
    "LocationDesc": "New Jersey",
    "DataSource": "BRFSS",
    "Topic": "Obesity / Weight Status",
    "Data_Value": 31.5,
    "Sample_Size": "2,472",
    "Stratification1": "45 - 54",
    "StratificationId1": "AGEYR4554",
    "LocationDisplayOrder": 34
  },
  {
    "ID": 18729,
    "Description": 2013,
    "LocationAbbr": "NM",
    "LocationDesc": "New Mexico",
    "DataSource": "BRFSS",
    "Topic": "Obesity / Weight Status",
    "Data_Value": 31.7,
    "Sample_Size": "1,533",
    "Stratification1": "45 - 54",
    "StratificationId1": "AGEYR4554",
    "LocationDisplayOrder": 35
  },
  {
    "ID": 37295,
    "Description": 2013,
    "LocationAbbr": "NY",
    "LocationDesc": "New York",
    "DataSource": "BRFSS",
    "Topic": "Obesity / Weight Status",
    "Data_Value": 30.3,
    "Sample_Size": "1,503",
    "Stratification1": "45 - 54",
    "StratificationId1": "AGEYR4554",
    "LocationDisplayOrder": 36
  },
  {
    "ID": 36539,
    "Description": 2013,
    "LocationAbbr": "NC",
    "LocationDesc": "North Carolina",
    "DataSource": "BRFSS",
    "Topic": "Obesity / Weight Status",
    "Data_Value": 34.2,
    "Sample_Size": "1,391",
    "Stratification1": "45 - 54",
    "StratificationId1": "AGEYR4554",
    "LocationDisplayOrder": 37
  },
  {
    "ID": 4297,
    "Description": 2013,
    "LocationAbbr": "ND",
    "LocationDesc": "North Dakota",
    "DataSource": "BRFSS",
    "Topic": "Obesity / Weight Status",
    "Data_Value": 36.7,
    "Sample_Size": "1,260",
    "Stratification1": "45 - 54",
    "StratificationId1": "AGEYR4554",
    "LocationDisplayOrder": 38
  },
  {
    "ID": 16792,
    "Description": 2013,
    "LocationAbbr": "OH",
    "LocationDesc": "Ohio",
    "DataSource": "BRFSS",
    "Topic": "Obesity / Weight Status",
    "Data_Value": 35,
    "Sample_Size": "2,057",
    "Stratification1": "45 - 54",
    "StratificationId1": "AGEYR4554",
    "LocationDisplayOrder": 39
  },
  {
    "ID": 37431,
    "Description": 2013,
    "LocationAbbr": "OK",
    "LocationDesc": "Oklahoma",
    "DataSource": "BRFSS",
    "Topic": "Obesity / Weight Status",
    "Data_Value": 40.1,
    "Sample_Size": "1,267",
    "Stratification1": "45 - 54",
    "StratificationId1": "AGEYR4554",
    "LocationDisplayOrder": 40
  },
  {
    "ID": 17591,
    "Description": 2013,
    "LocationAbbr": "OR",
    "LocationDesc": "Oregon",
    "DataSource": "BRFSS",
    "Topic": "Obesity / Weight Status",
    "Data_Value": 30.4,
    "Sample_Size": 825,
    "Stratification1": "45 - 54",
    "StratificationId1": "AGEYR4554",
    "LocationDisplayOrder": 41
  },
  {
    "ID": 4076,
    "Description": 2013,
    "LocationAbbr": "PA",
    "LocationDesc": "Pennsylvania",
    "DataSource": "BRFSS",
    "Topic": "Obesity / Weight Status",
    "Data_Value": 32.2,
    "Sample_Size": "1,840",
    "Stratification1": "45 - 54",
    "StratificationId1": "AGEYR4554",
    "LocationDisplayOrder": 42
  },
  {
    "ID": 38828,
    "Description": 2013,
    "LocationAbbr": "RI",
    "LocationDesc": "Rhode Island",
    "DataSource": "BRFSS",
    "Topic": "Obesity / Weight Status",
    "Data_Value": 31.7,
    "Sample_Size": "1,119",
    "Stratification1": "45 - 54",
    "StratificationId1": "AGEYR4554",
    "LocationDisplayOrder": 44
  },
  {
    "ID": 28890,
    "Description": 2013,
    "LocationAbbr": "SC",
    "LocationDesc": "South Carolina",
    "DataSource": "BRFSS",
    "Topic": "Obesity / Weight Status",
    "Data_Value": 35.8,
    "Sample_Size": "1,645",
    "Stratification1": "45 - 54",
    "StratificationId1": "AGEYR4554",
    "LocationDisplayOrder": 45
  },
  {
    "ID": 36189,
    "Description": 2013,
    "LocationAbbr": "SD",
    "LocationDesc": "South Dakota",
    "DataSource": "BRFSS",
    "Topic": "Obesity / Weight Status",
    "Data_Value": 35.7,
    "Sample_Size": "1,123",
    "Stratification1": "45 - 54",
    "StratificationId1": "AGEYR4554",
    "LocationDisplayOrder": 46
  },
  {
    "ID": 24888,
    "Description": 2013,
    "LocationAbbr": "TN",
    "LocationDesc": "Tennessee",
    "DataSource": "BRFSS",
    "Topic": "Obesity / Weight Status",
    "Data_Value": 39.8,
    "Sample_Size": 938,
    "Stratification1": "45 - 54",
    "StratificationId1": "AGEYR4554",
    "LocationDisplayOrder": 47
  },
  {
    "ID": 35561,
    "Description": 2013,
    "LocationAbbr": "TX",
    "LocationDesc": "Texas",
    "DataSource": "BRFSS",
    "Topic": "Obesity / Weight Status",
    "Data_Value": 35.3,
    "Sample_Size": "1,708",
    "Stratification1": "45 - 54",
    "StratificationId1": "AGEYR4554",
    "LocationDisplayOrder": 48
  },
  {
    "ID": 15452,
    "Description": 2013,
    "LocationAbbr": "UT",
    "LocationDesc": "Utah",
    "DataSource": "BRFSS",
    "Topic": "Obesity / Weight Status",
    "Data_Value": 30.7,
    "Sample_Size": "1,977",
    "Stratification1": "45 - 54",
    "StratificationId1": "AGEYR4554",
    "LocationDisplayOrder": 49
  },
  {
    "ID": 26712,
    "Description": 2013,
    "LocationAbbr": "VT",
    "LocationDesc": "Vermont",
    "DataSource": "BRFSS",
    "Topic": "Obesity / Weight Status",
    "Data_Value": 28.6,
    "Sample_Size": "1,107",
    "Stratification1": "45 - 54",
    "StratificationId1": "AGEYR4554",
    "LocationDisplayOrder": 50
  },
  {
    "ID": 25540,
    "Description": 2013,
    "LocationAbbr": "VA",
    "LocationDesc": "Virginia",
    "DataSource": "BRFSS",
    "Topic": "Obesity / Weight Status",
    "Data_Value": 31.8,
    "Sample_Size": "1,467",
    "Stratification1": "45 - 54",
    "StratificationId1": "AGEYR4554",
    "LocationDisplayOrder": 51
  },
  {
    "ID": 1657,
    "Description": 2013,
    "LocationAbbr": "WA",
    "LocationDesc": "Washington",
    "DataSource": "BRFSS",
    "Topic": "Obesity / Weight Status",
    "Data_Value": 33.3,
    "Sample_Size": "1,727",
    "Stratification1": "45 - 54",
    "StratificationId1": "AGEYR4554",
    "LocationDisplayOrder": 53
  },
  {
    "ID": 11378,
    "Description": 2013,
    "LocationAbbr": "WV",
    "LocationDesc": "West Virginia",
    "DataSource": "BRFSS",
    "Topic": "Obesity / Weight Status",
    "Data_Value": 40.5,
    "Sample_Size": 994,
    "Stratification1": "45 - 54",
    "StratificationId1": "AGEYR4554",
    "LocationDisplayOrder": 54
  },
  {
    "ID": 14495,
    "Description": 2013,
    "LocationAbbr": "WI",
    "LocationDesc": "Wisconsin",
    "DataSource": "BRFSS",
    "Topic": "Obesity / Weight Status",
    "Data_Value": 33.6,
    "Sample_Size": "1,124",
    "Stratification1": "45 - 54",
    "StratificationId1": "AGEYR4554",
    "LocationDisplayOrder": 55
  },
  {
    "ID": 22545,
    "Description": 2013,
    "LocationAbbr": "WY",
    "LocationDesc": "Wyoming",
    "DataSource": "BRFSS",
    "Topic": "Obesity / Weight Status",
    "Data_Value": 30.8,
    "Sample_Size": 869,
    "Stratification1": "45 - 54",
    "StratificationId1": "AGEYR4554",
    "LocationDisplayOrder": 56
  },
  {
    "ID": 1383,
    "Description": 2013,
    "LocationAbbr": "PR",
    "LocationDesc": "Puerto Rico",
    "DataSource": "BRFSS",
    "Topic": "Obesity / Weight Status",
    "Data_Value": 34.9,
    "Sample_Size": 977,
    "Stratification1": "45 - 54",
    "StratificationId1": "AGEYR4554",
    "LocationDisplayOrder": 72
  },
  {
    "ID": "",
    "Description": "",
    "LocationAbbr": "",
    "LocationDesc": "",
    "DataSource": "",
    "Topic": "",
    "Data_Value": "",
    "Sample_Size": "",
    "Stratification1": "",
    "StratificationId1": "",
    "LocationDisplayOrder": ""
  },
  {
    "ID": "",
    "Description": "",
    "LocationAbbr": "",
    "LocationDesc": "",
    "DataSource": "",
    "Topic": "",
    "Data_Value": "",
    "Sample_Size": "",
    "Stratification1": "",
    "StratificationId1": "",
    "LocationDisplayOrder": ""
  },
  {
    "ID": "",
    "Description": "",
    "LocationAbbr": "",
    "LocationDesc": "",
    "DataSource": "",
    "Topic": "",
    "Data_Value": "",
    "Sample_Size": "",
    "Stratification1": "",
    "StratificationId1": "",
    "LocationDisplayOrder": ""
  },
  {
    "ID": "",
    "Description": "",
    "LocationAbbr": "",
    "LocationDesc": "",
    "DataSource": "",
    "Topic": "",
    "Data_Value": "",
    "Sample_Size": "",
    "Stratification1": "",
    "StratificationId1": "",
    "LocationDisplayOrder": ""
  },
  {
    "ID": "",
    "Description": "",
    "LocationAbbr": "",
    "LocationDesc": "",
    "DataSource": "",
    "Topic": "",
    "Data_Value": "",
    "Sample_Size": "",
    "Stratification1": "",
    "StratificationId1": "",
    "LocationDisplayOrder": ""
  },
  {
    "ID": "",
    "Description": "",
    "LocationAbbr": "",
    "LocationDesc": "",
    "DataSource": "",
    "Topic": "",
    "Data_Value": "",
    "Sample_Size": "",
    "Stratification1": "",
    "StratificationId1": "",
    "LocationDisplayOrder": ""
  },
  {
    "ID": "",
    "Description": "",
    "LocationAbbr": "",
    "LocationDesc": "",
    "DataSource": "",
    "Topic": "",
    "Data_Value": "",
    "Sample_Size": "",
    "Stratification1": "",
    "StratificationId1": "",
    "LocationDisplayOrder": ""
  },
  {
    "ID": "",
    "Description": "",
    "LocationAbbr": "",
    "LocationDesc": "",
    "DataSource": "",
    "Topic": "",
    "Data_Value": "",
    "Sample_Size": "",
    "Stratification1": "",
    "StratificationId1": "",
    "LocationDisplayOrder": ""
  },
  {
    "ID": "",
    "Description": "",
    "LocationAbbr": "",
    "LocationDesc": "",
    "DataSource": "",
    "Topic": "",
    "Data_Value": "",
    "Sample_Size": "",
    "Stratification1": "",
    "StratificationId1": "",
    "LocationDisplayOrder": ""
  }
]