[
  {
    "ID": 956,
    "Description": 2015,
    "LocationAbbr": "US",
    "LocationDesc": "National",
    "DataSource": "BRFSS",
    "Topic": "Obesity / Weight Status",
    "Data_Value": 29.9,
    "Sample_Size": "54,950",
    "Stratification1": "$50,000 - $74,999",
    "StratificationId1": "INC5075",
    "LocationDisplayOrder": 0
  },
  {
    "ID": 22782,
    "Description": 2015,
    "LocationAbbr": "AL",
    "LocationDesc": "Alabama",
    "DataSource": "BRFSS",
    "Topic": "Obesity / Weight Status",
    "Data_Value": 34.6,
    "Sample_Size": 908,
    "Stratification1": "$50,000 - $74,999",
    "StratificationId1": "INC5075",
    "LocationDisplayOrder": 1
  },
  {
    "ID": 26918,
    "Description": 2015,
    "LocationAbbr": "AK",
    "LocationDesc": "Alaska",
    "DataSource": "BRFSS",
    "Topic": "Obesity / Weight Status",
    "Data_Value": 29,
    "Sample_Size": 512,
    "Stratification1": "$50,000 - $74,999",
    "StratificationId1": "INC5075",
    "LocationDisplayOrder": 2
  },
  {
    "ID": 15692,
    "Description": 2015,
    "LocationAbbr": "AZ",
    "LocationDesc": "Arizona",
    "DataSource": "BRFSS",
    "Topic": "Obesity / Weight Status",
    "Data_Value": 30.5,
    "Sample_Size": 916,
    "Stratification1": "$50,000 - $74,999",
    "StratificationId1": "INC5075",
    "LocationDisplayOrder": 4
  },
  {
    "ID": 31864,
    "Description": 2015,
    "LocationAbbr": "AR",
    "LocationDesc": "Arkansas",
    "DataSource": "BRFSS",
    "Topic": "Obesity / Weight Status",
    "Data_Value": 36.7,
    "Sample_Size": 563,
    "Stratification1": "$50,000 - $74,999",
    "StratificationId1": "INC5075",
    "LocationDisplayOrder": 5
  },
  {
    "ID": 15301,
    "Description": 2015,
    "LocationAbbr": "CA",
    "LocationDesc": "California",
    "DataSource": "BRFSS",
    "Topic": "Obesity / Weight Status",
    "Data_Value": 25.4,
    "Sample_Size": "1,361",
    "Stratification1": "$50,000 - $74,999",
    "StratificationId1": "INC5075",
    "LocationDisplayOrder": 6
  },
  {
    "ID": 36251,
    "Description": 2015,
    "LocationAbbr": "CO",
    "LocationDesc": "Colorado",
    "DataSource": "BRFSS",
    "Topic": "Obesity / Weight Status",
    "Data_Value": 21.9,
    "Sample_Size": "1,775",
    "Stratification1": "$50,000 - $74,999",
    "StratificationId1": "INC5075",
    "LocationDisplayOrder": 8
  },
  {
    "ID": 33652,
    "Description": 2015,
    "LocationAbbr": "CT",
    "LocationDesc": "Connecticut",
    "DataSource": "BRFSS",
    "Topic": "Obesity / Weight Status",
    "Data_Value": 25.2,
    "Sample_Size": "1,339",
    "Stratification1": "$50,000 - $74,999",
    "StratificationId1": "INC5075",
    "LocationDisplayOrder": 9
  },
  {
    "ID": 11963,
    "Description": 2015,
    "LocationAbbr": "DE",
    "LocationDesc": "Delaware",
    "DataSource": "BRFSS",
    "Topic": "Obesity / Weight Status",
    "Data_Value": 30.2,
    "Sample_Size": 471,
    "Stratification1": "$50,000 - $74,999",
    "StratificationId1": "INC5075",
    "LocationDisplayOrder": 10
  },
  {
    "ID": 9306,
    "Description": 2015,
    "LocationAbbr": "DC",
    "LocationDesc": "District of Columbia",
    "DataSource": "BRFSS",
    "Topic": "Obesity / Weight Status",
    "Data_Value": 23.9,
    "Sample_Size": 361,
    "Stratification1": "$50,000 - $74,999",
    "StratificationId1": "INC5075",
    "LocationDisplayOrder": 11
  },
  {
    "ID": 32868,
    "Description": 2015,
    "LocationAbbr": "FL",
    "LocationDesc": "Florida",
    "DataSource": "BRFSS",
    "Topic": "Obesity / Weight Status",
    "Data_Value": 27.1,
    "Sample_Size": "1,184",
    "Stratification1": "$50,000 - $74,999",
    "StratificationId1": "INC5075",
    "LocationDisplayOrder": 12
  },
  {
    "ID": 3435,
    "Description": 2015,
    "LocationAbbr": "GA",
    "LocationDesc": "Georgia",
    "DataSource": "BRFSS",
    "Topic": "Obesity / Weight Status",
    "Data_Value": 33.2,
    "Sample_Size": 536,
    "Stratification1": "$50,000 - $74,999",
    "StratificationId1": "INC5075",
    "LocationDisplayOrder": 13
  },
  {
    "ID": 20439,
    "Description": 2015,
    "LocationAbbr": "HI",
    "LocationDesc": "Hawaii",
    "DataSource": "BRFSS",
    "Topic": "Obesity / Weight Status",
    "Data_Value": 24.7,
    "Sample_Size": "1,036",
    "Stratification1": "$50,000 - $74,999",
    "StratificationId1": "INC5075",
    "LocationDisplayOrder": 15
  },
  {
    "ID": 9191,
    "Description": 2015,
    "LocationAbbr": "ID",
    "LocationDesc": "Idaho",
    "DataSource": "BRFSS",
    "Topic": "Obesity / Weight Status",
    "Data_Value": 26.8,
    "Sample_Size": 848,
    "Stratification1": "$50,000 - $74,999",
    "StratificationId1": "INC5075",
    "LocationDisplayOrder": 16
  },
  {
    "ID": 10467,
    "Description": 2015,
    "LocationAbbr": "IL",
    "LocationDesc": "Illinois",
    "DataSource": "BRFSS",
    "Topic": "Obesity / Weight Status",
    "Data_Value": 31.6,
    "Sample_Size": 714,
    "Stratification1": "$50,000 - $74,999",
    "StratificationId1": "INC5075",
    "LocationDisplayOrder": 17
  },
  {
    "ID": 3846,
    "Description": 2015,
    "LocationAbbr": "IN",
    "LocationDesc": "Indiana",
    "DataSource": "BRFSS",
    "Topic": "Obesity / Weight Status",
    "Data_Value": 33.9,
    "Sample_Size": 812,
    "Stratification1": "$50,000 - $74,999",
    "StratificationId1": "INC5075",
    "LocationDisplayOrder": 18
  },
  {
    "ID": 18476,
    "Description": 2015,
    "LocationAbbr": "IA",
    "LocationDesc": "Iowa",
    "DataSource": "BRFSS",
    "Topic": "Obesity / Weight Status",
    "Data_Value": 38,
    "Sample_Size": 874,
    "Stratification1": "$50,000 - $74,999",
    "StratificationId1": "INC5075",
    "LocationDisplayOrder": 19
  },
  {
    "ID": 29490,
    "Description": 2015,
    "LocationAbbr": "KS",
    "LocationDesc": "Kansas",
    "DataSource": "BRFSS",
    "Topic": "Obesity / Weight Status",
    "Data_Value": 34.3,
    "Sample_Size": "3,266",
    "Stratification1": "$50,000 - $74,999",
    "StratificationId1": "INC5075",
    "LocationDisplayOrder": 20
  },
  {
    "ID": 20880,
    "Description": 2015,
    "LocationAbbr": "KY",
    "LocationDesc": "Kentucky",
    "DataSource": "BRFSS",
    "Topic": "Obesity / Weight Status",
    "Data_Value": 35.7,
    "Sample_Size": 951,
    "Stratification1": "$50,000 - $74,999",
    "StratificationId1": "INC5075",
    "LocationDisplayOrder": 21
  },
  {
    "ID": 34991,
    "Description": 2015,
    "LocationAbbr": "LA",
    "LocationDesc": "Louisiana",
    "DataSource": "BRFSS",
    "Topic": "Obesity / Weight Status",
    "Data_Value": 34.2,
    "Sample_Size": 490,
    "Stratification1": "$50,000 - $74,999",
    "StratificationId1": "INC5075",
    "LocationDisplayOrder": 22
  },
  {
    "ID": 31662,
    "Description": 2015,
    "LocationAbbr": "ME",
    "LocationDesc": "Maine",
    "DataSource": "BRFSS",
    "Topic": "Obesity / Weight Status",
    "Data_Value": 30.1,
    "Sample_Size": "1,374",
    "Stratification1": "$50,000 - $74,999",
    "StratificationId1": "INC5075",
    "LocationDisplayOrder": 23
  },
  {
    "ID": 15903,
    "Description": 2015,
    "LocationAbbr": "MD",
    "LocationDesc": "Maryland",
    "DataSource": "BRFSS",
    "Topic": "Obesity / Weight Status",
    "Data_Value": 32.7,
    "Sample_Size": "1,399",
    "Stratification1": "$50,000 - $74,999",
    "StratificationId1": "INC5075",
    "LocationDisplayOrder": 24
  },
  {
    "ID": 25210,
    "Description": 2015,
    "LocationAbbr": "MA",
    "LocationDesc": "Massachusetts",
    "DataSource": "BRFSS",
    "Topic": "Obesity / Weight Status",
    "Data_Value": 26.8,
    "Sample_Size": 925,
    "Stratification1": "$50,000 - $74,999",
    "StratificationId1": "INC5075",
    "LocationDisplayOrder": 25
  },
  {
    "ID": 33232,
    "Description": 2015,
    "LocationAbbr": "MI",
    "LocationDesc": "Michigan",
    "DataSource": "BRFSS",
    "Topic": "Obesity / Weight Status",
    "Data_Value": 33.5,
    "Sample_Size": "1,197",
    "Stratification1": "$50,000 - $74,999",
    "StratificationId1": "INC5075",
    "LocationDisplayOrder": 26
  },
  {
    "ID": 27683,
    "Description": 2015,
    "LocationAbbr": "MN",
    "LocationDesc": "Minnesota",
    "DataSource": "BRFSS",
    "Topic": "Obesity / Weight Status",
    "Data_Value": 29.3,
    "Sample_Size": "2,421",
    "Stratification1": "$50,000 - $74,999",
    "StratificationId1": "INC5075",
    "LocationDisplayOrder": 27
  },
  {
    "ID": 18595,
    "Description": 2015,
    "LocationAbbr": "MS",
    "LocationDesc": "Mississippi",
    "DataSource": "BRFSS",
    "Topic": "Obesity / Weight Status",
    "Data_Value": 35.2,
    "Sample_Size": 577,
    "Stratification1": "$50,000 - $74,999",
    "StratificationId1": "INC5075",
    "LocationDisplayOrder": 28
  },
  {
    "ID": 8457,
    "Description": 2015,
    "LocationAbbr": "MO",
    "LocationDesc": "Missouri",
    "DataSource": "BRFSS",
    "Topic": "Obesity / Weight Status",
    "Data_Value": 31.8,
    "Sample_Size": 896,
    "Stratification1": "$50,000 - $74,999",
    "StratificationId1": "INC5075",
    "LocationDisplayOrder": 29
  },
  {
    "ID": 8113,
    "Description": 2015,
    "LocationAbbr": "MT",
    "LocationDesc": "Montana",
    "DataSource": "BRFSS",
    "Topic": "Obesity / Weight Status",
    "Data_Value": 24.2,
    "Sample_Size": 781,
    "Stratification1": "$50,000 - $74,999",
    "StratificationId1": "INC5075",
    "LocationDisplayOrder": 30
  },
  {
    "ID": 12755,
    "Description": 2015,
    "LocationAbbr": "NE",
    "LocationDesc": "Nebraska",
    "DataSource": "BRFSS",
    "Topic": "Obesity / Weight Status",
    "Data_Value": 33.1,
    "Sample_Size": "2,575",
    "Stratification1": "$50,000 - $74,999",
    "StratificationId1": "INC5075",
    "LocationDisplayOrder": 31
  },
  {
    "ID": 18431,
    "Description": 2015,
    "LocationAbbr": "NV",
    "LocationDesc": "Nevada",
    "DataSource": "BRFSS",
    "Topic": "Obesity / Weight Status",
    "Data_Value": 30,
    "Sample_Size": 406,
    "Stratification1": "$50,000 - $74,999",
    "StratificationId1": "INC5075",
    "LocationDisplayOrder": 32
  },
  {
    "ID": 37234,
    "Description": 2015,
    "LocationAbbr": "NH",
    "LocationDesc": "New Hampshire",
    "DataSource": "BRFSS",
    "Topic": "Obesity / Weight Status",
    "Data_Value": 30.2,
    "Sample_Size": 899,
    "Stratification1": "$50,000 - $74,999",
    "StratificationId1": "INC5075",
    "LocationDisplayOrder": 33
  },
  {
    "ID": 30355,
    "Description": 2015,
    "LocationAbbr": "NJ",
    "LocationDesc": "New Jersey",
    "DataSource": "BRFSS",
    "Topic": "Obesity / Weight Status",
    "Data_Value": 26.4,
    "Sample_Size": "1,256",
    "Stratification1": "$50,000 - $74,999",
    "StratificationId1": "INC5075",
    "LocationDisplayOrder": 34
  },
  {
    "ID": 17193,
    "Description": 2015,
    "LocationAbbr": "NM",
    "LocationDesc": "New Mexico",
    "DataSource": "BRFSS",
    "Topic": "Obesity / Weight Status",
    "Data_Value": 31.3,
    "Sample_Size": 805,
    "Stratification1": "$50,000 - $74,999",
    "StratificationId1": "INC5075",
    "LocationDisplayOrder": 35
  },
  {
    "ID": 25753,
    "Description": 2015,
    "LocationAbbr": "NY",
    "LocationDesc": "New York",
    "DataSource": "BRFSS",
    "Topic": "Obesity / Weight Status",
    "Data_Value": 25.4,
    "Sample_Size": "1,471",
    "Stratification1": "$50,000 - $74,999",
    "StratificationId1": "INC5075",
    "LocationDisplayOrder": 36
  },
  {
    "ID": 36199,
    "Description": 2015,
    "LocationAbbr": "NC",
    "LocationDesc": "North Carolina",
    "DataSource": "BRFSS",
    "Topic": "Obesity / Weight Status",
    "Data_Value": 28.7,
    "Sample_Size": 769,
    "Stratification1": "$50,000 - $74,999",
    "StratificationId1": "INC5075",
    "LocationDisplayOrder": 37
  },
  {
    "ID": 32738,
    "Description": 2015,
    "LocationAbbr": "ND",
    "LocationDesc": "North Dakota",
    "DataSource": "BRFSS",
    "Topic": "Obesity / Weight Status",
    "Data_Value": 30.7,
    "Sample_Size": 729,
    "Stratification1": "$50,000 - $74,999",
    "StratificationId1": "INC5075",
    "LocationDisplayOrder": 38
  },
  {
    "ID": 7735,
    "Description": 2015,
    "LocationAbbr": "OH",
    "LocationDesc": "Ohio",
    "DataSource": "BRFSS",
    "Topic": "Obesity / Weight Status",
    "Data_Value": 32.3,
    "Sample_Size": "1,405",
    "Stratification1": "$50,000 - $74,999",
    "StratificationId1": "INC5075",
    "LocationDisplayOrder": 39
  },
  {
    "ID": 19868,
    "Description": 2015,
    "LocationAbbr": "OK",
    "LocationDesc": "Oklahoma",
    "DataSource": "BRFSS",
    "Topic": "Obesity / Weight Status",
    "Data_Value": 33.6,
    "Sample_Size": 827,
    "Stratification1": "$50,000 - $74,999",
    "StratificationId1": "INC5075",
    "LocationDisplayOrder": 40
  },
  {
    "ID": 23112,
    "Description": 2015,
    "LocationAbbr": "OR",
    "LocationDesc": "Oregon",
    "DataSource": "BRFSS",
    "Topic": "Obesity / Weight Status",
    "Data_Value": 30.5,
    "Sample_Size": 657,
    "Stratification1": "$50,000 - $74,999",
    "StratificationId1": "INC5075",
    "LocationDisplayOrder": 41
  },
  {
    "ID": 20622,
    "Description": 2015,
    "LocationAbbr": "PA",
    "LocationDesc": "Pennsylvania",
    "DataSource": "BRFSS",
    "Topic": "Obesity / Weight Status",
    "Data_Value": 33.2,
    "Sample_Size": 777,
    "Stratification1": "$50,000 - $74,999",
    "StratificationId1": "INC5075",
    "LocationDisplayOrder": 42
  },
  {
    "ID": 9827,
    "Description": 2015,
    "LocationAbbr": "RI",
    "LocationDesc": "Rhode Island",
    "DataSource": "BRFSS",
    "Topic": "Obesity / Weight Status",
    "Data_Value": 28.3,
    "Sample_Size": 713,
    "Stratification1": "$50,000 - $74,999",
    "StratificationId1": "INC5075",
    "LocationDisplayOrder": 44
  },
  {
    "ID": 15054,
    "Description": 2015,
    "LocationAbbr": "SC",
    "LocationDesc": "South Carolina",
    "DataSource": "BRFSS",
    "Topic": "Obesity / Weight Status",
    "Data_Value": 32.1,
    "Sample_Size": "1,365",
    "Stratification1": "$50,000 - $74,999",
    "StratificationId1": "INC5075",
    "LocationDisplayOrder": 45
  },
  {
    "ID": 31600,
    "Description": 2015,
    "LocationAbbr": "SD",
    "LocationDesc": "South Dakota",
    "DataSource": "BRFSS",
    "Topic": "Obesity / Weight Status",
    "Data_Value": 32.6,
    "Sample_Size": "1,066",
    "Stratification1": "$50,000 - $74,999",
    "StratificationId1": "INC5075",
    "LocationDisplayOrder": 46
  },
  {
    "ID": 21400,
    "Description": 2015,
    "LocationAbbr": "TN",
    "LocationDesc": "Tennessee",
    "DataSource": "BRFSS",
    "Topic": "Obesity / Weight Status",
    "Data_Value": 37.2,
    "Sample_Size": 672,
    "Stratification1": "$50,000 - $74,999",
    "StratificationId1": "INC5075",
    "LocationDisplayOrder": 47
  },
  {
    "ID": 11133,
    "Description": 2015,
    "LocationAbbr": "TX",
    "LocationDesc": "Texas",
    "DataSource": "BRFSS",
    "Topic": "Obesity / Weight Status",
    "Data_Value": 29.9,
    "Sample_Size": "1,635",
    "Stratification1": "$50,000 - $74,999",
    "StratificationId1": "INC5075",
    "LocationDisplayOrder": 48
  },
  {
    "ID": 31982,
    "Description": 2015,
    "LocationAbbr": "UT",
    "LocationDesc": "Utah",
    "DataSource": "BRFSS",
    "Topic": "Obesity / Weight Status",
    "Data_Value": 24.9,
    "Sample_Size": "1,728",
    "Stratification1": "$50,000 - $74,999",
    "StratificationId1": "INC5075",
    "LocationDisplayOrder": 49
  },
  {
    "ID": 7499,
    "Description": 2015,
    "LocationAbbr": "VT",
    "LocationDesc": "Vermont",
    "DataSource": "BRFSS",
    "Topic": "Obesity / Weight Status",
    "Data_Value": 27.8,
    "Sample_Size": 969,
    "Stratification1": "$50,000 - $74,999",
    "StratificationId1": "INC5075",
    "LocationDisplayOrder": 50
  },
  {
    "ID": 12702,
    "Description": 2015,
    "LocationAbbr": "VA",
    "LocationDesc": "Virginia",
    "DataSource": "BRFSS",
    "Topic": "Obesity / Weight Status",
    "Data_Value": 30.8,
    "Sample_Size": "1,109",
    "Stratification1": "$50,000 - $74,999",
    "StratificationId1": "INC5075",
    "LocationDisplayOrder": 51
  },
  {
    "ID": 30399,
    "Description": 2015,
    "LocationAbbr": "WA",
    "LocationDesc": "Washington",
    "DataSource": "BRFSS",
    "Topic": "Obesity / Weight Status",
    "Data_Value": 27.4,
    "Sample_Size": "2,235",
    "Stratification1": "$50,000 - $74,999",
    "StratificationId1": "INC5075",
    "LocationDisplayOrder": 53
  },
  {
    "ID": 29295,
    "Description": 2015,
    "LocationAbbr": "WV",
    "LocationDesc": "West Virginia",
    "DataSource": "BRFSS",
    "Topic": "Obesity / Weight Status",
    "Data_Value": 39.4,
    "Sample_Size": 681,
    "Stratification1": "$50,000 - $74,999",
    "StratificationId1": "INC5075",
    "LocationDisplayOrder": 54
  },
  {
    "ID": 17975,
    "Description": 2015,
    "LocationAbbr": "WI",
    "LocationDesc": "Wisconsin",
    "DataSource": "BRFSS",
    "Topic": "Obesity / Weight Status",
    "Data_Value": 28.2,
    "Sample_Size": 962,
    "Stratification1": "$50,000 - $74,999",
    "StratificationId1": "INC5075",
    "LocationDisplayOrder": 55
  },
  {
    "ID": 15633,
    "Description": 2015,
    "LocationAbbr": "WY",
    "LocationDesc": "Wyoming",
    "DataSource": "BRFSS",
    "Topic": "Obesity / Weight Status",
    "Data_Value": 28.6,
    "Sample_Size": 752,
    "Stratification1": "$50,000 - $74,999",
    "StratificationId1": "INC5075",
    "LocationDisplayOrder": 56
  },
  {
    "ID": 910,
    "Description": 2015,
    "LocationAbbr": "GU",
    "LocationDesc": "Guam",
    "DataSource": "BRFSS",
    "Topic": "Obesity / Weight Status",
    "Data_Value": 37.1,
    "Sample_Size": 201,
    "Stratification1": "$50,000 - $74,999",
    "StratificationId1": "INC5075",
    "LocationDisplayOrder": 66
  },
  {
    "ID": 1001,
    "Description": 2015,
    "LocationAbbr": "PR",
    "LocationDesc": "Puerto Rico",
    "DataSource": "BRFSS",
    "Topic": "Obesity / Weight Status",
    "Data_Value": 28.6,
    "Sample_Size": 186,
    "Stratification1": "$50,000 - $74,999",
    "StratificationId1": "INC5075",
    "LocationDisplayOrder": 72
  },
  {
    "ID": "",
    "Description": "",
    "LocationAbbr": "",
    "LocationDesc": "",
    "DataSource": "",
    "Topic": "",
    "Data_Value": "",
    "Sample_Size": "",
    "Stratification1": "",
    "StratificationId1": "",
    "LocationDisplayOrder": ""
  },
  {
    "ID": "",
    "Description": "",
    "LocationAbbr": "",
    "LocationDesc": "",
    "DataSource": "",
    "Topic": "",
    "Data_Value": "",
    "Sample_Size": "",
    "Stratification1": "",
    "StratificationId1": "",
    "LocationDisplayOrder": ""
  },
  {
    "ID": "",
    "Description": "",
    "LocationAbbr": "",
    "LocationDesc": "",
    "DataSource": "",
    "Topic": "",
    "Data_Value": "",
    "Sample_Size": "",
    "Stratification1": "",
    "StratificationId1": "",
    "LocationDisplayOrder": ""
  },
  {
    "ID": "",
    "Description": "",
    "LocationAbbr": "",
    "LocationDesc": "",
    "DataSource": "",
    "Topic": "",
    "Data_Value": "",
    "Sample_Size": "",
    "Stratification1": "",
    "StratificationId1": "",
    "LocationDisplayOrder": ""
  },
  {
    "ID": "",
    "Description": "",
    "LocationAbbr": "",
    "LocationDesc": "",
    "DataSource": "",
    "Topic": "",
    "Data_Value": "",
    "Sample_Size": "",
    "Stratification1": "",
    "StratificationId1": "",
    "LocationDisplayOrder": ""
  },
  {
    "ID": "",
    "Description": "",
    "LocationAbbr": "",
    "LocationDesc": "",
    "DataSource": "",
    "Topic": "",
    "Data_Value": "",
    "Sample_Size": "",
    "Stratification1": "",
    "StratificationId1": "",
    "LocationDisplayOrder": ""
  },
  {
    "ID": "",
    "Description": "",
    "LocationAbbr": "",
    "LocationDesc": "",
    "DataSource": "",
    "Topic": "",
    "Data_Value": "",
    "Sample_Size": "",
    "Stratification1": "",
    "StratificationId1": "",
    "LocationDisplayOrder": ""
  },
  {
    "ID": "",
    "Description": "",
    "LocationAbbr": "",
    "LocationDesc": "",
    "DataSource": "",
    "Topic": "",
    "Data_Value": "",
    "Sample_Size": "",
    "Stratification1": "",
    "StratificationId1": "",
    "LocationDisplayOrder": ""
  },
  {
    "ID": "",
    "Description": "",
    "LocationAbbr": "",
    "LocationDesc": "",
    "DataSource": "",
    "Topic": "",
    "Data_Value": "",
    "Sample_Size": "",
    "Stratification1": "",
    "StratificationId1": "",
    "LocationDisplayOrder": ""
  }
]