[
  {
    "ID": 1982,
    "Description": 2015,
    "LocationAbbr": "US",
    "LocationDesc": "National",
    "DataSource": "BRFSS",
    "Topic": "Obesity / Weight Status",
    "Data_Value": 24.6,
    "Sample_Size": "109,789",
    "Stratification1": "$75,000 or greater",
    "StratificationId1": "INC75PLUS",
    "LocationDisplayOrder": 0
  },
  {
    "ID": 8330,
    "Description": 2015,
    "LocationAbbr": "AL",
    "LocationDesc": "Alabama",
    "DataSource": "BRFSS",
    "Topic": "Obesity / Weight Status",
    "Data_Value": 32.7,
    "Sample_Size": "1,427",
    "Stratification1": "$75,000 or greater",
    "StratificationId1": "INC75PLUS",
    "LocationDisplayOrder": 1
  },
  {
    "ID": 19425,
    "Description": 2015,
    "LocationAbbr": "AK",
    "LocationDesc": "Alaska",
    "DataSource": "BRFSS",
    "Topic": "Obesity / Weight Status",
    "Data_Value": 30.8,
    "Sample_Size": "1,274",
    "Stratification1": "$75,000 or greater",
    "StratificationId1": "INC75PLUS",
    "LocationDisplayOrder": 2
  },
  {
    "ID": 28970,
    "Description": 2015,
    "LocationAbbr": "AZ",
    "LocationDesc": "Arizona",
    "DataSource": "BRFSS",
    "Topic": "Obesity / Weight Status",
    "Data_Value": 24.8,
    "Sample_Size": "1,761",
    "Stratification1": "$75,000 or greater",
    "StratificationId1": "INC75PLUS",
    "LocationDisplayOrder": 4
  },
  {
    "ID": 15160,
    "Description": 2015,
    "LocationAbbr": "AR",
    "LocationDesc": "Arkansas",
    "DataSource": "BRFSS",
    "Topic": "Obesity / Weight Status",
    "Data_Value": 30,
    "Sample_Size": 838,
    "Stratification1": "$75,000 or greater",
    "StratificationId1": "INC75PLUS",
    "LocationDisplayOrder": 5
  },
  {
    "ID": 30043,
    "Description": 2015,
    "LocationAbbr": "CA",
    "LocationDesc": "California",
    "DataSource": "BRFSS",
    "Topic": "Obesity / Weight Status",
    "Data_Value": 19.1,
    "Sample_Size": "3,750",
    "Stratification1": "$75,000 or greater",
    "StratificationId1": "INC75PLUS",
    "LocationDisplayOrder": 6
  },
  {
    "ID": 23227,
    "Description": 2015,
    "LocationAbbr": "CO",
    "LocationDesc": "Colorado",
    "DataSource": "BRFSS",
    "Topic": "Obesity / Weight Status",
    "Data_Value": 17.4,
    "Sample_Size": "3,807",
    "Stratification1": "$75,000 or greater",
    "StratificationId1": "INC75PLUS",
    "LocationDisplayOrder": 8
  },
  {
    "ID": 7906,
    "Description": 2015,
    "LocationAbbr": "CT",
    "LocationDesc": "Connecticut",
    "DataSource": "BRFSS",
    "Topic": "Obesity / Weight Status",
    "Data_Value": 22.6,
    "Sample_Size": "3,960",
    "Stratification1": "$75,000 or greater",
    "StratificationId1": "INC75PLUS",
    "LocationDisplayOrder": 9
  },
  {
    "ID": 15870,
    "Description": 2015,
    "LocationAbbr": "DE",
    "LocationDesc": "Delaware",
    "DataSource": "BRFSS",
    "Topic": "Obesity / Weight Status",
    "Data_Value": 26,
    "Sample_Size": 993,
    "Stratification1": "$75,000 or greater",
    "StratificationId1": "INC75PLUS",
    "LocationDisplayOrder": 10
  },
  {
    "ID": 30743,
    "Description": 2015,
    "LocationAbbr": "DC",
    "LocationDesc": "District of Columbia",
    "DataSource": "BRFSS",
    "Topic": "Obesity / Weight Status",
    "Data_Value": 12.5,
    "Sample_Size": "1,466",
    "Stratification1": "$75,000 or greater",
    "StratificationId1": "INC75PLUS",
    "LocationDisplayOrder": 11
  },
  {
    "ID": 33573,
    "Description": 2015,
    "LocationAbbr": "FL",
    "LocationDesc": "Florida",
    "DataSource": "BRFSS",
    "Topic": "Obesity / Weight Status",
    "Data_Value": 24,
    "Sample_Size": "2,257",
    "Stratification1": "$75,000 or greater",
    "StratificationId1": "INC75PLUS",
    "LocationDisplayOrder": 12
  },
  {
    "ID": 2023,
    "Description": 2015,
    "LocationAbbr": "GA",
    "LocationDesc": "Georgia",
    "DataSource": "BRFSS",
    "Topic": "Obesity / Weight Status",
    "Data_Value": 24.6,
    "Sample_Size": "1,041",
    "Stratification1": "$75,000 or greater",
    "StratificationId1": "INC75PLUS",
    "LocationDisplayOrder": 13
  },
  {
    "ID": 29265,
    "Description": 2015,
    "LocationAbbr": "HI",
    "LocationDesc": "Hawaii",
    "DataSource": "BRFSS",
    "Topic": "Obesity / Weight Status",
    "Data_Value": 21.6,
    "Sample_Size": "2,160",
    "Stratification1": "$75,000 or greater",
    "StratificationId1": "INC75PLUS",
    "LocationDisplayOrder": 15
  },
  {
    "ID": 9577,
    "Description": 2015,
    "LocationAbbr": "ID",
    "LocationDesc": "Idaho",
    "DataSource": "BRFSS",
    "Topic": "Obesity / Weight Status",
    "Data_Value": 22.5,
    "Sample_Size": "1,187",
    "Stratification1": "$75,000 or greater",
    "StratificationId1": "INC75PLUS",
    "LocationDisplayOrder": 16
  },
  {
    "ID": 5689,
    "Description": 2015,
    "LocationAbbr": "IL",
    "LocationDesc": "Illinois",
    "DataSource": "BRFSS",
    "Topic": "Obesity / Weight Status",
    "Data_Value": 28.4,
    "Sample_Size": "1,744",
    "Stratification1": "$75,000 or greater",
    "StratificationId1": "INC75PLUS",
    "LocationDisplayOrder": 17
  },
  {
    "ID": 12862,
    "Description": 2015,
    "LocationAbbr": "IN",
    "LocationDesc": "Indiana",
    "DataSource": "BRFSS",
    "Topic": "Obesity / Weight Status",
    "Data_Value": 28.4,
    "Sample_Size": "1,368",
    "Stratification1": "$75,000 or greater",
    "StratificationId1": "INC75PLUS",
    "LocationDisplayOrder": 18
  },
  {
    "ID": 38519,
    "Description": 2015,
    "LocationAbbr": "IA",
    "LocationDesc": "Iowa",
    "DataSource": "BRFSS",
    "Topic": "Obesity / Weight Status",
    "Data_Value": 28,
    "Sample_Size": "1,521",
    "Stratification1": "$75,000 or greater",
    "StratificationId1": "INC75PLUS",
    "LocationDisplayOrder": 19
  },
  {
    "ID": 21787,
    "Description": 2015,
    "LocationAbbr": "KS",
    "LocationDesc": "Kansas",
    "DataSource": "BRFSS",
    "Topic": "Obesity / Weight Status",
    "Data_Value": 31,
    "Sample_Size": "5,656",
    "Stratification1": "$75,000 or greater",
    "StratificationId1": "INC75PLUS",
    "LocationDisplayOrder": 20
  },
  {
    "ID": 36131,
    "Description": 2015,
    "LocationAbbr": "KY",
    "LocationDesc": "Kentucky",
    "DataSource": "BRFSS",
    "Topic": "Obesity / Weight Status",
    "Data_Value": 35.4,
    "Sample_Size": "1,447",
    "Stratification1": "$75,000 or greater",
    "StratificationId1": "INC75PLUS",
    "LocationDisplayOrder": 21
  },
  {
    "ID": 24096,
    "Description": 2015,
    "LocationAbbr": "LA",
    "LocationDesc": "Louisiana",
    "DataSource": "BRFSS",
    "Topic": "Obesity / Weight Status",
    "Data_Value": 32.7,
    "Sample_Size": 941,
    "Stratification1": "$75,000 or greater",
    "StratificationId1": "INC75PLUS",
    "LocationDisplayOrder": 22
  },
  {
    "ID": 6123,
    "Description": 2015,
    "LocationAbbr": "ME",
    "LocationDesc": "Maine",
    "DataSource": "BRFSS",
    "Topic": "Obesity / Weight Status",
    "Data_Value": 24.7,
    "Sample_Size": "2,150",
    "Stratification1": "$75,000 or greater",
    "StratificationId1": "INC75PLUS",
    "LocationDisplayOrder": 23
  },
  {
    "ID": 21232,
    "Description": 2015,
    "LocationAbbr": "MD",
    "LocationDesc": "Maryland",
    "DataSource": "BRFSS",
    "Topic": "Obesity / Weight Status",
    "Data_Value": 24,
    "Sample_Size": "4,159",
    "Stratification1": "$75,000 or greater",
    "StratificationId1": "INC75PLUS",
    "LocationDisplayOrder": 24
  },
  {
    "ID": 9871,
    "Description": 2015,
    "LocationAbbr": "MA",
    "LocationDesc": "Massachusetts",
    "DataSource": "BRFSS",
    "Topic": "Obesity / Weight Status",
    "Data_Value": 19.3,
    "Sample_Size": "2,742",
    "Stratification1": "$75,000 or greater",
    "StratificationId1": "INC75PLUS",
    "LocationDisplayOrder": 25
  },
  {
    "ID": 28516,
    "Description": 2015,
    "LocationAbbr": "MI",
    "LocationDesc": "Michigan",
    "DataSource": "BRFSS",
    "Topic": "Obesity / Weight Status",
    "Data_Value": 27,
    "Sample_Size": "2,325",
    "Stratification1": "$75,000 or greater",
    "StratificationId1": "INC75PLUS",
    "LocationDisplayOrder": 26
  },
  {
    "ID": 15674,
    "Description": 2015,
    "LocationAbbr": "MN",
    "LocationDesc": "Minnesota",
    "DataSource": "BRFSS",
    "Topic": "Obesity / Weight Status",
    "Data_Value": 23.2,
    "Sample_Size": "4,992",
    "Stratification1": "$75,000 or greater",
    "StratificationId1": "INC75PLUS",
    "LocationDisplayOrder": 27
  },
  {
    "ID": 14823,
    "Description": 2015,
    "LocationAbbr": "MS",
    "LocationDesc": "Mississippi",
    "DataSource": "BRFSS",
    "Topic": "Obesity / Weight Status",
    "Data_Value": 30.5,
    "Sample_Size": 910,
    "Stratification1": "$75,000 or greater",
    "StratificationId1": "INC75PLUS",
    "LocationDisplayOrder": 28
  },
  {
    "ID": 16165,
    "Description": 2015,
    "LocationAbbr": "MO",
    "LocationDesc": "Missouri",
    "DataSource": "BRFSS",
    "Topic": "Obesity / Weight Status",
    "Data_Value": 33.4,
    "Sample_Size": "1,481",
    "Stratification1": "$75,000 or greater",
    "StratificationId1": "INC75PLUS",
    "LocationDisplayOrder": 29
  },
  {
    "ID": 18375,
    "Description": 2015,
    "LocationAbbr": "MT",
    "LocationDesc": "Montana",
    "DataSource": "BRFSS",
    "Topic": "Obesity / Weight Status",
    "Data_Value": 19.8,
    "Sample_Size": "1,207",
    "Stratification1": "$75,000 or greater",
    "StratificationId1": "INC75PLUS",
    "LocationDisplayOrder": 30
  },
  {
    "ID": 24999,
    "Description": 2015,
    "LocationAbbr": "NE",
    "LocationDesc": "Nebraska",
    "DataSource": "BRFSS",
    "Topic": "Obesity / Weight Status",
    "Data_Value": 27.9,
    "Sample_Size": "4,077",
    "Stratification1": "$75,000 or greater",
    "StratificationId1": "INC75PLUS",
    "LocationDisplayOrder": 31
  },
  {
    "ID": 29141,
    "Description": 2015,
    "LocationAbbr": "NV",
    "LocationDesc": "Nevada",
    "DataSource": "BRFSS",
    "Topic": "Obesity / Weight Status",
    "Data_Value": 25,
    "Sample_Size": 724,
    "Stratification1": "$75,000 or greater",
    "StratificationId1": "INC75PLUS",
    "LocationDisplayOrder": 32
  },
  {
    "ID": 5887,
    "Description": 2015,
    "LocationAbbr": "NH",
    "LocationDesc": "New Hampshire",
    "DataSource": "BRFSS",
    "Topic": "Obesity / Weight Status",
    "Data_Value": 22.8,
    "Sample_Size": "1,979",
    "Stratification1": "$75,000 or greater",
    "StratificationId1": "INC75PLUS",
    "LocationDisplayOrder": 33
  },
  {
    "ID": 10716,
    "Description": 2015,
    "LocationAbbr": "NJ",
    "LocationDesc": "New Jersey",
    "DataSource": "BRFSS",
    "Topic": "Obesity / Weight Status",
    "Data_Value": 22.9,
    "Sample_Size": "3,670",
    "Stratification1": "$75,000 or greater",
    "StratificationId1": "INC75PLUS",
    "LocationDisplayOrder": 34
  },
  {
    "ID": 39412,
    "Description": 2015,
    "LocationAbbr": "NM",
    "LocationDesc": "New Mexico",
    "DataSource": "BRFSS",
    "Topic": "Obesity / Weight Status",
    "Data_Value": 22.8,
    "Sample_Size": "1,285",
    "Stratification1": "$75,000 or greater",
    "StratificationId1": "INC75PLUS",
    "LocationDisplayOrder": 35
  },
  {
    "ID": 2038,
    "Description": 2015,
    "LocationAbbr": "NY",
    "LocationDesc": "New York",
    "DataSource": "BRFSS",
    "Topic": "Obesity / Weight Status",
    "Data_Value": 21.5,
    "Sample_Size": "3,557",
    "Stratification1": "$75,000 or greater",
    "StratificationId1": "INC75PLUS",
    "LocationDisplayOrder": 36
  },
  {
    "ID": 13007,
    "Description": 2015,
    "LocationAbbr": "NC",
    "LocationDesc": "North Carolina",
    "DataSource": "BRFSS",
    "Topic": "Obesity / Weight Status",
    "Data_Value": 23.6,
    "Sample_Size": "1,357",
    "Stratification1": "$75,000 or greater",
    "StratificationId1": "INC75PLUS",
    "LocationDisplayOrder": 37
  },
  {
    "ID": 32602,
    "Description": 2015,
    "LocationAbbr": "ND",
    "LocationDesc": "North Dakota",
    "DataSource": "BRFSS",
    "Topic": "Obesity / Weight Status",
    "Data_Value": 31.2,
    "Sample_Size": "1,505",
    "Stratification1": "$75,000 or greater",
    "StratificationId1": "INC75PLUS",
    "LocationDisplayOrder": 38
  },
  {
    "ID": 9555,
    "Description": 2015,
    "LocationAbbr": "OH",
    "LocationDesc": "Ohio",
    "DataSource": "BRFSS",
    "Topic": "Obesity / Weight Status",
    "Data_Value": 25.1,
    "Sample_Size": "2,434",
    "Stratification1": "$75,000 or greater",
    "StratificationId1": "INC75PLUS",
    "LocationDisplayOrder": 39
  },
  {
    "ID": 7613,
    "Description": 2015,
    "LocationAbbr": "OK",
    "LocationDesc": "Oklahoma",
    "DataSource": "BRFSS",
    "Topic": "Obesity / Weight Status",
    "Data_Value": 30.8,
    "Sample_Size": "1,356",
    "Stratification1": "$75,000 or greater",
    "StratificationId1": "INC75PLUS",
    "LocationDisplayOrder": 40
  },
  {
    "ID": 35414,
    "Description": 2015,
    "LocationAbbr": "OR",
    "LocationDesc": "Oregon",
    "DataSource": "BRFSS",
    "Topic": "Obesity / Weight Status",
    "Data_Value": 25.7,
    "Sample_Size": "1,334",
    "Stratification1": "$75,000 or greater",
    "StratificationId1": "INC75PLUS",
    "LocationDisplayOrder": 41
  },
  {
    "ID": 24293,
    "Description": 2015,
    "LocationAbbr": "PA",
    "LocationDesc": "Pennsylvania",
    "DataSource": "BRFSS",
    "Topic": "Obesity / Weight Status",
    "Data_Value": 24.5,
    "Sample_Size": "1,454",
    "Stratification1": "$75,000 or greater",
    "StratificationId1": "INC75PLUS",
    "LocationDisplayOrder": 42
  },
  {
    "ID": 11835,
    "Description": 2015,
    "LocationAbbr": "RI",
    "LocationDesc": "Rhode Island",
    "DataSource": "BRFSS",
    "Topic": "Obesity / Weight Status",
    "Data_Value": 23,
    "Sample_Size": "1,655",
    "Stratification1": "$75,000 or greater",
    "StratificationId1": "INC75PLUS",
    "LocationDisplayOrder": 44
  },
  {
    "ID": 23298,
    "Description": 2015,
    "LocationAbbr": "SC",
    "LocationDesc": "South Carolina",
    "DataSource": "BRFSS",
    "Topic": "Obesity / Weight Status",
    "Data_Value": 28.2,
    "Sample_Size": "2,377",
    "Stratification1": "$75,000 or greater",
    "StratificationId1": "INC75PLUS",
    "LocationDisplayOrder": 45
  },
  {
    "ID": 13554,
    "Description": 2015,
    "LocationAbbr": "SD",
    "LocationDesc": "South Dakota",
    "DataSource": "BRFSS",
    "Topic": "Obesity / Weight Status",
    "Data_Value": 28.4,
    "Sample_Size": "1,644",
    "Stratification1": "$75,000 or greater",
    "StratificationId1": "INC75PLUS",
    "LocationDisplayOrder": 46
  },
  {
    "ID": 12835,
    "Description": 2015,
    "LocationAbbr": "TN",
    "LocationDesc": "Tennessee",
    "DataSource": "BRFSS",
    "Topic": "Obesity / Weight Status",
    "Data_Value": 32.4,
    "Sample_Size": "1,045",
    "Stratification1": "$75,000 or greater",
    "StratificationId1": "INC75PLUS",
    "LocationDisplayOrder": 47
  },
  {
    "ID": 3427,
    "Description": 2015,
    "LocationAbbr": "TX",
    "LocationDesc": "Texas",
    "DataSource": "BRFSS",
    "Topic": "Obesity / Weight Status",
    "Data_Value": 28.3,
    "Sample_Size": "3,375",
    "Stratification1": "$75,000 or greater",
    "StratificationId1": "INC75PLUS",
    "LocationDisplayOrder": 48
  },
  {
    "ID": 16328,
    "Description": 2015,
    "LocationAbbr": "UT",
    "LocationDesc": "Utah",
    "DataSource": "BRFSS",
    "Topic": "Obesity / Weight Status",
    "Data_Value": 21.9,
    "Sample_Size": "3,489",
    "Stratification1": "$75,000 or greater",
    "StratificationId1": "INC75PLUS",
    "LocationDisplayOrder": 49
  },
  {
    "ID": 16517,
    "Description": 2015,
    "LocationAbbr": "VT",
    "LocationDesc": "Vermont",
    "DataSource": "BRFSS",
    "Topic": "Obesity / Weight Status",
    "Data_Value": 20.2,
    "Sample_Size": "1,636",
    "Stratification1": "$75,000 or greater",
    "StratificationId1": "INC75PLUS",
    "LocationDisplayOrder": 50
  },
  {
    "ID": 5299,
    "Description": 2015,
    "LocationAbbr": "VA",
    "LocationDesc": "Virginia",
    "DataSource": "BRFSS",
    "Topic": "Obesity / Weight Status",
    "Data_Value": 25.2,
    "Sample_Size": "2,668",
    "Stratification1": "$75,000 or greater",
    "StratificationId1": "INC75PLUS",
    "LocationDisplayOrder": 51
  },
  {
    "ID": 17678,
    "Description": 2015,
    "LocationAbbr": "WA",
    "LocationDesc": "Washington",
    "DataSource": "BRFSS",
    "Topic": "Obesity / Weight Status",
    "Data_Value": 23,
    "Sample_Size": "4,716",
    "Stratification1": "$75,000 or greater",
    "StratificationId1": "INC75PLUS",
    "LocationDisplayOrder": 53
  },
  {
    "ID": 14438,
    "Description": 2015,
    "LocationAbbr": "WV",
    "LocationDesc": "West Virginia",
    "DataSource": "BRFSS",
    "Topic": "Obesity / Weight Status",
    "Data_Value": 33.9,
    "Sample_Size": "1,023",
    "Stratification1": "$75,000 or greater",
    "StratificationId1": "INC75PLUS",
    "LocationDisplayOrder": 54
  },
  {
    "ID": 28190,
    "Description": 2015,
    "LocationAbbr": "WI",
    "LocationDesc": "Wisconsin",
    "DataSource": "BRFSS",
    "Topic": "Obesity / Weight Status",
    "Data_Value": 28.5,
    "Sample_Size": "1,535",
    "Stratification1": "$75,000 or greater",
    "StratificationId1": "INC75PLUS",
    "LocationDisplayOrder": 55
  },
  {
    "ID": 15400,
    "Description": 2015,
    "LocationAbbr": "WY",
    "LocationDesc": "Wyoming",
    "DataSource": "BRFSS",
    "Topic": "Obesity / Weight Status",
    "Data_Value": 25.2,
    "Sample_Size": "1,330",
    "Stratification1": "$75,000 or greater",
    "StratificationId1": "INC75PLUS",
    "LocationDisplayOrder": 56
  },
  {
    "ID": 913,
    "Description": 2015,
    "LocationAbbr": "GU",
    "LocationDesc": "Guam",
    "DataSource": "BRFSS",
    "Topic": "Obesity / Weight Status",
    "Data_Value": 29.6,
    "Sample_Size": 309,
    "Stratification1": "$75,000 or greater",
    "StratificationId1": "INC75PLUS",
    "LocationDisplayOrder": 66
  },
  {
    "ID": 250,
    "Description": 2015,
    "LocationAbbr": "PR",
    "LocationDesc": "Puerto Rico",
    "DataSource": "BRFSS",
    "Topic": "Obesity / Weight Status",
    "Data_Value": 32.4,
    "Sample_Size": 161,
    "Stratification1": "$75,000 or greater",
    "StratificationId1": "INC75PLUS",
    "LocationDisplayOrder": 72
  },
  {
    "ID": "",
    "Description": "",
    "LocationAbbr": "",
    "LocationDesc": "",
    "DataSource": "",
    "Topic": "",
    "Data_Value": "",
    "Sample_Size": "",
    "Stratification1": "",
    "StratificationId1": "",
    "LocationDisplayOrder": ""
  },
  {
    "ID": "",
    "Description": "",
    "LocationAbbr": "",
    "LocationDesc": "",
    "DataSource": "",
    "Topic": "",
    "Data_Value": "",
    "Sample_Size": "",
    "Stratification1": "",
    "StratificationId1": "",
    "LocationDisplayOrder": ""
  },
  {
    "ID": "",
    "Description": "",
    "LocationAbbr": "",
    "LocationDesc": "",
    "DataSource": "",
    "Topic": "",
    "Data_Value": "",
    "Sample_Size": "",
    "Stratification1": "",
    "StratificationId1": "",
    "LocationDisplayOrder": ""
  },
  {
    "ID": "",
    "Description": "",
    "LocationAbbr": "",
    "LocationDesc": "",
    "DataSource": "",
    "Topic": "",
    "Data_Value": "",
    "Sample_Size": "",
    "Stratification1": "",
    "StratificationId1": "",
    "LocationDisplayOrder": ""
  },
  {
    "ID": "",
    "Description": "",
    "LocationAbbr": "",
    "LocationDesc": "",
    "DataSource": "",
    "Topic": "",
    "Data_Value": "",
    "Sample_Size": "",
    "Stratification1": "",
    "StratificationId1": "",
    "LocationDisplayOrder": ""
  },
  {
    "ID": "",
    "Description": "",
    "LocationAbbr": "",
    "LocationDesc": "",
    "DataSource": "",
    "Topic": "",
    "Data_Value": "",
    "Sample_Size": "",
    "Stratification1": "",
    "StratificationId1": "",
    "LocationDisplayOrder": ""
  },
  {
    "ID": "",
    "Description": "",
    "LocationAbbr": "",
    "LocationDesc": "",
    "DataSource": "",
    "Topic": "",
    "Data_Value": "",
    "Sample_Size": "",
    "Stratification1": "",
    "StratificationId1": "",
    "LocationDisplayOrder": ""
  },
  {
    "ID": "",
    "Description": "",
    "LocationAbbr": "",
    "LocationDesc": "",
    "DataSource": "",
    "Topic": "",
    "Data_Value": "",
    "Sample_Size": "",
    "Stratification1": "",
    "StratificationId1": "",
    "LocationDisplayOrder": ""
  },
  {
    "ID": "",
    "Description": "",
    "LocationAbbr": "",
    "LocationDesc": "",
    "DataSource": "",
    "Topic": "",
    "Data_Value": "",
    "Sample_Size": "",
    "Stratification1": "",
    "StratificationId1": "",
    "LocationDisplayOrder": ""
  }
]