[
  {
    "ID": 476,
    "Description": 2015,
    "LocationAbbr": "US",
    "LocationDesc": "National",
    "DataSource": "BRFSS",
    "Topic": "Obesity / Weight Status",
    "Data_Value": 34,
    "Sample_Size": "64,418",
    "Stratification1": "45 - 54",
    "StratificationId1": "AGEYR4554",
    "LocationDisplayOrder": 0
  },
  {
    "ID": 38702,
    "Description": 2015,
    "LocationAbbr": "AL",
    "LocationDesc": "Alabama",
    "DataSource": "BRFSS",
    "Topic": "Obesity / Weight Status",
    "Data_Value": 40.6,
    "Sample_Size": "1,244",
    "Stratification1": "45 - 54",
    "StratificationId1": "AGEYR4554",
    "LocationDisplayOrder": 1
  },
  {
    "ID": 13167,
    "Description": 2015,
    "LocationAbbr": "AK",
    "LocationDesc": "Alaska",
    "DataSource": "BRFSS",
    "Topic": "Obesity / Weight Status",
    "Data_Value": 30.8,
    "Sample_Size": 669,
    "Stratification1": "45 - 54",
    "StratificationId1": "AGEYR4554",
    "LocationDisplayOrder": 2
  },
  {
    "ID": 4719,
    "Description": 2015,
    "LocationAbbr": "AZ",
    "LocationDesc": "Arizona",
    "DataSource": "BRFSS",
    "Topic": "Obesity / Weight Status",
    "Data_Value": 32.1,
    "Sample_Size": "1,019",
    "Stratification1": "45 - 54",
    "StratificationId1": "AGEYR4554",
    "LocationDisplayOrder": 4
  },
  {
    "ID": 32562,
    "Description": 2015,
    "LocationAbbr": "AR",
    "LocationDesc": "Arkansas",
    "DataSource": "BRFSS",
    "Topic": "Obesity / Weight Status",
    "Data_Value": 42.2,
    "Sample_Size": 661,
    "Stratification1": "45 - 54",
    "StratificationId1": "AGEYR4554",
    "LocationDisplayOrder": 5
  },
  {
    "ID": 36524,
    "Description": 2015,
    "LocationAbbr": "CA",
    "LocationDesc": "California",
    "DataSource": "BRFSS",
    "Topic": "Obesity / Weight Status",
    "Data_Value": 27.7,
    "Sample_Size": "1,988",
    "Stratification1": "45 - 54",
    "StratificationId1": "AGEYR4554",
    "LocationDisplayOrder": 6
  },
  {
    "ID": 37880,
    "Description": 2015,
    "LocationAbbr": "CO",
    "LocationDesc": "Colorado",
    "DataSource": "BRFSS",
    "Topic": "Obesity / Weight Status",
    "Data_Value": 24.1,
    "Sample_Size": "1,996",
    "Stratification1": "45 - 54",
    "StratificationId1": "AGEYR4554",
    "LocationDisplayOrder": 8
  },
  {
    "ID": 25766,
    "Description": 2015,
    "LocationAbbr": "CT",
    "LocationDesc": "Connecticut",
    "DataSource": "BRFSS",
    "Topic": "Obesity / Weight Status",
    "Data_Value": 29,
    "Sample_Size": "1,867",
    "Stratification1": "45 - 54",
    "StratificationId1": "AGEYR4554",
    "LocationDisplayOrder": 9
  },
  {
    "ID": 21596,
    "Description": 2015,
    "LocationAbbr": "DE",
    "LocationDesc": "Delaware",
    "DataSource": "BRFSS",
    "Topic": "Obesity / Weight Status",
    "Data_Value": 36.3,
    "Sample_Size": 560,
    "Stratification1": "45 - 54",
    "StratificationId1": "AGEYR4554",
    "LocationDisplayOrder": 10
  },
  {
    "ID": 39361,
    "Description": 2015,
    "LocationAbbr": "DC",
    "LocationDesc": "District of Columbia",
    "DataSource": "BRFSS",
    "Topic": "Obesity / Weight Status",
    "Data_Value": 33.7,
    "Sample_Size": 541,
    "Stratification1": "45 - 54",
    "StratificationId1": "AGEYR4554",
    "LocationDisplayOrder": 11
  },
  {
    "ID": 24927,
    "Description": 2015,
    "LocationAbbr": "FL",
    "LocationDesc": "Florida",
    "DataSource": "BRFSS",
    "Topic": "Obesity / Weight Status",
    "Data_Value": 33.8,
    "Sample_Size": "1,194",
    "Stratification1": "45 - 54",
    "StratificationId1": "AGEYR4554",
    "LocationDisplayOrder": 12
  },
  {
    "ID": 18014,
    "Description": 2015,
    "LocationAbbr": "GA",
    "LocationDesc": "Georgia",
    "DataSource": "BRFSS",
    "Topic": "Obesity / Weight Status",
    "Data_Value": 36,
    "Sample_Size": 691,
    "Stratification1": "45 - 54",
    "StratificationId1": "AGEYR4554",
    "LocationDisplayOrder": 13
  },
  {
    "ID": 22240,
    "Description": 2015,
    "LocationAbbr": "HI",
    "LocationDesc": "Hawaii",
    "DataSource": "BRFSS",
    "Topic": "Obesity / Weight Status",
    "Data_Value": 26.5,
    "Sample_Size": "1,036",
    "Stratification1": "45 - 54",
    "StratificationId1": "AGEYR4554",
    "LocationDisplayOrder": 15
  },
  {
    "ID": 33610,
    "Description": 2015,
    "LocationAbbr": "ID",
    "LocationDesc": "Idaho",
    "DataSource": "BRFSS",
    "Topic": "Obesity / Weight Status",
    "Data_Value": 31.9,
    "Sample_Size": 783,
    "Stratification1": "45 - 54",
    "StratificationId1": "AGEYR4554",
    "LocationDisplayOrder": 16
  },
  {
    "ID": 14990,
    "Description": 2015,
    "LocationAbbr": "IL",
    "LocationDesc": "Illinois",
    "DataSource": "BRFSS",
    "Topic": "Obesity / Weight Status",
    "Data_Value": 35.2,
    "Sample_Size": 871,
    "Stratification1": "45 - 54",
    "StratificationId1": "AGEYR4554",
    "LocationDisplayOrder": 17
  },
  {
    "ID": 34338,
    "Description": 2015,
    "LocationAbbr": "IN",
    "LocationDesc": "Indiana",
    "DataSource": "BRFSS",
    "Topic": "Obesity / Weight Status",
    "Data_Value": 38,
    "Sample_Size": 849,
    "Stratification1": "45 - 54",
    "StratificationId1": "AGEYR4554",
    "LocationDisplayOrder": 18
  },
  {
    "ID": 17604,
    "Description": 2015,
    "LocationAbbr": "IA",
    "LocationDesc": "Iowa",
    "DataSource": "BRFSS",
    "Topic": "Obesity / Weight Status",
    "Data_Value": 36.6,
    "Sample_Size": 907,
    "Stratification1": "45 - 54",
    "StratificationId1": "AGEYR4554",
    "LocationDisplayOrder": 19
  },
  {
    "ID": 11043,
    "Description": 2015,
    "LocationAbbr": "KS",
    "LocationDesc": "Kansas",
    "DataSource": "BRFSS",
    "Topic": "Obesity / Weight Status",
    "Data_Value": 39.1,
    "Sample_Size": "3,294",
    "Stratification1": "45 - 54",
    "StratificationId1": "AGEYR4554",
    "LocationDisplayOrder": 20
  },
  {
    "ID": 26496,
    "Description": 2015,
    "LocationAbbr": "KY",
    "LocationDesc": "Kentucky",
    "DataSource": "BRFSS",
    "Topic": "Obesity / Weight Status",
    "Data_Value": 40.6,
    "Sample_Size": "1,372",
    "Stratification1": "45 - 54",
    "StratificationId1": "AGEYR4554",
    "LocationDisplayOrder": 21
  },
  {
    "ID": 35486,
    "Description": 2015,
    "LocationAbbr": "LA",
    "LocationDesc": "Louisiana",
    "DataSource": "BRFSS",
    "Topic": "Obesity / Weight Status",
    "Data_Value": 41.6,
    "Sample_Size": 687,
    "Stratification1": "45 - 54",
    "StratificationId1": "AGEYR4554",
    "LocationDisplayOrder": 22
  },
  {
    "ID": 19937,
    "Description": 2015,
    "LocationAbbr": "ME",
    "LocationDesc": "Maine",
    "DataSource": "BRFSS",
    "Topic": "Obesity / Weight Status",
    "Data_Value": 31.8,
    "Sample_Size": "1,413",
    "Stratification1": "45 - 54",
    "StratificationId1": "AGEYR4554",
    "LocationDisplayOrder": 23
  },
  {
    "ID": 6134,
    "Description": 2015,
    "LocationAbbr": "MD",
    "LocationDesc": "Maryland",
    "DataSource": "BRFSS",
    "Topic": "Obesity / Weight Status",
    "Data_Value": 35.1,
    "Sample_Size": "2,008",
    "Stratification1": "45 - 54",
    "StratificationId1": "AGEYR4554",
    "LocationDisplayOrder": 24
  },
  {
    "ID": 18709,
    "Description": 2015,
    "LocationAbbr": "MA",
    "LocationDesc": "Massachusetts",
    "DataSource": "BRFSS",
    "Topic": "Obesity / Weight Status",
    "Data_Value": 30,
    "Sample_Size": "1,524",
    "Stratification1": "45 - 54",
    "StratificationId1": "AGEYR4554",
    "LocationDisplayOrder": 25
  },
  {
    "ID": 16272,
    "Description": 2015,
    "LocationAbbr": "MI",
    "LocationDesc": "Michigan",
    "DataSource": "BRFSS",
    "Topic": "Obesity / Weight Status",
    "Data_Value": 35.7,
    "Sample_Size": "1,415",
    "Stratification1": "45 - 54",
    "StratificationId1": "AGEYR4554",
    "LocationDisplayOrder": 26
  },
  {
    "ID": 13023,
    "Description": 2015,
    "LocationAbbr": "MN",
    "LocationDesc": "Minnesota",
    "DataSource": "BRFSS",
    "Topic": "Obesity / Weight Status",
    "Data_Value": 31.7,
    "Sample_Size": "2,647",
    "Stratification1": "45 - 54",
    "StratificationId1": "AGEYR4554",
    "LocationDisplayOrder": 27
  },
  {
    "ID": 7258,
    "Description": 2015,
    "LocationAbbr": "MS",
    "LocationDesc": "Mississippi",
    "DataSource": "BRFSS",
    "Topic": "Obesity / Weight Status",
    "Data_Value": 37,
    "Sample_Size": 823,
    "Stratification1": "45 - 54",
    "StratificationId1": "AGEYR4554",
    "LocationDisplayOrder": 28
  },
  {
    "ID": 30412,
    "Description": 2015,
    "LocationAbbr": "MO",
    "LocationDesc": "Missouri",
    "DataSource": "BRFSS",
    "Topic": "Obesity / Weight Status",
    "Data_Value": 35.3,
    "Sample_Size": "1,043",
    "Stratification1": "45 - 54",
    "StratificationId1": "AGEYR4554",
    "LocationDisplayOrder": 29
  },
  {
    "ID": 3801,
    "Description": 2015,
    "LocationAbbr": "MT",
    "LocationDesc": "Montana",
    "DataSource": "BRFSS",
    "Topic": "Obesity / Weight Status",
    "Data_Value": 30.2,
    "Sample_Size": 779,
    "Stratification1": "45 - 54",
    "StratificationId1": "AGEYR4554",
    "LocationDisplayOrder": 30
  },
  {
    "ID": 32843,
    "Description": 2015,
    "LocationAbbr": "NE",
    "LocationDesc": "Nebraska",
    "DataSource": "BRFSS",
    "Topic": "Obesity / Weight Status",
    "Data_Value": 38.3,
    "Sample_Size": "2,577",
    "Stratification1": "45 - 54",
    "StratificationId1": "AGEYR4554",
    "LocationDisplayOrder": 31
  },
  {
    "ID": 33959,
    "Description": 2015,
    "LocationAbbr": "NV",
    "LocationDesc": "Nevada",
    "DataSource": "BRFSS",
    "Topic": "Obesity / Weight Status",
    "Data_Value": 35.6,
    "Sample_Size": 411,
    "Stratification1": "45 - 54",
    "StratificationId1": "AGEYR4554",
    "LocationDisplayOrder": 32
  },
  {
    "ID": 30689,
    "Description": 2015,
    "LocationAbbr": "NH",
    "LocationDesc": "New Hampshire",
    "DataSource": "BRFSS",
    "Topic": "Obesity / Weight Status",
    "Data_Value": 27.1,
    "Sample_Size": "1,066",
    "Stratification1": "45 - 54",
    "StratificationId1": "AGEYR4554",
    "LocationDisplayOrder": 33
  },
  {
    "ID": 31446,
    "Description": 2015,
    "LocationAbbr": "NJ",
    "LocationDesc": "New Jersey",
    "DataSource": "BRFSS",
    "Topic": "Obesity / Weight Status",
    "Data_Value": 30.5,
    "Sample_Size": "1,979",
    "Stratification1": "45 - 54",
    "StratificationId1": "AGEYR4554",
    "LocationDisplayOrder": 34
  },
  {
    "ID": 19324,
    "Description": 2015,
    "LocationAbbr": "NM",
    "LocationDesc": "New Mexico",
    "DataSource": "BRFSS",
    "Topic": "Obesity / Weight Status",
    "Data_Value": 31,
    "Sample_Size": 981,
    "Stratification1": "45 - 54",
    "StratificationId1": "AGEYR4554",
    "LocationDisplayOrder": 35
  },
  {
    "ID": 27822,
    "Description": 2015,
    "LocationAbbr": "NY",
    "LocationDesc": "New York",
    "DataSource": "BRFSS",
    "Topic": "Obesity / Weight Status",
    "Data_Value": 30,
    "Sample_Size": "2,010",
    "Stratification1": "45 - 54",
    "StratificationId1": "AGEYR4554",
    "LocationDisplayOrder": 36
  },
  {
    "ID": 30976,
    "Description": 2015,
    "LocationAbbr": "NC",
    "LocationDesc": "North Carolina",
    "DataSource": "BRFSS",
    "Topic": "Obesity / Weight Status",
    "Data_Value": 35.1,
    "Sample_Size": "1,079",
    "Stratification1": "45 - 54",
    "StratificationId1": "AGEYR4554",
    "LocationDisplayOrder": 37
  },
  {
    "ID": 36120,
    "Description": 2015,
    "LocationAbbr": "ND",
    "LocationDesc": "North Dakota",
    "DataSource": "BRFSS",
    "Topic": "Obesity / Weight Status",
    "Data_Value": 38.6,
    "Sample_Size": 657,
    "Stratification1": "45 - 54",
    "StratificationId1": "AGEYR4554",
    "LocationDisplayOrder": 38
  },
  {
    "ID": 38122,
    "Description": 2015,
    "LocationAbbr": "OH",
    "LocationDesc": "Ohio",
    "DataSource": "BRFSS",
    "Topic": "Obesity / Weight Status",
    "Data_Value": 35.6,
    "Sample_Size": "1,655",
    "Stratification1": "45 - 54",
    "StratificationId1": "AGEYR4554",
    "LocationDisplayOrder": 39
  },
  {
    "ID": 21031,
    "Description": 2015,
    "LocationAbbr": "OK",
    "LocationDesc": "Oklahoma",
    "DataSource": "BRFSS",
    "Topic": "Obesity / Weight Status",
    "Data_Value": 43.3,
    "Sample_Size": 894,
    "Stratification1": "45 - 54",
    "StratificationId1": "AGEYR4554",
    "LocationDisplayOrder": 40
  },
  {
    "ID": 28999,
    "Description": 2015,
    "LocationAbbr": "OR",
    "LocationDesc": "Oregon",
    "DataSource": "BRFSS",
    "Topic": "Obesity / Weight Status",
    "Data_Value": 29.6,
    "Sample_Size": 731,
    "Stratification1": "45 - 54",
    "StratificationId1": "AGEYR4554",
    "LocationDisplayOrder": 41
  },
  {
    "ID": 37681,
    "Description": 2015,
    "LocationAbbr": "PA",
    "LocationDesc": "Pennsylvania",
    "DataSource": "BRFSS",
    "Topic": "Obesity / Weight Status",
    "Data_Value": 33.7,
    "Sample_Size": 888,
    "Stratification1": "45 - 54",
    "StratificationId1": "AGEYR4554",
    "LocationDisplayOrder": 42
  },
  {
    "ID": 28240,
    "Description": 2015,
    "LocationAbbr": "RI",
    "LocationDesc": "Rhode Island",
    "DataSource": "BRFSS",
    "Topic": "Obesity / Weight Status",
    "Data_Value": 33.2,
    "Sample_Size": 959,
    "Stratification1": "45 - 54",
    "StratificationId1": "AGEYR4554",
    "LocationDisplayOrder": 44
  },
  {
    "ID": 20002,
    "Description": 2015,
    "LocationAbbr": "SC",
    "LocationDesc": "South Carolina",
    "DataSource": "BRFSS",
    "Topic": "Obesity / Weight Status",
    "Data_Value": 38,
    "Sample_Size": "1,719",
    "Stratification1": "45 - 54",
    "StratificationId1": "AGEYR4554",
    "LocationDisplayOrder": 45
  },
  {
    "ID": 35387,
    "Description": 2015,
    "LocationAbbr": "SD",
    "LocationDesc": "South Dakota",
    "DataSource": "BRFSS",
    "Topic": "Obesity / Weight Status",
    "Data_Value": 35.9,
    "Sample_Size": "1,026",
    "Stratification1": "45 - 54",
    "StratificationId1": "AGEYR4554",
    "LocationDisplayOrder": 46
  },
  {
    "ID": 19375,
    "Description": 2015,
    "LocationAbbr": "TN",
    "LocationDesc": "Tennessee",
    "DataSource": "BRFSS",
    "Topic": "Obesity / Weight Status",
    "Data_Value": 41.1,
    "Sample_Size": 894,
    "Stratification1": "45 - 54",
    "StratificationId1": "AGEYR4554",
    "LocationDisplayOrder": 47
  },
  {
    "ID": 4311,
    "Description": 2015,
    "LocationAbbr": "TX",
    "LocationDesc": "Texas",
    "DataSource": "BRFSS",
    "Topic": "Obesity / Weight Status",
    "Data_Value": 40.5,
    "Sample_Size": "1,976",
    "Stratification1": "45 - 54",
    "StratificationId1": "AGEYR4554",
    "LocationDisplayOrder": 48
  },
  {
    "ID": 10595,
    "Description": 2015,
    "LocationAbbr": "UT",
    "LocationDesc": "Utah",
    "DataSource": "BRFSS",
    "Topic": "Obesity / Weight Status",
    "Data_Value": 31,
    "Sample_Size": "1,663",
    "Stratification1": "45 - 54",
    "StratificationId1": "AGEYR4554",
    "LocationDisplayOrder": 49
  },
  {
    "ID": 21187,
    "Description": 2015,
    "LocationAbbr": "VT",
    "LocationDesc": "Vermont",
    "DataSource": "BRFSS",
    "Topic": "Obesity / Weight Status",
    "Data_Value": 29.5,
    "Sample_Size": "1,122",
    "Stratification1": "45 - 54",
    "StratificationId1": "AGEYR4554",
    "LocationDisplayOrder": 50
  },
  {
    "ID": 17387,
    "Description": 2015,
    "LocationAbbr": "VA",
    "LocationDesc": "Virginia",
    "DataSource": "BRFSS",
    "Topic": "Obesity / Weight Status",
    "Data_Value": 33.9,
    "Sample_Size": "1,445",
    "Stratification1": "45 - 54",
    "StratificationId1": "AGEYR4554",
    "LocationDisplayOrder": 51
  },
  {
    "ID": 7235,
    "Description": 2015,
    "LocationAbbr": "WA",
    "LocationDesc": "Washington",
    "DataSource": "BRFSS",
    "Topic": "Obesity / Weight Status",
    "Data_Value": 30,
    "Sample_Size": "2,258",
    "Stratification1": "45 - 54",
    "StratificationId1": "AGEYR4554",
    "LocationDisplayOrder": 53
  },
  {
    "ID": 27695,
    "Description": 2015,
    "LocationAbbr": "WV",
    "LocationDesc": "West Virginia",
    "DataSource": "BRFSS",
    "Topic": "Obesity / Weight Status",
    "Data_Value": 44.7,
    "Sample_Size": 915,
    "Stratification1": "45 - 54",
    "StratificationId1": "AGEYR4554",
    "LocationDisplayOrder": 54
  },
  {
    "ID": 25776,
    "Description": 2015,
    "LocationAbbr": "WI",
    "LocationDesc": "Wisconsin",
    "DataSource": "BRFSS",
    "Topic": "Obesity / Weight Status",
    "Data_Value": 36.5,
    "Sample_Size": 988,
    "Stratification1": "45 - 54",
    "StratificationId1": "AGEYR4554",
    "LocationDisplayOrder": 55
  },
  {
    "ID": 5123,
    "Description": 2015,
    "LocationAbbr": "WY",
    "LocationDesc": "Wyoming",
    "DataSource": "BRFSS",
    "Topic": "Obesity / Weight Status",
    "Data_Value": 31.1,
    "Sample_Size": 644,
    "Stratification1": "45 - 54",
    "StratificationId1": "AGEYR4554",
    "LocationDisplayOrder": 56
  },
  {
    "ID": 523,
    "Description": 2015,
    "LocationAbbr": "GU",
    "LocationDesc": "Guam",
    "DataSource": "BRFSS",
    "Topic": "Obesity / Weight Status",
    "Data_Value": 39.9,
    "Sample_Size": 309,
    "Stratification1": "45 - 54",
    "StratificationId1": "AGEYR4554",
    "LocationDisplayOrder": 66
  },
  {
    "ID": 1607,
    "Description": 2015,
    "LocationAbbr": "PR",
    "LocationDesc": "Puerto Rico",
    "DataSource": "BRFSS",
    "Topic": "Obesity / Weight Status",
    "Data_Value": 34.4,
    "Sample_Size": 860,
    "Stratification1": "45 - 54",
    "StratificationId1": "AGEYR4554",
    "LocationDisplayOrder": 72
  },
  {
    "ID": "",
    "Description": "",
    "LocationAbbr": "",
    "LocationDesc": "",
    "DataSource": "",
    "Topic": "",
    "Data_Value": "",
    "Sample_Size": "",
    "Stratification1": "",
    "StratificationId1": "",
    "LocationDisplayOrder": ""
  },
  {
    "ID": "",
    "Description": "",
    "LocationAbbr": "",
    "LocationDesc": "",
    "DataSource": "",
    "Topic": "",
    "Data_Value": "",
    "Sample_Size": "",
    "Stratification1": "",
    "StratificationId1": "",
    "LocationDisplayOrder": ""
  },
  {
    "ID": "",
    "Description": "",
    "LocationAbbr": "",
    "LocationDesc": "",
    "DataSource": "",
    "Topic": "",
    "Data_Value": "",
    "Sample_Size": "",
    "Stratification1": "",
    "StratificationId1": "",
    "LocationDisplayOrder": ""
  },
  {
    "ID": "",
    "Description": "",
    "LocationAbbr": "",
    "LocationDesc": "",
    "DataSource": "",
    "Topic": "",
    "Data_Value": "",
    "Sample_Size": "",
    "Stratification1": "",
    "StratificationId1": "",
    "LocationDisplayOrder": ""
  },
  {
    "ID": "",
    "Description": "",
    "LocationAbbr": "",
    "LocationDesc": "",
    "DataSource": "",
    "Topic": "",
    "Data_Value": "",
    "Sample_Size": "",
    "Stratification1": "",
    "StratificationId1": "",
    "LocationDisplayOrder": ""
  },
  {
    "ID": "",
    "Description": "",
    "LocationAbbr": "",
    "LocationDesc": "",
    "DataSource": "",
    "Topic": "",
    "Data_Value": "",
    "Sample_Size": "",
    "Stratification1": "",
    "StratificationId1": "",
    "LocationDisplayOrder": ""
  },
  {
    "ID": "",
    "Description": "",
    "LocationAbbr": "",
    "LocationDesc": "",
    "DataSource": "",
    "Topic": "",
    "Data_Value": "",
    "Sample_Size": "",
    "Stratification1": "",
    "StratificationId1": "",
    "LocationDisplayOrder": ""
  },
  {
    "ID": "",
    "Description": "",
    "LocationAbbr": "",
    "LocationDesc": "",
    "DataSource": "",
    "Topic": "",
    "Data_Value": "",
    "Sample_Size": "",
    "Stratification1": "",
    "StratificationId1": "",
    "LocationDisplayOrder": ""
  },
  {
    "ID": "",
    "Description": "",
    "LocationAbbr": "",
    "LocationDesc": "",
    "DataSource": "",
    "Topic": "",
    "Data_Value": "",
    "Sample_Size": "",
    "Stratification1": "",
    "StratificationId1": "",
    "LocationDisplayOrder": ""
  }
]