[
  {
    "ID": 625,
    "Description": 2015,
    "LocationAbbr": "US",
    "LocationDesc": "National",
    "DataSource": "BRFSS",
    "Topic": "Obesity / Weight Status",
    "Data_Value": 28.9,
    "Sample_Size": "398,316",
    "Stratification1": "Total",
    "StratificationId1": "OVERALL",
    "LocationDisplayOrder": 0
  },
  {
    "ID": 5705,
    "Description": 2015,
    "LocationAbbr": "AL",
    "LocationDesc": "Alabama",
    "DataSource": "BRFSS",
    "Topic": "Obesity / Weight Status",
    "Data_Value": 35.6,
    "Sample_Size": "7,383",
    "Stratification1": "Total",
    "StratificationId1": "OVERALL",
    "LocationDisplayOrder": 1
  },
  {
    "ID": 9467,
    "Description": 2015,
    "LocationAbbr": "AK",
    "LocationDesc": "Alaska",
    "DataSource": "BRFSS",
    "Topic": "Obesity / Weight Status",
    "Data_Value": 29.8,
    "Sample_Size": "3,434",
    "Stratification1": "Total",
    "StratificationId1": "OVERALL",
    "LocationDisplayOrder": 2
  },
  {
    "ID": 30023,
    "Description": 2015,
    "LocationAbbr": "AZ",
    "LocationDesc": "Arizona",
    "DataSource": "BRFSS",
    "Topic": "Obesity / Weight Status",
    "Data_Value": 28.4,
    "Sample_Size": "7,152",
    "Stratification1": "Total",
    "StratificationId1": "OVERALL",
    "LocationDisplayOrder": 4
  },
  {
    "ID": 9837,
    "Description": 2015,
    "LocationAbbr": "AR",
    "LocationDesc": "Arkansas",
    "DataSource": "BRFSS",
    "Topic": "Obesity / Weight Status",
    "Data_Value": 34.5,
    "Sample_Size": "4,813",
    "Stratification1": "Total",
    "StratificationId1": "OVERALL",
    "LocationDisplayOrder": 5
  },
  {
    "ID": 14086,
    "Description": 2015,
    "LocationAbbr": "CA",
    "LocationDesc": "California",
    "DataSource": "BRFSS",
    "Topic": "Obesity / Weight Status",
    "Data_Value": 24.2,
    "Sample_Size": "11,459",
    "Stratification1": "Total",
    "StratificationId1": "OVERALL",
    "LocationDisplayOrder": 6
  },
  {
    "ID": 17594,
    "Description": 2015,
    "LocationAbbr": "CO",
    "LocationDesc": "Colorado",
    "DataSource": "BRFSS",
    "Topic": "Obesity / Weight Status",
    "Data_Value": 20.2,
    "Sample_Size": "12,183",
    "Stratification1": "Total",
    "StratificationId1": "OVERALL",
    "LocationDisplayOrder": 8
  },
  {
    "ID": 21386,
    "Description": 2015,
    "LocationAbbr": "CT",
    "LocationDesc": "Connecticut",
    "DataSource": "BRFSS",
    "Topic": "Obesity / Weight Status",
    "Data_Value": 25.3,
    "Sample_Size": "10,901",
    "Stratification1": "Total",
    "StratificationId1": "OVERALL",
    "LocationDisplayOrder": 9
  },
  {
    "ID": 36511,
    "Description": 2015,
    "LocationAbbr": "DE",
    "LocationDesc": "Delaware",
    "DataSource": "BRFSS",
    "Topic": "Obesity / Weight Status",
    "Data_Value": 29.7,
    "Sample_Size": "3,688",
    "Stratification1": "Total",
    "StratificationId1": "OVERALL",
    "LocationDisplayOrder": 10
  },
  {
    "ID": 17616,
    "Description": 2015,
    "LocationAbbr": "DC",
    "LocationDesc": "District of Columbia",
    "DataSource": "BRFSS",
    "Topic": "Obesity / Weight Status",
    "Data_Value": 22.1,
    "Sample_Size": "3,654",
    "Stratification1": "Total",
    "StratificationId1": "OVERALL",
    "LocationDisplayOrder": 11
  },
  {
    "ID": 9798,
    "Description": 2015,
    "LocationAbbr": "FL",
    "LocationDesc": "Florida",
    "DataSource": "BRFSS",
    "Topic": "Obesity / Weight Status",
    "Data_Value": 26.8,
    "Sample_Size": "8,985",
    "Stratification1": "Total",
    "StratificationId1": "OVERALL",
    "LocationDisplayOrder": 12
  },
  {
    "ID": 19489,
    "Description": 2015,
    "LocationAbbr": "GA",
    "LocationDesc": "Georgia",
    "DataSource": "BRFSS",
    "Topic": "Obesity / Weight Status",
    "Data_Value": 30.7,
    "Sample_Size": "4,269",
    "Stratification1": "Total",
    "StratificationId1": "OVERALL",
    "LocationDisplayOrder": 13
  },
  {
    "ID": 21984,
    "Description": 2015,
    "LocationAbbr": "HI",
    "LocationDesc": "Hawaii",
    "DataSource": "BRFSS",
    "Topic": "Obesity / Weight Status",
    "Data_Value": 22.7,
    "Sample_Size": "6,822",
    "Stratification1": "Total",
    "StratificationId1": "OVERALL",
    "LocationDisplayOrder": 15
  },
  {
    "ID": 8637,
    "Description": 2015,
    "LocationAbbr": "ID",
    "LocationDesc": "Idaho",
    "DataSource": "BRFSS",
    "Topic": "Obesity / Weight Status",
    "Data_Value": 28.6,
    "Sample_Size": "5,358",
    "Stratification1": "Total",
    "StratificationId1": "OVERALL",
    "LocationDisplayOrder": 16
  },
  {
    "ID": 11851,
    "Description": 2015,
    "LocationAbbr": "IL",
    "LocationDesc": "Illinois",
    "DataSource": "BRFSS",
    "Topic": "Obesity / Weight Status",
    "Data_Value": 30.8,
    "Sample_Size": "5,081",
    "Stratification1": "Total",
    "StratificationId1": "OVERALL",
    "LocationDisplayOrder": 17
  },
  {
    "ID": 30763,
    "Description": 2015,
    "LocationAbbr": "IN",
    "LocationDesc": "Indiana",
    "DataSource": "BRFSS",
    "Topic": "Obesity / Weight Status",
    "Data_Value": 31.3,
    "Sample_Size": "5,647",
    "Stratification1": "Total",
    "StratificationId1": "OVERALL",
    "LocationDisplayOrder": 18
  },
  {
    "ID": 4511,
    "Description": 2015,
    "LocationAbbr": "IA",
    "LocationDesc": "Iowa",
    "DataSource": "BRFSS",
    "Topic": "Obesity / Weight Status",
    "Data_Value": 32.1,
    "Sample_Size": "5,614",
    "Stratification1": "Total",
    "StratificationId1": "OVERALL",
    "LocationDisplayOrder": 19
  },
  {
    "ID": 30741,
    "Description": 2015,
    "LocationAbbr": "KS",
    "LocationDesc": "Kansas",
    "DataSource": "BRFSS",
    "Topic": "Obesity / Weight Status",
    "Data_Value": 34.2,
    "Sample_Size": "20,930",
    "Stratification1": "Total",
    "StratificationId1": "OVERALL",
    "LocationDisplayOrder": 20
  },
  {
    "ID": 37558,
    "Description": 2015,
    "LocationAbbr": "KY",
    "LocationDesc": "Kentucky",
    "DataSource": "BRFSS",
    "Topic": "Obesity / Weight Status",
    "Data_Value": 34.6,
    "Sample_Size": "8,130",
    "Stratification1": "Total",
    "StratificationId1": "OVERALL",
    "LocationDisplayOrder": 21
  },
  {
    "ID": 33631,
    "Description": 2015,
    "LocationAbbr": "LA",
    "LocationDesc": "Louisiana",
    "DataSource": "BRFSS",
    "Topic": "Obesity / Weight Status",
    "Data_Value": 36.2,
    "Sample_Size": "4,324",
    "Stratification1": "Total",
    "StratificationId1": "OVERALL",
    "LocationDisplayOrder": 22
  },
  {
    "ID": 16964,
    "Description": 2015,
    "LocationAbbr": "ME",
    "LocationDesc": "Maine",
    "DataSource": "BRFSS",
    "Topic": "Obesity / Weight Status",
    "Data_Value": 30,
    "Sample_Size": "8,579",
    "Stratification1": "Total",
    "StratificationId1": "OVERALL",
    "LocationDisplayOrder": 23
  },
  {
    "ID": 38584,
    "Description": 2015,
    "LocationAbbr": "MD",
    "LocationDesc": "Maryland",
    "DataSource": "BRFSS",
    "Topic": "Obesity / Weight Status",
    "Data_Value": 28.9,
    "Sample_Size": "11,357",
    "Stratification1": "Total",
    "StratificationId1": "OVERALL",
    "LocationDisplayOrder": 24
  },
  {
    "ID": 12596,
    "Description": 2015,
    "LocationAbbr": "MA",
    "LocationDesc": "Massachusetts",
    "DataSource": "BRFSS",
    "Topic": "Obesity / Weight Status",
    "Data_Value": 24.3,
    "Sample_Size": "8,206",
    "Stratification1": "Total",
    "StratificationId1": "OVERALL",
    "LocationDisplayOrder": 25
  },
  {
    "ID": 30528,
    "Description": 2015,
    "LocationAbbr": "MI",
    "LocationDesc": "Michigan",
    "DataSource": "BRFSS",
    "Topic": "Obesity / Weight Status",
    "Data_Value": 31.2,
    "Sample_Size": "8,329",
    "Stratification1": "Total",
    "StratificationId1": "OVERALL",
    "LocationDisplayOrder": 26
  },
  {
    "ID": 23220,
    "Description": 2015,
    "LocationAbbr": "MN",
    "LocationDesc": "Minnesota",
    "DataSource": "BRFSS",
    "Topic": "Obesity / Weight Status",
    "Data_Value": 26.1,
    "Sample_Size": "15,340",
    "Stratification1": "Total",
    "StratificationId1": "OVERALL",
    "LocationDisplayOrder": 27
  },
  {
    "ID": 11557,
    "Description": 2015,
    "LocationAbbr": "MS",
    "LocationDesc": "Mississippi",
    "DataSource": "BRFSS",
    "Topic": "Obesity / Weight Status",
    "Data_Value": 35.6,
    "Sample_Size": "5,664",
    "Stratification1": "Total",
    "StratificationId1": "OVERALL",
    "LocationDisplayOrder": 28
  },
  {
    "ID": 32850,
    "Description": 2015,
    "LocationAbbr": "MO",
    "LocationDesc": "Missouri",
    "DataSource": "BRFSS",
    "Topic": "Obesity / Weight Status",
    "Data_Value": 32.4,
    "Sample_Size": "6,764",
    "Stratification1": "Total",
    "StratificationId1": "OVERALL",
    "LocationDisplayOrder": 29
  },
  {
    "ID": 35051,
    "Description": 2015,
    "LocationAbbr": "MT",
    "LocationDesc": "Montana",
    "DataSource": "BRFSS",
    "Topic": "Obesity / Weight Status",
    "Data_Value": 23.6,
    "Sample_Size": "5,563",
    "Stratification1": "Total",
    "StratificationId1": "OVERALL",
    "LocationDisplayOrder": 30
  },
  {
    "ID": 25863,
    "Description": 2015,
    "LocationAbbr": "NE",
    "LocationDesc": "Nebraska",
    "DataSource": "BRFSS",
    "Topic": "Obesity / Weight Status",
    "Data_Value": 31.4,
    "Sample_Size": "16,265",
    "Stratification1": "Total",
    "StratificationId1": "OVERALL",
    "LocationDisplayOrder": 31
  },
  {
    "ID": 5164,
    "Description": 2015,
    "LocationAbbr": "NV",
    "LocationDesc": "Nevada",
    "DataSource": "BRFSS",
    "Topic": "Obesity / Weight Status",
    "Data_Value": 26.7,
    "Sample_Size": "2,701",
    "Stratification1": "Total",
    "StratificationId1": "OVERALL",
    "LocationDisplayOrder": 32
  },
  {
    "ID": 8695,
    "Description": 2015,
    "LocationAbbr": "NH",
    "LocationDesc": "New Hampshire",
    "DataSource": "BRFSS",
    "Topic": "Obesity / Weight Status",
    "Data_Value": 26.3,
    "Sample_Size": "6,366",
    "Stratification1": "Total",
    "StratificationId1": "OVERALL",
    "LocationDisplayOrder": 33
  },
  {
    "ID": 34945,
    "Description": 2015,
    "LocationAbbr": "NJ",
    "LocationDesc": "New Jersey",
    "DataSource": "BRFSS",
    "Topic": "Obesity / Weight Status",
    "Data_Value": 25.6,
    "Sample_Size": "10,184",
    "Stratification1": "Total",
    "StratificationId1": "OVERALL",
    "LocationDisplayOrder": 34
  },
  {
    "ID": 17759,
    "Description": 2015,
    "LocationAbbr": "NM",
    "LocationDesc": "New Mexico",
    "DataSource": "BRFSS",
    "Topic": "Obesity / Weight Status",
    "Data_Value": 28.8,
    "Sample_Size": "6,206",
    "Stratification1": "Total",
    "StratificationId1": "OVERALL",
    "LocationDisplayOrder": 35
  },
  {
    "ID": 21989,
    "Description": 2015,
    "LocationAbbr": "NY",
    "LocationDesc": "New York",
    "DataSource": "BRFSS",
    "Topic": "Obesity / Weight Status",
    "Data_Value": 25,
    "Sample_Size": "11,281",
    "Stratification1": "Total",
    "StratificationId1": "OVERALL",
    "LocationDisplayOrder": 36
  },
  {
    "ID": 17599,
    "Description": 2015,
    "LocationAbbr": "NC",
    "LocationDesc": "North Carolina",
    "DataSource": "BRFSS",
    "Topic": "Obesity / Weight Status",
    "Data_Value": 30.1,
    "Sample_Size": "6,019",
    "Stratification1": "Total",
    "StratificationId1": "OVERALL",
    "LocationDisplayOrder": 37
  },
  {
    "ID": 36838,
    "Description": 2015,
    "LocationAbbr": "ND",
    "LocationDesc": "North Dakota",
    "DataSource": "BRFSS",
    "Topic": "Obesity / Weight Status",
    "Data_Value": 31,
    "Sample_Size": "4,612",
    "Stratification1": "Total",
    "StratificationId1": "OVERALL",
    "LocationDisplayOrder": 38
  },
  {
    "ID": 10693,
    "Description": 2015,
    "LocationAbbr": "OH",
    "LocationDesc": "Ohio",
    "DataSource": "BRFSS",
    "Topic": "Obesity / Weight Status",
    "Data_Value": 29.8,
    "Sample_Size": "10,924",
    "Stratification1": "Total",
    "StratificationId1": "OVERALL",
    "LocationDisplayOrder": 39
  },
  {
    "ID": 15434,
    "Description": 2015,
    "LocationAbbr": "OK",
    "LocationDesc": "Oklahoma",
    "DataSource": "BRFSS",
    "Topic": "Obesity / Weight Status",
    "Data_Value": 33.9,
    "Sample_Size": "6,521",
    "Stratification1": "Total",
    "StratificationId1": "OVERALL",
    "LocationDisplayOrder": 40
  },
  {
    "ID": 3083,
    "Description": 2015,
    "LocationAbbr": "OR",
    "LocationDesc": "Oregon",
    "DataSource": "BRFSS",
    "Topic": "Obesity / Weight Status",
    "Data_Value": 30.1,
    "Sample_Size": "4,905",
    "Stratification1": "Total",
    "StratificationId1": "OVERALL",
    "LocationDisplayOrder": 41
  },
  {
    "ID": 8891,
    "Description": 2015,
    "LocationAbbr": "PA",
    "LocationDesc": "Pennsylvania",
    "DataSource": "BRFSS",
    "Topic": "Obesity / Weight Status",
    "Data_Value": 30,
    "Sample_Size": "5,335",
    "Stratification1": "Total",
    "StratificationId1": "OVERALL",
    "LocationDisplayOrder": 42
  },
  {
    "ID": 33725,
    "Description": 2015,
    "LocationAbbr": "RI",
    "LocationDesc": "Rhode Island",
    "DataSource": "BRFSS",
    "Topic": "Obesity / Weight Status",
    "Data_Value": 26,
    "Sample_Size": "5,668",
    "Stratification1": "Total",
    "StratificationId1": "OVERALL",
    "LocationDisplayOrder": 44
  },
  {
    "ID": 4156,
    "Description": 2015,
    "LocationAbbr": "SC",
    "LocationDesc": "South Carolina",
    "DataSource": "BRFSS",
    "Topic": "Obesity / Weight Status",
    "Data_Value": 31.7,
    "Sample_Size": "10,865",
    "Stratification1": "Total",
    "StratificationId1": "OVERALL",
    "LocationDisplayOrder": 45
  },
  {
    "ID": 23036,
    "Description": 2015,
    "LocationAbbr": "SD",
    "LocationDesc": "South Dakota",
    "DataSource": "BRFSS",
    "Topic": "Obesity / Weight Status",
    "Data_Value": 30.4,
    "Sample_Size": "6,707",
    "Stratification1": "Total",
    "StratificationId1": "OVERALL",
    "LocationDisplayOrder": 46
  },
  {
    "ID": 30967,
    "Description": 2015,
    "LocationAbbr": "TN",
    "LocationDesc": "Tennessee",
    "DataSource": "BRFSS",
    "Topic": "Obesity / Weight Status",
    "Data_Value": 33.8,
    "Sample_Size": "5,475",
    "Stratification1": "Total",
    "StratificationId1": "OVERALL",
    "LocationDisplayOrder": 47
  },
  {
    "ID": 33374,
    "Description": 2015,
    "LocationAbbr": "TX",
    "LocationDesc": "Texas",
    "DataSource": "BRFSS",
    "Topic": "Obesity / Weight Status",
    "Data_Value": 32.4,
    "Sample_Size": "13,230",
    "Stratification1": "Total",
    "StratificationId1": "OVERALL",
    "LocationDisplayOrder": 48
  },
  {
    "ID": 24208,
    "Description": 2015,
    "LocationAbbr": "UT",
    "LocationDesc": "Utah",
    "DataSource": "BRFSS",
    "Topic": "Obesity / Weight Status",
    "Data_Value": 24.5,
    "Sample_Size": "10,455",
    "Stratification1": "Total",
    "StratificationId1": "OVERALL",
    "LocationDisplayOrder": 49
  },
  {
    "ID": 23683,
    "Description": 2015,
    "LocationAbbr": "VT",
    "LocationDesc": "Vermont",
    "DataSource": "BRFSS",
    "Topic": "Obesity / Weight Status",
    "Data_Value": 25.1,
    "Sample_Size": "6,008",
    "Stratification1": "Total",
    "StratificationId1": "OVERALL",
    "LocationDisplayOrder": 50
  },
  {
    "ID": 17900,
    "Description": 2015,
    "LocationAbbr": "VA",
    "LocationDesc": "Virginia",
    "DataSource": "BRFSS",
    "Topic": "Obesity / Weight Status",
    "Data_Value": 29.2,
    "Sample_Size": "8,030",
    "Stratification1": "Total",
    "StratificationId1": "OVERALL",
    "LocationDisplayOrder": 51
  },
  {
    "ID": 16130,
    "Description": 2015,
    "LocationAbbr": "WA",
    "LocationDesc": "Washington",
    "DataSource": "BRFSS",
    "Topic": "Obesity / Weight Status",
    "Data_Value": 26.4,
    "Sample_Size": "14,694",
    "Stratification1": "Total",
    "StratificationId1": "OVERALL",
    "LocationDisplayOrder": 53
  },
  {
    "ID": 16044,
    "Description": 2015,
    "LocationAbbr": "WV",
    "LocationDesc": "West Virginia",
    "DataSource": "BRFSS",
    "Topic": "Obesity / Weight Status",
    "Data_Value": 35.6,
    "Sample_Size": "5,471",
    "Stratification1": "Total",
    "StratificationId1": "OVERALL",
    "LocationDisplayOrder": 54
  },
  {
    "ID": 21766,
    "Description": 2015,
    "LocationAbbr": "WI",
    "LocationDesc": "Wisconsin",
    "DataSource": "BRFSS",
    "Topic": "Obesity / Weight Status",
    "Data_Value": 30.7,
    "Sample_Size": "5,755",
    "Stratification1": "Total",
    "StratificationId1": "OVERALL",
    "LocationDisplayOrder": 55
  },
  {
    "ID": 9531,
    "Description": 2015,
    "LocationAbbr": "WY",
    "LocationDesc": "Wyoming",
    "DataSource": "BRFSS",
    "Topic": "Obesity / Weight Status",
    "Data_Value": 29,
    "Sample_Size": "5,010",
    "Stratification1": "Total",
    "StratificationId1": "OVERALL",
    "LocationDisplayOrder": 56
  },
  {
    "ID": 1162,
    "Description": 2015,
    "LocationAbbr": "GU",
    "LocationDesc": "Guam",
    "DataSource": "BRFSS",
    "Topic": "Obesity / Weight Status",
    "Data_Value": 31.6,
    "Sample_Size": "1,588",
    "Stratification1": "Total",
    "StratificationId1": "OVERALL",
    "LocationDisplayOrder": 66
  },
  {
    "ID": 867,
    "Description": 2015,
    "LocationAbbr": "PR",
    "LocationDesc": "Puerto Rico",
    "DataSource": "BRFSS",
    "Topic": "Obesity / Weight Status",
    "Data_Value": 29.5,
    "Sample_Size": "5,154",
    "Stratification1": "Total",
    "StratificationId1": "OVERALL",
    "LocationDisplayOrder": 72
  },
  {
    "ID": "",
    "Description": "",
    "LocationAbbr": "",
    "LocationDesc": "",
    "DataSource": "",
    "Topic": "",
    "Data_Value": "",
    "Sample_Size": "",
    "Stratification1": "",
    "StratificationId1": "",
    "LocationDisplayOrder": ""
  },
  {
    "ID": "",
    "Description": "",
    "LocationAbbr": "",
    "LocationDesc": "",
    "DataSource": "",
    "Topic": "",
    "Data_Value": "",
    "Sample_Size": "",
    "Stratification1": "",
    "StratificationId1": "",
    "LocationDisplayOrder": ""
  },
  {
    "ID": "",
    "Description": "",
    "LocationAbbr": "",
    "LocationDesc": "",
    "DataSource": "",
    "Topic": "",
    "Data_Value": "",
    "Sample_Size": "",
    "Stratification1": "",
    "StratificationId1": "",
    "LocationDisplayOrder": ""
  },
  {
    "ID": "",
    "Description": "",
    "LocationAbbr": "",
    "LocationDesc": "",
    "DataSource": "",
    "Topic": "",
    "Data_Value": "",
    "Sample_Size": "",
    "Stratification1": "",
    "StratificationId1": "",
    "LocationDisplayOrder": ""
  },
  {
    "ID": "",
    "Description": "",
    "LocationAbbr": "",
    "LocationDesc": "",
    "DataSource": "",
    "Topic": "",
    "Data_Value": "",
    "Sample_Size": "",
    "Stratification1": "",
    "StratificationId1": "",
    "LocationDisplayOrder": ""
  },
  {
    "ID": "",
    "Description": "",
    "LocationAbbr": "",
    "LocationDesc": "",
    "DataSource": "",
    "Topic": "",
    "Data_Value": "",
    "Sample_Size": "",
    "Stratification1": "",
    "StratificationId1": "",
    "LocationDisplayOrder": ""
  },
  {
    "ID": "",
    "Description": "",
    "LocationAbbr": "",
    "LocationDesc": "",
    "DataSource": "",
    "Topic": "",
    "Data_Value": "",
    "Sample_Size": "",
    "Stratification1": "",
    "StratificationId1": "",
    "LocationDisplayOrder": ""
  },
  {
    "ID": "",
    "Description": "",
    "LocationAbbr": "",
    "LocationDesc": "",
    "DataSource": "",
    "Topic": "",
    "Data_Value": "",
    "Sample_Size": "",
    "Stratification1": "",
    "StratificationId1": "",
    "LocationDisplayOrder": ""
  },
  {
    "ID": "",
    "Description": "",
    "LocationAbbr": "",
    "LocationDesc": "",
    "DataSource": "",
    "Topic": "",
    "Data_Value": "",
    "Sample_Size": "",
    "Stratification1": "",
    "StratificationId1": "",
    "LocationDisplayOrder": ""
  }
]