[
  {
    "ID": 874,
    "Description": 2015,
    "LocationAbbr": "US",
    "LocationDesc": "National",
    "DataSource": "BRFSS",
    "Topic": "Obesity / Weight Status",
    "Data_Value": 29.1,
    "Sample_Size": "176,407",
    "Stratification1": "Male",
    "StratificationId1": "MALE",
    "LocationDisplayOrder": 0
  },
  {
    "ID": 33439,
    "Description": 2015,
    "LocationAbbr": "AL",
    "LocationDesc": "Alabama",
    "DataSource": "BRFSS",
    "Topic": "Obesity / Weight Status",
    "Data_Value": 34.9,
    "Sample_Size": "2,958",
    "Stratification1": "Male",
    "StratificationId1": "MALE",
    "LocationDisplayOrder": 1
  },
  {
    "ID": 5641,
    "Description": 2015,
    "LocationAbbr": "AK",
    "LocationDesc": "Alaska",
    "DataSource": "BRFSS",
    "Topic": "Obesity / Weight Status",
    "Data_Value": 29.3,
    "Sample_Size": "1,642",
    "Stratification1": "Male",
    "StratificationId1": "MALE",
    "LocationDisplayOrder": 2
  },
  {
    "ID": 3793,
    "Description": 2015,
    "LocationAbbr": "AZ",
    "LocationDesc": "Arizona",
    "DataSource": "BRFSS",
    "Topic": "Obesity / Weight Status",
    "Data_Value": 29.6,
    "Sample_Size": "3,069",
    "Stratification1": "Male",
    "StratificationId1": "MALE",
    "LocationDisplayOrder": 4
  },
  {
    "ID": 2533,
    "Description": 2015,
    "LocationAbbr": "AR",
    "LocationDesc": "Arkansas",
    "DataSource": "BRFSS",
    "Topic": "Obesity / Weight Status",
    "Data_Value": 35.1,
    "Sample_Size": "1,839",
    "Stratification1": "Male",
    "StratificationId1": "MALE",
    "LocationDisplayOrder": 5
  },
  {
    "ID": 36323,
    "Description": 2015,
    "LocationAbbr": "CA",
    "LocationDesc": "California",
    "DataSource": "BRFSS",
    "Topic": "Obesity / Weight Status",
    "Data_Value": 24.6,
    "Sample_Size": "5,741",
    "Stratification1": "Male",
    "StratificationId1": "MALE",
    "LocationDisplayOrder": 6
  },
  {
    "ID": 7483,
    "Description": 2015,
    "LocationAbbr": "CO",
    "LocationDesc": "Colorado",
    "DataSource": "BRFSS",
    "Topic": "Obesity / Weight Status",
    "Data_Value": 20.2,
    "Sample_Size": "5,621",
    "Stratification1": "Male",
    "StratificationId1": "MALE",
    "LocationDisplayOrder": 8
  },
  {
    "ID": 14345,
    "Description": 2015,
    "LocationAbbr": "CT",
    "LocationDesc": "Connecticut",
    "DataSource": "BRFSS",
    "Topic": "Obesity / Weight Status",
    "Data_Value": 26.6,
    "Sample_Size": "4,836",
    "Stratification1": "Male",
    "StratificationId1": "MALE",
    "LocationDisplayOrder": 9
  },
  {
    "ID": 3312,
    "Description": 2015,
    "LocationAbbr": "DE",
    "LocationDesc": "Delaware",
    "DataSource": "BRFSS",
    "Topic": "Obesity / Weight Status",
    "Data_Value": 28.1,
    "Sample_Size": "1,676",
    "Stratification1": "Male",
    "StratificationId1": "MALE",
    "LocationDisplayOrder": 10
  },
  {
    "ID": 12018,
    "Description": 2015,
    "LocationAbbr": "DC",
    "LocationDesc": "District of Columbia",
    "DataSource": "BRFSS",
    "Topic": "Obesity / Weight Status",
    "Data_Value": 17.6,
    "Sample_Size": "1,485",
    "Stratification1": "Male",
    "StratificationId1": "MALE",
    "LocationDisplayOrder": 11
  },
  {
    "ID": 14394,
    "Description": 2015,
    "LocationAbbr": "FL",
    "LocationDesc": "Florida",
    "DataSource": "BRFSS",
    "Topic": "Obesity / Weight Status",
    "Data_Value": 27.7,
    "Sample_Size": "3,895",
    "Stratification1": "Male",
    "StratificationId1": "MALE",
    "LocationDisplayOrder": 12
  },
  {
    "ID": 28675,
    "Description": 2015,
    "LocationAbbr": "GA",
    "LocationDesc": "Georgia",
    "DataSource": "BRFSS",
    "Topic": "Obesity / Weight Status",
    "Data_Value": 29.1,
    "Sample_Size": "1,752",
    "Stratification1": "Male",
    "StratificationId1": "MALE",
    "LocationDisplayOrder": 13
  },
  {
    "ID": 9721,
    "Description": 2015,
    "LocationAbbr": "HI",
    "LocationDesc": "Hawaii",
    "DataSource": "BRFSS",
    "Topic": "Obesity / Weight Status",
    "Data_Value": 25.5,
    "Sample_Size": "3,289",
    "Stratification1": "Male",
    "StratificationId1": "MALE",
    "LocationDisplayOrder": 15
  },
  {
    "ID": 19755,
    "Description": 2015,
    "LocationAbbr": "ID",
    "LocationDesc": "Idaho",
    "DataSource": "BRFSS",
    "Topic": "Obesity / Weight Status",
    "Data_Value": 29.8,
    "Sample_Size": "2,420",
    "Stratification1": "Male",
    "StratificationId1": "MALE",
    "LocationDisplayOrder": 16
  },
  {
    "ID": 13822,
    "Description": 2015,
    "LocationAbbr": "IL",
    "LocationDesc": "Illinois",
    "DataSource": "BRFSS",
    "Topic": "Obesity / Weight Status",
    "Data_Value": 29.7,
    "Sample_Size": "2,266",
    "Stratification1": "Male",
    "StratificationId1": "MALE",
    "LocationDisplayOrder": 17
  },
  {
    "ID": 33027,
    "Description": 2015,
    "LocationAbbr": "IN",
    "LocationDesc": "Indiana",
    "DataSource": "BRFSS",
    "Topic": "Obesity / Weight Status",
    "Data_Value": 31.9,
    "Sample_Size": "2,494",
    "Stratification1": "Male",
    "StratificationId1": "MALE",
    "LocationDisplayOrder": 18
  },
  {
    "ID": 35242,
    "Description": 2015,
    "LocationAbbr": "IA",
    "LocationDesc": "Iowa",
    "DataSource": "BRFSS",
    "Topic": "Obesity / Weight Status",
    "Data_Value": 34.8,
    "Sample_Size": "2,589",
    "Stratification1": "Male",
    "StratificationId1": "MALE",
    "LocationDisplayOrder": 19
  },
  {
    "ID": 14931,
    "Description": 2015,
    "LocationAbbr": "KS",
    "LocationDesc": "Kansas",
    "DataSource": "BRFSS",
    "Topic": "Obesity / Weight Status",
    "Data_Value": 35.1,
    "Sample_Size": "9,669",
    "Stratification1": "Male",
    "StratificationId1": "MALE",
    "LocationDisplayOrder": 20
  },
  {
    "ID": 3409,
    "Description": 2015,
    "LocationAbbr": "KY",
    "LocationDesc": "Kentucky",
    "DataSource": "BRFSS",
    "Topic": "Obesity / Weight Status",
    "Data_Value": 36.2,
    "Sample_Size": "3,178",
    "Stratification1": "Male",
    "StratificationId1": "MALE",
    "LocationDisplayOrder": 21
  },
  {
    "ID": 34729,
    "Description": 2015,
    "LocationAbbr": "LA",
    "LocationDesc": "Louisiana",
    "DataSource": "BRFSS",
    "Topic": "Obesity / Weight Status",
    "Data_Value": 35.9,
    "Sample_Size": "1,735",
    "Stratification1": "Male",
    "StratificationId1": "MALE",
    "LocationDisplayOrder": 22
  },
  {
    "ID": 8356,
    "Description": 2015,
    "LocationAbbr": "ME",
    "LocationDesc": "Maine",
    "DataSource": "BRFSS",
    "Topic": "Obesity / Weight Status",
    "Data_Value": 29.1,
    "Sample_Size": "3,642",
    "Stratification1": "Male",
    "StratificationId1": "MALE",
    "LocationDisplayOrder": 23
  },
  {
    "ID": 32168,
    "Description": 2015,
    "LocationAbbr": "MD",
    "LocationDesc": "Maryland",
    "DataSource": "BRFSS",
    "Topic": "Obesity / Weight Status",
    "Data_Value": 28,
    "Sample_Size": "4,661",
    "Stratification1": "Male",
    "StratificationId1": "MALE",
    "LocationDisplayOrder": 24
  },
  {
    "ID": 4881,
    "Description": 2015,
    "LocationAbbr": "MA",
    "LocationDesc": "Massachusetts",
    "DataSource": "BRFSS",
    "Topic": "Obesity / Weight Status",
    "Data_Value": 25.5,
    "Sample_Size": "3,818",
    "Stratification1": "Male",
    "StratificationId1": "MALE",
    "LocationDisplayOrder": 25
  },
  {
    "ID": 11383,
    "Description": 2015,
    "LocationAbbr": "MI",
    "LocationDesc": "Michigan",
    "DataSource": "BRFSS",
    "Topic": "Obesity / Weight Status",
    "Data_Value": 31.7,
    "Sample_Size": "3,727",
    "Stratification1": "Male",
    "StratificationId1": "MALE",
    "LocationDisplayOrder": 26
  },
  {
    "ID": 36388,
    "Description": 2015,
    "LocationAbbr": "MN",
    "LocationDesc": "Minnesota",
    "DataSource": "BRFSS",
    "Topic": "Obesity / Weight Status",
    "Data_Value": 27.8,
    "Sample_Size": "7,257",
    "Stratification1": "Male",
    "StratificationId1": "MALE",
    "LocationDisplayOrder": 27
  },
  {
    "ID": 34044,
    "Description": 2015,
    "LocationAbbr": "MS",
    "LocationDesc": "Mississippi",
    "DataSource": "BRFSS",
    "Topic": "Obesity / Weight Status",
    "Data_Value": 33.9,
    "Sample_Size": "2,052",
    "Stratification1": "Male",
    "StratificationId1": "MALE",
    "LocationDisplayOrder": 28
  },
  {
    "ID": 16013,
    "Description": 2015,
    "LocationAbbr": "MO",
    "LocationDesc": "Missouri",
    "DataSource": "BRFSS",
    "Topic": "Obesity / Weight Status",
    "Data_Value": 33.5,
    "Sample_Size": "2,950",
    "Stratification1": "Male",
    "StratificationId1": "MALE",
    "LocationDisplayOrder": 29
  },
  {
    "ID": 25836,
    "Description": 2015,
    "LocationAbbr": "MT",
    "LocationDesc": "Montana",
    "DataSource": "BRFSS",
    "Topic": "Obesity / Weight Status",
    "Data_Value": 23.7,
    "Sample_Size": "2,602",
    "Stratification1": "Male",
    "StratificationId1": "MALE",
    "LocationDisplayOrder": 30
  },
  {
    "ID": 19908,
    "Description": 2015,
    "LocationAbbr": "NE",
    "LocationDesc": "Nebraska",
    "DataSource": "BRFSS",
    "Topic": "Obesity / Weight Status",
    "Data_Value": 32.9,
    "Sample_Size": "7,323",
    "Stratification1": "Male",
    "StratificationId1": "MALE",
    "LocationDisplayOrder": 31
  },
  {
    "ID": 27923,
    "Description": 2015,
    "LocationAbbr": "NV",
    "LocationDesc": "Nevada",
    "DataSource": "BRFSS",
    "Topic": "Obesity / Weight Status",
    "Data_Value": 27.9,
    "Sample_Size": "1,163",
    "Stratification1": "Male",
    "StratificationId1": "MALE",
    "LocationDisplayOrder": 32
  },
  {
    "ID": 7892,
    "Description": 2015,
    "LocationAbbr": "NH",
    "LocationDesc": "New Hampshire",
    "DataSource": "BRFSS",
    "Topic": "Obesity / Weight Status",
    "Data_Value": 28,
    "Sample_Size": "2,762",
    "Stratification1": "Male",
    "StratificationId1": "MALE",
    "LocationDisplayOrder": 33
  },
  {
    "ID": 16059,
    "Description": 2015,
    "LocationAbbr": "NJ",
    "LocationDesc": "New Jersey",
    "DataSource": "BRFSS",
    "Topic": "Obesity / Weight Status",
    "Data_Value": 27.4,
    "Sample_Size": "4,402",
    "Stratification1": "Male",
    "StratificationId1": "MALE",
    "LocationDisplayOrder": 34
  },
  {
    "ID": 6462,
    "Description": 2015,
    "LocationAbbr": "NM",
    "LocationDesc": "New Mexico",
    "DataSource": "BRFSS",
    "Topic": "Obesity / Weight Status",
    "Data_Value": 29.2,
    "Sample_Size": "2,713",
    "Stratification1": "Male",
    "StratificationId1": "MALE",
    "LocationDisplayOrder": 35
  },
  {
    "ID": 22295,
    "Description": 2015,
    "LocationAbbr": "NY",
    "LocationDesc": "New York",
    "DataSource": "BRFSS",
    "Topic": "Obesity / Weight Status",
    "Data_Value": 25.8,
    "Sample_Size": "4,917",
    "Stratification1": "Male",
    "StratificationId1": "MALE",
    "LocationDisplayOrder": 36
  },
  {
    "ID": 25675,
    "Description": 2015,
    "LocationAbbr": "NC",
    "LocationDesc": "North Carolina",
    "DataSource": "BRFSS",
    "Topic": "Obesity / Weight Status",
    "Data_Value": 28.9,
    "Sample_Size": "2,709",
    "Stratification1": "Male",
    "StratificationId1": "MALE",
    "LocationDisplayOrder": 37
  },
  {
    "ID": 35997,
    "Description": 2015,
    "LocationAbbr": "ND",
    "LocationDesc": "North Dakota",
    "DataSource": "BRFSS",
    "Topic": "Obesity / Weight Status",
    "Data_Value": 34.5,
    "Sample_Size": "2,166",
    "Stratification1": "Male",
    "StratificationId1": "MALE",
    "LocationDisplayOrder": 38
  },
  {
    "ID": 24880,
    "Description": 2015,
    "LocationAbbr": "OH",
    "LocationDesc": "Ohio",
    "DataSource": "BRFSS",
    "Topic": "Obesity / Weight Status",
    "Data_Value": 31.1,
    "Sample_Size": "4,597",
    "Stratification1": "Male",
    "StratificationId1": "MALE",
    "LocationDisplayOrder": 39
  },
  {
    "ID": 22888,
    "Description": 2015,
    "LocationAbbr": "OK",
    "LocationDesc": "Oklahoma",
    "DataSource": "BRFSS",
    "Topic": "Obesity / Weight Status",
    "Data_Value": 33.7,
    "Sample_Size": "2,674",
    "Stratification1": "Male",
    "StratificationId1": "MALE",
    "LocationDisplayOrder": 40
  },
  {
    "ID": 35841,
    "Description": 2015,
    "LocationAbbr": "OR",
    "LocationDesc": "Oregon",
    "DataSource": "BRFSS",
    "Topic": "Obesity / Weight Status",
    "Data_Value": 31.1,
    "Sample_Size": "2,262",
    "Stratification1": "Male",
    "StratificationId1": "MALE",
    "LocationDisplayOrder": 41
  },
  {
    "ID": 23079,
    "Description": 2015,
    "LocationAbbr": "PA",
    "LocationDesc": "Pennsylvania",
    "DataSource": "BRFSS",
    "Topic": "Obesity / Weight Status",
    "Data_Value": 29.9,
    "Sample_Size": "2,450",
    "Stratification1": "Male",
    "StratificationId1": "MALE",
    "LocationDisplayOrder": 42
  },
  {
    "ID": 36569,
    "Description": 2015,
    "LocationAbbr": "RI",
    "LocationDesc": "Rhode Island",
    "DataSource": "BRFSS",
    "Topic": "Obesity / Weight Status",
    "Data_Value": 27.9,
    "Sample_Size": "2,434",
    "Stratification1": "Male",
    "StratificationId1": "MALE",
    "LocationDisplayOrder": 44
  },
  {
    "ID": 4421,
    "Description": 2015,
    "LocationAbbr": "SC",
    "LocationDesc": "South Carolina",
    "DataSource": "BRFSS",
    "Topic": "Obesity / Weight Status",
    "Data_Value": 30.3,
    "Sample_Size": "4,736",
    "Stratification1": "Male",
    "StratificationId1": "MALE",
    "LocationDisplayOrder": 45
  },
  {
    "ID": 12111,
    "Description": 2015,
    "LocationAbbr": "SD",
    "LocationDesc": "South Dakota",
    "DataSource": "BRFSS",
    "Topic": "Obesity / Weight Status",
    "Data_Value": 32.2,
    "Sample_Size": "2,925",
    "Stratification1": "Male",
    "StratificationId1": "MALE",
    "LocationDisplayOrder": 46
  },
  {
    "ID": 38416,
    "Description": 2015,
    "LocationAbbr": "TN",
    "LocationDesc": "Tennessee",
    "DataSource": "BRFSS",
    "Topic": "Obesity / Weight Status",
    "Data_Value": 33.1,
    "Sample_Size": "2,234",
    "Stratification1": "Male",
    "StratificationId1": "MALE",
    "LocationDisplayOrder": 47
  },
  {
    "ID": 18734,
    "Description": 2015,
    "LocationAbbr": "TX",
    "LocationDesc": "Texas",
    "DataSource": "BRFSS",
    "Topic": "Obesity / Weight Status",
    "Data_Value": 31.7,
    "Sample_Size": "5,523",
    "Stratification1": "Male",
    "StratificationId1": "MALE",
    "LocationDisplayOrder": 48
  },
  {
    "ID": 39431,
    "Description": 2015,
    "LocationAbbr": "UT",
    "LocationDesc": "Utah",
    "DataSource": "BRFSS",
    "Topic": "Obesity / Weight Status",
    "Data_Value": 24.9,
    "Sample_Size": "5,096",
    "Stratification1": "Male",
    "StratificationId1": "MALE",
    "LocationDisplayOrder": 49
  },
  {
    "ID": 15046,
    "Description": 2015,
    "LocationAbbr": "VT",
    "LocationDesc": "Vermont",
    "DataSource": "BRFSS",
    "Topic": "Obesity / Weight Status",
    "Data_Value": 24.7,
    "Sample_Size": "2,780",
    "Stratification1": "Male",
    "StratificationId1": "MALE",
    "LocationDisplayOrder": 50
  },
  {
    "ID": 21378,
    "Description": 2015,
    "LocationAbbr": "VA",
    "LocationDesc": "Virginia",
    "DataSource": "BRFSS",
    "Topic": "Obesity / Weight Status",
    "Data_Value": 28.8,
    "Sample_Size": "3,507",
    "Stratification1": "Male",
    "StratificationId1": "MALE",
    "LocationDisplayOrder": 51
  },
  {
    "ID": 32529,
    "Description": 2015,
    "LocationAbbr": "WA",
    "LocationDesc": "Washington",
    "DataSource": "BRFSS",
    "Topic": "Obesity / Weight Status",
    "Data_Value": 26.9,
    "Sample_Size": "6,752",
    "Stratification1": "Male",
    "StratificationId1": "MALE",
    "LocationDisplayOrder": 53
  },
  {
    "ID": 9412,
    "Description": 2015,
    "LocationAbbr": "WV",
    "LocationDesc": "West Virginia",
    "DataSource": "BRFSS",
    "Topic": "Obesity / Weight Status",
    "Data_Value": 37.4,
    "Sample_Size": "2,568",
    "Stratification1": "Male",
    "StratificationId1": "MALE",
    "LocationDisplayOrder": 54
  },
  {
    "ID": 7023,
    "Description": 2015,
    "LocationAbbr": "WI",
    "LocationDesc": "Wisconsin",
    "DataSource": "BRFSS",
    "Topic": "Obesity / Weight Status",
    "Data_Value": 31.2,
    "Sample_Size": "2,648",
    "Stratification1": "Male",
    "StratificationId1": "MALE",
    "LocationDisplayOrder": 55
  },
  {
    "ID": 2946,
    "Description": 2015,
    "LocationAbbr": "WY",
    "LocationDesc": "Wyoming",
    "DataSource": "BRFSS",
    "Topic": "Obesity / Weight Status",
    "Data_Value": 30.1,
    "Sample_Size": "2,203",
    "Stratification1": "Male",
    "StratificationId1": "MALE",
    "LocationDisplayOrder": 56
  },
  {
    "ID": 541,
    "Description": 2015,
    "LocationAbbr": "GU",
    "LocationDesc": "Guam",
    "DataSource": "BRFSS",
    "Topic": "Obesity / Weight Status",
    "Data_Value": 33.4,
    "Sample_Size": 761,
    "Stratification1": "Male",
    "StratificationId1": "MALE",
    "LocationDisplayOrder": 66
  },
  {
    "ID": 1956,
    "Description": 2015,
    "LocationAbbr": "PR",
    "LocationDesc": "Puerto Rico",
    "DataSource": "BRFSS",
    "Topic": "Obesity / Weight Status",
    "Data_Value": 27.8,
    "Sample_Size": "1,914",
    "Stratification1": "Male",
    "StratificationId1": "MALE",
    "LocationDisplayOrder": 72
  },
  {
    "ID": "",
    "Description": "",
    "LocationAbbr": "",
    "LocationDesc": "",
    "DataSource": "",
    "Topic": "",
    "Data_Value": "",
    "Sample_Size": "",
    "Stratification1": "",
    "StratificationId1": "",
    "LocationDisplayOrder": ""
  },
  {
    "ID": "",
    "Description": "",
    "LocationAbbr": "",
    "LocationDesc": "",
    "DataSource": "",
    "Topic": "",
    "Data_Value": "",
    "Sample_Size": "",
    "Stratification1": "",
    "StratificationId1": "",
    "LocationDisplayOrder": ""
  },
  {
    "ID": "",
    "Description": "",
    "LocationAbbr": "",
    "LocationDesc": "",
    "DataSource": "",
    "Topic": "",
    "Data_Value": "",
    "Sample_Size": "",
    "Stratification1": "",
    "StratificationId1": "",
    "LocationDisplayOrder": ""
  },
  {
    "ID": "",
    "Description": "",
    "LocationAbbr": "",
    "LocationDesc": "",
    "DataSource": "",
    "Topic": "",
    "Data_Value": "",
    "Sample_Size": "",
    "Stratification1": "",
    "StratificationId1": "",
    "LocationDisplayOrder": ""
  },
  {
    "ID": "",
    "Description": "",
    "LocationAbbr": "",
    "LocationDesc": "",
    "DataSource": "",
    "Topic": "",
    "Data_Value": "",
    "Sample_Size": "",
    "Stratification1": "",
    "StratificationId1": "",
    "LocationDisplayOrder": ""
  },
  {
    "ID": "",
    "Description": "",
    "LocationAbbr": "",
    "LocationDesc": "",
    "DataSource": "",
    "Topic": "",
    "Data_Value": "",
    "Sample_Size": "",
    "Stratification1": "",
    "StratificationId1": "",
    "LocationDisplayOrder": ""
  },
  {
    "ID": "",
    "Description": "",
    "LocationAbbr": "",
    "LocationDesc": "",
    "DataSource": "",
    "Topic": "",
    "Data_Value": "",
    "Sample_Size": "",
    "Stratification1": "",
    "StratificationId1": "",
    "LocationDisplayOrder": ""
  },
  {
    "ID": "",
    "Description": "",
    "LocationAbbr": "",
    "LocationDesc": "",
    "DataSource": "",
    "Topic": "",
    "Data_Value": "",
    "Sample_Size": "",
    "Stratification1": "",
    "StratificationId1": "",
    "LocationDisplayOrder": ""
  },
  {
    "ID": "",
    "Description": "",
    "LocationAbbr": "",
    "LocationDesc": "",
    "DataSource": "",
    "Topic": "",
    "Data_Value": "",
    "Sample_Size": "",
    "Stratification1": "",
    "StratificationId1": "",
    "LocationDisplayOrder": ""
  }
]