[
  {
    "ID": 588,
    "Description": 2015,
    "LocationAbbr": "US",
    "LocationDesc": "National",
    "DataSource": "BRFSS",
    "Topic": "Obesity / Weight Status",
    "Data_Value": 37.7,
    "Sample_Size": "31,217",
    "Stratification1": "Non-Hispanic Black",
    "StratificationId1": "RACEBLK",
    "LocationDisplayOrder": 0
  },
  {
    "ID": 13094,
    "Description": 2015,
    "LocationAbbr": "AL",
    "LocationDesc": "Alabama",
    "DataSource": "BRFSS",
    "Topic": "Obesity / Weight Status",
    "Data_Value": 46.5,
    "Sample_Size": "1,876",
    "Stratification1": "Non-Hispanic Black",
    "StratificationId1": "RACEBLK",
    "LocationDisplayOrder": 1
  },
  {
    "ID": 13531,
    "Description": 2015,
    "LocationAbbr": "AK",
    "LocationDesc": "Alaska",
    "DataSource": "BRFSS",
    "Topic": "Obesity / Weight Status",
    "Data_Value": 39.3,
    "Sample_Size": 52,
    "Stratification1": "Non-Hispanic Black",
    "StratificationId1": "RACEBLK",
    "LocationDisplayOrder": 2
  },
  {
    "ID": 35647,
    "Description": 2015,
    "LocationAbbr": "AZ",
    "LocationDesc": "Arizona",
    "DataSource": "BRFSS",
    "Topic": "Obesity / Weight Status",
    "Data_Value": 31.5,
    "Sample_Size": 190,
    "Stratification1": "Non-Hispanic Black",
    "StratificationId1": "RACEBLK",
    "LocationDisplayOrder": 4
  },
  {
    "ID": 4444,
    "Description": 2015,
    "LocationAbbr": "AR",
    "LocationDesc": "Arkansas",
    "DataSource": "BRFSS",
    "Topic": "Obesity / Weight Status",
    "Data_Value": 40.4,
    "Sample_Size": 715,
    "Stratification1": "Non-Hispanic Black",
    "StratificationId1": "RACEBLK",
    "LocationDisplayOrder": 5
  },
  {
    "ID": 36729,
    "Description": 2015,
    "LocationAbbr": "CA",
    "LocationDesc": "California",
    "DataSource": "BRFSS",
    "Topic": "Obesity / Weight Status",
    "Data_Value": 30.8,
    "Sample_Size": 540,
    "Stratification1": "Non-Hispanic Black",
    "StratificationId1": "RACEBLK",
    "LocationDisplayOrder": 6
  },
  {
    "ID": 22046,
    "Description": 2015,
    "LocationAbbr": "CO",
    "LocationDesc": "Colorado",
    "DataSource": "BRFSS",
    "Topic": "Obesity / Weight Status",
    "Data_Value": 23.2,
    "Sample_Size": 341,
    "Stratification1": "Non-Hispanic Black",
    "StratificationId1": "RACEBLK",
    "LocationDisplayOrder": 8
  },
  {
    "ID": 22148,
    "Description": 2015,
    "LocationAbbr": "CT",
    "LocationDesc": "Connecticut",
    "DataSource": "BRFSS",
    "Topic": "Obesity / Weight Status",
    "Data_Value": 36.8,
    "Sample_Size": 911,
    "Stratification1": "Non-Hispanic Black",
    "StratificationId1": "RACEBLK",
    "LocationDisplayOrder": 9
  },
  {
    "ID": 32366,
    "Description": 2015,
    "LocationAbbr": "DE",
    "LocationDesc": "Delaware",
    "DataSource": "BRFSS",
    "Topic": "Obesity / Weight Status",
    "Data_Value": 32.8,
    "Sample_Size": 555,
    "Stratification1": "Non-Hispanic Black",
    "StratificationId1": "RACEBLK",
    "LocationDisplayOrder": 10
  },
  {
    "ID": 10517,
    "Description": 2015,
    "LocationAbbr": "DC",
    "LocationDesc": "District of Columbia",
    "DataSource": "BRFSS",
    "Topic": "Obesity / Weight Status",
    "Data_Value": 35.2,
    "Sample_Size": "1,696",
    "Stratification1": "Non-Hispanic Black",
    "StratificationId1": "RACEBLK",
    "LocationDisplayOrder": 11
  },
  {
    "ID": 29705,
    "Description": 2015,
    "LocationAbbr": "FL",
    "LocationDesc": "Florida",
    "DataSource": "BRFSS",
    "Topic": "Obesity / Weight Status",
    "Data_Value": 35.3,
    "Sample_Size": 813,
    "Stratification1": "Non-Hispanic Black",
    "StratificationId1": "RACEBLK",
    "LocationDisplayOrder": 12
  },
  {
    "ID": 33522,
    "Description": 2015,
    "LocationAbbr": "GA",
    "LocationDesc": "Georgia",
    "DataSource": "BRFSS",
    "Topic": "Obesity / Weight Status",
    "Data_Value": 37.3,
    "Sample_Size": "1,036",
    "Stratification1": "Non-Hispanic Black",
    "StratificationId1": "RACEBLK",
    "LocationDisplayOrder": 13
  },
  {
    "ID": 29885,
    "Description": 2015,
    "LocationAbbr": "HI",
    "LocationDesc": "Hawaii",
    "DataSource": "BRFSS",
    "Topic": "Obesity / Weight Status",
    "Data_Value": "~",
    "Sample_Size": "~",
    "Stratification1": "Non-Hispanic Black",
    "StratificationId1": "RACEBLK",
    "LocationDisplayOrder": 15
  },
  {
    "ID": 30473,
    "Description": 2015,
    "LocationAbbr": "ID",
    "LocationDesc": "Idaho",
    "DataSource": "BRFSS",
    "Topic": "Obesity / Weight Status",
    "Data_Value": "~",
    "Sample_Size": "~",
    "Stratification1": "Non-Hispanic Black",
    "StratificationId1": "RACEBLK",
    "LocationDisplayOrder": 16
  },
  {
    "ID": 29516,
    "Description": 2015,
    "LocationAbbr": "IL",
    "LocationDesc": "Illinois",
    "DataSource": "BRFSS",
    "Topic": "Obesity / Weight Status",
    "Data_Value": 40.6,
    "Sample_Size": 595,
    "Stratification1": "Non-Hispanic Black",
    "StratificationId1": "RACEBLK",
    "LocationDisplayOrder": 17
  },
  {
    "ID": 33817,
    "Description": 2015,
    "LocationAbbr": "IN",
    "LocationDesc": "Indiana",
    "DataSource": "BRFSS",
    "Topic": "Obesity / Weight Status",
    "Data_Value": 40.9,
    "Sample_Size": 287,
    "Stratification1": "Non-Hispanic Black",
    "StratificationId1": "RACEBLK",
    "LocationDisplayOrder": 18
  },
  {
    "ID": 17990,
    "Description": 2015,
    "LocationAbbr": "IA",
    "LocationDesc": "Iowa",
    "DataSource": "BRFSS",
    "Topic": "Obesity / Weight Status",
    "Data_Value": 29.5,
    "Sample_Size": 105,
    "Stratification1": "Non-Hispanic Black",
    "StratificationId1": "RACEBLK",
    "LocationDisplayOrder": 19
  },
  {
    "ID": 16034,
    "Description": 2015,
    "LocationAbbr": "KS",
    "LocationDesc": "Kansas",
    "DataSource": "BRFSS",
    "Topic": "Obesity / Weight Status",
    "Data_Value": 45.6,
    "Sample_Size": 819,
    "Stratification1": "Non-Hispanic Black",
    "StratificationId1": "RACEBLK",
    "LocationDisplayOrder": 20
  },
  {
    "ID": 1520,
    "Description": 2015,
    "LocationAbbr": "KY",
    "LocationDesc": "Kentucky",
    "DataSource": "BRFSS",
    "Topic": "Obesity / Weight Status",
    "Data_Value": 44.3,
    "Sample_Size": 776,
    "Stratification1": "Non-Hispanic Black",
    "StratificationId1": "RACEBLK",
    "LocationDisplayOrder": 21
  },
  {
    "ID": 22595,
    "Description": 2015,
    "LocationAbbr": "LA",
    "LocationDesc": "Louisiana",
    "DataSource": "BRFSS",
    "Topic": "Obesity / Weight Status",
    "Data_Value": 43.4,
    "Sample_Size": "1,130",
    "Stratification1": "Non-Hispanic Black",
    "StratificationId1": "RACEBLK",
    "LocationDisplayOrder": 22
  },
  {
    "ID": 32237,
    "Description": 2015,
    "LocationAbbr": "ME",
    "LocationDesc": "Maine",
    "DataSource": "BRFSS",
    "Topic": "Obesity / Weight Status",
    "Data_Value": "~",
    "Sample_Size": "~",
    "Stratification1": "Non-Hispanic Black",
    "StratificationId1": "RACEBLK",
    "LocationDisplayOrder": 23
  },
  {
    "ID": 20774,
    "Description": 2015,
    "LocationAbbr": "MD",
    "LocationDesc": "Maryland",
    "DataSource": "BRFSS",
    "Topic": "Obesity / Weight Status",
    "Data_Value": 37.7,
    "Sample_Size": "2,143",
    "Stratification1": "Non-Hispanic Black",
    "StratificationId1": "RACEBLK",
    "LocationDisplayOrder": 24
  },
  {
    "ID": 3361,
    "Description": 2015,
    "LocationAbbr": "MA",
    "LocationDesc": "Massachusetts",
    "DataSource": "BRFSS",
    "Topic": "Obesity / Weight Status",
    "Data_Value": 39.2,
    "Sample_Size": 436,
    "Stratification1": "Non-Hispanic Black",
    "StratificationId1": "RACEBLK",
    "LocationDisplayOrder": 25
  },
  {
    "ID": 20847,
    "Description": 2015,
    "LocationAbbr": "MI",
    "LocationDesc": "Michigan",
    "DataSource": "BRFSS",
    "Topic": "Obesity / Weight Status",
    "Data_Value": 40.2,
    "Sample_Size": 875,
    "Stratification1": "Non-Hispanic Black",
    "StratificationId1": "RACEBLK",
    "LocationDisplayOrder": 26
  },
  {
    "ID": 21432,
    "Description": 2015,
    "LocationAbbr": "MN",
    "LocationDesc": "Minnesota",
    "DataSource": "BRFSS",
    "Topic": "Obesity / Weight Status",
    "Data_Value": 25.2,
    "Sample_Size": 405,
    "Stratification1": "Non-Hispanic Black",
    "StratificationId1": "RACEBLK",
    "LocationDisplayOrder": 27
  },
  {
    "ID": 26659,
    "Description": 2015,
    "LocationAbbr": "MS",
    "LocationDesc": "Mississippi",
    "DataSource": "BRFSS",
    "Topic": "Obesity / Weight Status",
    "Data_Value": 43.7,
    "Sample_Size": "1,959",
    "Stratification1": "Non-Hispanic Black",
    "StratificationId1": "RACEBLK",
    "LocationDisplayOrder": 28
  },
  {
    "ID": 29603,
    "Description": 2015,
    "LocationAbbr": "MO",
    "LocationDesc": "Missouri",
    "DataSource": "BRFSS",
    "Topic": "Obesity / Weight Status",
    "Data_Value": 36.9,
    "Sample_Size": 604,
    "Stratification1": "Non-Hispanic Black",
    "StratificationId1": "RACEBLK",
    "LocationDisplayOrder": 29
  },
  {
    "ID": 31298,
    "Description": 2015,
    "LocationAbbr": "MT",
    "LocationDesc": "Montana",
    "DataSource": "BRFSS",
    "Topic": "Obesity / Weight Status",
    "Data_Value": "~",
    "Sample_Size": "~",
    "Stratification1": "Non-Hispanic Black",
    "StratificationId1": "RACEBLK",
    "LocationDisplayOrder": 30
  },
  {
    "ID": 14150,
    "Description": 2015,
    "LocationAbbr": "NE",
    "LocationDesc": "Nebraska",
    "DataSource": "BRFSS",
    "Topic": "Obesity / Weight Status",
    "Data_Value": 36.8,
    "Sample_Size": 266,
    "Stratification1": "Non-Hispanic Black",
    "StratificationId1": "RACEBLK",
    "LocationDisplayOrder": 31
  },
  {
    "ID": 6549,
    "Description": 2015,
    "LocationAbbr": "NV",
    "LocationDesc": "Nevada",
    "DataSource": "BRFSS",
    "Topic": "Obesity / Weight Status",
    "Data_Value": 26.7,
    "Sample_Size": 111,
    "Stratification1": "Non-Hispanic Black",
    "StratificationId1": "RACEBLK",
    "LocationDisplayOrder": 32
  },
  {
    "ID": 35756,
    "Description": 2015,
    "LocationAbbr": "NH",
    "LocationDesc": "New Hampshire",
    "DataSource": "BRFSS",
    "Topic": "Obesity / Weight Status",
    "Data_Value": "~",
    "Sample_Size": "~",
    "Stratification1": "Non-Hispanic Black",
    "StratificationId1": "RACEBLK",
    "LocationDisplayOrder": 33
  },
  {
    "ID": 36911,
    "Description": 2015,
    "LocationAbbr": "NJ",
    "LocationDesc": "New Jersey",
    "DataSource": "BRFSS",
    "Topic": "Obesity / Weight Status",
    "Data_Value": 35.7,
    "Sample_Size": "1,211",
    "Stratification1": "Non-Hispanic Black",
    "StratificationId1": "RACEBLK",
    "LocationDisplayOrder": 34
  },
  {
    "ID": 4066,
    "Description": 2015,
    "LocationAbbr": "NM",
    "LocationDesc": "New Mexico",
    "DataSource": "BRFSS",
    "Topic": "Obesity / Weight Status",
    "Data_Value": 39.2,
    "Sample_Size": 70,
    "Stratification1": "Non-Hispanic Black",
    "StratificationId1": "RACEBLK",
    "LocationDisplayOrder": 35
  },
  {
    "ID": 26888,
    "Description": 2015,
    "LocationAbbr": "NY",
    "LocationDesc": "New York",
    "DataSource": "BRFSS",
    "Topic": "Obesity / Weight Status",
    "Data_Value": 30.9,
    "Sample_Size": "1,184",
    "Stratification1": "Non-Hispanic Black",
    "StratificationId1": "RACEBLK",
    "LocationDisplayOrder": 36
  },
  {
    "ID": 30855,
    "Description": 2015,
    "LocationAbbr": "NC",
    "LocationDesc": "North Carolina",
    "DataSource": "BRFSS",
    "Topic": "Obesity / Weight Status",
    "Data_Value": 40.1,
    "Sample_Size": "1,170",
    "Stratification1": "Non-Hispanic Black",
    "StratificationId1": "RACEBLK",
    "LocationDisplayOrder": 37
  },
  {
    "ID": 2174,
    "Description": 2015,
    "LocationAbbr": "ND",
    "LocationDesc": "North Dakota",
    "DataSource": "BRFSS",
    "Topic": "Obesity / Weight Status",
    "Data_Value": "~",
    "Sample_Size": "~",
    "Stratification1": "Non-Hispanic Black",
    "StratificationId1": "RACEBLK",
    "LocationDisplayOrder": 38
  },
  {
    "ID": 27909,
    "Description": 2015,
    "LocationAbbr": "OH",
    "LocationDesc": "Ohio",
    "DataSource": "BRFSS",
    "Topic": "Obesity / Weight Status",
    "Data_Value": 35,
    "Sample_Size": 688,
    "Stratification1": "Non-Hispanic Black",
    "StratificationId1": "RACEBLK",
    "LocationDisplayOrder": 39
  },
  {
    "ID": 15125,
    "Description": 2015,
    "LocationAbbr": "OK",
    "LocationDesc": "Oklahoma",
    "DataSource": "BRFSS",
    "Topic": "Obesity / Weight Status",
    "Data_Value": 36.9,
    "Sample_Size": 387,
    "Stratification1": "Non-Hispanic Black",
    "StratificationId1": "RACEBLK",
    "LocationDisplayOrder": 40
  },
  {
    "ID": 26072,
    "Description": 2015,
    "LocationAbbr": "OR",
    "LocationDesc": "Oregon",
    "DataSource": "BRFSS",
    "Topic": "Obesity / Weight Status",
    "Data_Value": "~",
    "Sample_Size": "~",
    "Stratification1": "Non-Hispanic Black",
    "StratificationId1": "RACEBLK",
    "LocationDisplayOrder": 41
  },
  {
    "ID": 28173,
    "Description": 2015,
    "LocationAbbr": "PA",
    "LocationDesc": "Pennsylvania",
    "DataSource": "BRFSS",
    "Topic": "Obesity / Weight Status",
    "Data_Value": 33.6,
    "Sample_Size": 421,
    "Stratification1": "Non-Hispanic Black",
    "StratificationId1": "RACEBLK",
    "LocationDisplayOrder": 42
  },
  {
    "ID": 20816,
    "Description": 2015,
    "LocationAbbr": "RI",
    "LocationDesc": "Rhode Island",
    "DataSource": "BRFSS",
    "Topic": "Obesity / Weight Status",
    "Data_Value": 33.1,
    "Sample_Size": 195,
    "Stratification1": "Non-Hispanic Black",
    "StratificationId1": "RACEBLK",
    "LocationDisplayOrder": 44
  },
  {
    "ID": 30700,
    "Description": 2015,
    "LocationAbbr": "SC",
    "LocationDesc": "South Carolina",
    "DataSource": "BRFSS",
    "Topic": "Obesity / Weight Status",
    "Data_Value": 40.9,
    "Sample_Size": "2,637",
    "Stratification1": "Non-Hispanic Black",
    "StratificationId1": "RACEBLK",
    "LocationDisplayOrder": 45
  },
  {
    "ID": 10119,
    "Description": 2015,
    "LocationAbbr": "SD",
    "LocationDesc": "South Dakota",
    "DataSource": "BRFSS",
    "Topic": "Obesity / Weight Status",
    "Data_Value": "~",
    "Sample_Size": "~",
    "Stratification1": "Non-Hispanic Black",
    "StratificationId1": "RACEBLK",
    "LocationDisplayOrder": 46
  },
  {
    "ID": 37607,
    "Description": 2015,
    "LocationAbbr": "TN",
    "LocationDesc": "Tennessee",
    "DataSource": "BRFSS",
    "Topic": "Obesity / Weight Status",
    "Data_Value": 48,
    "Sample_Size": 685,
    "Stratification1": "Non-Hispanic Black",
    "StratificationId1": "RACEBLK",
    "LocationDisplayOrder": 47
  },
  {
    "ID": 37702,
    "Description": 2015,
    "LocationAbbr": "TX",
    "LocationDesc": "Texas",
    "DataSource": "BRFSS",
    "Topic": "Obesity / Weight Status",
    "Data_Value": 39.1,
    "Sample_Size": "1,011",
    "Stratification1": "Non-Hispanic Black",
    "StratificationId1": "RACEBLK",
    "LocationDisplayOrder": 48
  },
  {
    "ID": 18008,
    "Description": 2015,
    "LocationAbbr": "UT",
    "LocationDesc": "Utah",
    "DataSource": "BRFSS",
    "Topic": "Obesity / Weight Status",
    "Data_Value": 29.4,
    "Sample_Size": 50,
    "Stratification1": "Non-Hispanic Black",
    "StratificationId1": "RACEBLK",
    "LocationDisplayOrder": 49
  },
  {
    "ID": 39830,
    "Description": 2015,
    "LocationAbbr": "VT",
    "LocationDesc": "Vermont",
    "DataSource": "BRFSS",
    "Topic": "Obesity / Weight Status",
    "Data_Value": "~",
    "Sample_Size": "~",
    "Stratification1": "Non-Hispanic Black",
    "StratificationId1": "RACEBLK",
    "LocationDisplayOrder": 50
  },
  {
    "ID": 12464,
    "Description": 2015,
    "LocationAbbr": "VA",
    "LocationDesc": "Virginia",
    "DataSource": "BRFSS",
    "Topic": "Obesity / Weight Status",
    "Data_Value": 39.2,
    "Sample_Size": "1,260",
    "Stratification1": "Non-Hispanic Black",
    "StratificationId1": "RACEBLK",
    "LocationDisplayOrder": 51
  },
  {
    "ID": 14889,
    "Description": 2015,
    "LocationAbbr": "WA",
    "LocationDesc": "Washington",
    "DataSource": "BRFSS",
    "Topic": "Obesity / Weight Status",
    "Data_Value": 32.8,
    "Sample_Size": 261,
    "Stratification1": "Non-Hispanic Black",
    "StratificationId1": "RACEBLK",
    "LocationDisplayOrder": 53
  },
  {
    "ID": 38217,
    "Description": 2015,
    "LocationAbbr": "WV",
    "LocationDesc": "West Virginia",
    "DataSource": "BRFSS",
    "Topic": "Obesity / Weight Status",
    "Data_Value": 44,
    "Sample_Size": 161,
    "Stratification1": "Non-Hispanic Black",
    "StratificationId1": "RACEBLK",
    "LocationDisplayOrder": 54
  },
  {
    "ID": 21145,
    "Description": 2015,
    "LocationAbbr": "WI",
    "LocationDesc": "Wisconsin",
    "DataSource": "BRFSS",
    "Topic": "Obesity / Weight Status",
    "Data_Value": 44.5,
    "Sample_Size": 311,
    "Stratification1": "Non-Hispanic Black",
    "StratificationId1": "RACEBLK",
    "LocationDisplayOrder": 55
  },
  {
    "ID": 36402,
    "Description": 2015,
    "LocationAbbr": "WY",
    "LocationDesc": "Wyoming",
    "DataSource": "BRFSS",
    "Topic": "Obesity / Weight Status",
    "Data_Value": "~",
    "Sample_Size": "~",
    "Stratification1": "Non-Hispanic Black",
    "StratificationId1": "RACEBLK",
    "LocationDisplayOrder": 56
  },
  {
    "ID": 628,
    "Description": 2015,
    "LocationAbbr": "GU",
    "LocationDesc": "Guam",
    "DataSource": "BRFSS",
    "Topic": "Obesity / Weight Status",
    "Data_Value": "~",
    "Sample_Size": "~",
    "Stratification1": "Non-Hispanic Black",
    "StratificationId1": "RACEBLK",
    "LocationDisplayOrder": 66
  },
  {
    "ID": 1069,
    "Description": 2015,
    "LocationAbbr": "PR",
    "LocationDesc": "Puerto Rico",
    "DataSource": "BRFSS",
    "Topic": "Obesity / Weight Status",
    "Data_Value": "~",
    "Sample_Size": "~",
    "Stratification1": "Non-Hispanic Black",
    "StratificationId1": "RACEBLK",
    "LocationDisplayOrder": 72
  },
  {
    "ID": "",
    "Description": "",
    "LocationAbbr": "",
    "LocationDesc": "",
    "DataSource": "",
    "Topic": "",
    "Data_Value": "",
    "Sample_Size": "",
    "Stratification1": "",
    "StratificationId1": "",
    "LocationDisplayOrder": ""
  },
  {
    "ID": "",
    "Description": "",
    "LocationAbbr": "",
    "LocationDesc": "",
    "DataSource": "",
    "Topic": "",
    "Data_Value": "",
    "Sample_Size": "",
    "Stratification1": "",
    "StratificationId1": "",
    "LocationDisplayOrder": ""
  },
  {
    "ID": "",
    "Description": "",
    "LocationAbbr": "",
    "LocationDesc": "",
    "DataSource": "",
    "Topic": "",
    "Data_Value": "",
    "Sample_Size": "",
    "Stratification1": "",
    "StratificationId1": "",
    "LocationDisplayOrder": ""
  },
  {
    "ID": "",
    "Description": "",
    "LocationAbbr": "",
    "LocationDesc": "",
    "DataSource": "",
    "Topic": "",
    "Data_Value": "",
    "Sample_Size": "",
    "Stratification1": "",
    "StratificationId1": "",
    "LocationDisplayOrder": ""
  },
  {
    "ID": "",
    "Description": "",
    "LocationAbbr": "",
    "LocationDesc": "",
    "DataSource": "",
    "Topic": "",
    "Data_Value": "",
    "Sample_Size": "",
    "Stratification1": "",
    "StratificationId1": "",
    "LocationDisplayOrder": ""
  },
  {
    "ID": "",
    "Description": "",
    "LocationAbbr": "",
    "LocationDesc": "",
    "DataSource": "",
    "Topic": "",
    "Data_Value": "",
    "Sample_Size": "",
    "Stratification1": "",
    "StratificationId1": "",
    "LocationDisplayOrder": ""
  },
  {
    "ID": "",
    "Description": "",
    "LocationAbbr": "",
    "LocationDesc": "",
    "DataSource": "",
    "Topic": "",
    "Data_Value": "",
    "Sample_Size": "",
    "Stratification1": "",
    "StratificationId1": "",
    "LocationDisplayOrder": ""
  },
  {
    "ID": "",
    "Description": "",
    "LocationAbbr": "",
    "LocationDesc": "",
    "DataSource": "",
    "Topic": "",
    "Data_Value": "",
    "Sample_Size": "",
    "Stratification1": "",
    "StratificationId1": "",
    "LocationDisplayOrder": ""
  },
  {
    "ID": "",
    "Description": "",
    "LocationAbbr": "",
    "LocationDesc": "",
    "DataSource": "",
    "Topic": "",
    "Data_Value": "",
    "Sample_Size": "",
    "Stratification1": "",
    "StratificationId1": "",
    "LocationDisplayOrder": ""
  },
  {
    "ID": "",
    "Description": "",
    "LocationAbbr": "",
    "LocationDesc": "",
    "DataSource": "",
    "Topic": "",
    "Data_Value": "",
    "Sample_Size": "",
    "Stratification1": "",
    "StratificationId1": "",
    "LocationDisplayOrder": ""
  }
]