[
  {
    "ID": 561,
    "Description": 2015,
    "LocationAbbr": "US",
    "LocationDesc": "National",
    "DataSource": "BRFSS",
    "Topic": "Obesity / Weight Status",
    "Data_Value": 34.8,
    "Sample_Size": "33,296",
    "Stratification1": "Less than $15,000",
    "StratificationId1": "INCLESS15",
    "LocationDisplayOrder": 0
  },
  {
    "ID": 6522,
    "Description": 2015,
    "LocationAbbr": "AL",
    "LocationDesc": "Alabama",
    "DataSource": "BRFSS",
    "Topic": "Obesity / Weight Status",
    "Data_Value": 40.5,
    "Sample_Size": 922,
    "Stratification1": "Less than $15,000",
    "StratificationId1": "INCLESS15",
    "LocationDisplayOrder": 1
  },
  {
    "ID": 21864,
    "Description": 2015,
    "LocationAbbr": "AK",
    "LocationDesc": "Alaska",
    "DataSource": "BRFSS",
    "Topic": "Obesity / Weight Status",
    "Data_Value": 40.1,
    "Sample_Size": 290,
    "Stratification1": "Less than $15,000",
    "StratificationId1": "INCLESS15",
    "LocationDisplayOrder": 2
  },
  {
    "ID": 12382,
    "Description": 2015,
    "LocationAbbr": "AZ",
    "LocationDesc": "Arizona",
    "DataSource": "BRFSS",
    "Topic": "Obesity / Weight Status",
    "Data_Value": 34.8,
    "Sample_Size": 554,
    "Stratification1": "Less than $15,000",
    "StratificationId1": "INCLESS15",
    "LocationDisplayOrder": 4
  },
  {
    "ID": 11131,
    "Description": 2015,
    "LocationAbbr": "AR",
    "LocationDesc": "Arkansas",
    "DataSource": "BRFSS",
    "Topic": "Obesity / Weight Status",
    "Data_Value": 43.8,
    "Sample_Size": 605,
    "Stratification1": "Less than $15,000",
    "StratificationId1": "INCLESS15",
    "LocationDisplayOrder": 5
  },
  {
    "ID": 17653,
    "Description": 2015,
    "LocationAbbr": "CA",
    "LocationDesc": "California",
    "DataSource": "BRFSS",
    "Topic": "Obesity / Weight Status",
    "Data_Value": 29.5,
    "Sample_Size": "1,474",
    "Stratification1": "Less than $15,000",
    "StratificationId1": "INCLESS15",
    "LocationDisplayOrder": 6
  },
  {
    "ID": 3592,
    "Description": 2015,
    "LocationAbbr": "CO",
    "LocationDesc": "Colorado",
    "DataSource": "BRFSS",
    "Topic": "Obesity / Weight Status",
    "Data_Value": 24.5,
    "Sample_Size": 757,
    "Stratification1": "Less than $15,000",
    "StratificationId1": "INCLESS15",
    "LocationDisplayOrder": 8
  },
  {
    "ID": 28777,
    "Description": 2015,
    "LocationAbbr": "CT",
    "LocationDesc": "Connecticut",
    "DataSource": "BRFSS",
    "Topic": "Obesity / Weight Status",
    "Data_Value": 36.6,
    "Sample_Size": 812,
    "Stratification1": "Less than $15,000",
    "StratificationId1": "INCLESS15",
    "LocationDisplayOrder": 9
  },
  {
    "ID": 33180,
    "Description": 2015,
    "LocationAbbr": "DE",
    "LocationDesc": "Delaware",
    "DataSource": "BRFSS",
    "Topic": "Obesity / Weight Status",
    "Data_Value": 37.1,
    "Sample_Size": 237,
    "Stratification1": "Less than $15,000",
    "StratificationId1": "INCLESS15",
    "LocationDisplayOrder": 10
  },
  {
    "ID": 30345,
    "Description": 2015,
    "LocationAbbr": "DC",
    "LocationDesc": "District of Columbia",
    "DataSource": "BRFSS",
    "Topic": "Obesity / Weight Status",
    "Data_Value": 35,
    "Sample_Size": 354,
    "Stratification1": "Less than $15,000",
    "StratificationId1": "INCLESS15",
    "LocationDisplayOrder": 11
  },
  {
    "ID": 37452,
    "Description": 2015,
    "LocationAbbr": "FL",
    "LocationDesc": "Florida",
    "DataSource": "BRFSS",
    "Topic": "Obesity / Weight Status",
    "Data_Value": 29.1,
    "Sample_Size": 797,
    "Stratification1": "Less than $15,000",
    "StratificationId1": "INCLESS15",
    "LocationDisplayOrder": 12
  },
  {
    "ID": 11197,
    "Description": 2015,
    "LocationAbbr": "GA",
    "LocationDesc": "Georgia",
    "DataSource": "BRFSS",
    "Topic": "Obesity / Weight Status",
    "Data_Value": 36.2,
    "Sample_Size": 429,
    "Stratification1": "Less than $15,000",
    "StratificationId1": "INCLESS15",
    "LocationDisplayOrder": 13
  },
  {
    "ID": 30937,
    "Description": 2015,
    "LocationAbbr": "HI",
    "LocationDesc": "Hawaii",
    "DataSource": "BRFSS",
    "Topic": "Obesity / Weight Status",
    "Data_Value": 27.1,
    "Sample_Size": 607,
    "Stratification1": "Less than $15,000",
    "StratificationId1": "INCLESS15",
    "LocationDisplayOrder": 15
  },
  {
    "ID": 30909,
    "Description": 2015,
    "LocationAbbr": "ID",
    "LocationDesc": "Idaho",
    "DataSource": "BRFSS",
    "Topic": "Obesity / Weight Status",
    "Data_Value": 28.7,
    "Sample_Size": 498,
    "Stratification1": "Less than $15,000",
    "StratificationId1": "INCLESS15",
    "LocationDisplayOrder": 16
  },
  {
    "ID": 33078,
    "Description": 2015,
    "LocationAbbr": "IL",
    "LocationDesc": "Illinois",
    "DataSource": "BRFSS",
    "Topic": "Obesity / Weight Status",
    "Data_Value": 37.7,
    "Sample_Size": 446,
    "Stratification1": "Less than $15,000",
    "StratificationId1": "INCLESS15",
    "LocationDisplayOrder": 17
  },
  {
    "ID": 9594,
    "Description": 2015,
    "LocationAbbr": "IN",
    "LocationDesc": "Indiana",
    "DataSource": "BRFSS",
    "Topic": "Obesity / Weight Status",
    "Data_Value": 32.3,
    "Sample_Size": 493,
    "Stratification1": "Less than $15,000",
    "StratificationId1": "INCLESS15",
    "LocationDisplayOrder": 18
  },
  {
    "ID": 6586,
    "Description": 2015,
    "LocationAbbr": "IA",
    "LocationDesc": "Iowa",
    "DataSource": "BRFSS",
    "Topic": "Obesity / Weight Status",
    "Data_Value": 32.1,
    "Sample_Size": 372,
    "Stratification1": "Less than $15,000",
    "StratificationId1": "INCLESS15",
    "LocationDisplayOrder": 19
  },
  {
    "ID": 22119,
    "Description": 2015,
    "LocationAbbr": "KS",
    "LocationDesc": "Kansas",
    "DataSource": "BRFSS",
    "Topic": "Obesity / Weight Status",
    "Data_Value": 38.4,
    "Sample_Size": "1,325",
    "Stratification1": "Less than $15,000",
    "StratificationId1": "INCLESS15",
    "LocationDisplayOrder": 20
  },
  {
    "ID": 14373,
    "Description": 2015,
    "LocationAbbr": "KY",
    "LocationDesc": "Kentucky",
    "DataSource": "BRFSS",
    "Topic": "Obesity / Weight Status",
    "Data_Value": 37.1,
    "Sample_Size": 931,
    "Stratification1": "Less than $15,000",
    "StratificationId1": "INCLESS15",
    "LocationDisplayOrder": 21
  },
  {
    "ID": 12877,
    "Description": 2015,
    "LocationAbbr": "LA",
    "LocationDesc": "Louisiana",
    "DataSource": "BRFSS",
    "Topic": "Obesity / Weight Status",
    "Data_Value": 43.1,
    "Sample_Size": 500,
    "Stratification1": "Less than $15,000",
    "StratificationId1": "INCLESS15",
    "LocationDisplayOrder": 22
  },
  {
    "ID": 11833,
    "Description": 2015,
    "LocationAbbr": "ME",
    "LocationDesc": "Maine",
    "DataSource": "BRFSS",
    "Topic": "Obesity / Weight Status",
    "Data_Value": 36.5,
    "Sample_Size": 815,
    "Stratification1": "Less than $15,000",
    "StratificationId1": "INCLESS15",
    "LocationDisplayOrder": 23
  },
  {
    "ID": 20298,
    "Description": 2015,
    "LocationAbbr": "MD",
    "LocationDesc": "Maryland",
    "DataSource": "BRFSS",
    "Topic": "Obesity / Weight Status",
    "Data_Value": 41,
    "Sample_Size": 636,
    "Stratification1": "Less than $15,000",
    "StratificationId1": "INCLESS15",
    "LocationDisplayOrder": 24
  },
  {
    "ID": 32390,
    "Description": 2015,
    "LocationAbbr": "MA",
    "LocationDesc": "Massachusetts",
    "DataSource": "BRFSS",
    "Topic": "Obesity / Weight Status",
    "Data_Value": 31.6,
    "Sample_Size": 625,
    "Stratification1": "Less than $15,000",
    "StratificationId1": "INCLESS15",
    "LocationDisplayOrder": 25
  },
  {
    "ID": 37433,
    "Description": 2015,
    "LocationAbbr": "MI",
    "LocationDesc": "Michigan",
    "DataSource": "BRFSS",
    "Topic": "Obesity / Weight Status",
    "Data_Value": 32.8,
    "Sample_Size": 674,
    "Stratification1": "Less than $15,000",
    "StratificationId1": "INCLESS15",
    "LocationDisplayOrder": 26
  },
  {
    "ID": 13004,
    "Description": 2015,
    "LocationAbbr": "MN",
    "LocationDesc": "Minnesota",
    "DataSource": "BRFSS",
    "Topic": "Obesity / Weight Status",
    "Data_Value": 30.1,
    "Sample_Size": 825,
    "Stratification1": "Less than $15,000",
    "StratificationId1": "INCLESS15",
    "LocationDisplayOrder": 27
  },
  {
    "ID": 31370,
    "Description": 2015,
    "LocationAbbr": "MS",
    "LocationDesc": "Mississippi",
    "DataSource": "BRFSS",
    "Topic": "Obesity / Weight Status",
    "Data_Value": 43.1,
    "Sample_Size": 903,
    "Stratification1": "Less than $15,000",
    "StratificationId1": "INCLESS15",
    "LocationDisplayOrder": 28
  },
  {
    "ID": 11447,
    "Description": 2015,
    "LocationAbbr": "MO",
    "LocationDesc": "Missouri",
    "DataSource": "BRFSS",
    "Topic": "Obesity / Weight Status",
    "Data_Value": 39.5,
    "Sample_Size": 709,
    "Stratification1": "Less than $15,000",
    "StratificationId1": "INCLESS15",
    "LocationDisplayOrder": 29
  },
  {
    "ID": 38928,
    "Description": 2015,
    "LocationAbbr": "MT",
    "LocationDesc": "Montana",
    "DataSource": "BRFSS",
    "Topic": "Obesity / Weight Status",
    "Data_Value": 28.6,
    "Sample_Size": 471,
    "Stratification1": "Less than $15,000",
    "StratificationId1": "INCLESS15",
    "LocationDisplayOrder": 30
  },
  {
    "ID": 33182,
    "Description": 2015,
    "LocationAbbr": "NE",
    "LocationDesc": "Nebraska",
    "DataSource": "BRFSS",
    "Topic": "Obesity / Weight Status",
    "Data_Value": 32.8,
    "Sample_Size": "1,148",
    "Stratification1": "Less than $15,000",
    "StratificationId1": "INCLESS15",
    "LocationDisplayOrder": 31
  },
  {
    "ID": 11553,
    "Description": 2015,
    "LocationAbbr": "NV",
    "LocationDesc": "Nevada",
    "DataSource": "BRFSS",
    "Topic": "Obesity / Weight Status",
    "Data_Value": 33.3,
    "Sample_Size": 177,
    "Stratification1": "Less than $15,000",
    "StratificationId1": "INCLESS15",
    "LocationDisplayOrder": 32
  },
  {
    "ID": 10316,
    "Description": 2015,
    "LocationAbbr": "NH",
    "LocationDesc": "New Hampshire",
    "DataSource": "BRFSS",
    "Topic": "Obesity / Weight Status",
    "Data_Value": 40.2,
    "Sample_Size": 386,
    "Stratification1": "Less than $15,000",
    "StratificationId1": "INCLESS15",
    "LocationDisplayOrder": 33
  },
  {
    "ID": 29055,
    "Description": 2015,
    "LocationAbbr": "NJ",
    "LocationDesc": "New Jersey",
    "DataSource": "BRFSS",
    "Topic": "Obesity / Weight Status",
    "Data_Value": 30.9,
    "Sample_Size": 579,
    "Stratification1": "Less than $15,000",
    "StratificationId1": "INCLESS15",
    "LocationDisplayOrder": 34
  },
  {
    "ID": 12526,
    "Description": 2015,
    "LocationAbbr": "NM",
    "LocationDesc": "New Mexico",
    "DataSource": "BRFSS",
    "Topic": "Obesity / Weight Status",
    "Data_Value": 31.5,
    "Sample_Size": 778,
    "Stratification1": "Less than $15,000",
    "StratificationId1": "INCLESS15",
    "LocationDisplayOrder": 35
  },
  {
    "ID": 1912,
    "Description": 2015,
    "LocationAbbr": "NY",
    "LocationDesc": "New York",
    "DataSource": "BRFSS",
    "Topic": "Obesity / Weight Status",
    "Data_Value": 35.1,
    "Sample_Size": "1,048",
    "Stratification1": "Less than $15,000",
    "StratificationId1": "INCLESS15",
    "LocationDisplayOrder": 36
  },
  {
    "ID": 19126,
    "Description": 2015,
    "LocationAbbr": "NC",
    "LocationDesc": "North Carolina",
    "DataSource": "BRFSS",
    "Topic": "Obesity / Weight Status",
    "Data_Value": 34.8,
    "Sample_Size": 558,
    "Stratification1": "Less than $15,000",
    "StratificationId1": "INCLESS15",
    "LocationDisplayOrder": 37
  },
  {
    "ID": 28922,
    "Description": 2015,
    "LocationAbbr": "ND",
    "LocationDesc": "North Dakota",
    "DataSource": "BRFSS",
    "Topic": "Obesity / Weight Status",
    "Data_Value": 34.2,
    "Sample_Size": 253,
    "Stratification1": "Less than $15,000",
    "StratificationId1": "INCLESS15",
    "LocationDisplayOrder": 38
  },
  {
    "ID": 6192,
    "Description": 2015,
    "LocationAbbr": "OH",
    "LocationDesc": "Ohio",
    "DataSource": "BRFSS",
    "Topic": "Obesity / Weight Status",
    "Data_Value": 30.4,
    "Sample_Size": 952,
    "Stratification1": "Less than $15,000",
    "StratificationId1": "INCLESS15",
    "LocationDisplayOrder": 39
  },
  {
    "ID": 22522,
    "Description": 2015,
    "LocationAbbr": "OK",
    "LocationDesc": "Oklahoma",
    "DataSource": "BRFSS",
    "Topic": "Obesity / Weight Status",
    "Data_Value": 37.5,
    "Sample_Size": 633,
    "Stratification1": "Less than $15,000",
    "StratificationId1": "INCLESS15",
    "LocationDisplayOrder": 40
  },
  {
    "ID": 31166,
    "Description": 2015,
    "LocationAbbr": "OR",
    "LocationDesc": "Oregon",
    "DataSource": "BRFSS",
    "Topic": "Obesity / Weight Status",
    "Data_Value": 38.2,
    "Sample_Size": 383,
    "Stratification1": "Less than $15,000",
    "StratificationId1": "INCLESS15",
    "LocationDisplayOrder": 41
  },
  {
    "ID": 12433,
    "Description": 2015,
    "LocationAbbr": "PA",
    "LocationDesc": "Pennsylvania",
    "DataSource": "BRFSS",
    "Topic": "Obesity / Weight Status",
    "Data_Value": 36.8,
    "Sample_Size": 407,
    "Stratification1": "Less than $15,000",
    "StratificationId1": "INCLESS15",
    "LocationDisplayOrder": 42
  },
  {
    "ID": 6881,
    "Description": 2015,
    "LocationAbbr": "RI",
    "LocationDesc": "Rhode Island",
    "DataSource": "BRFSS",
    "Topic": "Obesity / Weight Status",
    "Data_Value": 36,
    "Sample_Size": 485,
    "Stratification1": "Less than $15,000",
    "StratificationId1": "INCLESS15",
    "LocationDisplayOrder": 44
  },
  {
    "ID": 6346,
    "Description": 2015,
    "LocationAbbr": "SC",
    "LocationDesc": "South Carolina",
    "DataSource": "BRFSS",
    "Topic": "Obesity / Weight Status",
    "Data_Value": 40,
    "Sample_Size": "1,122",
    "Stratification1": "Less than $15,000",
    "StratificationId1": "INCLESS15",
    "LocationDisplayOrder": 45
  },
  {
    "ID": 26149,
    "Description": 2015,
    "LocationAbbr": "SD",
    "LocationDesc": "South Dakota",
    "DataSource": "BRFSS",
    "Topic": "Obesity / Weight Status",
    "Data_Value": 35.7,
    "Sample_Size": 473,
    "Stratification1": "Less than $15,000",
    "StratificationId1": "INCLESS15",
    "LocationDisplayOrder": 46
  },
  {
    "ID": 18299,
    "Description": 2015,
    "LocationAbbr": "TN",
    "LocationDesc": "Tennessee",
    "DataSource": "BRFSS",
    "Topic": "Obesity / Weight Status",
    "Data_Value": 38.6,
    "Sample_Size": 633,
    "Stratification1": "Less than $15,000",
    "StratificationId1": "INCLESS15",
    "LocationDisplayOrder": 47
  },
  {
    "ID": 27153,
    "Description": 2015,
    "LocationAbbr": "TX",
    "LocationDesc": "Texas",
    "DataSource": "BRFSS",
    "Topic": "Obesity / Weight Status",
    "Data_Value": 41.1,
    "Sample_Size": "1,420",
    "Stratification1": "Less than $15,000",
    "StratificationId1": "INCLESS15",
    "LocationDisplayOrder": 48
  },
  {
    "ID": 35498,
    "Description": 2015,
    "LocationAbbr": "UT",
    "LocationDesc": "Utah",
    "DataSource": "BRFSS",
    "Topic": "Obesity / Weight Status",
    "Data_Value": 29.7,
    "Sample_Size": 531,
    "Stratification1": "Less than $15,000",
    "StratificationId1": "INCLESS15",
    "LocationDisplayOrder": 49
  },
  {
    "ID": 22580,
    "Description": 2015,
    "LocationAbbr": "VT",
    "LocationDesc": "Vermont",
    "DataSource": "BRFSS",
    "Topic": "Obesity / Weight Status",
    "Data_Value": 27.7,
    "Sample_Size": 410,
    "Stratification1": "Less than $15,000",
    "StratificationId1": "INCLESS15",
    "LocationDisplayOrder": 50
  },
  {
    "ID": 18254,
    "Description": 2015,
    "LocationAbbr": "VA",
    "LocationDesc": "Virginia",
    "DataSource": "BRFSS",
    "Topic": "Obesity / Weight Status",
    "Data_Value": 40.4,
    "Sample_Size": 523,
    "Stratification1": "Less than $15,000",
    "StratificationId1": "INCLESS15",
    "LocationDisplayOrder": 51
  },
  {
    "ID": 26159,
    "Description": 2015,
    "LocationAbbr": "WA",
    "LocationDesc": "Washington",
    "DataSource": "BRFSS",
    "Topic": "Obesity / Weight Status",
    "Data_Value": 33,
    "Sample_Size": 986,
    "Stratification1": "Less than $15,000",
    "StratificationId1": "INCLESS15",
    "LocationDisplayOrder": 53
  },
  {
    "ID": 21632,
    "Description": 2015,
    "LocationAbbr": "WV",
    "LocationDesc": "West Virginia",
    "DataSource": "BRFSS",
    "Topic": "Obesity / Weight Status",
    "Data_Value": 38.1,
    "Sample_Size": 609,
    "Stratification1": "Less than $15,000",
    "StratificationId1": "INCLESS15",
    "LocationDisplayOrder": 54
  },
  {
    "ID": 19693,
    "Description": 2015,
    "LocationAbbr": "WI",
    "LocationDesc": "Wisconsin",
    "DataSource": "BRFSS",
    "Topic": "Obesity / Weight Status",
    "Data_Value": 36.4,
    "Sample_Size": 457,
    "Stratification1": "Less than $15,000",
    "StratificationId1": "INCLESS15",
    "LocationDisplayOrder": 55
  },
  {
    "ID": 19434,
    "Description": 2015,
    "LocationAbbr": "WY",
    "LocationDesc": "Wyoming",
    "DataSource": "BRFSS",
    "Topic": "Obesity / Weight Status",
    "Data_Value": 30.1,
    "Sample_Size": 284,
    "Stratification1": "Less than $15,000",
    "StratificationId1": "INCLESS15",
    "LocationDisplayOrder": 56
  },
  {
    "ID": 1156,
    "Description": 2015,
    "LocationAbbr": "GU",
    "LocationDesc": "Guam",
    "DataSource": "BRFSS",
    "Topic": "Obesity / Weight Status",
    "Data_Value": 34,
    "Sample_Size": 198,
    "Stratification1": "Less than $15,000",
    "StratificationId1": "INCLESS15",
    "LocationDisplayOrder": 66
  },
  {
    "ID": 892,
    "Description": 2015,
    "LocationAbbr": "PR",
    "LocationDesc": "Puerto Rico",
    "DataSource": "BRFSS",
    "Topic": "Obesity / Weight Status",
    "Data_Value": 29.9,
    "Sample_Size": "1,982",
    "Stratification1": "Less than $15,000",
    "StratificationId1": "INCLESS15",
    "LocationDisplayOrder": 72
  },
  {
    "ID": "",
    "Description": "",
    "LocationAbbr": "",
    "LocationDesc": "",
    "DataSource": "",
    "Topic": "",
    "Data_Value": "",
    "Sample_Size": "",
    "Stratification1": "",
    "StratificationId1": "",
    "LocationDisplayOrder": ""
  },
  {
    "ID": "",
    "Description": "",
    "LocationAbbr": "",
    "LocationDesc": "",
    "DataSource": "",
    "Topic": "",
    "Data_Value": "",
    "Sample_Size": "",
    "Stratification1": "",
    "StratificationId1": "",
    "LocationDisplayOrder": ""
  },
  {
    "ID": "",
    "Description": "",
    "LocationAbbr": "",
    "LocationDesc": "",
    "DataSource": "",
    "Topic": "",
    "Data_Value": "",
    "Sample_Size": "",
    "Stratification1": "",
    "StratificationId1": "",
    "LocationDisplayOrder": ""
  },
  {
    "ID": "",
    "Description": "",
    "LocationAbbr": "",
    "LocationDesc": "",
    "DataSource": "",
    "Topic": "",
    "Data_Value": "",
    "Sample_Size": "",
    "Stratification1": "",
    "StratificationId1": "",
    "LocationDisplayOrder": ""
  },
  {
    "ID": "",
    "Description": "",
    "LocationAbbr": "",
    "LocationDesc": "",
    "DataSource": "",
    "Topic": "",
    "Data_Value": "",
    "Sample_Size": "",
    "Stratification1": "",
    "StratificationId1": "",
    "LocationDisplayOrder": ""
  },
  {
    "ID": "",
    "Description": "",
    "LocationAbbr": "",
    "LocationDesc": "",
    "DataSource": "",
    "Topic": "",
    "Data_Value": "",
    "Sample_Size": "",
    "Stratification1": "",
    "StratificationId1": "",
    "LocationDisplayOrder": ""
  },
  {
    "ID": "",
    "Description": "",
    "LocationAbbr": "",
    "LocationDesc": "",
    "DataSource": "",
    "Topic": "",
    "Data_Value": "",
    "Sample_Size": "",
    "Stratification1": "",
    "StratificationId1": "",
    "LocationDisplayOrder": ""
  },
  {
    "ID": "",
    "Description": "",
    "LocationAbbr": "",
    "LocationDesc": "",
    "DataSource": "",
    "Topic": "",
    "Data_Value": "",
    "Sample_Size": "",
    "Stratification1": "",
    "StratificationId1": "",
    "LocationDisplayOrder": ""
  },
  {
    "ID": "",
    "Description": "",
    "LocationAbbr": "",
    "LocationDesc": "",
    "DataSource": "",
    "Topic": "",
    "Data_Value": "",
    "Sample_Size": "",
    "Stratification1": "",
    "StratificationId1": "",
    "LocationDisplayOrder": ""
  }
]