[
  {
    "ID": 1553,
    "Description": 2015,
    "LocationAbbr": "US",
    "LocationDesc": "National",
    "DataSource": "BRFSS",
    "Topic": "Obesity / Weight Status",
    "Data_Value": 31.7,
    "Sample_Size": "110,951",
    "Stratification1": "High school graduate",
    "StratificationId1": "EDUHSGRAD",
    "LocationDisplayOrder": 0
  },
  {
    "ID": 20473,
    "Description": 2015,
    "LocationAbbr": "AL",
    "LocationDesc": "Alabama",
    "DataSource": "BRFSS",
    "Topic": "Obesity / Weight Status",
    "Data_Value": 37.6,
    "Sample_Size": "2,336",
    "Stratification1": "High school graduate",
    "StratificationId1": "EDUHSGRAD",
    "LocationDisplayOrder": 1
  },
  {
    "ID": 27796,
    "Description": 2015,
    "LocationAbbr": "AK",
    "LocationDesc": "Alaska",
    "DataSource": "BRFSS",
    "Topic": "Obesity / Weight Status",
    "Data_Value": 28.4,
    "Sample_Size": 922,
    "Stratification1": "High school graduate",
    "StratificationId1": "EDUHSGRAD",
    "LocationDisplayOrder": 2
  },
  {
    "ID": 24316,
    "Description": 2015,
    "LocationAbbr": "AZ",
    "LocationDesc": "Arizona",
    "DataSource": "BRFSS",
    "Topic": "Obesity / Weight Status",
    "Data_Value": 28.2,
    "Sample_Size": "1,639",
    "Stratification1": "High school graduate",
    "StratificationId1": "EDUHSGRAD",
    "LocationDisplayOrder": 4
  },
  {
    "ID": 11061,
    "Description": 2015,
    "LocationAbbr": "AR",
    "LocationDesc": "Arkansas",
    "DataSource": "BRFSS",
    "Topic": "Obesity / Weight Status",
    "Data_Value": 33.6,
    "Sample_Size": "1,669",
    "Stratification1": "High school graduate",
    "StratificationId1": "EDUHSGRAD",
    "LocationDisplayOrder": 5
  },
  {
    "ID": 19208,
    "Description": 2015,
    "LocationAbbr": "CA",
    "LocationDesc": "California",
    "DataSource": "BRFSS",
    "Topic": "Obesity / Weight Status",
    "Data_Value": 26.6,
    "Sample_Size": "2,263",
    "Stratification1": "High school graduate",
    "StratificationId1": "EDUHSGRAD",
    "LocationDisplayOrder": 6
  },
  {
    "ID": 16819,
    "Description": 2015,
    "LocationAbbr": "CO",
    "LocationDesc": "Colorado",
    "DataSource": "BRFSS",
    "Topic": "Obesity / Weight Status",
    "Data_Value": 22.5,
    "Sample_Size": "2,839",
    "Stratification1": "High school graduate",
    "StratificationId1": "EDUHSGRAD",
    "LocationDisplayOrder": 8
  },
  {
    "ID": 24432,
    "Description": 2015,
    "LocationAbbr": "CT",
    "LocationDesc": "Connecticut",
    "DataSource": "BRFSS",
    "Topic": "Obesity / Weight Status",
    "Data_Value": 28.9,
    "Sample_Size": "2,598",
    "Stratification1": "High school graduate",
    "StratificationId1": "EDUHSGRAD",
    "LocationDisplayOrder": 9
  },
  {
    "ID": 26410,
    "Description": 2015,
    "LocationAbbr": "DE",
    "LocationDesc": "Delaware",
    "DataSource": "BRFSS",
    "Topic": "Obesity / Weight Status",
    "Data_Value": 31.4,
    "Sample_Size": "1,122",
    "Stratification1": "High school graduate",
    "StratificationId1": "EDUHSGRAD",
    "LocationDisplayOrder": 10
  },
  {
    "ID": 11018,
    "Description": 2015,
    "LocationAbbr": "DC",
    "LocationDesc": "District of Columbia",
    "DataSource": "BRFSS",
    "Topic": "Obesity / Weight Status",
    "Data_Value": 30.2,
    "Sample_Size": 660,
    "Stratification1": "High school graduate",
    "StratificationId1": "EDUHSGRAD",
    "LocationDisplayOrder": 11
  },
  {
    "ID": 8976,
    "Description": 2015,
    "LocationAbbr": "FL",
    "LocationDesc": "Florida",
    "DataSource": "BRFSS",
    "Topic": "Obesity / Weight Status",
    "Data_Value": 29,
    "Sample_Size": "2,214",
    "Stratification1": "High school graduate",
    "StratificationId1": "EDUHSGRAD",
    "LocationDisplayOrder": 12
  },
  {
    "ID": 37272,
    "Description": 2015,
    "LocationAbbr": "GA",
    "LocationDesc": "Georgia",
    "DataSource": "BRFSS",
    "Topic": "Obesity / Weight Status",
    "Data_Value": 32.4,
    "Sample_Size": "1,130",
    "Stratification1": "High school graduate",
    "StratificationId1": "EDUHSGRAD",
    "LocationDisplayOrder": 13
  },
  {
    "ID": 28851,
    "Description": 2015,
    "LocationAbbr": "HI",
    "LocationDesc": "Hawaii",
    "DataSource": "BRFSS",
    "Topic": "Obesity / Weight Status",
    "Data_Value": 24.8,
    "Sample_Size": "1,784",
    "Stratification1": "High school graduate",
    "StratificationId1": "EDUHSGRAD",
    "LocationDisplayOrder": 15
  },
  {
    "ID": 16447,
    "Description": 2015,
    "LocationAbbr": "ID",
    "LocationDesc": "Idaho",
    "DataSource": "BRFSS",
    "Topic": "Obesity / Weight Status",
    "Data_Value": 29.6,
    "Sample_Size": "1,505",
    "Stratification1": "High school graduate",
    "StratificationId1": "EDUHSGRAD",
    "LocationDisplayOrder": 16
  },
  {
    "ID": 12916,
    "Description": 2015,
    "LocationAbbr": "IL",
    "LocationDesc": "Illinois",
    "DataSource": "BRFSS",
    "Topic": "Obesity / Weight Status",
    "Data_Value": 34.9,
    "Sample_Size": "1,355",
    "Stratification1": "High school graduate",
    "StratificationId1": "EDUHSGRAD",
    "LocationDisplayOrder": 17
  },
  {
    "ID": 3343,
    "Description": 2015,
    "LocationAbbr": "IN",
    "LocationDesc": "Indiana",
    "DataSource": "BRFSS",
    "Topic": "Obesity / Weight Status",
    "Data_Value": 35.3,
    "Sample_Size": "1,902",
    "Stratification1": "High school graduate",
    "StratificationId1": "EDUHSGRAD",
    "LocationDisplayOrder": 18
  },
  {
    "ID": 14184,
    "Description": 2015,
    "LocationAbbr": "IA",
    "LocationDesc": "Iowa",
    "DataSource": "BRFSS",
    "Topic": "Obesity / Weight Status",
    "Data_Value": 34.5,
    "Sample_Size": "1,906",
    "Stratification1": "High school graduate",
    "StratificationId1": "EDUHSGRAD",
    "LocationDisplayOrder": 19
  },
  {
    "ID": 32668,
    "Description": 2015,
    "LocationAbbr": "KS",
    "LocationDesc": "Kansas",
    "DataSource": "BRFSS",
    "Topic": "Obesity / Weight Status",
    "Data_Value": 36.4,
    "Sample_Size": "5,696",
    "Stratification1": "High school graduate",
    "StratificationId1": "EDUHSGRAD",
    "LocationDisplayOrder": 20
  },
  {
    "ID": 36194,
    "Description": 2015,
    "LocationAbbr": "KY",
    "LocationDesc": "Kentucky",
    "DataSource": "BRFSS",
    "Topic": "Obesity / Weight Status",
    "Data_Value": 35.9,
    "Sample_Size": "2,645",
    "Stratification1": "High school graduate",
    "StratificationId1": "EDUHSGRAD",
    "LocationDisplayOrder": 21
  },
  {
    "ID": 32981,
    "Description": 2015,
    "LocationAbbr": "LA",
    "LocationDesc": "Louisiana",
    "DataSource": "BRFSS",
    "Topic": "Obesity / Weight Status",
    "Data_Value": 39.2,
    "Sample_Size": "1,417",
    "Stratification1": "High school graduate",
    "StratificationId1": "EDUHSGRAD",
    "LocationDisplayOrder": 22
  },
  {
    "ID": 37348,
    "Description": 2015,
    "LocationAbbr": "ME",
    "LocationDesc": "Maine",
    "DataSource": "BRFSS",
    "Topic": "Obesity / Weight Status",
    "Data_Value": 34.1,
    "Sample_Size": "2,570",
    "Stratification1": "High school graduate",
    "StratificationId1": "EDUHSGRAD",
    "LocationDisplayOrder": 23
  },
  {
    "ID": 6547,
    "Description": 2015,
    "LocationAbbr": "MD",
    "LocationDesc": "Maryland",
    "DataSource": "BRFSS",
    "Topic": "Obesity / Weight Status",
    "Data_Value": 34.2,
    "Sample_Size": "2,993",
    "Stratification1": "High school graduate",
    "StratificationId1": "EDUHSGRAD",
    "LocationDisplayOrder": 24
  },
  {
    "ID": 37112,
    "Description": 2015,
    "LocationAbbr": "MA",
    "LocationDesc": "Massachusetts",
    "DataSource": "BRFSS",
    "Topic": "Obesity / Weight Status",
    "Data_Value": 27.5,
    "Sample_Size": "1,878",
    "Stratification1": "High school graduate",
    "StratificationId1": "EDUHSGRAD",
    "LocationDisplayOrder": 25
  },
  {
    "ID": 8008,
    "Description": 2015,
    "LocationAbbr": "MI",
    "LocationDesc": "Michigan",
    "DataSource": "BRFSS",
    "Topic": "Obesity / Weight Status",
    "Data_Value": 34.2,
    "Sample_Size": "2,271",
    "Stratification1": "High school graduate",
    "StratificationId1": "EDUHSGRAD",
    "LocationDisplayOrder": 26
  },
  {
    "ID": 39402,
    "Description": 2015,
    "LocationAbbr": "MN",
    "LocationDesc": "Minnesota",
    "DataSource": "BRFSS",
    "Topic": "Obesity / Weight Status",
    "Data_Value": 28.8,
    "Sample_Size": "3,800",
    "Stratification1": "High school graduate",
    "StratificationId1": "EDUHSGRAD",
    "LocationDisplayOrder": 27
  },
  {
    "ID": 16511,
    "Description": 2015,
    "LocationAbbr": "MS",
    "LocationDesc": "Mississippi",
    "DataSource": "BRFSS",
    "Topic": "Obesity / Weight Status",
    "Data_Value": 35,
    "Sample_Size": "1,783",
    "Stratification1": "High school graduate",
    "StratificationId1": "EDUHSGRAD",
    "LocationDisplayOrder": 28
  },
  {
    "ID": 21160,
    "Description": 2015,
    "LocationAbbr": "MO",
    "LocationDesc": "Missouri",
    "DataSource": "BRFSS",
    "Topic": "Obesity / Weight Status",
    "Data_Value": 32.7,
    "Sample_Size": "2,231",
    "Stratification1": "High school graduate",
    "StratificationId1": "EDUHSGRAD",
    "LocationDisplayOrder": 29
  },
  {
    "ID": 25158,
    "Description": 2015,
    "LocationAbbr": "MT",
    "LocationDesc": "Montana",
    "DataSource": "BRFSS",
    "Topic": "Obesity / Weight Status",
    "Data_Value": 24.6,
    "Sample_Size": "1,681",
    "Stratification1": "High school graduate",
    "StratificationId1": "EDUHSGRAD",
    "LocationDisplayOrder": 30
  },
  {
    "ID": 19480,
    "Description": 2015,
    "LocationAbbr": "NE",
    "LocationDesc": "Nebraska",
    "DataSource": "BRFSS",
    "Topic": "Obesity / Weight Status",
    "Data_Value": 34.1,
    "Sample_Size": "5,334",
    "Stratification1": "High school graduate",
    "StratificationId1": "EDUHSGRAD",
    "LocationDisplayOrder": 31
  },
  {
    "ID": 25603,
    "Description": 2015,
    "LocationAbbr": "NV",
    "LocationDesc": "Nevada",
    "DataSource": "BRFSS",
    "Topic": "Obesity / Weight Status",
    "Data_Value": 30.6,
    "Sample_Size": 743,
    "Stratification1": "High school graduate",
    "StratificationId1": "EDUHSGRAD",
    "LocationDisplayOrder": 32
  },
  {
    "ID": 17542,
    "Description": 2015,
    "LocationAbbr": "NH",
    "LocationDesc": "New Hampshire",
    "DataSource": "BRFSS",
    "Topic": "Obesity / Weight Status",
    "Data_Value": 30.9,
    "Sample_Size": "1,751",
    "Stratification1": "High school graduate",
    "StratificationId1": "EDUHSGRAD",
    "LocationDisplayOrder": 33
  },
  {
    "ID": 22164,
    "Description": 2015,
    "LocationAbbr": "NJ",
    "LocationDesc": "New Jersey",
    "DataSource": "BRFSS",
    "Topic": "Obesity / Weight Status",
    "Data_Value": 29,
    "Sample_Size": "2,697",
    "Stratification1": "High school graduate",
    "StratificationId1": "EDUHSGRAD",
    "LocationDisplayOrder": 34
  },
  {
    "ID": 22611,
    "Description": 2015,
    "LocationAbbr": "NM",
    "LocationDesc": "New Mexico",
    "DataSource": "BRFSS",
    "Topic": "Obesity / Weight Status",
    "Data_Value": 30.3,
    "Sample_Size": "1,695",
    "Stratification1": "High school graduate",
    "StratificationId1": "EDUHSGRAD",
    "LocationDisplayOrder": 35
  },
  {
    "ID": 18408,
    "Description": 2015,
    "LocationAbbr": "NY",
    "LocationDesc": "New York",
    "DataSource": "BRFSS",
    "Topic": "Obesity / Weight Status",
    "Data_Value": 28.6,
    "Sample_Size": "2,726",
    "Stratification1": "High school graduate",
    "StratificationId1": "EDUHSGRAD",
    "LocationDisplayOrder": 36
  },
  {
    "ID": 6945,
    "Description": 2015,
    "LocationAbbr": "NC",
    "LocationDesc": "North Carolina",
    "DataSource": "BRFSS",
    "Topic": "Obesity / Weight Status",
    "Data_Value": 33.2,
    "Sample_Size": "1,651",
    "Stratification1": "High school graduate",
    "StratificationId1": "EDUHSGRAD",
    "LocationDisplayOrder": 37
  },
  {
    "ID": 12651,
    "Description": 2015,
    "LocationAbbr": "ND",
    "LocationDesc": "North Dakota",
    "DataSource": "BRFSS",
    "Topic": "Obesity / Weight Status",
    "Data_Value": 34.1,
    "Sample_Size": "1,344",
    "Stratification1": "High school graduate",
    "StratificationId1": "EDUHSGRAD",
    "LocationDisplayOrder": 38
  },
  {
    "ID": 24627,
    "Description": 2015,
    "LocationAbbr": "OH",
    "LocationDesc": "Ohio",
    "DataSource": "BRFSS",
    "Topic": "Obesity / Weight Status",
    "Data_Value": 32.4,
    "Sample_Size": "3,995",
    "Stratification1": "High school graduate",
    "StratificationId1": "EDUHSGRAD",
    "LocationDisplayOrder": 39
  },
  {
    "ID": 26279,
    "Description": 2015,
    "LocationAbbr": "OK",
    "LocationDesc": "Oklahoma",
    "DataSource": "BRFSS",
    "Topic": "Obesity / Weight Status",
    "Data_Value": 35,
    "Sample_Size": "2,055",
    "Stratification1": "High school graduate",
    "StratificationId1": "EDUHSGRAD",
    "LocationDisplayOrder": 40
  },
  {
    "ID": 17314,
    "Description": 2015,
    "LocationAbbr": "OR",
    "LocationDesc": "Oregon",
    "DataSource": "BRFSS",
    "Topic": "Obesity / Weight Status",
    "Data_Value": 29.9,
    "Sample_Size": "1,193",
    "Stratification1": "High school graduate",
    "StratificationId1": "EDUHSGRAD",
    "LocationDisplayOrder": 41
  },
  {
    "ID": 8578,
    "Description": 2015,
    "LocationAbbr": "PA",
    "LocationDesc": "Pennsylvania",
    "DataSource": "BRFSS",
    "Topic": "Obesity / Weight Status",
    "Data_Value": 34.2,
    "Sample_Size": "1,791",
    "Stratification1": "High school graduate",
    "StratificationId1": "EDUHSGRAD",
    "LocationDisplayOrder": 42
  },
  {
    "ID": 4939,
    "Description": 2015,
    "LocationAbbr": "RI",
    "LocationDesc": "Rhode Island",
    "DataSource": "BRFSS",
    "Topic": "Obesity / Weight Status",
    "Data_Value": 30,
    "Sample_Size": "1,519",
    "Stratification1": "High school graduate",
    "StratificationId1": "EDUHSGRAD",
    "LocationDisplayOrder": 44
  },
  {
    "ID": 33201,
    "Description": 2015,
    "LocationAbbr": "SC",
    "LocationDesc": "South Carolina",
    "DataSource": "BRFSS",
    "Topic": "Obesity / Weight Status",
    "Data_Value": 36.3,
    "Sample_Size": "3,256",
    "Stratification1": "High school graduate",
    "StratificationId1": "EDUHSGRAD",
    "LocationDisplayOrder": 45
  },
  {
    "ID": 12940,
    "Description": 2015,
    "LocationAbbr": "SD",
    "LocationDesc": "South Dakota",
    "DataSource": "BRFSS",
    "Topic": "Obesity / Weight Status",
    "Data_Value": 29.3,
    "Sample_Size": "2,028",
    "Stratification1": "High school graduate",
    "StratificationId1": "EDUHSGRAD",
    "LocationDisplayOrder": 46
  },
  {
    "ID": 13880,
    "Description": 2015,
    "LocationAbbr": "TN",
    "LocationDesc": "Tennessee",
    "DataSource": "BRFSS",
    "Topic": "Obesity / Weight Status",
    "Data_Value": 37,
    "Sample_Size": "1,778",
    "Stratification1": "High school graduate",
    "StratificationId1": "EDUHSGRAD",
    "LocationDisplayOrder": 47
  },
  {
    "ID": 30505,
    "Description": 2015,
    "LocationAbbr": "TX",
    "LocationDesc": "Texas",
    "DataSource": "BRFSS",
    "Topic": "Obesity / Weight Status",
    "Data_Value": 34,
    "Sample_Size": "3,318",
    "Stratification1": "High school graduate",
    "StratificationId1": "EDUHSGRAD",
    "LocationDisplayOrder": 48
  },
  {
    "ID": 6372,
    "Description": 2015,
    "LocationAbbr": "UT",
    "LocationDesc": "Utah",
    "DataSource": "BRFSS",
    "Topic": "Obesity / Weight Status",
    "Data_Value": 25,
    "Sample_Size": "2,894",
    "Stratification1": "High school graduate",
    "StratificationId1": "EDUHSGRAD",
    "LocationDisplayOrder": 49
  },
  {
    "ID": 16635,
    "Description": 2015,
    "LocationAbbr": "VT",
    "LocationDesc": "Vermont",
    "DataSource": "BRFSS",
    "Topic": "Obesity / Weight Status",
    "Data_Value": 31.2,
    "Sample_Size": "1,781",
    "Stratification1": "High school graduate",
    "StratificationId1": "EDUHSGRAD",
    "LocationDisplayOrder": 50
  },
  {
    "ID": 13609,
    "Description": 2015,
    "LocationAbbr": "VA",
    "LocationDesc": "Virginia",
    "DataSource": "BRFSS",
    "Topic": "Obesity / Weight Status",
    "Data_Value": 30.5,
    "Sample_Size": "2,098",
    "Stratification1": "High school graduate",
    "StratificationId1": "EDUHSGRAD",
    "LocationDisplayOrder": 51
  },
  {
    "ID": 10810,
    "Description": 2015,
    "LocationAbbr": "WA",
    "LocationDesc": "Washington",
    "DataSource": "BRFSS",
    "Topic": "Obesity / Weight Status",
    "Data_Value": 29.4,
    "Sample_Size": "3,138",
    "Stratification1": "High school graduate",
    "StratificationId1": "EDUHSGRAD",
    "LocationDisplayOrder": 53
  },
  {
    "ID": 34921,
    "Description": 2015,
    "LocationAbbr": "WV",
    "LocationDesc": "West Virginia",
    "DataSource": "BRFSS",
    "Topic": "Obesity / Weight Status",
    "Data_Value": 38.3,
    "Sample_Size": "2,008",
    "Stratification1": "High school graduate",
    "StratificationId1": "EDUHSGRAD",
    "LocationDisplayOrder": 54
  },
  {
    "ID": 13967,
    "Description": 2015,
    "LocationAbbr": "WI",
    "LocationDesc": "Wisconsin",
    "DataSource": "BRFSS",
    "Topic": "Obesity / Weight Status",
    "Data_Value": 32.1,
    "Sample_Size": "1,843",
    "Stratification1": "High school graduate",
    "StratificationId1": "EDUHSGRAD",
    "LocationDisplayOrder": 55
  },
  {
    "ID": 16311,
    "Description": 2015,
    "LocationAbbr": "WY",
    "LocationDesc": "Wyoming",
    "DataSource": "BRFSS",
    "Topic": "Obesity / Weight Status",
    "Data_Value": 30.9,
    "Sample_Size": "1,506",
    "Stratification1": "High school graduate",
    "StratificationId1": "EDUHSGRAD",
    "LocationDisplayOrder": 56
  },
  {
    "ID": 1959,
    "Description": 2015,
    "LocationAbbr": "GU",
    "LocationDesc": "Guam",
    "DataSource": "BRFSS",
    "Topic": "Obesity / Weight Status",
    "Data_Value": 34.4,
    "Sample_Size": 595,
    "Stratification1": "High school graduate",
    "StratificationId1": "EDUHSGRAD",
    "LocationDisplayOrder": 66
  },
  {
    "ID": 607,
    "Description": 2015,
    "LocationAbbr": "PR",
    "LocationDesc": "Puerto Rico",
    "DataSource": "BRFSS",
    "Topic": "Obesity / Weight Status",
    "Data_Value": 31.6,
    "Sample_Size": "1,313",
    "Stratification1": "High school graduate",
    "StratificationId1": "EDUHSGRAD",
    "LocationDisplayOrder": 72
  },
  {
    "ID": "",
    "Description": "",
    "LocationAbbr": "",
    "LocationDesc": "",
    "DataSource": "",
    "Topic": "",
    "Data_Value": "",
    "Sample_Size": "",
    "Stratification1": "",
    "StratificationId1": "",
    "LocationDisplayOrder": ""
  },
  {
    "ID": "",
    "Description": "",
    "LocationAbbr": "",
    "LocationDesc": "",
    "DataSource": "",
    "Topic": "",
    "Data_Value": "",
    "Sample_Size": "",
    "Stratification1": "",
    "StratificationId1": "",
    "LocationDisplayOrder": ""
  },
  {
    "ID": "",
    "Description": "",
    "LocationAbbr": "",
    "LocationDesc": "",
    "DataSource": "",
    "Topic": "",
    "Data_Value": "",
    "Sample_Size": "",
    "Stratification1": "",
    "StratificationId1": "",
    "LocationDisplayOrder": ""
  },
  {
    "ID": "",
    "Description": "",
    "LocationAbbr": "",
    "LocationDesc": "",
    "DataSource": "",
    "Topic": "",
    "Data_Value": "",
    "Sample_Size": "",
    "Stratification1": "",
    "StratificationId1": "",
    "LocationDisplayOrder": ""
  },
  {
    "ID": "",
    "Description": "",
    "LocationAbbr": "",
    "LocationDesc": "",
    "DataSource": "",
    "Topic": "",
    "Data_Value": "",
    "Sample_Size": "",
    "Stratification1": "",
    "StratificationId1": "",
    "LocationDisplayOrder": ""
  },
  {
    "ID": "",
    "Description": "",
    "LocationAbbr": "",
    "LocationDesc": "",
    "DataSource": "",
    "Topic": "",
    "Data_Value": "",
    "Sample_Size": "",
    "Stratification1": "",
    "StratificationId1": "",
    "LocationDisplayOrder": ""
  },
  {
    "ID": "",
    "Description": "",
    "LocationAbbr": "",
    "LocationDesc": "",
    "DataSource": "",
    "Topic": "",
    "Data_Value": "",
    "Sample_Size": "",
    "Stratification1": "",
    "StratificationId1": "",
    "LocationDisplayOrder": ""
  },
  {
    "ID": "",
    "Description": "",
    "LocationAbbr": "",
    "LocationDesc": "",
    "DataSource": "",
    "Topic": "",
    "Data_Value": "",
    "Sample_Size": "",
    "Stratification1": "",
    "StratificationId1": "",
    "LocationDisplayOrder": ""
  },
  {
    "ID": "",
    "Description": "",
    "LocationAbbr": "",
    "LocationDesc": "",
    "DataSource": "",
    "Topic": "",
    "Data_Value": "",
    "Sample_Size": "",
    "Stratification1": "",
    "StratificationId1": "",
    "LocationDisplayOrder": ""
  }
]