[
  {
    "ID": 1535,
    "Description": 2015,
    "LocationAbbr": "US",
    "LocationDesc": "National",
    "DataSource": "BRFSS",
    "Topic": "Obesity / Weight Status",
    "Data_Value": 27.9,
    "Sample_Size": "311,093",
    "Stratification1": "Non-Hispanic White",
    "StratificationId1": "RACEWHT",
    "LocationDisplayOrder": 0
  },
  {
    "ID": 30903,
    "Description": 2015,
    "LocationAbbr": "AL",
    "LocationDesc": "Alabama",
    "DataSource": "BRFSS",
    "Topic": "Obesity / Weight Status",
    "Data_Value": 32.3,
    "Sample_Size": "5,075",
    "Stratification1": "Non-Hispanic White",
    "StratificationId1": "RACEWHT",
    "LocationDisplayOrder": 1
  },
  {
    "ID": 10017,
    "Description": 2015,
    "LocationAbbr": "AK",
    "LocationDesc": "Alaska",
    "DataSource": "BRFSS",
    "Topic": "Obesity / Weight Status",
    "Data_Value": 28.1,
    "Sample_Size": "2,407",
    "Stratification1": "Non-Hispanic White",
    "StratificationId1": "RACEWHT",
    "LocationDisplayOrder": 2
  },
  {
    "ID": 23799,
    "Description": 2015,
    "LocationAbbr": "AZ",
    "LocationDesc": "Arizona",
    "DataSource": "BRFSS",
    "Topic": "Obesity / Weight Status",
    "Data_Value": 25.4,
    "Sample_Size": "5,287",
    "Stratification1": "Non-Hispanic White",
    "StratificationId1": "RACEWHT",
    "LocationDisplayOrder": 4
  },
  {
    "ID": 35167,
    "Description": 2015,
    "LocationAbbr": "AR",
    "LocationDesc": "Arkansas",
    "DataSource": "BRFSS",
    "Topic": "Obesity / Weight Status",
    "Data_Value": 33.4,
    "Sample_Size": "3,719",
    "Stratification1": "Non-Hispanic White",
    "StratificationId1": "RACEWHT",
    "LocationDisplayOrder": 5
  },
  {
    "ID": 24702,
    "Description": 2015,
    "LocationAbbr": "CA",
    "LocationDesc": "California",
    "DataSource": "BRFSS",
    "Topic": "Obesity / Weight Status",
    "Data_Value": 22.2,
    "Sample_Size": "5,890",
    "Stratification1": "Non-Hispanic White",
    "StratificationId1": "RACEWHT",
    "LocationDisplayOrder": 6
  },
  {
    "ID": 5574,
    "Description": 2015,
    "LocationAbbr": "CO",
    "LocationDesc": "Colorado",
    "DataSource": "BRFSS",
    "Topic": "Obesity / Weight Status",
    "Data_Value": 18.7,
    "Sample_Size": "9,353",
    "Stratification1": "Non-Hispanic White",
    "StratificationId1": "RACEWHT",
    "LocationDisplayOrder": 8
  },
  {
    "ID": 6074,
    "Description": 2015,
    "LocationAbbr": "CT",
    "LocationDesc": "Connecticut",
    "DataSource": "BRFSS",
    "Topic": "Obesity / Weight Status",
    "Data_Value": 23.7,
    "Sample_Size": "8,255",
    "Stratification1": "Non-Hispanic White",
    "StratificationId1": "RACEWHT",
    "LocationDisplayOrder": 9
  },
  {
    "ID": 10392,
    "Description": 2015,
    "LocationAbbr": "DE",
    "LocationDesc": "Delaware",
    "DataSource": "BRFSS",
    "Topic": "Obesity / Weight Status",
    "Data_Value": 29.4,
    "Sample_Size": "2,725",
    "Stratification1": "Non-Hispanic White",
    "StratificationId1": "RACEWHT",
    "LocationDisplayOrder": 10
  },
  {
    "ID": 3490,
    "Description": 2015,
    "LocationAbbr": "DC",
    "LocationDesc": "District of Columbia",
    "DataSource": "BRFSS",
    "Topic": "Obesity / Weight Status",
    "Data_Value": 9.6,
    "Sample_Size": "1,565",
    "Stratification1": "Non-Hispanic White",
    "StratificationId1": "RACEWHT",
    "LocationDisplayOrder": 11
  },
  {
    "ID": 6450,
    "Description": 2015,
    "LocationAbbr": "FL",
    "LocationDesc": "Florida",
    "DataSource": "BRFSS",
    "Topic": "Obesity / Weight Status",
    "Data_Value": 26,
    "Sample_Size": "6,542",
    "Stratification1": "Non-Hispanic White",
    "StratificationId1": "RACEWHT",
    "LocationDisplayOrder": 12
  },
  {
    "ID": 25781,
    "Description": 2015,
    "LocationAbbr": "GA",
    "LocationDesc": "Georgia",
    "DataSource": "BRFSS",
    "Topic": "Obesity / Weight Status",
    "Data_Value": 27.9,
    "Sample_Size": "2,860",
    "Stratification1": "Non-Hispanic White",
    "StratificationId1": "RACEWHT",
    "LocationDisplayOrder": 13
  },
  {
    "ID": 14901,
    "Description": 2015,
    "LocationAbbr": "HI",
    "LocationDesc": "Hawaii",
    "DataSource": "BRFSS",
    "Topic": "Obesity / Weight Status",
    "Data_Value": 17.2,
    "Sample_Size": "2,189",
    "Stratification1": "Non-Hispanic White",
    "StratificationId1": "RACEWHT",
    "LocationDisplayOrder": 15
  },
  {
    "ID": 38510,
    "Description": 2015,
    "LocationAbbr": "ID",
    "LocationDesc": "Idaho",
    "DataSource": "BRFSS",
    "Topic": "Obesity / Weight Status",
    "Data_Value": 28.1,
    "Sample_Size": "4,806",
    "Stratification1": "Non-Hispanic White",
    "StratificationId1": "RACEWHT",
    "LocationDisplayOrder": 16
  },
  {
    "ID": 14503,
    "Description": 2015,
    "LocationAbbr": "IL",
    "LocationDesc": "Illinois",
    "DataSource": "BRFSS",
    "Topic": "Obesity / Weight Status",
    "Data_Value": 29.4,
    "Sample_Size": "3,777",
    "Stratification1": "Non-Hispanic White",
    "StratificationId1": "RACEWHT",
    "LocationDisplayOrder": 17
  },
  {
    "ID": 20695,
    "Description": 2015,
    "LocationAbbr": "IN",
    "LocationDesc": "Indiana",
    "DataSource": "BRFSS",
    "Topic": "Obesity / Weight Status",
    "Data_Value": 30.8,
    "Sample_Size": "4,931",
    "Stratification1": "Non-Hispanic White",
    "StratificationId1": "RACEWHT",
    "LocationDisplayOrder": 18
  },
  {
    "ID": 6718,
    "Description": 2015,
    "LocationAbbr": "IA",
    "LocationDesc": "Iowa",
    "DataSource": "BRFSS",
    "Topic": "Obesity / Weight Status",
    "Data_Value": 32.5,
    "Sample_Size": "5,251",
    "Stratification1": "Non-Hispanic White",
    "StratificationId1": "RACEWHT",
    "LocationDisplayOrder": 19
  },
  {
    "ID": 8138,
    "Description": 2015,
    "LocationAbbr": "KS",
    "LocationDesc": "Kansas",
    "DataSource": "BRFSS",
    "Topic": "Obesity / Weight Status",
    "Data_Value": 33.4,
    "Sample_Size": "17,924",
    "Stratification1": "Non-Hispanic White",
    "StratificationId1": "RACEWHT",
    "LocationDisplayOrder": 20
  },
  {
    "ID": 25398,
    "Description": 2015,
    "LocationAbbr": "KY",
    "LocationDesc": "Kentucky",
    "DataSource": "BRFSS",
    "Topic": "Obesity / Weight Status",
    "Data_Value": 34.5,
    "Sample_Size": "6,933",
    "Stratification1": "Non-Hispanic White",
    "StratificationId1": "RACEWHT",
    "LocationDisplayOrder": 21
  },
  {
    "ID": 13653,
    "Description": 2015,
    "LocationAbbr": "LA",
    "LocationDesc": "Louisiana",
    "DataSource": "BRFSS",
    "Topic": "Obesity / Weight Status",
    "Data_Value": 34.3,
    "Sample_Size": "2,878",
    "Stratification1": "Non-Hispanic White",
    "StratificationId1": "RACEWHT",
    "LocationDisplayOrder": 22
  },
  {
    "ID": 4873,
    "Description": 2015,
    "LocationAbbr": "ME",
    "LocationDesc": "Maine",
    "DataSource": "BRFSS",
    "Topic": "Obesity / Weight Status",
    "Data_Value": 30.4,
    "Sample_Size": "8,183",
    "Stratification1": "Non-Hispanic White",
    "StratificationId1": "RACEWHT",
    "LocationDisplayOrder": 23
  },
  {
    "ID": 6766,
    "Description": 2015,
    "LocationAbbr": "MD",
    "LocationDesc": "Maryland",
    "DataSource": "BRFSS",
    "Topic": "Obesity / Weight Status",
    "Data_Value": 26.9,
    "Sample_Size": "8,239",
    "Stratification1": "Non-Hispanic White",
    "StratificationId1": "RACEWHT",
    "LocationDisplayOrder": 24
  },
  {
    "ID": 9609,
    "Description": 2015,
    "LocationAbbr": "MA",
    "LocationDesc": "Massachusetts",
    "DataSource": "BRFSS",
    "Topic": "Obesity / Weight Status",
    "Data_Value": 23.5,
    "Sample_Size": "6,502",
    "Stratification1": "Non-Hispanic White",
    "StratificationId1": "RACEWHT",
    "LocationDisplayOrder": 25
  },
  {
    "ID": 33996,
    "Description": 2015,
    "LocationAbbr": "MI",
    "LocationDesc": "Michigan",
    "DataSource": "BRFSS",
    "Topic": "Obesity / Weight Status",
    "Data_Value": 29.8,
    "Sample_Size": "6,741",
    "Stratification1": "Non-Hispanic White",
    "StratificationId1": "RACEWHT",
    "LocationDisplayOrder": 26
  },
  {
    "ID": 24146,
    "Description": 2015,
    "LocationAbbr": "MN",
    "LocationDesc": "Minnesota",
    "DataSource": "BRFSS",
    "Topic": "Obesity / Weight Status",
    "Data_Value": 26.7,
    "Sample_Size": "13,878",
    "Stratification1": "Non-Hispanic White",
    "StratificationId1": "RACEWHT",
    "LocationDisplayOrder": 27
  },
  {
    "ID": 10261,
    "Description": 2015,
    "LocationAbbr": "MS",
    "LocationDesc": "Mississippi",
    "DataSource": "BRFSS",
    "Topic": "Obesity / Weight Status",
    "Data_Value": 31,
    "Sample_Size": "3,578",
    "Stratification1": "Non-Hispanic White",
    "StratificationId1": "RACEWHT",
    "LocationDisplayOrder": 28
  },
  {
    "ID": 23402,
    "Description": 2015,
    "LocationAbbr": "MO",
    "LocationDesc": "Missouri",
    "DataSource": "BRFSS",
    "Topic": "Obesity / Weight Status",
    "Data_Value": 32,
    "Sample_Size": "5,678",
    "Stratification1": "Non-Hispanic White",
    "StratificationId1": "RACEWHT",
    "LocationDisplayOrder": 29
  },
  {
    "ID": 4514,
    "Description": 2015,
    "LocationAbbr": "MT",
    "LocationDesc": "Montana",
    "DataSource": "BRFSS",
    "Topic": "Obesity / Weight Status",
    "Data_Value": 22.6,
    "Sample_Size": "4,798",
    "Stratification1": "Non-Hispanic White",
    "StratificationId1": "RACEWHT",
    "LocationDisplayOrder": 30
  },
  {
    "ID": 10339,
    "Description": 2015,
    "LocationAbbr": "NE",
    "LocationDesc": "Nebraska",
    "DataSource": "BRFSS",
    "Topic": "Obesity / Weight Status",
    "Data_Value": 31.3,
    "Sample_Size": "14,842",
    "Stratification1": "Non-Hispanic White",
    "StratificationId1": "RACEWHT",
    "LocationDisplayOrder": 31
  },
  {
    "ID": 18794,
    "Description": 2015,
    "LocationAbbr": "NV",
    "LocationDesc": "Nevada",
    "DataSource": "BRFSS",
    "Topic": "Obesity / Weight Status",
    "Data_Value": 25.5,
    "Sample_Size": "1,967",
    "Stratification1": "Non-Hispanic White",
    "StratificationId1": "RACEWHT",
    "LocationDisplayOrder": 32
  },
  {
    "ID": 12177,
    "Description": 2015,
    "LocationAbbr": "NH",
    "LocationDesc": "New Hampshire",
    "DataSource": "BRFSS",
    "Topic": "Obesity / Weight Status",
    "Data_Value": 26.8,
    "Sample_Size": "5,961",
    "Stratification1": "Non-Hispanic White",
    "StratificationId1": "RACEWHT",
    "LocationDisplayOrder": 33
  },
  {
    "ID": 31321,
    "Description": 2015,
    "LocationAbbr": "NJ",
    "LocationDesc": "New Jersey",
    "DataSource": "BRFSS",
    "Topic": "Obesity / Weight Status",
    "Data_Value": 24.8,
    "Sample_Size": "7,165",
    "Stratification1": "Non-Hispanic White",
    "StratificationId1": "RACEWHT",
    "LocationDisplayOrder": 34
  },
  {
    "ID": 17522,
    "Description": 2015,
    "LocationAbbr": "NM",
    "LocationDesc": "New Mexico",
    "DataSource": "BRFSS",
    "Topic": "Obesity / Weight Status",
    "Data_Value": 23.2,
    "Sample_Size": "3,412",
    "Stratification1": "Non-Hispanic White",
    "StratificationId1": "RACEWHT",
    "LocationDisplayOrder": 35
  },
  {
    "ID": 39101,
    "Description": 2015,
    "LocationAbbr": "NY",
    "LocationDesc": "New York",
    "DataSource": "BRFSS",
    "Topic": "Obesity / Weight Status",
    "Data_Value": 24.5,
    "Sample_Size": "7,806",
    "Stratification1": "Non-Hispanic White",
    "StratificationId1": "RACEWHT",
    "LocationDisplayOrder": 36
  },
  {
    "ID": 33805,
    "Description": 2015,
    "LocationAbbr": "NC",
    "LocationDesc": "North Carolina",
    "DataSource": "BRFSS",
    "Topic": "Obesity / Weight Status",
    "Data_Value": 27.7,
    "Sample_Size": "4,133",
    "Stratification1": "Non-Hispanic White",
    "StratificationId1": "RACEWHT",
    "LocationDisplayOrder": 37
  },
  {
    "ID": 3999,
    "Description": 2015,
    "LocationAbbr": "ND",
    "LocationDesc": "North Dakota",
    "DataSource": "BRFSS",
    "Topic": "Obesity / Weight Status",
    "Data_Value": 31.1,
    "Sample_Size": "4,253",
    "Stratification1": "Non-Hispanic White",
    "StratificationId1": "RACEWHT",
    "LocationDisplayOrder": 38
  },
  {
    "ID": 17834,
    "Description": 2015,
    "LocationAbbr": "OH",
    "LocationDesc": "Ohio",
    "DataSource": "BRFSS",
    "Topic": "Obesity / Weight Status",
    "Data_Value": 29.7,
    "Sample_Size": "9,643",
    "Stratification1": "Non-Hispanic White",
    "StratificationId1": "RACEWHT",
    "LocationDisplayOrder": 39
  },
  {
    "ID": 4536,
    "Description": 2015,
    "LocationAbbr": "OK",
    "LocationDesc": "Oklahoma",
    "DataSource": "BRFSS",
    "Topic": "Obesity / Weight Status",
    "Data_Value": 32.9,
    "Sample_Size": "5,029",
    "Stratification1": "Non-Hispanic White",
    "StratificationId1": "RACEWHT",
    "LocationDisplayOrder": 40
  },
  {
    "ID": 39399,
    "Description": 2015,
    "LocationAbbr": "OR",
    "LocationDesc": "Oregon",
    "DataSource": "BRFSS",
    "Topic": "Obesity / Weight Status",
    "Data_Value": 30,
    "Sample_Size": "4,144",
    "Stratification1": "Non-Hispanic White",
    "StratificationId1": "RACEWHT",
    "LocationDisplayOrder": 41
  },
  {
    "ID": 34943,
    "Description": 2015,
    "LocationAbbr": "PA",
    "LocationDesc": "Pennsylvania",
    "DataSource": "BRFSS",
    "Topic": "Obesity / Weight Status",
    "Data_Value": 29.2,
    "Sample_Size": "4,489",
    "Stratification1": "Non-Hispanic White",
    "StratificationId1": "RACEWHT",
    "LocationDisplayOrder": 42
  },
  {
    "ID": 21594,
    "Description": 2015,
    "LocationAbbr": "RI",
    "LocationDesc": "Rhode Island",
    "DataSource": "BRFSS",
    "Topic": "Obesity / Weight Status",
    "Data_Value": 25.6,
    "Sample_Size": "4,768",
    "Stratification1": "Non-Hispanic White",
    "StratificationId1": "RACEWHT",
    "LocationDisplayOrder": 44
  },
  {
    "ID": 30045,
    "Description": 2015,
    "LocationAbbr": "SC",
    "LocationDesc": "South Carolina",
    "DataSource": "BRFSS",
    "Topic": "Obesity / Weight Status",
    "Data_Value": 28.6,
    "Sample_Size": "7,459",
    "Stratification1": "Non-Hispanic White",
    "StratificationId1": "RACEWHT",
    "LocationDisplayOrder": 45
  },
  {
    "ID": 7204,
    "Description": 2015,
    "LocationAbbr": "SD",
    "LocationDesc": "South Dakota",
    "DataSource": "BRFSS",
    "Topic": "Obesity / Weight Status",
    "Data_Value": 30.1,
    "Sample_Size": "5,718",
    "Stratification1": "Non-Hispanic White",
    "StratificationId1": "RACEWHT",
    "LocationDisplayOrder": 46
  },
  {
    "ID": 36910,
    "Description": 2015,
    "LocationAbbr": "TN",
    "LocationDesc": "Tennessee",
    "DataSource": "BRFSS",
    "Topic": "Obesity / Weight Status",
    "Data_Value": 31.9,
    "Sample_Size": "4,471",
    "Stratification1": "Non-Hispanic White",
    "StratificationId1": "RACEWHT",
    "LocationDisplayOrder": 47
  },
  {
    "ID": 26484,
    "Description": 2015,
    "LocationAbbr": "TX",
    "LocationDesc": "Texas",
    "DataSource": "BRFSS",
    "Topic": "Obesity / Weight Status",
    "Data_Value": 28.8,
    "Sample_Size": "8,116",
    "Stratification1": "Non-Hispanic White",
    "StratificationId1": "RACEWHT",
    "LocationDisplayOrder": 48
  },
  {
    "ID": 25609,
    "Description": 2015,
    "LocationAbbr": "UT",
    "LocationDesc": "Utah",
    "DataSource": "BRFSS",
    "Topic": "Obesity / Weight Status",
    "Data_Value": 24.1,
    "Sample_Size": "9,126",
    "Stratification1": "Non-Hispanic White",
    "StratificationId1": "RACEWHT",
    "LocationDisplayOrder": 49
  },
  {
    "ID": 9866,
    "Description": 2015,
    "LocationAbbr": "VT",
    "LocationDesc": "Vermont",
    "DataSource": "BRFSS",
    "Topic": "Obesity / Weight Status",
    "Data_Value": 25.2,
    "Sample_Size": "5,620",
    "Stratification1": "Non-Hispanic White",
    "StratificationId1": "RACEWHT",
    "LocationDisplayOrder": 50
  },
  {
    "ID": 24015,
    "Description": 2015,
    "LocationAbbr": "VA",
    "LocationDesc": "Virginia",
    "DataSource": "BRFSS",
    "Topic": "Obesity / Weight Status",
    "Data_Value": 27.8,
    "Sample_Size": "6,016",
    "Stratification1": "Non-Hispanic White",
    "StratificationId1": "RACEWHT",
    "LocationDisplayOrder": 51
  },
  {
    "ID": 25649,
    "Description": 2015,
    "LocationAbbr": "WA",
    "LocationDesc": "Washington",
    "DataSource": "BRFSS",
    "Topic": "Obesity / Weight Status",
    "Data_Value": 27.4,
    "Sample_Size": "12,338",
    "Stratification1": "Non-Hispanic White",
    "StratificationId1": "RACEWHT",
    "LocationDisplayOrder": 53
  },
  {
    "ID": 6665,
    "Description": 2015,
    "LocationAbbr": "WV",
    "LocationDesc": "West Virginia",
    "DataSource": "BRFSS",
    "Topic": "Obesity / Weight Status",
    "Data_Value": 35.4,
    "Sample_Size": "5,097",
    "Stratification1": "Non-Hispanic White",
    "StratificationId1": "RACEWHT",
    "LocationDisplayOrder": 54
  },
  {
    "ID": 15155,
    "Description": 2015,
    "LocationAbbr": "WI",
    "LocationDesc": "Wisconsin",
    "DataSource": "BRFSS",
    "Topic": "Obesity / Weight Status",
    "Data_Value": 30.2,
    "Sample_Size": "5,020",
    "Stratification1": "Non-Hispanic White",
    "StratificationId1": "RACEWHT",
    "LocationDisplayOrder": 55
  },
  {
    "ID": 6435,
    "Description": 2015,
    "LocationAbbr": "WY",
    "LocationDesc": "Wyoming",
    "DataSource": "BRFSS",
    "Topic": "Obesity / Weight Status",
    "Data_Value": 28,
    "Sample_Size": "4,536",
    "Stratification1": "Non-Hispanic White",
    "StratificationId1": "RACEWHT",
    "LocationDisplayOrder": 56
  },
  {
    "ID": 1019,
    "Description": 2015,
    "LocationAbbr": "GU",
    "LocationDesc": "Guam",
    "DataSource": "BRFSS",
    "Topic": "Obesity / Weight Status",
    "Data_Value": 29.3,
    "Sample_Size": 143,
    "Stratification1": "Non-Hispanic White",
    "StratificationId1": "RACEWHT",
    "LocationDisplayOrder": 66
  },
  {
    "ID": 950,
    "Description": 2015,
    "LocationAbbr": "PR",
    "LocationDesc": "Puerto Rico",
    "DataSource": "BRFSS",
    "Topic": "Obesity / Weight Status",
    "Data_Value": "~",
    "Sample_Size": "~",
    "Stratification1": "Non-Hispanic White",
    "StratificationId1": "RACEWHT",
    "LocationDisplayOrder": 72
  },
  {
    "ID": "",
    "Description": "",
    "LocationAbbr": "",
    "LocationDesc": "",
    "DataSource": "",
    "Topic": "",
    "Data_Value": "",
    "Sample_Size": "",
    "Stratification1": "",
    "StratificationId1": "",
    "LocationDisplayOrder": ""
  },
  {
    "ID": "",
    "Description": "",
    "LocationAbbr": "",
    "LocationDesc": "",
    "DataSource": "",
    "Topic": "",
    "Data_Value": "",
    "Sample_Size": "",
    "Stratification1": "",
    "StratificationId1": "",
    "LocationDisplayOrder": ""
  },
  {
    "ID": "",
    "Description": "",
    "LocationAbbr": "",
    "LocationDesc": "",
    "DataSource": "",
    "Topic": "",
    "Data_Value": "",
    "Sample_Size": "",
    "Stratification1": "",
    "StratificationId1": "",
    "LocationDisplayOrder": ""
  },
  {
    "ID": "",
    "Description": "",
    "LocationAbbr": "",
    "LocationDesc": "",
    "DataSource": "",
    "Topic": "",
    "Data_Value": "",
    "Sample_Size": "",
    "Stratification1": "",
    "StratificationId1": "",
    "LocationDisplayOrder": ""
  },
  {
    "ID": "",
    "Description": "",
    "LocationAbbr": "",
    "LocationDesc": "",
    "DataSource": "",
    "Topic": "",
    "Data_Value": "",
    "Sample_Size": "",
    "Stratification1": "",
    "StratificationId1": "",
    "LocationDisplayOrder": ""
  },
  {
    "ID": "",
    "Description": "",
    "LocationAbbr": "",
    "LocationDesc": "",
    "DataSource": "",
    "Topic": "",
    "Data_Value": "",
    "Sample_Size": "",
    "Stratification1": "",
    "StratificationId1": "",
    "LocationDisplayOrder": ""
  },
  {
    "ID": "",
    "Description": "",
    "LocationAbbr": "",
    "LocationDesc": "",
    "DataSource": "",
    "Topic": "",
    "Data_Value": "",
    "Sample_Size": "",
    "Stratification1": "",
    "StratificationId1": "",
    "LocationDisplayOrder": ""
  },
  {
    "ID": "",
    "Description": "",
    "LocationAbbr": "",
    "LocationDesc": "",
    "DataSource": "",
    "Topic": "",
    "Data_Value": "",
    "Sample_Size": "",
    "Stratification1": "",
    "StratificationId1": "",
    "LocationDisplayOrder": ""
  },
  {
    "ID": "",
    "Description": "",
    "LocationAbbr": "",
    "LocationDesc": "",
    "DataSource": "",
    "Topic": "",
    "Data_Value": "",
    "Sample_Size": "",
    "Stratification1": "",
    "StratificationId1": "",
    "LocationDisplayOrder": ""
  },
  {
    "ID": "",
    "Description": "",
    "LocationAbbr": "",
    "LocationDesc": "",
    "DataSource": "",
    "Topic": "",
    "Data_Value": "",
    "Sample_Size": "",
    "Stratification1": "",
    "StratificationId1": "",
    "LocationDisplayOrder": ""
  }
]