[
  {
    "ID": 974,
    "Description": 2015,
    "LocationAbbr": "US",
    "LocationDesc": "National",
    "DataSource": "BRFSS",
    "Topic": "Obesity / Weight Status",
    "Data_Value": 28.6,
    "Sample_Size": "221,909",
    "Stratification1": "Female",
    "StratificationId1": "FEMALE",
    "LocationDisplayOrder": 0
  },
  {
    "ID": 19808,
    "Description": 2015,
    "LocationAbbr": "AL",
    "LocationDesc": "Alabama",
    "DataSource": "BRFSS",
    "Topic": "Obesity / Weight Status",
    "Data_Value": 36.4,
    "Sample_Size": "4,425",
    "Stratification1": "Female",
    "StratificationId1": "FEMALE",
    "LocationDisplayOrder": 1
  },
  {
    "ID": 18775,
    "Description": 2015,
    "LocationAbbr": "AK",
    "LocationDesc": "Alaska",
    "DataSource": "BRFSS",
    "Topic": "Obesity / Weight Status",
    "Data_Value": 30.5,
    "Sample_Size": "1,792",
    "Stratification1": "Female",
    "StratificationId1": "FEMALE",
    "LocationDisplayOrder": 2
  },
  {
    "ID": 16287,
    "Description": 2015,
    "LocationAbbr": "AZ",
    "LocationDesc": "Arizona",
    "DataSource": "BRFSS",
    "Topic": "Obesity / Weight Status",
    "Data_Value": 27.1,
    "Sample_Size": "4,083",
    "Stratification1": "Female",
    "StratificationId1": "FEMALE",
    "LocationDisplayOrder": 4
  },
  {
    "ID": 30039,
    "Description": 2015,
    "LocationAbbr": "AR",
    "LocationDesc": "Arkansas",
    "DataSource": "BRFSS",
    "Topic": "Obesity / Weight Status",
    "Data_Value": 33.9,
    "Sample_Size": "2,974",
    "Stratification1": "Female",
    "StratificationId1": "FEMALE",
    "LocationDisplayOrder": 5
  },
  {
    "ID": 10825,
    "Description": 2015,
    "LocationAbbr": "CA",
    "LocationDesc": "California",
    "DataSource": "BRFSS",
    "Topic": "Obesity / Weight Status",
    "Data_Value": 23.7,
    "Sample_Size": "5,718",
    "Stratification1": "Female",
    "StratificationId1": "FEMALE",
    "LocationDisplayOrder": 6
  },
  {
    "ID": 2692,
    "Description": 2015,
    "LocationAbbr": "CO",
    "LocationDesc": "Colorado",
    "DataSource": "BRFSS",
    "Topic": "Obesity / Weight Status",
    "Data_Value": 20.2,
    "Sample_Size": "6,562",
    "Stratification1": "Female",
    "StratificationId1": "FEMALE",
    "LocationDisplayOrder": 8
  },
  {
    "ID": 25434,
    "Description": 2015,
    "LocationAbbr": "CT",
    "LocationDesc": "Connecticut",
    "DataSource": "BRFSS",
    "Topic": "Obesity / Weight Status",
    "Data_Value": 23.9,
    "Sample_Size": "6,065",
    "Stratification1": "Female",
    "StratificationId1": "FEMALE",
    "LocationDisplayOrder": 9
  },
  {
    "ID": 12175,
    "Description": 2015,
    "LocationAbbr": "DE",
    "LocationDesc": "Delaware",
    "DataSource": "BRFSS",
    "Topic": "Obesity / Weight Status",
    "Data_Value": 31.2,
    "Sample_Size": "2,012",
    "Stratification1": "Female",
    "StratificationId1": "FEMALE",
    "LocationDisplayOrder": 10
  },
  {
    "ID": 29383,
    "Description": 2015,
    "LocationAbbr": "DC",
    "LocationDesc": "District of Columbia",
    "DataSource": "BRFSS",
    "Topic": "Obesity / Weight Status",
    "Data_Value": 26.4,
    "Sample_Size": "2,169",
    "Stratification1": "Female",
    "StratificationId1": "FEMALE",
    "LocationDisplayOrder": 11
  },
  {
    "ID": 33804,
    "Description": 2015,
    "LocationAbbr": "FL",
    "LocationDesc": "Florida",
    "DataSource": "BRFSS",
    "Topic": "Obesity / Weight Status",
    "Data_Value": 25.9,
    "Sample_Size": "5,090",
    "Stratification1": "Female",
    "StratificationId1": "FEMALE",
    "LocationDisplayOrder": 12
  },
  {
    "ID": 25253,
    "Description": 2015,
    "LocationAbbr": "GA",
    "LocationDesc": "Georgia",
    "DataSource": "BRFSS",
    "Topic": "Obesity / Weight Status",
    "Data_Value": 32.3,
    "Sample_Size": "2,517",
    "Stratification1": "Female",
    "StratificationId1": "FEMALE",
    "LocationDisplayOrder": 13
  },
  {
    "ID": 9943,
    "Description": 2015,
    "LocationAbbr": "HI",
    "LocationDesc": "Hawaii",
    "DataSource": "BRFSS",
    "Topic": "Obesity / Weight Status",
    "Data_Value": 19.7,
    "Sample_Size": "3,533",
    "Stratification1": "Female",
    "StratificationId1": "FEMALE",
    "LocationDisplayOrder": 15
  },
  {
    "ID": 3350,
    "Description": 2015,
    "LocationAbbr": "ID",
    "LocationDesc": "Idaho",
    "DataSource": "BRFSS",
    "Topic": "Obesity / Weight Status",
    "Data_Value": 27.3,
    "Sample_Size": "2,938",
    "Stratification1": "Female",
    "StratificationId1": "FEMALE",
    "LocationDisplayOrder": 16
  },
  {
    "ID": 28776,
    "Description": 2015,
    "LocationAbbr": "IL",
    "LocationDesc": "Illinois",
    "DataSource": "BRFSS",
    "Topic": "Obesity / Weight Status",
    "Data_Value": 31.9,
    "Sample_Size": "2,815",
    "Stratification1": "Female",
    "StratificationId1": "FEMALE",
    "LocationDisplayOrder": 17
  },
  {
    "ID": 20325,
    "Description": 2015,
    "LocationAbbr": "IN",
    "LocationDesc": "Indiana",
    "DataSource": "BRFSS",
    "Topic": "Obesity / Weight Status",
    "Data_Value": 30.7,
    "Sample_Size": "3,153",
    "Stratification1": "Female",
    "StratificationId1": "FEMALE",
    "LocationDisplayOrder": 18
  },
  {
    "ID": 1893,
    "Description": 2015,
    "LocationAbbr": "IA",
    "LocationDesc": "Iowa",
    "DataSource": "BRFSS",
    "Topic": "Obesity / Weight Status",
    "Data_Value": 29.3,
    "Sample_Size": "3,025",
    "Stratification1": "Female",
    "StratificationId1": "FEMALE",
    "LocationDisplayOrder": 19
  },
  {
    "ID": 16064,
    "Description": 2015,
    "LocationAbbr": "KS",
    "LocationDesc": "Kansas",
    "DataSource": "BRFSS",
    "Topic": "Obesity / Weight Status",
    "Data_Value": 33.3,
    "Sample_Size": "11,261",
    "Stratification1": "Female",
    "StratificationId1": "FEMALE",
    "LocationDisplayOrder": 20
  },
  {
    "ID": 15670,
    "Description": 2015,
    "LocationAbbr": "KY",
    "LocationDesc": "Kentucky",
    "DataSource": "BRFSS",
    "Topic": "Obesity / Weight Status",
    "Data_Value": 32.9,
    "Sample_Size": "4,952",
    "Stratification1": "Female",
    "StratificationId1": "FEMALE",
    "LocationDisplayOrder": 21
  },
  {
    "ID": 38549,
    "Description": 2015,
    "LocationAbbr": "LA",
    "LocationDesc": "Louisiana",
    "DataSource": "BRFSS",
    "Topic": "Obesity / Weight Status",
    "Data_Value": 36.5,
    "Sample_Size": "2,589",
    "Stratification1": "Female",
    "StratificationId1": "FEMALE",
    "LocationDisplayOrder": 22
  },
  {
    "ID": 27302,
    "Description": 2015,
    "LocationAbbr": "ME",
    "LocationDesc": "Maine",
    "DataSource": "BRFSS",
    "Topic": "Obesity / Weight Status",
    "Data_Value": 30.9,
    "Sample_Size": "4,937",
    "Stratification1": "Female",
    "StratificationId1": "FEMALE",
    "LocationDisplayOrder": 23
  },
  {
    "ID": 5425,
    "Description": 2015,
    "LocationAbbr": "MD",
    "LocationDesc": "Maryland",
    "DataSource": "BRFSS",
    "Topic": "Obesity / Weight Status",
    "Data_Value": 29.8,
    "Sample_Size": "6,696",
    "Stratification1": "Female",
    "StratificationId1": "FEMALE",
    "LocationDisplayOrder": 24
  },
  {
    "ID": 23844,
    "Description": 2015,
    "LocationAbbr": "MA",
    "LocationDesc": "Massachusetts",
    "DataSource": "BRFSS",
    "Topic": "Obesity / Weight Status",
    "Data_Value": 23,
    "Sample_Size": "4,388",
    "Stratification1": "Female",
    "StratificationId1": "FEMALE",
    "LocationDisplayOrder": 25
  },
  {
    "ID": 29310,
    "Description": 2015,
    "LocationAbbr": "MI",
    "LocationDesc": "Michigan",
    "DataSource": "BRFSS",
    "Topic": "Obesity / Weight Status",
    "Data_Value": 30.6,
    "Sample_Size": "4,602",
    "Stratification1": "Female",
    "StratificationId1": "FEMALE",
    "LocationDisplayOrder": 26
  },
  {
    "ID": 31419,
    "Description": 2015,
    "LocationAbbr": "MN",
    "LocationDesc": "Minnesota",
    "DataSource": "BRFSS",
    "Topic": "Obesity / Weight Status",
    "Data_Value": 24.3,
    "Sample_Size": "8,083",
    "Stratification1": "Female",
    "StratificationId1": "FEMALE",
    "LocationDisplayOrder": 27
  },
  {
    "ID": 5726,
    "Description": 2015,
    "LocationAbbr": "MS",
    "LocationDesc": "Mississippi",
    "DataSource": "BRFSS",
    "Topic": "Obesity / Weight Status",
    "Data_Value": 37.2,
    "Sample_Size": "3,612",
    "Stratification1": "Female",
    "StratificationId1": "FEMALE",
    "LocationDisplayOrder": 28
  },
  {
    "ID": 13285,
    "Description": 2015,
    "LocationAbbr": "MO",
    "LocationDesc": "Missouri",
    "DataSource": "BRFSS",
    "Topic": "Obesity / Weight Status",
    "Data_Value": 31.2,
    "Sample_Size": "3,814",
    "Stratification1": "Female",
    "StratificationId1": "FEMALE",
    "LocationDisplayOrder": 29
  },
  {
    "ID": 31732,
    "Description": 2015,
    "LocationAbbr": "MT",
    "LocationDesc": "Montana",
    "DataSource": "BRFSS",
    "Topic": "Obesity / Weight Status",
    "Data_Value": 23.4,
    "Sample_Size": "2,961",
    "Stratification1": "Female",
    "StratificationId1": "FEMALE",
    "LocationDisplayOrder": 30
  },
  {
    "ID": 13521,
    "Description": 2015,
    "LocationAbbr": "NE",
    "LocationDesc": "Nebraska",
    "DataSource": "BRFSS",
    "Topic": "Obesity / Weight Status",
    "Data_Value": 29.8,
    "Sample_Size": "8,942",
    "Stratification1": "Female",
    "StratificationId1": "FEMALE",
    "LocationDisplayOrder": 31
  },
  {
    "ID": 10750,
    "Description": 2015,
    "LocationAbbr": "NV",
    "LocationDesc": "Nevada",
    "DataSource": "BRFSS",
    "Topic": "Obesity / Weight Status",
    "Data_Value": 25.4,
    "Sample_Size": "1,538",
    "Stratification1": "Female",
    "StratificationId1": "FEMALE",
    "LocationDisplayOrder": 32
  },
  {
    "ID": 29365,
    "Description": 2015,
    "LocationAbbr": "NH",
    "LocationDesc": "New Hampshire",
    "DataSource": "BRFSS",
    "Topic": "Obesity / Weight Status",
    "Data_Value": 24.6,
    "Sample_Size": "3,604",
    "Stratification1": "Female",
    "StratificationId1": "FEMALE",
    "LocationDisplayOrder": 33
  },
  {
    "ID": 34013,
    "Description": 2015,
    "LocationAbbr": "NJ",
    "LocationDesc": "New Jersey",
    "DataSource": "BRFSS",
    "Topic": "Obesity / Weight Status",
    "Data_Value": 23.7,
    "Sample_Size": "5,782",
    "Stratification1": "Female",
    "StratificationId1": "FEMALE",
    "LocationDisplayOrder": 34
  },
  {
    "ID": 34405,
    "Description": 2015,
    "LocationAbbr": "NM",
    "LocationDesc": "New Mexico",
    "DataSource": "BRFSS",
    "Topic": "Obesity / Weight Status",
    "Data_Value": 28.5,
    "Sample_Size": "3,493",
    "Stratification1": "Female",
    "StratificationId1": "FEMALE",
    "LocationDisplayOrder": 35
  },
  {
    "ID": 6399,
    "Description": 2015,
    "LocationAbbr": "NY",
    "LocationDesc": "New York",
    "DataSource": "BRFSS",
    "Topic": "Obesity / Weight Status",
    "Data_Value": 24.3,
    "Sample_Size": "6,364",
    "Stratification1": "Female",
    "StratificationId1": "FEMALE",
    "LocationDisplayOrder": 36
  },
  {
    "ID": 25526,
    "Description": 2015,
    "LocationAbbr": "NC",
    "LocationDesc": "North Carolina",
    "DataSource": "BRFSS",
    "Topic": "Obesity / Weight Status",
    "Data_Value": 31.3,
    "Sample_Size": "3,310",
    "Stratification1": "Female",
    "StratificationId1": "FEMALE",
    "LocationDisplayOrder": 37
  },
  {
    "ID": 25015,
    "Description": 2015,
    "LocationAbbr": "ND",
    "LocationDesc": "North Dakota",
    "DataSource": "BRFSS",
    "Topic": "Obesity / Weight Status",
    "Data_Value": 27.1,
    "Sample_Size": "2,446",
    "Stratification1": "Female",
    "StratificationId1": "FEMALE",
    "LocationDisplayOrder": 38
  },
  {
    "ID": 27640,
    "Description": 2015,
    "LocationAbbr": "OH",
    "LocationDesc": "Ohio",
    "DataSource": "BRFSS",
    "Topic": "Obesity / Weight Status",
    "Data_Value": 28.4,
    "Sample_Size": "6,327",
    "Stratification1": "Female",
    "StratificationId1": "FEMALE",
    "LocationDisplayOrder": 39
  },
  {
    "ID": 12014,
    "Description": 2015,
    "LocationAbbr": "OK",
    "LocationDesc": "Oklahoma",
    "DataSource": "BRFSS",
    "Topic": "Obesity / Weight Status",
    "Data_Value": 34,
    "Sample_Size": "3,847",
    "Stratification1": "Female",
    "StratificationId1": "FEMALE",
    "LocationDisplayOrder": 40
  },
  {
    "ID": 8219,
    "Description": 2015,
    "LocationAbbr": "OR",
    "LocationDesc": "Oregon",
    "DataSource": "BRFSS",
    "Topic": "Obesity / Weight Status",
    "Data_Value": 28.9,
    "Sample_Size": "2,643",
    "Stratification1": "Female",
    "StratificationId1": "FEMALE",
    "LocationDisplayOrder": 41
  },
  {
    "ID": 15696,
    "Description": 2015,
    "LocationAbbr": "PA",
    "LocationDesc": "Pennsylvania",
    "DataSource": "BRFSS",
    "Topic": "Obesity / Weight Status",
    "Data_Value": 30.1,
    "Sample_Size": "2,885",
    "Stratification1": "Female",
    "StratificationId1": "FEMALE",
    "LocationDisplayOrder": 42
  },
  {
    "ID": 6398,
    "Description": 2015,
    "LocationAbbr": "RI",
    "LocationDesc": "Rhode Island",
    "DataSource": "BRFSS",
    "Topic": "Obesity / Weight Status",
    "Data_Value": 24.1,
    "Sample_Size": "3,234",
    "Stratification1": "Female",
    "StratificationId1": "FEMALE",
    "LocationDisplayOrder": 44
  },
  {
    "ID": 21798,
    "Description": 2015,
    "LocationAbbr": "SC",
    "LocationDesc": "South Carolina",
    "DataSource": "BRFSS",
    "Topic": "Obesity / Weight Status",
    "Data_Value": 33.1,
    "Sample_Size": "6,129",
    "Stratification1": "Female",
    "StratificationId1": "FEMALE",
    "LocationDisplayOrder": 45
  },
  {
    "ID": 23704,
    "Description": 2015,
    "LocationAbbr": "SD",
    "LocationDesc": "South Dakota",
    "DataSource": "BRFSS",
    "Topic": "Obesity / Weight Status",
    "Data_Value": 28.5,
    "Sample_Size": "3,782",
    "Stratification1": "Female",
    "StratificationId1": "FEMALE",
    "LocationDisplayOrder": 46
  },
  {
    "ID": 19108,
    "Description": 2015,
    "LocationAbbr": "TN",
    "LocationDesc": "Tennessee",
    "DataSource": "BRFSS",
    "Topic": "Obesity / Weight Status",
    "Data_Value": 34.5,
    "Sample_Size": "3,241",
    "Stratification1": "Female",
    "StratificationId1": "FEMALE",
    "LocationDisplayOrder": 47
  },
  {
    "ID": 4386,
    "Description": 2015,
    "LocationAbbr": "TX",
    "LocationDesc": "Texas",
    "DataSource": "BRFSS",
    "Topic": "Obesity / Weight Status",
    "Data_Value": 33.1,
    "Sample_Size": "7,707",
    "Stratification1": "Female",
    "StratificationId1": "FEMALE",
    "LocationDisplayOrder": 48
  },
  {
    "ID": 23137,
    "Description": 2015,
    "LocationAbbr": "UT",
    "LocationDesc": "Utah",
    "DataSource": "BRFSS",
    "Topic": "Obesity / Weight Status",
    "Data_Value": 24,
    "Sample_Size": "5,359",
    "Stratification1": "Female",
    "StratificationId1": "FEMALE",
    "LocationDisplayOrder": 49
  },
  {
    "ID": 12688,
    "Description": 2015,
    "LocationAbbr": "VT",
    "LocationDesc": "Vermont",
    "DataSource": "BRFSS",
    "Topic": "Obesity / Weight Status",
    "Data_Value": 25.6,
    "Sample_Size": "3,228",
    "Stratification1": "Female",
    "StratificationId1": "FEMALE",
    "LocationDisplayOrder": 50
  },
  {
    "ID": 39167,
    "Description": 2015,
    "LocationAbbr": "VA",
    "LocationDesc": "Virginia",
    "DataSource": "BRFSS",
    "Topic": "Obesity / Weight Status",
    "Data_Value": 29.7,
    "Sample_Size": "4,523",
    "Stratification1": "Female",
    "StratificationId1": "FEMALE",
    "LocationDisplayOrder": 51
  },
  {
    "ID": 23187,
    "Description": 2015,
    "LocationAbbr": "WA",
    "LocationDesc": "Washington",
    "DataSource": "BRFSS",
    "Topic": "Obesity / Weight Status",
    "Data_Value": 25.9,
    "Sample_Size": "7,942",
    "Stratification1": "Female",
    "StratificationId1": "FEMALE",
    "LocationDisplayOrder": 53
  },
  {
    "ID": 24928,
    "Description": 2015,
    "LocationAbbr": "WV",
    "LocationDesc": "West Virginia",
    "DataSource": "BRFSS",
    "Topic": "Obesity / Weight Status",
    "Data_Value": 33.8,
    "Sample_Size": "2,903",
    "Stratification1": "Female",
    "StratificationId1": "FEMALE",
    "LocationDisplayOrder": 54
  },
  {
    "ID": 11177,
    "Description": 2015,
    "LocationAbbr": "WI",
    "LocationDesc": "Wisconsin",
    "DataSource": "BRFSS",
    "Topic": "Obesity / Weight Status",
    "Data_Value": 30.1,
    "Sample_Size": "3,107",
    "Stratification1": "Female",
    "StratificationId1": "FEMALE",
    "LocationDisplayOrder": 55
  },
  {
    "ID": 14783,
    "Description": 2015,
    "LocationAbbr": "WY",
    "LocationDesc": "Wyoming",
    "DataSource": "BRFSS",
    "Topic": "Obesity / Weight Status",
    "Data_Value": 27.8,
    "Sample_Size": "2,807",
    "Stratification1": "Female",
    "StratificationId1": "FEMALE",
    "LocationDisplayOrder": 56
  },
  {
    "ID": 1061,
    "Description": 2015,
    "LocationAbbr": "GU",
    "LocationDesc": "Guam",
    "DataSource": "BRFSS",
    "Topic": "Obesity / Weight Status",
    "Data_Value": 29.6,
    "Sample_Size": 827,
    "Stratification1": "Female",
    "StratificationId1": "FEMALE",
    "LocationDisplayOrder": 66
  },
  {
    "ID": 1048,
    "Description": 2015,
    "LocationAbbr": "PR",
    "LocationDesc": "Puerto Rico",
    "DataSource": "BRFSS",
    "Topic": "Obesity / Weight Status",
    "Data_Value": 31.1,
    "Sample_Size": "3,240",
    "Stratification1": "Female",
    "StratificationId1": "FEMALE",
    "LocationDisplayOrder": 72
  },
  {
    "ID": "",
    "Description": "",
    "LocationAbbr": "",
    "LocationDesc": "",
    "DataSource": "",
    "Topic": "",
    "Data_Value": "",
    "Sample_Size": "",
    "Stratification1": "",
    "StratificationId1": "",
    "LocationDisplayOrder": ""
  },
  {
    "ID": "",
    "Description": "",
    "LocationAbbr": "",
    "LocationDesc": "",
    "DataSource": "",
    "Topic": "",
    "Data_Value": "",
    "Sample_Size": "",
    "Stratification1": "",
    "StratificationId1": "",
    "LocationDisplayOrder": ""
  },
  {
    "ID": "",
    "Description": "",
    "LocationAbbr": "",
    "LocationDesc": "",
    "DataSource": "",
    "Topic": "",
    "Data_Value": "",
    "Sample_Size": "",
    "Stratification1": "",
    "StratificationId1": "",
    "LocationDisplayOrder": ""
  },
  {
    "ID": "",
    "Description": "",
    "LocationAbbr": "",
    "LocationDesc": "",
    "DataSource": "",
    "Topic": "",
    "Data_Value": "",
    "Sample_Size": "",
    "Stratification1": "",
    "StratificationId1": "",
    "LocationDisplayOrder": ""
  },
  {
    "ID": "",
    "Description": "",
    "LocationAbbr": "",
    "LocationDesc": "",
    "DataSource": "",
    "Topic": "",
    "Data_Value": "",
    "Sample_Size": "",
    "Stratification1": "",
    "StratificationId1": "",
    "LocationDisplayOrder": ""
  },
  {
    "ID": "",
    "Description": "",
    "LocationAbbr": "",
    "LocationDesc": "",
    "DataSource": "",
    "Topic": "",
    "Data_Value": "",
    "Sample_Size": "",
    "Stratification1": "",
    "StratificationId1": "",
    "LocationDisplayOrder": ""
  },
  {
    "ID": "",
    "Description": "",
    "LocationAbbr": "",
    "LocationDesc": "",
    "DataSource": "",
    "Topic": "",
    "Data_Value": "",
    "Sample_Size": "",
    "Stratification1": "",
    "StratificationId1": "",
    "LocationDisplayOrder": ""
  },
  {
    "ID": "",
    "Description": "",
    "LocationAbbr": "",
    "LocationDesc": "",
    "DataSource": "",
    "Topic": "",
    "Data_Value": "",
    "Sample_Size": "",
    "Stratification1": "",
    "StratificationId1": "",
    "LocationDisplayOrder": ""
  },
  {
    "ID": "",
    "Description": "",
    "LocationAbbr": "",
    "LocationDesc": "",
    "DataSource": "",
    "Topic": "",
    "Data_Value": "",
    "Sample_Size": "",
    "Stratification1": "",
    "StratificationId1": "",
    "LocationDisplayOrder": ""
  }
]