[
  {
    "ID": 908,
    "Description": 2015,
    "LocationAbbr": "US",
    "LocationDesc": "National",
    "DataSource": "BRFSS",
    "Topic": "Obesity / Weight Status",
    "Data_Value": 30.6,
    "Sample_Size": "48,843",
    "Stratification1": "$35,000 - $49,999",
    "StratificationId1": "INC3550",
    "LocationDisplayOrder": 0
  },
  {
    "ID": 24767,
    "Description": 2015,
    "LocationAbbr": "AL",
    "LocationDesc": "Alabama",
    "DataSource": "BRFSS",
    "Topic": "Obesity / Weight Status",
    "Data_Value": 36.5,
    "Sample_Size": 843,
    "Stratification1": "$35,000 - $49,999",
    "StratificationId1": "INC3550",
    "LocationDisplayOrder": 1
  },
  {
    "ID": 8753,
    "Description": 2015,
    "LocationAbbr": "AK",
    "LocationDesc": "Alaska",
    "DataSource": "BRFSS",
    "Topic": "Obesity / Weight Status",
    "Data_Value": 31.7,
    "Sample_Size": 368,
    "Stratification1": "$35,000 - $49,999",
    "StratificationId1": "INC3550",
    "LocationDisplayOrder": 2
  },
  {
    "ID": 25727,
    "Description": 2015,
    "LocationAbbr": "AZ",
    "LocationDesc": "Arizona",
    "DataSource": "BRFSS",
    "Topic": "Obesity / Weight Status",
    "Data_Value": 28.4,
    "Sample_Size": 910,
    "Stratification1": "$35,000 - $49,999",
    "StratificationId1": "INC3550",
    "LocationDisplayOrder": 4
  },
  {
    "ID": 5617,
    "Description": 2015,
    "LocationAbbr": "AR",
    "LocationDesc": "Arkansas",
    "DataSource": "BRFSS",
    "Topic": "Obesity / Weight Status",
    "Data_Value": 37.3,
    "Sample_Size": 605,
    "Stratification1": "$35,000 - $49,999",
    "StratificationId1": "INC3550",
    "LocationDisplayOrder": 5
  },
  {
    "ID": 22616,
    "Description": 2015,
    "LocationAbbr": "CA",
    "LocationDesc": "California",
    "DataSource": "BRFSS",
    "Topic": "Obesity / Weight Status",
    "Data_Value": 27.4,
    "Sample_Size": "1,158",
    "Stratification1": "$35,000 - $49,999",
    "StratificationId1": "INC3550",
    "LocationDisplayOrder": 6
  },
  {
    "ID": 25576,
    "Description": 2015,
    "LocationAbbr": "CO",
    "LocationDesc": "Colorado",
    "DataSource": "BRFSS",
    "Topic": "Obesity / Weight Status",
    "Data_Value": 21.5,
    "Sample_Size": "1,542",
    "Stratification1": "$35,000 - $49,999",
    "StratificationId1": "INC3550",
    "LocationDisplayOrder": 8
  },
  {
    "ID": 15329,
    "Description": 2015,
    "LocationAbbr": "CT",
    "LocationDesc": "Connecticut",
    "DataSource": "BRFSS",
    "Topic": "Obesity / Weight Status",
    "Data_Value": 27.7,
    "Sample_Size": "1,026",
    "Stratification1": "$35,000 - $49,999",
    "StratificationId1": "INC3550",
    "LocationDisplayOrder": 9
  },
  {
    "ID": 31315,
    "Description": 2015,
    "LocationAbbr": "DE",
    "LocationDesc": "Delaware",
    "DataSource": "BRFSS",
    "Topic": "Obesity / Weight Status",
    "Data_Value": 31.1,
    "Sample_Size": 439,
    "Stratification1": "$35,000 - $49,999",
    "StratificationId1": "INC3550",
    "LocationDisplayOrder": 10
  },
  {
    "ID": 13275,
    "Description": 2015,
    "LocationAbbr": "DC",
    "LocationDesc": "District of Columbia",
    "DataSource": "BRFSS",
    "Topic": "Obesity / Weight Status",
    "Data_Value": 27.8,
    "Sample_Size": 283,
    "Stratification1": "$35,000 - $49,999",
    "StratificationId1": "INC3550",
    "LocationDisplayOrder": 11
  },
  {
    "ID": 34471,
    "Description": 2015,
    "LocationAbbr": "FL",
    "LocationDesc": "Florida",
    "DataSource": "BRFSS",
    "Topic": "Obesity / Weight Status",
    "Data_Value": 29.1,
    "Sample_Size": "1,189",
    "Stratification1": "$35,000 - $49,999",
    "StratificationId1": "INC3550",
    "LocationDisplayOrder": 12
  },
  {
    "ID": 23832,
    "Description": 2015,
    "LocationAbbr": "GA",
    "LocationDesc": "Georgia",
    "DataSource": "BRFSS",
    "Topic": "Obesity / Weight Status",
    "Data_Value": 33.8,
    "Sample_Size": 481,
    "Stratification1": "$35,000 - $49,999",
    "StratificationId1": "INC3550",
    "LocationDisplayOrder": 13
  },
  {
    "ID": 11128,
    "Description": 2015,
    "LocationAbbr": "HI",
    "LocationDesc": "Hawaii",
    "DataSource": "BRFSS",
    "Topic": "Obesity / Weight Status",
    "Data_Value": 23.7,
    "Sample_Size": 865,
    "Stratification1": "$35,000 - $49,999",
    "StratificationId1": "INC3550",
    "LocationDisplayOrder": 15
  },
  {
    "ID": 5121,
    "Description": 2015,
    "LocationAbbr": "ID",
    "LocationDesc": "Idaho",
    "DataSource": "BRFSS",
    "Topic": "Obesity / Weight Status",
    "Data_Value": 34.5,
    "Sample_Size": 788,
    "Stratification1": "$35,000 - $49,999",
    "StratificationId1": "INC3550",
    "LocationDisplayOrder": 16
  },
  {
    "ID": 33423,
    "Description": 2015,
    "LocationAbbr": "IL",
    "LocationDesc": "Illinois",
    "DataSource": "BRFSS",
    "Topic": "Obesity / Weight Status",
    "Data_Value": 27.8,
    "Sample_Size": 652,
    "Stratification1": "$35,000 - $49,999",
    "StratificationId1": "INC3550",
    "LocationDisplayOrder": 17
  },
  {
    "ID": 11978,
    "Description": 2015,
    "LocationAbbr": "IN",
    "LocationDesc": "Indiana",
    "DataSource": "BRFSS",
    "Topic": "Obesity / Weight Status",
    "Data_Value": 29.6,
    "Sample_Size": 815,
    "Stratification1": "$35,000 - $49,999",
    "StratificationId1": "INC3550",
    "LocationDisplayOrder": 18
  },
  {
    "ID": 18016,
    "Description": 2015,
    "LocationAbbr": "IA",
    "LocationDesc": "Iowa",
    "DataSource": "BRFSS",
    "Topic": "Obesity / Weight Status",
    "Data_Value": 33.9,
    "Sample_Size": 792,
    "Stratification1": "$35,000 - $49,999",
    "StratificationId1": "INC3550",
    "LocationDisplayOrder": 19
  },
  {
    "ID": 27363,
    "Description": 2015,
    "LocationAbbr": "KS",
    "LocationDesc": "Kansas",
    "DataSource": "BRFSS",
    "Topic": "Obesity / Weight Status",
    "Data_Value": 37.3,
    "Sample_Size": "2,851",
    "Stratification1": "$35,000 - $49,999",
    "StratificationId1": "INC3550",
    "LocationDisplayOrder": 20
  },
  {
    "ID": 29362,
    "Description": 2015,
    "LocationAbbr": "KY",
    "LocationDesc": "Kentucky",
    "DataSource": "BRFSS",
    "Topic": "Obesity / Weight Status",
    "Data_Value": 33.6,
    "Sample_Size": 738,
    "Stratification1": "$35,000 - $49,999",
    "StratificationId1": "INC3550",
    "LocationDisplayOrder": 21
  },
  {
    "ID": 35021,
    "Description": 2015,
    "LocationAbbr": "LA",
    "LocationDesc": "Louisiana",
    "DataSource": "BRFSS",
    "Topic": "Obesity / Weight Status",
    "Data_Value": 35.8,
    "Sample_Size": 480,
    "Stratification1": "$35,000 - $49,999",
    "StratificationId1": "INC3550",
    "LocationDisplayOrder": 22
  },
  {
    "ID": 30097,
    "Description": 2015,
    "LocationAbbr": "ME",
    "LocationDesc": "Maine",
    "DataSource": "BRFSS",
    "Topic": "Obesity / Weight Status",
    "Data_Value": 30.3,
    "Sample_Size": "1,200",
    "Stratification1": "$35,000 - $49,999",
    "StratificationId1": "INC3550",
    "LocationDisplayOrder": 23
  },
  {
    "ID": 11270,
    "Description": 2015,
    "LocationAbbr": "MD",
    "LocationDesc": "Maryland",
    "DataSource": "BRFSS",
    "Topic": "Obesity / Weight Status",
    "Data_Value": 36.4,
    "Sample_Size": "1,188",
    "Stratification1": "$35,000 - $49,999",
    "StratificationId1": "INC3550",
    "LocationDisplayOrder": 24
  },
  {
    "ID": 19987,
    "Description": 2015,
    "LocationAbbr": "MA",
    "LocationDesc": "Massachusetts",
    "DataSource": "BRFSS",
    "Topic": "Obesity / Weight Status",
    "Data_Value": 27.4,
    "Sample_Size": 813,
    "Stratification1": "$35,000 - $49,999",
    "StratificationId1": "INC3550",
    "LocationDisplayOrder": 25
  },
  {
    "ID": 8270,
    "Description": 2015,
    "LocationAbbr": "MI",
    "LocationDesc": "Michigan",
    "DataSource": "BRFSS",
    "Topic": "Obesity / Weight Status",
    "Data_Value": 34,
    "Sample_Size": "1,050",
    "Stratification1": "$35,000 - $49,999",
    "StratificationId1": "INC3550",
    "LocationDisplayOrder": 26
  },
  {
    "ID": 37502,
    "Description": 2015,
    "LocationAbbr": "MN",
    "LocationDesc": "Minnesota",
    "DataSource": "BRFSS",
    "Topic": "Obesity / Weight Status",
    "Data_Value": 26.5,
    "Sample_Size": "1,975",
    "Stratification1": "$35,000 - $49,999",
    "StratificationId1": "INC3550",
    "LocationDisplayOrder": 27
  },
  {
    "ID": 29077,
    "Description": 2015,
    "LocationAbbr": "MS",
    "LocationDesc": "Mississippi",
    "DataSource": "BRFSS",
    "Topic": "Obesity / Weight Status",
    "Data_Value": 35.8,
    "Sample_Size": 609,
    "Stratification1": "$35,000 - $49,999",
    "StratificationId1": "INC3550",
    "LocationDisplayOrder": 28
  },
  {
    "ID": 15791,
    "Description": 2015,
    "LocationAbbr": "MO",
    "LocationDesc": "Missouri",
    "DataSource": "BRFSS",
    "Topic": "Obesity / Weight Status",
    "Data_Value": 31.9,
    "Sample_Size": 871,
    "Stratification1": "$35,000 - $49,999",
    "StratificationId1": "INC3550",
    "LocationDisplayOrder": 29
  },
  {
    "ID": 9479,
    "Description": 2015,
    "LocationAbbr": "MT",
    "LocationDesc": "Montana",
    "DataSource": "BRFSS",
    "Topic": "Obesity / Weight Status",
    "Data_Value": 25.1,
    "Sample_Size": 799,
    "Stratification1": "$35,000 - $49,999",
    "StratificationId1": "INC3550",
    "LocationDisplayOrder": 30
  },
  {
    "ID": 35223,
    "Description": 2015,
    "LocationAbbr": "NE",
    "LocationDesc": "Nebraska",
    "DataSource": "BRFSS",
    "Topic": "Obesity / Weight Status",
    "Data_Value": 33.3,
    "Sample_Size": "2,394",
    "Stratification1": "$35,000 - $49,999",
    "StratificationId1": "INC3550",
    "LocationDisplayOrder": 31
  },
  {
    "ID": 33560,
    "Description": 2015,
    "LocationAbbr": "NV",
    "LocationDesc": "Nevada",
    "DataSource": "BRFSS",
    "Topic": "Obesity / Weight Status",
    "Data_Value": 28.7,
    "Sample_Size": 299,
    "Stratification1": "$35,000 - $49,999",
    "StratificationId1": "INC3550",
    "LocationDisplayOrder": 32
  },
  {
    "ID": 15754,
    "Description": 2015,
    "LocationAbbr": "NH",
    "LocationDesc": "New Hampshire",
    "DataSource": "BRFSS",
    "Topic": "Obesity / Weight Status",
    "Data_Value": 29.9,
    "Sample_Size": 744,
    "Stratification1": "$35,000 - $49,999",
    "StratificationId1": "INC3550",
    "LocationDisplayOrder": 33
  },
  {
    "ID": 2383,
    "Description": 2015,
    "LocationAbbr": "NJ",
    "LocationDesc": "New Jersey",
    "DataSource": "BRFSS",
    "Topic": "Obesity / Weight Status",
    "Data_Value": 27,
    "Sample_Size": "1,024",
    "Stratification1": "$35,000 - $49,999",
    "StratificationId1": "INC3550",
    "LocationDisplayOrder": 34
  },
  {
    "ID": 30806,
    "Description": 2015,
    "LocationAbbr": "NM",
    "LocationDesc": "New Mexico",
    "DataSource": "BRFSS",
    "Topic": "Obesity / Weight Status",
    "Data_Value": 26.6,
    "Sample_Size": 764,
    "Stratification1": "$35,000 - $49,999",
    "StratificationId1": "INC3550",
    "LocationDisplayOrder": 35
  },
  {
    "ID": 36506,
    "Description": 2015,
    "LocationAbbr": "NY",
    "LocationDesc": "New York",
    "DataSource": "BRFSS",
    "Topic": "Obesity / Weight Status",
    "Data_Value": 25,
    "Sample_Size": "1,159",
    "Stratification1": "$35,000 - $49,999",
    "StratificationId1": "INC3550",
    "LocationDisplayOrder": 36
  },
  {
    "ID": 19634,
    "Description": 2015,
    "LocationAbbr": "NC",
    "LocationDesc": "North Carolina",
    "DataSource": "BRFSS",
    "Topic": "Obesity / Weight Status",
    "Data_Value": 30,
    "Sample_Size": 697,
    "Stratification1": "$35,000 - $49,999",
    "StratificationId1": "INC3550",
    "LocationDisplayOrder": 37
  },
  {
    "ID": 35465,
    "Description": 2015,
    "LocationAbbr": "ND",
    "LocationDesc": "North Dakota",
    "DataSource": "BRFSS",
    "Topic": "Obesity / Weight Status",
    "Data_Value": 30.3,
    "Sample_Size": 651,
    "Stratification1": "$35,000 - $49,999",
    "StratificationId1": "INC3550",
    "LocationDisplayOrder": 38
  },
  {
    "ID": 15057,
    "Description": 2015,
    "LocationAbbr": "OH",
    "LocationDesc": "Ohio",
    "DataSource": "BRFSS",
    "Topic": "Obesity / Weight Status",
    "Data_Value": 32.5,
    "Sample_Size": "1,366",
    "Stratification1": "$35,000 - $49,999",
    "StratificationId1": "INC3550",
    "LocationDisplayOrder": 39
  },
  {
    "ID": 21697,
    "Description": 2015,
    "LocationAbbr": "OK",
    "LocationDesc": "Oklahoma",
    "DataSource": "BRFSS",
    "Topic": "Obesity / Weight Status",
    "Data_Value": 38.7,
    "Sample_Size": 870,
    "Stratification1": "$35,000 - $49,999",
    "StratificationId1": "INC3550",
    "LocationDisplayOrder": 40
  },
  {
    "ID": 9240,
    "Description": 2015,
    "LocationAbbr": "OR",
    "LocationDesc": "Oregon",
    "DataSource": "BRFSS",
    "Topic": "Obesity / Weight Status",
    "Data_Value": 32.4,
    "Sample_Size": 625,
    "Stratification1": "$35,000 - $49,999",
    "StratificationId1": "INC3550",
    "LocationDisplayOrder": 41
  },
  {
    "ID": 15980,
    "Description": 2015,
    "LocationAbbr": "PA",
    "LocationDesc": "Pennsylvania",
    "DataSource": "BRFSS",
    "Topic": "Obesity / Weight Status",
    "Data_Value": 33.6,
    "Sample_Size": 677,
    "Stratification1": "$35,000 - $49,999",
    "StratificationId1": "INC3550",
    "LocationDisplayOrder": 42
  },
  {
    "ID": 32308,
    "Description": 2015,
    "LocationAbbr": "RI",
    "LocationDesc": "Rhode Island",
    "DataSource": "BRFSS",
    "Topic": "Obesity / Weight Status",
    "Data_Value": 26.7,
    "Sample_Size": 596,
    "Stratification1": "$35,000 - $49,999",
    "StratificationId1": "INC3550",
    "LocationDisplayOrder": 44
  },
  {
    "ID": 12693,
    "Description": 2015,
    "LocationAbbr": "SC",
    "LocationDesc": "South Carolina",
    "DataSource": "BRFSS",
    "Topic": "Obesity / Weight Status",
    "Data_Value": 33,
    "Sample_Size": "1,405",
    "Stratification1": "$35,000 - $49,999",
    "StratificationId1": "INC3550",
    "LocationDisplayOrder": 45
  },
  {
    "ID": 22134,
    "Description": 2015,
    "LocationAbbr": "SD",
    "LocationDesc": "South Dakota",
    "DataSource": "BRFSS",
    "Topic": "Obesity / Weight Status",
    "Data_Value": 33.4,
    "Sample_Size": 933,
    "Stratification1": "$35,000 - $49,999",
    "StratificationId1": "INC3550",
    "LocationDisplayOrder": 46
  },
  {
    "ID": 16357,
    "Description": 2015,
    "LocationAbbr": "TN",
    "LocationDesc": "Tennessee",
    "DataSource": "BRFSS",
    "Topic": "Obesity / Weight Status",
    "Data_Value": 33.4,
    "Sample_Size": 658,
    "Stratification1": "$35,000 - $49,999",
    "StratificationId1": "INC3550",
    "LocationDisplayOrder": 47
  },
  {
    "ID": 6363,
    "Description": 2015,
    "LocationAbbr": "TX",
    "LocationDesc": "Texas",
    "DataSource": "BRFSS",
    "Topic": "Obesity / Weight Status",
    "Data_Value": 32.3,
    "Sample_Size": "1,521",
    "Stratification1": "$35,000 - $49,999",
    "StratificationId1": "INC3550",
    "LocationDisplayOrder": 48
  },
  {
    "ID": 9850,
    "Description": 2015,
    "LocationAbbr": "UT",
    "LocationDesc": "Utah",
    "DataSource": "BRFSS",
    "Topic": "Obesity / Weight Status",
    "Data_Value": 27.4,
    "Sample_Size": "1,329",
    "Stratification1": "$35,000 - $49,999",
    "StratificationId1": "INC3550",
    "LocationDisplayOrder": 49
  },
  {
    "ID": 15103,
    "Description": 2015,
    "LocationAbbr": "VT",
    "LocationDesc": "Vermont",
    "DataSource": "BRFSS",
    "Topic": "Obesity / Weight Status",
    "Data_Value": 27.8,
    "Sample_Size": 803,
    "Stratification1": "$35,000 - $49,999",
    "StratificationId1": "INC3550",
    "LocationDisplayOrder": 50
  },
  {
    "ID": 31118,
    "Description": 2015,
    "LocationAbbr": "VA",
    "LocationDesc": "Virginia",
    "DataSource": "BRFSS",
    "Topic": "Obesity / Weight Status",
    "Data_Value": 32.4,
    "Sample_Size": 916,
    "Stratification1": "$35,000 - $49,999",
    "StratificationId1": "INC3550",
    "LocationDisplayOrder": 51
  },
  {
    "ID": 32837,
    "Description": 2015,
    "LocationAbbr": "WA",
    "LocationDesc": "Washington",
    "DataSource": "BRFSS",
    "Topic": "Obesity / Weight Status",
    "Data_Value": 29.8,
    "Sample_Size": "1,880",
    "Stratification1": "$35,000 - $49,999",
    "StratificationId1": "INC3550",
    "LocationDisplayOrder": 53
  },
  {
    "ID": 30849,
    "Description": 2015,
    "LocationAbbr": "WV",
    "LocationDesc": "West Virginia",
    "DataSource": "BRFSS",
    "Topic": "Obesity / Weight Status",
    "Data_Value": 33.2,
    "Sample_Size": 721,
    "Stratification1": "$35,000 - $49,999",
    "StratificationId1": "INC3550",
    "LocationDisplayOrder": 54
  },
  {
    "ID": 30477,
    "Description": 2015,
    "LocationAbbr": "WI",
    "LocationDesc": "Wisconsin",
    "DataSource": "BRFSS",
    "Topic": "Obesity / Weight Status",
    "Data_Value": 33.6,
    "Sample_Size": 823,
    "Stratification1": "$35,000 - $49,999",
    "StratificationId1": "INC3550",
    "LocationDisplayOrder": 55
  },
  {
    "ID": 16150,
    "Description": 2015,
    "LocationAbbr": "WY",
    "LocationDesc": "Wyoming",
    "DataSource": "BRFSS",
    "Topic": "Obesity / Weight Status",
    "Data_Value": 30.1,
    "Sample_Size": 658,
    "Stratification1": "$35,000 - $49,999",
    "StratificationId1": "INC3550",
    "LocationDisplayOrder": 56
  },
  {
    "ID": 589,
    "Description": 2015,
    "LocationAbbr": "GU",
    "LocationDesc": "Guam",
    "DataSource": "BRFSS",
    "Topic": "Obesity / Weight Status",
    "Data_Value": 28.5,
    "Sample_Size": 226,
    "Stratification1": "$35,000 - $49,999",
    "StratificationId1": "INC3550",
    "LocationDisplayOrder": 66
  },
  {
    "ID": 2011,
    "Description": 2015,
    "LocationAbbr": "PR",
    "LocationDesc": "Puerto Rico",
    "DataSource": "BRFSS",
    "Topic": "Obesity / Weight Status",
    "Data_Value": 28.7,
    "Sample_Size": 317,
    "Stratification1": "$35,000 - $49,999",
    "StratificationId1": "INC3550",
    "LocationDisplayOrder": 72
  },
  {
    "ID": "",
    "Description": "",
    "LocationAbbr": "",
    "LocationDesc": "",
    "DataSource": "",
    "Topic": "",
    "Data_Value": "",
    "Sample_Size": "",
    "Stratification1": "",
    "StratificationId1": "",
    "LocationDisplayOrder": ""
  },
  {
    "ID": "",
    "Description": "",
    "LocationAbbr": "",
    "LocationDesc": "",
    "DataSource": "",
    "Topic": "",
    "Data_Value": "",
    "Sample_Size": "",
    "Stratification1": "",
    "StratificationId1": "",
    "LocationDisplayOrder": ""
  },
  {
    "ID": "",
    "Description": "",
    "LocationAbbr": "",
    "LocationDesc": "",
    "DataSource": "",
    "Topic": "",
    "Data_Value": "",
    "Sample_Size": "",
    "Stratification1": "",
    "StratificationId1": "",
    "LocationDisplayOrder": ""
  },
  {
    "ID": "",
    "Description": "",
    "LocationAbbr": "",
    "LocationDesc": "",
    "DataSource": "",
    "Topic": "",
    "Data_Value": "",
    "Sample_Size": "",
    "Stratification1": "",
    "StratificationId1": "",
    "LocationDisplayOrder": ""
  },
  {
    "ID": "",
    "Description": "",
    "LocationAbbr": "",
    "LocationDesc": "",
    "DataSource": "",
    "Topic": "",
    "Data_Value": "",
    "Sample_Size": "",
    "Stratification1": "",
    "StratificationId1": "",
    "LocationDisplayOrder": ""
  },
  {
    "ID": "",
    "Description": "",
    "LocationAbbr": "",
    "LocationDesc": "",
    "DataSource": "",
    "Topic": "",
    "Data_Value": "",
    "Sample_Size": "",
    "Stratification1": "",
    "StratificationId1": "",
    "LocationDisplayOrder": ""
  },
  {
    "ID": "",
    "Description": "",
    "LocationAbbr": "",
    "LocationDesc": "",
    "DataSource": "",
    "Topic": "",
    "Data_Value": "",
    "Sample_Size": "",
    "Stratification1": "",
    "StratificationId1": "",
    "LocationDisplayOrder": ""
  },
  {
    "ID": "",
    "Description": "",
    "LocationAbbr": "",
    "LocationDesc": "",
    "DataSource": "",
    "Topic": "",
    "Data_Value": "",
    "Sample_Size": "",
    "Stratification1": "",
    "StratificationId1": "",
    "LocationDisplayOrder": ""
  },
  {
    "ID": "",
    "Description": "",
    "LocationAbbr": "",
    "LocationDesc": "",
    "DataSource": "",
    "Topic": "",
    "Data_Value": "",
    "Sample_Size": "",
    "Stratification1": "",
    "StratificationId1": "",
    "LocationDisplayOrder": ""
  }
]