[
  {
    "ID": 1595,
    "Description": 2015,
    "LocationAbbr": "US",
    "LocationDesc": "National",
    "DataSource": "BRFSS",
    "Topic": "Obesity / Weight Status",
    "Data_Value": 34,
    "Sample_Size": "29,309",
    "Stratification1": "Less than high school",
    "StratificationId1": "EDUHS",
    "LocationDisplayOrder": 0
  },
  {
    "ID": 37273,
    "Description": 2015,
    "LocationAbbr": "AL",
    "LocationDesc": "Alabama",
    "DataSource": "BRFSS",
    "Topic": "Obesity / Weight Status",
    "Data_Value": 38.4,
    "Sample_Size": 888,
    "Stratification1": "Less than high school",
    "StratificationId1": "EDUHS",
    "LocationDisplayOrder": 1
  },
  {
    "ID": 32292,
    "Description": 2015,
    "LocationAbbr": "AK",
    "LocationDesc": "Alaska",
    "DataSource": "BRFSS",
    "Topic": "Obesity / Weight Status",
    "Data_Value": 30.2,
    "Sample_Size": 227,
    "Stratification1": "Less than high school",
    "StratificationId1": "EDUHS",
    "LocationDisplayOrder": 2
  },
  {
    "ID": 14729,
    "Description": 2015,
    "LocationAbbr": "AZ",
    "LocationDesc": "Arizona",
    "DataSource": "BRFSS",
    "Topic": "Obesity / Weight Status",
    "Data_Value": 37.5,
    "Sample_Size": 478,
    "Stratification1": "Less than high school",
    "StratificationId1": "EDUHS",
    "LocationDisplayOrder": 4
  },
  {
    "ID": 16331,
    "Description": 2015,
    "LocationAbbr": "AR",
    "LocationDesc": "Arkansas",
    "DataSource": "BRFSS",
    "Topic": "Obesity / Weight Status",
    "Data_Value": 36.2,
    "Sample_Size": 524,
    "Stratification1": "Less than high school",
    "StratificationId1": "EDUHS",
    "LocationDisplayOrder": 5
  },
  {
    "ID": 6727,
    "Description": 2015,
    "LocationAbbr": "CA",
    "LocationDesc": "California",
    "DataSource": "BRFSS",
    "Topic": "Obesity / Weight Status",
    "Data_Value": 33.9,
    "Sample_Size": "1,390",
    "Stratification1": "Less than high school",
    "StratificationId1": "EDUHS",
    "LocationDisplayOrder": 6
  },
  {
    "ID": 10453,
    "Description": 2015,
    "LocationAbbr": "CO",
    "LocationDesc": "Colorado",
    "DataSource": "BRFSS",
    "Topic": "Obesity / Weight Status",
    "Data_Value": 28.8,
    "Sample_Size": 756,
    "Stratification1": "Less than high school",
    "StratificationId1": "EDUHS",
    "LocationDisplayOrder": 8
  },
  {
    "ID": 25995,
    "Description": 2015,
    "LocationAbbr": "CT",
    "LocationDesc": "Connecticut",
    "DataSource": "BRFSS",
    "Topic": "Obesity / Weight Status",
    "Data_Value": 34.5,
    "Sample_Size": 690,
    "Stratification1": "Less than high school",
    "StratificationId1": "EDUHS",
    "LocationDisplayOrder": 9
  },
  {
    "ID": 1315,
    "Description": 2015,
    "LocationAbbr": "DE",
    "LocationDesc": "Delaware",
    "DataSource": "BRFSS",
    "Topic": "Obesity / Weight Status",
    "Data_Value": 36.1,
    "Sample_Size": 308,
    "Stratification1": "Less than high school",
    "StratificationId1": "EDUHS",
    "LocationDisplayOrder": 10
  },
  {
    "ID": 31809,
    "Description": 2015,
    "LocationAbbr": "DC",
    "LocationDesc": "District of Columbia",
    "DataSource": "BRFSS",
    "Topic": "Obesity / Weight Status",
    "Data_Value": 40.3,
    "Sample_Size": 213,
    "Stratification1": "Less than high school",
    "StratificationId1": "EDUHS",
    "LocationDisplayOrder": 11
  },
  {
    "ID": 4388,
    "Description": 2015,
    "LocationAbbr": "FL",
    "LocationDesc": "Florida",
    "DataSource": "BRFSS",
    "Topic": "Obesity / Weight Status",
    "Data_Value": 28.7,
    "Sample_Size": 635,
    "Stratification1": "Less than high school",
    "StratificationId1": "EDUHS",
    "LocationDisplayOrder": 12
  },
  {
    "ID": 38961,
    "Description": 2015,
    "LocationAbbr": "GA",
    "LocationDesc": "Georgia",
    "DataSource": "BRFSS",
    "Topic": "Obesity / Weight Status",
    "Data_Value": 33.6,
    "Sample_Size": 460,
    "Stratification1": "Less than high school",
    "StratificationId1": "EDUHS",
    "LocationDisplayOrder": 13
  },
  {
    "ID": 4020,
    "Description": 2015,
    "LocationAbbr": "HI",
    "LocationDesc": "Hawaii",
    "DataSource": "BRFSS",
    "Topic": "Obesity / Weight Status",
    "Data_Value": 32,
    "Sample_Size": 270,
    "Stratification1": "Less than high school",
    "StratificationId1": "EDUHS",
    "LocationDisplayOrder": 15
  },
  {
    "ID": 14222,
    "Description": 2015,
    "LocationAbbr": "ID",
    "LocationDesc": "Idaho",
    "DataSource": "BRFSS",
    "Topic": "Obesity / Weight Status",
    "Data_Value": 32.8,
    "Sample_Size": 373,
    "Stratification1": "Less than high school",
    "StratificationId1": "EDUHS",
    "LocationDisplayOrder": 16
  },
  {
    "ID": 38246,
    "Description": 2015,
    "LocationAbbr": "IL",
    "LocationDesc": "Illinois",
    "DataSource": "BRFSS",
    "Topic": "Obesity / Weight Status",
    "Data_Value": 32.5,
    "Sample_Size": 347,
    "Stratification1": "Less than high school",
    "StratificationId1": "EDUHS",
    "LocationDisplayOrder": 17
  },
  {
    "ID": 26905,
    "Description": 2015,
    "LocationAbbr": "IN",
    "LocationDesc": "Indiana",
    "DataSource": "BRFSS",
    "Topic": "Obesity / Weight Status",
    "Data_Value": 26.1,
    "Sample_Size": 437,
    "Stratification1": "Less than high school",
    "StratificationId1": "EDUHS",
    "LocationDisplayOrder": 18
  },
  {
    "ID": 27918,
    "Description": 2015,
    "LocationAbbr": "IA",
    "LocationDesc": "Iowa",
    "DataSource": "BRFSS",
    "Topic": "Obesity / Weight Status",
    "Data_Value": 33.4,
    "Sample_Size": 301,
    "Stratification1": "Less than high school",
    "StratificationId1": "EDUHS",
    "LocationDisplayOrder": 19
  },
  {
    "ID": 16224,
    "Description": 2015,
    "LocationAbbr": "KS",
    "LocationDesc": "Kansas",
    "DataSource": "BRFSS",
    "Topic": "Obesity / Weight Status",
    "Data_Value": 39.3,
    "Sample_Size": "1,244",
    "Stratification1": "Less than high school",
    "StratificationId1": "EDUHS",
    "LocationDisplayOrder": 20
  },
  {
    "ID": 27312,
    "Description": 2015,
    "LocationAbbr": "KY",
    "LocationDesc": "Kentucky",
    "DataSource": "BRFSS",
    "Topic": "Obesity / Weight Status",
    "Data_Value": 36.4,
    "Sample_Size": 815,
    "Stratification1": "Less than high school",
    "StratificationId1": "EDUHS",
    "LocationDisplayOrder": 21
  },
  {
    "ID": 30472,
    "Description": 2015,
    "LocationAbbr": "LA",
    "LocationDesc": "Louisiana",
    "DataSource": "BRFSS",
    "Topic": "Obesity / Weight Status",
    "Data_Value": 40.2,
    "Sample_Size": 531,
    "Stratification1": "Less than high school",
    "StratificationId1": "EDUHS",
    "LocationDisplayOrder": 22
  },
  {
    "ID": 26161,
    "Description": 2015,
    "LocationAbbr": "ME",
    "LocationDesc": "Maine",
    "DataSource": "BRFSS",
    "Topic": "Obesity / Weight Status",
    "Data_Value": 32.4,
    "Sample_Size": 391,
    "Stratification1": "Less than high school",
    "StratificationId1": "EDUHS",
    "LocationDisplayOrder": 23
  },
  {
    "ID": 33125,
    "Description": 2015,
    "LocationAbbr": "MD",
    "LocationDesc": "Maryland",
    "DataSource": "BRFSS",
    "Topic": "Obesity / Weight Status",
    "Data_Value": 35.9,
    "Sample_Size": 622,
    "Stratification1": "Less than high school",
    "StratificationId1": "EDUHS",
    "LocationDisplayOrder": 24
  },
  {
    "ID": 35857,
    "Description": 2015,
    "LocationAbbr": "MA",
    "LocationDesc": "Massachusetts",
    "DataSource": "BRFSS",
    "Topic": "Obesity / Weight Status",
    "Data_Value": 34.8,
    "Sample_Size": 563,
    "Stratification1": "Less than high school",
    "StratificationId1": "EDUHS",
    "LocationDisplayOrder": 25
  },
  {
    "ID": 2165,
    "Description": 2015,
    "LocationAbbr": "MI",
    "LocationDesc": "Michigan",
    "DataSource": "BRFSS",
    "Topic": "Obesity / Weight Status",
    "Data_Value": 31.8,
    "Sample_Size": 420,
    "Stratification1": "Less than high school",
    "StratificationId1": "EDUHS",
    "LocationDisplayOrder": 26
  },
  {
    "ID": 1307,
    "Description": 2015,
    "LocationAbbr": "MN",
    "LocationDesc": "Minnesota",
    "DataSource": "BRFSS",
    "Topic": "Obesity / Weight Status",
    "Data_Value": 30.3,
    "Sample_Size": 586,
    "Stratification1": "Less than high school",
    "StratificationId1": "EDUHS",
    "LocationDisplayOrder": 27
  },
  {
    "ID": 13334,
    "Description": 2015,
    "LocationAbbr": "MS",
    "LocationDesc": "Mississippi",
    "DataSource": "BRFSS",
    "Topic": "Obesity / Weight Status",
    "Data_Value": 38.2,
    "Sample_Size": 763,
    "Stratification1": "Less than high school",
    "StratificationId1": "EDUHS",
    "LocationDisplayOrder": 28
  },
  {
    "ID": 15857,
    "Description": 2015,
    "LocationAbbr": "MO",
    "LocationDesc": "Missouri",
    "DataSource": "BRFSS",
    "Topic": "Obesity / Weight Status",
    "Data_Value": 38.5,
    "Sample_Size": 634,
    "Stratification1": "Less than high school",
    "StratificationId1": "EDUHS",
    "LocationDisplayOrder": 29
  },
  {
    "ID": 38061,
    "Description": 2015,
    "LocationAbbr": "MT",
    "LocationDesc": "Montana",
    "DataSource": "BRFSS",
    "Topic": "Obesity / Weight Status",
    "Data_Value": 27.5,
    "Sample_Size": 308,
    "Stratification1": "Less than high school",
    "StratificationId1": "EDUHS",
    "LocationDisplayOrder": 30
  },
  {
    "ID": 1705,
    "Description": 2015,
    "LocationAbbr": "NE",
    "LocationDesc": "Nebraska",
    "DataSource": "BRFSS",
    "Topic": "Obesity / Weight Status",
    "Data_Value": 29.6,
    "Sample_Size": 896,
    "Stratification1": "Less than high school",
    "StratificationId1": "EDUHS",
    "LocationDisplayOrder": 31
  },
  {
    "ID": 16339,
    "Description": 2015,
    "LocationAbbr": "NV",
    "LocationDesc": "Nevada",
    "DataSource": "BRFSS",
    "Topic": "Obesity / Weight Status",
    "Data_Value": 34.4,
    "Sample_Size": 196,
    "Stratification1": "Less than high school",
    "StratificationId1": "EDUHS",
    "LocationDisplayOrder": 32
  },
  {
    "ID": 8711,
    "Description": 2015,
    "LocationAbbr": "NH",
    "LocationDesc": "New Hampshire",
    "DataSource": "BRFSS",
    "Topic": "Obesity / Weight Status",
    "Data_Value": 28.9,
    "Sample_Size": 315,
    "Stratification1": "Less than high school",
    "StratificationId1": "EDUHS",
    "LocationDisplayOrder": 33
  },
  {
    "ID": 5068,
    "Description": 2015,
    "LocationAbbr": "NJ",
    "LocationDesc": "New Jersey",
    "DataSource": "BRFSS",
    "Topic": "Obesity / Weight Status",
    "Data_Value": 32.6,
    "Sample_Size": 641,
    "Stratification1": "Less than high school",
    "StratificationId1": "EDUHS",
    "LocationDisplayOrder": 34
  },
  {
    "ID": 7346,
    "Description": 2015,
    "LocationAbbr": "NM",
    "LocationDesc": "New Mexico",
    "DataSource": "BRFSS",
    "Topic": "Obesity / Weight Status",
    "Data_Value": 35.1,
    "Sample_Size": 691,
    "Stratification1": "Less than high school",
    "StratificationId1": "EDUHS",
    "LocationDisplayOrder": 35
  },
  {
    "ID": 11093,
    "Description": 2015,
    "LocationAbbr": "NY",
    "LocationDesc": "New York",
    "DataSource": "BRFSS",
    "Topic": "Obesity / Weight Status",
    "Data_Value": 32.8,
    "Sample_Size": 972,
    "Stratification1": "Less than high school",
    "StratificationId1": "EDUHS",
    "LocationDisplayOrder": 36
  },
  {
    "ID": 33566,
    "Description": 2015,
    "LocationAbbr": "NC",
    "LocationDesc": "North Carolina",
    "DataSource": "BRFSS",
    "Topic": "Obesity / Weight Status",
    "Data_Value": 36.8,
    "Sample_Size": 610,
    "Stratification1": "Less than high school",
    "StratificationId1": "EDUHS",
    "LocationDisplayOrder": 37
  },
  {
    "ID": 20773,
    "Description": 2015,
    "LocationAbbr": "ND",
    "LocationDesc": "North Dakota",
    "DataSource": "BRFSS",
    "Topic": "Obesity / Weight Status",
    "Data_Value": 32.1,
    "Sample_Size": 278,
    "Stratification1": "Less than high school",
    "StratificationId1": "EDUHS",
    "LocationDisplayOrder": 38
  },
  {
    "ID": 3725,
    "Description": 2015,
    "LocationAbbr": "OH",
    "LocationDesc": "Ohio",
    "DataSource": "BRFSS",
    "Topic": "Obesity / Weight Status",
    "Data_Value": 28.7,
    "Sample_Size": 816,
    "Stratification1": "Less than high school",
    "StratificationId1": "EDUHS",
    "LocationDisplayOrder": 39
  },
  {
    "ID": 23835,
    "Description": 2015,
    "LocationAbbr": "OK",
    "LocationDesc": "Oklahoma",
    "DataSource": "BRFSS",
    "Topic": "Obesity / Weight Status",
    "Data_Value": 36,
    "Sample_Size": 511,
    "Stratification1": "Less than high school",
    "StratificationId1": "EDUHS",
    "LocationDisplayOrder": 40
  },
  {
    "ID": 36176,
    "Description": 2015,
    "LocationAbbr": "OR",
    "LocationDesc": "Oregon",
    "DataSource": "BRFSS",
    "Topic": "Obesity / Weight Status",
    "Data_Value": 34.1,
    "Sample_Size": 250,
    "Stratification1": "Less than high school",
    "StratificationId1": "EDUHS",
    "LocationDisplayOrder": 41
  },
  {
    "ID": 19503,
    "Description": 2015,
    "LocationAbbr": "PA",
    "LocationDesc": "Pennsylvania",
    "DataSource": "BRFSS",
    "Topic": "Obesity / Weight Status",
    "Data_Value": 32.3,
    "Sample_Size": 317,
    "Stratification1": "Less than high school",
    "StratificationId1": "EDUHS",
    "LocationDisplayOrder": 42
  },
  {
    "ID": 39829,
    "Description": 2015,
    "LocationAbbr": "RI",
    "LocationDesc": "Rhode Island",
    "DataSource": "BRFSS",
    "Topic": "Obesity / Weight Status",
    "Data_Value": 32.1,
    "Sample_Size": 462,
    "Stratification1": "Less than high school",
    "StratificationId1": "EDUHS",
    "LocationDisplayOrder": 44
  },
  {
    "ID": 30944,
    "Description": 2015,
    "LocationAbbr": "SC",
    "LocationDesc": "South Carolina",
    "DataSource": "BRFSS",
    "Topic": "Obesity / Weight Status",
    "Data_Value": 33.4,
    "Sample_Size": "1,173",
    "Stratification1": "Less than high school",
    "StratificationId1": "EDUHS",
    "LocationDisplayOrder": 45
  },
  {
    "ID": 2443,
    "Description": 2015,
    "LocationAbbr": "SD",
    "LocationDesc": "South Dakota",
    "DataSource": "BRFSS",
    "Topic": "Obesity / Weight Status",
    "Data_Value": 30.2,
    "Sample_Size": 392,
    "Stratification1": "Less than high school",
    "StratificationId1": "EDUHS",
    "LocationDisplayOrder": 46
  },
  {
    "ID": 20831,
    "Description": 2015,
    "LocationAbbr": "TN",
    "LocationDesc": "Tennessee",
    "DataSource": "BRFSS",
    "Topic": "Obesity / Weight Status",
    "Data_Value": 33.1,
    "Sample_Size": 629,
    "Stratification1": "Less than high school",
    "StratificationId1": "EDUHS",
    "LocationDisplayOrder": 47
  },
  {
    "ID": 8876,
    "Description": 2015,
    "LocationAbbr": "TX",
    "LocationDesc": "Texas",
    "DataSource": "BRFSS",
    "Topic": "Obesity / Weight Status",
    "Data_Value": 40.2,
    "Sample_Size": "1,755",
    "Stratification1": "Less than high school",
    "StratificationId1": "EDUHS",
    "LocationDisplayOrder": 48
  },
  {
    "ID": 23063,
    "Description": 2015,
    "LocationAbbr": "UT",
    "LocationDesc": "Utah",
    "DataSource": "BRFSS",
    "Topic": "Obesity / Weight Status",
    "Data_Value": 27.6,
    "Sample_Size": 464,
    "Stratification1": "Less than high school",
    "StratificationId1": "EDUHS",
    "LocationDisplayOrder": 49
  },
  {
    "ID": 14492,
    "Description": 2015,
    "LocationAbbr": "VT",
    "LocationDesc": "Vermont",
    "DataSource": "BRFSS",
    "Topic": "Obesity / Weight Status",
    "Data_Value": 34.2,
    "Sample_Size": 305,
    "Stratification1": "Less than high school",
    "StratificationId1": "EDUHS",
    "LocationDisplayOrder": 50
  },
  {
    "ID": 13783,
    "Description": 2015,
    "LocationAbbr": "VA",
    "LocationDesc": "Virginia",
    "DataSource": "BRFSS",
    "Topic": "Obesity / Weight Status",
    "Data_Value": 40.5,
    "Sample_Size": 585,
    "Stratification1": "Less than high school",
    "StratificationId1": "EDUHS",
    "LocationDisplayOrder": 51
  },
  {
    "ID": 13526,
    "Description": 2015,
    "LocationAbbr": "WA",
    "LocationDesc": "Washington",
    "DataSource": "BRFSS",
    "Topic": "Obesity / Weight Status",
    "Data_Value": 27.3,
    "Sample_Size": 673,
    "Stratification1": "Less than high school",
    "StratificationId1": "EDUHS",
    "LocationDisplayOrder": 53
  },
  {
    "ID": 22397,
    "Description": 2015,
    "LocationAbbr": "WV",
    "LocationDesc": "West Virginia",
    "DataSource": "BRFSS",
    "Topic": "Obesity / Weight Status",
    "Data_Value": 36.7,
    "Sample_Size": 652,
    "Stratification1": "Less than high school",
    "StratificationId1": "EDUHS",
    "LocationDisplayOrder": 54
  },
  {
    "ID": 28312,
    "Description": 2015,
    "LocationAbbr": "WI",
    "LocationDesc": "Wisconsin",
    "DataSource": "BRFSS",
    "Topic": "Obesity / Weight Status",
    "Data_Value": 28.9,
    "Sample_Size": 326,
    "Stratification1": "Less than high school",
    "StratificationId1": "EDUHS",
    "LocationDisplayOrder": 55
  },
  {
    "ID": 31547,
    "Description": 2015,
    "LocationAbbr": "WY",
    "LocationDesc": "Wyoming",
    "DataSource": "BRFSS",
    "Topic": "Obesity / Weight Status",
    "Data_Value": 24.9,
    "Sample_Size": 226,
    "Stratification1": "Less than high school",
    "StratificationId1": "EDUHS",
    "LocationDisplayOrder": 56
  },
  {
    "ID": 1142,
    "Description": 2015,
    "LocationAbbr": "GU",
    "LocationDesc": "Guam",
    "DataSource": "BRFSS",
    "Topic": "Obesity / Weight Status",
    "Data_Value": 35,
    "Sample_Size": 126,
    "Stratification1": "Less than high school",
    "StratificationId1": "EDUHS",
    "LocationDisplayOrder": 66
  },
  {
    "ID": 592,
    "Description": 2015,
    "LocationAbbr": "PR",
    "LocationDesc": "Puerto Rico",
    "DataSource": "BRFSS",
    "Topic": "Obesity / Weight Status",
    "Data_Value": 30.1,
    "Sample_Size": "1,031",
    "Stratification1": "Less than high school",
    "StratificationId1": "EDUHS",
    "LocationDisplayOrder": 72
  },
  {
    "ID": "",
    "Description": "",
    "LocationAbbr": "",
    "LocationDesc": "",
    "DataSource": "",
    "Topic": "",
    "Data_Value": "",
    "Sample_Size": "",
    "Stratification1": "",
    "StratificationId1": "",
    "LocationDisplayOrder": ""
  },
  {
    "ID": "",
    "Description": "",
    "LocationAbbr": "",
    "LocationDesc": "",
    "DataSource": "",
    "Topic": "",
    "Data_Value": "",
    "Sample_Size": "",
    "Stratification1": "",
    "StratificationId1": "",
    "LocationDisplayOrder": ""
  },
  {
    "ID": "",
    "Description": "",
    "LocationAbbr": "",
    "LocationDesc": "",
    "DataSource": "",
    "Topic": "",
    "Data_Value": "",
    "Sample_Size": "",
    "Stratification1": "",
    "StratificationId1": "",
    "LocationDisplayOrder": ""
  },
  {
    "ID": "",
    "Description": "",
    "LocationAbbr": "",
    "LocationDesc": "",
    "DataSource": "",
    "Topic": "",
    "Data_Value": "",
    "Sample_Size": "",
    "Stratification1": "",
    "StratificationId1": "",
    "LocationDisplayOrder": ""
  },
  {
    "ID": "",
    "Description": "",
    "LocationAbbr": "",
    "LocationDesc": "",
    "DataSource": "",
    "Topic": "",
    "Data_Value": "",
    "Sample_Size": "",
    "Stratification1": "",
    "StratificationId1": "",
    "LocationDisplayOrder": ""
  },
  {
    "ID": "",
    "Description": "",
    "LocationAbbr": "",
    "LocationDesc": "",
    "DataSource": "",
    "Topic": "",
    "Data_Value": "",
    "Sample_Size": "",
    "Stratification1": "",
    "StratificationId1": "",
    "LocationDisplayOrder": ""
  },
  {
    "ID": "",
    "Description": "",
    "LocationAbbr": "",
    "LocationDesc": "",
    "DataSource": "",
    "Topic": "",
    "Data_Value": "",
    "Sample_Size": "",
    "Stratification1": "",
    "StratificationId1": "",
    "LocationDisplayOrder": ""
  },
  {
    "ID": "",
    "Description": "",
    "LocationAbbr": "",
    "LocationDesc": "",
    "DataSource": "",
    "Topic": "",
    "Data_Value": "",
    "Sample_Size": "",
    "Stratification1": "",
    "StratificationId1": "",
    "LocationDisplayOrder": ""
  },
  {
    "ID": "",
    "Description": "",
    "LocationAbbr": "",
    "LocationDesc": "",
    "DataSource": "",
    "Topic": "",
    "Data_Value": "",
    "Sample_Size": "",
    "Stratification1": "",
    "StratificationId1": "",
    "LocationDisplayOrder": ""
  }
]