[
  {
    "ID": 1952,
    "Description": 2015,
    "LocationAbbr": "US",
    "LocationDesc": "National",
    "DataSource": "BRFSS",
    "Topic": "Obesity / Weight Status",
    "Data_Value": 27.6,
    "Sample_Size": "141,064",
    "Stratification1": "65 or older",
    "StratificationId1": "AGEYR65PLUS",
    "LocationDisplayOrder": 0
  },
  {
    "ID": 16673,
    "Description": 2015,
    "LocationAbbr": "AL",
    "LocationDesc": "Alabama",
    "DataSource": "BRFSS",
    "Topic": "Obesity / Weight Status",
    "Data_Value": 30.2,
    "Sample_Size": "2,487",
    "Stratification1": "65 or older",
    "StratificationId1": "AGEYR65PLUS",
    "LocationDisplayOrder": 1
  },
  {
    "ID": 21131,
    "Description": 2015,
    "LocationAbbr": "AK",
    "LocationDesc": "Alaska",
    "DataSource": "BRFSS",
    "Topic": "Obesity / Weight Status",
    "Data_Value": 34.7,
    "Sample_Size": 844,
    "Stratification1": "65 or older",
    "StratificationId1": "AGEYR65PLUS",
    "LocationDisplayOrder": 2
  },
  {
    "ID": 5427,
    "Description": 2015,
    "LocationAbbr": "AZ",
    "LocationDesc": "Arizona",
    "DataSource": "BRFSS",
    "Topic": "Obesity / Weight Status",
    "Data_Value": 24.2,
    "Sample_Size": "3,142",
    "Stratification1": "65 or older",
    "StratificationId1": "AGEYR65PLUS",
    "LocationDisplayOrder": 4
  },
  {
    "ID": 19427,
    "Description": 2015,
    "LocationAbbr": "AR",
    "LocationDesc": "Arkansas",
    "DataSource": "BRFSS",
    "Topic": "Obesity / Weight Status",
    "Data_Value": 29.8,
    "Sample_Size": "2,250",
    "Stratification1": "65 or older",
    "StratificationId1": "AGEYR65PLUS",
    "LocationDisplayOrder": 5
  },
  {
    "ID": 14210,
    "Description": 2015,
    "LocationAbbr": "CA",
    "LocationDesc": "California",
    "DataSource": "BRFSS",
    "Topic": "Obesity / Weight Status",
    "Data_Value": 22.8,
    "Sample_Size": "2,630",
    "Stratification1": "65 or older",
    "StratificationId1": "AGEYR65PLUS",
    "LocationDisplayOrder": 6
  },
  {
    "ID": 29057,
    "Description": 2015,
    "LocationAbbr": "CO",
    "LocationDesc": "Colorado",
    "DataSource": "BRFSS",
    "Topic": "Obesity / Weight Status",
    "Data_Value": 20,
    "Sample_Size": "3,989",
    "Stratification1": "65 or older",
    "StratificationId1": "AGEYR65PLUS",
    "LocationDisplayOrder": 8
  },
  {
    "ID": 19449,
    "Description": 2015,
    "LocationAbbr": "CT",
    "LocationDesc": "Connecticut",
    "DataSource": "BRFSS",
    "Topic": "Obesity / Weight Status",
    "Data_Value": 25.5,
    "Sample_Size": "3,978",
    "Stratification1": "65 or older",
    "StratificationId1": "AGEYR65PLUS",
    "LocationDisplayOrder": 9
  },
  {
    "ID": 9166,
    "Description": 2015,
    "LocationAbbr": "DE",
    "LocationDesc": "Delaware",
    "DataSource": "BRFSS",
    "Topic": "Obesity / Weight Status",
    "Data_Value": 27.9,
    "Sample_Size": "1,422",
    "Stratification1": "65 or older",
    "StratificationId1": "AGEYR65PLUS",
    "LocationDisplayOrder": 10
  },
  {
    "ID": 15651,
    "Description": 2015,
    "LocationAbbr": "DC",
    "LocationDesc": "District of Columbia",
    "DataSource": "BRFSS",
    "Topic": "Obesity / Weight Status",
    "Data_Value": 29.7,
    "Sample_Size": "1,599",
    "Stratification1": "65 or older",
    "StratificationId1": "AGEYR65PLUS",
    "LocationDisplayOrder": 11
  },
  {
    "ID": 4933,
    "Description": 2015,
    "LocationAbbr": "FL",
    "LocationDesc": "Florida",
    "DataSource": "BRFSS",
    "Topic": "Obesity / Weight Status",
    "Data_Value": 25.8,
    "Sample_Size": "4,129",
    "Stratification1": "65 or older",
    "StratificationId1": "AGEYR65PLUS",
    "LocationDisplayOrder": 12
  },
  {
    "ID": 9266,
    "Description": 2015,
    "LocationAbbr": "GA",
    "LocationDesc": "Georgia",
    "DataSource": "BRFSS",
    "Topic": "Obesity / Weight Status",
    "Data_Value": 29.7,
    "Sample_Size": "1,572",
    "Stratification1": "65 or older",
    "StratificationId1": "AGEYR65PLUS",
    "LocationDisplayOrder": 13
  },
  {
    "ID": 23932,
    "Description": 2015,
    "LocationAbbr": "HI",
    "LocationDesc": "Hawaii",
    "DataSource": "BRFSS",
    "Topic": "Obesity / Weight Status",
    "Data_Value": 17.9,
    "Sample_Size": "2,237",
    "Stratification1": "65 or older",
    "StratificationId1": "AGEYR65PLUS",
    "LocationDisplayOrder": 15
  },
  {
    "ID": 3486,
    "Description": 2015,
    "LocationAbbr": "ID",
    "LocationDesc": "Idaho",
    "DataSource": "BRFSS",
    "Topic": "Obesity / Weight Status",
    "Data_Value": 27.3,
    "Sample_Size": "1,990",
    "Stratification1": "65 or older",
    "StratificationId1": "AGEYR65PLUS",
    "LocationDisplayOrder": 16
  },
  {
    "ID": 6556,
    "Description": 2015,
    "LocationAbbr": "IL",
    "LocationDesc": "Illinois",
    "DataSource": "BRFSS",
    "Topic": "Obesity / Weight Status",
    "Data_Value": 31.3,
    "Sample_Size": "1,755",
    "Stratification1": "65 or older",
    "StratificationId1": "AGEYR65PLUS",
    "LocationDisplayOrder": 17
  },
  {
    "ID": 1326,
    "Description": 2015,
    "LocationAbbr": "IN",
    "LocationDesc": "Indiana",
    "DataSource": "BRFSS",
    "Topic": "Obesity / Weight Status",
    "Data_Value": 29.5,
    "Sample_Size": "2,209",
    "Stratification1": "65 or older",
    "StratificationId1": "AGEYR65PLUS",
    "LocationDisplayOrder": 18
  },
  {
    "ID": 30445,
    "Description": 2015,
    "LocationAbbr": "IA",
    "LocationDesc": "Iowa",
    "DataSource": "BRFSS",
    "Topic": "Obesity / Weight Status",
    "Data_Value": 31.1,
    "Sample_Size": "2,088",
    "Stratification1": "65 or older",
    "StratificationId1": "AGEYR65PLUS",
    "LocationDisplayOrder": 19
  },
  {
    "ID": 22296,
    "Description": 2015,
    "LocationAbbr": "KS",
    "LocationDesc": "Kansas",
    "DataSource": "BRFSS",
    "Topic": "Obesity / Weight Status",
    "Data_Value": 30.5,
    "Sample_Size": "7,093",
    "Stratification1": "65 or older",
    "StratificationId1": "AGEYR65PLUS",
    "LocationDisplayOrder": 20
  },
  {
    "ID": 19210,
    "Description": 2015,
    "LocationAbbr": "KY",
    "LocationDesc": "Kentucky",
    "DataSource": "BRFSS",
    "Topic": "Obesity / Weight Status",
    "Data_Value": 31.2,
    "Sample_Size": "2,722",
    "Stratification1": "65 or older",
    "StratificationId1": "AGEYR65PLUS",
    "LocationDisplayOrder": 21
  },
  {
    "ID": 4196,
    "Description": 2015,
    "LocationAbbr": "LA",
    "LocationDesc": "Louisiana",
    "DataSource": "BRFSS",
    "Topic": "Obesity / Weight Status",
    "Data_Value": 33.6,
    "Sample_Size": "1,483",
    "Stratification1": "65 or older",
    "StratificationId1": "AGEYR65PLUS",
    "LocationDisplayOrder": 22
  },
  {
    "ID": 29377,
    "Description": 2015,
    "LocationAbbr": "ME",
    "LocationDesc": "Maine",
    "DataSource": "BRFSS",
    "Topic": "Obesity / Weight Status",
    "Data_Value": 29,
    "Sample_Size": "3,246",
    "Stratification1": "65 or older",
    "StratificationId1": "AGEYR65PLUS",
    "LocationDisplayOrder": 23
  },
  {
    "ID": 34513,
    "Description": 2015,
    "LocationAbbr": "MD",
    "LocationDesc": "Maryland",
    "DataSource": "BRFSS",
    "Topic": "Obesity / Weight Status",
    "Data_Value": 29.4,
    "Sample_Size": "4,626",
    "Stratification1": "65 or older",
    "StratificationId1": "AGEYR65PLUS",
    "LocationDisplayOrder": 24
  },
  {
    "ID": 25004,
    "Description": 2015,
    "LocationAbbr": "MA",
    "LocationDesc": "Massachusetts",
    "DataSource": "BRFSS",
    "Topic": "Obesity / Weight Status",
    "Data_Value": 25.2,
    "Sample_Size": "2,430",
    "Stratification1": "65 or older",
    "StratificationId1": "AGEYR65PLUS",
    "LocationDisplayOrder": 25
  },
  {
    "ID": 8346,
    "Description": 2015,
    "LocationAbbr": "MI",
    "LocationDesc": "Michigan",
    "DataSource": "BRFSS",
    "Topic": "Obesity / Weight Status",
    "Data_Value": 30,
    "Sample_Size": "2,691",
    "Stratification1": "65 or older",
    "StratificationId1": "AGEYR65PLUS",
    "LocationDisplayOrder": 26
  },
  {
    "ID": 32763,
    "Description": 2015,
    "LocationAbbr": "MN",
    "LocationDesc": "Minnesota",
    "DataSource": "BRFSS",
    "Topic": "Obesity / Weight Status",
    "Data_Value": 28.5,
    "Sample_Size": "4,688",
    "Stratification1": "65 or older",
    "StratificationId1": "AGEYR65PLUS",
    "LocationDisplayOrder": 27
  },
  {
    "ID": 20667,
    "Description": 2015,
    "LocationAbbr": "MS",
    "LocationDesc": "Mississippi",
    "DataSource": "BRFSS",
    "Topic": "Obesity / Weight Status",
    "Data_Value": 30.8,
    "Sample_Size": "2,291",
    "Stratification1": "65 or older",
    "StratificationId1": "AGEYR65PLUS",
    "LocationDisplayOrder": 28
  },
  {
    "ID": 39174,
    "Description": 2015,
    "LocationAbbr": "MO",
    "LocationDesc": "Missouri",
    "DataSource": "BRFSS",
    "Topic": "Obesity / Weight Status",
    "Data_Value": 29.4,
    "Sample_Size": "2,606",
    "Stratification1": "65 or older",
    "StratificationId1": "AGEYR65PLUS",
    "LocationDisplayOrder": 29
  },
  {
    "ID": 17487,
    "Description": 2015,
    "LocationAbbr": "MT",
    "LocationDesc": "Montana",
    "DataSource": "BRFSS",
    "Topic": "Obesity / Weight Status",
    "Data_Value": 23.2,
    "Sample_Size": "2,173",
    "Stratification1": "65 or older",
    "StratificationId1": "AGEYR65PLUS",
    "LocationDisplayOrder": 30
  },
  {
    "ID": 16867,
    "Description": 2015,
    "LocationAbbr": "NE",
    "LocationDesc": "Nebraska",
    "DataSource": "BRFSS",
    "Topic": "Obesity / Weight Status",
    "Data_Value": 32,
    "Sample_Size": "5,699",
    "Stratification1": "65 or older",
    "StratificationId1": "AGEYR65PLUS",
    "LocationDisplayOrder": 31
  },
  {
    "ID": 31136,
    "Description": 2015,
    "LocationAbbr": "NV",
    "LocationDesc": "Nevada",
    "DataSource": "BRFSS",
    "Topic": "Obesity / Weight Status",
    "Data_Value": 23.9,
    "Sample_Size": "1,011",
    "Stratification1": "65 or older",
    "StratificationId1": "AGEYR65PLUS",
    "LocationDisplayOrder": 32
  },
  {
    "ID": 14392,
    "Description": 2015,
    "LocationAbbr": "NH",
    "LocationDesc": "New Hampshire",
    "DataSource": "BRFSS",
    "Topic": "Obesity / Weight Status",
    "Data_Value": 27.8,
    "Sample_Size": "2,562",
    "Stratification1": "65 or older",
    "StratificationId1": "AGEYR65PLUS",
    "LocationDisplayOrder": 33
  },
  {
    "ID": 30014,
    "Description": 2015,
    "LocationAbbr": "NJ",
    "LocationDesc": "New Jersey",
    "DataSource": "BRFSS",
    "Topic": "Obesity / Weight Status",
    "Data_Value": 26.9,
    "Sample_Size": "3,193",
    "Stratification1": "65 or older",
    "StratificationId1": "AGEYR65PLUS",
    "LocationDisplayOrder": 34
  },
  {
    "ID": 27378,
    "Description": 2015,
    "LocationAbbr": "NM",
    "LocationDesc": "New Mexico",
    "DataSource": "BRFSS",
    "Topic": "Obesity / Weight Status",
    "Data_Value": 22.3,
    "Sample_Size": "2,247",
    "Stratification1": "65 or older",
    "StratificationId1": "AGEYR65PLUS",
    "LocationDisplayOrder": 35
  },
  {
    "ID": 17469,
    "Description": 2015,
    "LocationAbbr": "NY",
    "LocationDesc": "New York",
    "DataSource": "BRFSS",
    "Topic": "Obesity / Weight Status",
    "Data_Value": 24.9,
    "Sample_Size": "3,794",
    "Stratification1": "65 or older",
    "StratificationId1": "AGEYR65PLUS",
    "LocationDisplayOrder": 36
  },
  {
    "ID": 2822,
    "Description": 2015,
    "LocationAbbr": "NC",
    "LocationDesc": "North Carolina",
    "DataSource": "BRFSS",
    "Topic": "Obesity / Weight Status",
    "Data_Value": 26.7,
    "Sample_Size": "1,764",
    "Stratification1": "65 or older",
    "StratificationId1": "AGEYR65PLUS",
    "LocationDisplayOrder": 37
  },
  {
    "ID": 33721,
    "Description": 2015,
    "LocationAbbr": "ND",
    "LocationDesc": "North Dakota",
    "DataSource": "BRFSS",
    "Topic": "Obesity / Weight Status",
    "Data_Value": 30.9,
    "Sample_Size": "1,695",
    "Stratification1": "65 or older",
    "StratificationId1": "AGEYR65PLUS",
    "LocationDisplayOrder": 38
  },
  {
    "ID": 2990,
    "Description": 2015,
    "LocationAbbr": "OH",
    "LocationDesc": "Ohio",
    "DataSource": "BRFSS",
    "Topic": "Obesity / Weight Status",
    "Data_Value": 29,
    "Sample_Size": "4,471",
    "Stratification1": "65 or older",
    "StratificationId1": "AGEYR65PLUS",
    "LocationDisplayOrder": 39
  },
  {
    "ID": 14958,
    "Description": 2015,
    "LocationAbbr": "OK",
    "LocationDesc": "Oklahoma",
    "DataSource": "BRFSS",
    "Topic": "Obesity / Weight Status",
    "Data_Value": 28.1,
    "Sample_Size": "2,745",
    "Stratification1": "65 or older",
    "StratificationId1": "AGEYR65PLUS",
    "LocationDisplayOrder": 40
  },
  {
    "ID": 28259,
    "Description": 2015,
    "LocationAbbr": "OR",
    "LocationDesc": "Oregon",
    "DataSource": "BRFSS",
    "Topic": "Obesity / Weight Status",
    "Data_Value": 28.9,
    "Sample_Size": "1,850",
    "Stratification1": "65 or older",
    "StratificationId1": "AGEYR65PLUS",
    "LocationDisplayOrder": 41
  },
  {
    "ID": 4159,
    "Description": 2015,
    "LocationAbbr": "PA",
    "LocationDesc": "Pennsylvania",
    "DataSource": "BRFSS",
    "Topic": "Obesity / Weight Status",
    "Data_Value": 30.8,
    "Sample_Size": "1,675",
    "Stratification1": "65 or older",
    "StratificationId1": "AGEYR65PLUS",
    "LocationDisplayOrder": 42
  },
  {
    "ID": 37287,
    "Description": 2015,
    "LocationAbbr": "RI",
    "LocationDesc": "Rhode Island",
    "DataSource": "BRFSS",
    "Topic": "Obesity / Weight Status",
    "Data_Value": 24.4,
    "Sample_Size": "2,130",
    "Stratification1": "65 or older",
    "StratificationId1": "AGEYR65PLUS",
    "LocationDisplayOrder": 44
  },
  {
    "ID": 7121,
    "Description": 2015,
    "LocationAbbr": "SC",
    "LocationDesc": "South Carolina",
    "DataSource": "BRFSS",
    "Topic": "Obesity / Weight Status",
    "Data_Value": 28.5,
    "Sample_Size": "4,094",
    "Stratification1": "65 or older",
    "StratificationId1": "AGEYR65PLUS",
    "LocationDisplayOrder": 45
  },
  {
    "ID": 34589,
    "Description": 2015,
    "LocationAbbr": "SD",
    "LocationDesc": "South Dakota",
    "DataSource": "BRFSS",
    "Topic": "Obesity / Weight Status",
    "Data_Value": 26.6,
    "Sample_Size": "2,527",
    "Stratification1": "65 or older",
    "StratificationId1": "AGEYR65PLUS",
    "LocationDisplayOrder": 46
  },
  {
    "ID": 2921,
    "Description": 2015,
    "LocationAbbr": "TN",
    "LocationDesc": "Tennessee",
    "DataSource": "BRFSS",
    "Topic": "Obesity / Weight Status",
    "Data_Value": 27.7,
    "Sample_Size": "2,099",
    "Stratification1": "65 or older",
    "StratificationId1": "AGEYR65PLUS",
    "LocationDisplayOrder": 47
  },
  {
    "ID": 31592,
    "Description": 2015,
    "LocationAbbr": "TX",
    "LocationDesc": "Texas",
    "DataSource": "BRFSS",
    "Topic": "Obesity / Weight Status",
    "Data_Value": 29.7,
    "Sample_Size": "5,053",
    "Stratification1": "65 or older",
    "StratificationId1": "AGEYR65PLUS",
    "LocationDisplayOrder": 48
  },
  {
    "ID": 33309,
    "Description": 2015,
    "LocationAbbr": "UT",
    "LocationDesc": "Utah",
    "DataSource": "BRFSS",
    "Topic": "Obesity / Weight Status",
    "Data_Value": 26.2,
    "Sample_Size": "2,519",
    "Stratification1": "65 or older",
    "StratificationId1": "AGEYR65PLUS",
    "LocationDisplayOrder": 49
  },
  {
    "ID": 30171,
    "Description": 2015,
    "LocationAbbr": "VT",
    "LocationDesc": "Vermont",
    "DataSource": "BRFSS",
    "Topic": "Obesity / Weight Status",
    "Data_Value": 26.9,
    "Sample_Size": "1,879",
    "Stratification1": "65 or older",
    "StratificationId1": "AGEYR65PLUS",
    "LocationDisplayOrder": 50
  },
  {
    "ID": 6160,
    "Description": 2015,
    "LocationAbbr": "VA",
    "LocationDesc": "Virginia",
    "DataSource": "BRFSS",
    "Topic": "Obesity / Weight Status",
    "Data_Value": 29.3,
    "Sample_Size": "2,405",
    "Stratification1": "65 or older",
    "StratificationId1": "AGEYR65PLUS",
    "LocationDisplayOrder": 51
  },
  {
    "ID": 30449,
    "Description": 2015,
    "LocationAbbr": "WA",
    "LocationDesc": "Washington",
    "DataSource": "BRFSS",
    "Topic": "Obesity / Weight Status",
    "Data_Value": 27.2,
    "Sample_Size": "5,491",
    "Stratification1": "65 or older",
    "StratificationId1": "AGEYR65PLUS",
    "LocationDisplayOrder": 53
  },
  {
    "ID": 7296,
    "Description": 2015,
    "LocationAbbr": "WV",
    "LocationDesc": "West Virginia",
    "DataSource": "BRFSS",
    "Topic": "Obesity / Weight Status",
    "Data_Value": 30.3,
    "Sample_Size": "1,700",
    "Stratification1": "65 or older",
    "StratificationId1": "AGEYR65PLUS",
    "LocationDisplayOrder": 54
  },
  {
    "ID": 13400,
    "Description": 2015,
    "LocationAbbr": "WI",
    "LocationDesc": "Wisconsin",
    "DataSource": "BRFSS",
    "Topic": "Obesity / Weight Status",
    "Data_Value": 31.9,
    "Sample_Size": "1,884",
    "Stratification1": "65 or older",
    "StratificationId1": "AGEYR65PLUS",
    "LocationDisplayOrder": 55
  },
  {
    "ID": 33623,
    "Description": 2015,
    "LocationAbbr": "WY",
    "LocationDesc": "Wyoming",
    "DataSource": "BRFSS",
    "Topic": "Obesity / Weight Status",
    "Data_Value": 27.3,
    "Sample_Size": "2,207",
    "Stratification1": "65 or older",
    "StratificationId1": "AGEYR65PLUS",
    "LocationDisplayOrder": 56
  },
  {
    "ID": 1007,
    "Description": 2015,
    "LocationAbbr": "GU",
    "LocationDesc": "Guam",
    "DataSource": "BRFSS",
    "Topic": "Obesity / Weight Status",
    "Data_Value": 22.3,
    "Sample_Size": 207,
    "Stratification1": "65 or older",
    "StratificationId1": "AGEYR65PLUS",
    "LocationDisplayOrder": 66
  },
  {
    "ID": 513,
    "Description": 2015,
    "LocationAbbr": "PR",
    "LocationDesc": "Puerto Rico",
    "DataSource": "BRFSS",
    "Topic": "Obesity / Weight Status",
    "Data_Value": 23.2,
    "Sample_Size": "1,647",
    "Stratification1": "65 or older",
    "StratificationId1": "AGEYR65PLUS",
    "LocationDisplayOrder": 72
  },
  {
    "ID": "",
    "Description": "",
    "LocationAbbr": "",
    "LocationDesc": "",
    "DataSource": "",
    "Topic": "",
    "Data_Value": "",
    "Sample_Size": "",
    "Stratification1": "",
    "StratificationId1": "",
    "LocationDisplayOrder": ""
  },
  {
    "ID": "",
    "Description": "",
    "LocationAbbr": "",
    "LocationDesc": "",
    "DataSource": "",
    "Topic": "",
    "Data_Value": "",
    "Sample_Size": "",
    "Stratification1": "",
    "StratificationId1": "",
    "LocationDisplayOrder": ""
  },
  {
    "ID": "",
    "Description": "",
    "LocationAbbr": "",
    "LocationDesc": "",
    "DataSource": "",
    "Topic": "",
    "Data_Value": "",
    "Sample_Size": "",
    "Stratification1": "",
    "StratificationId1": "",
    "LocationDisplayOrder": ""
  },
  {
    "ID": "",
    "Description": "",
    "LocationAbbr": "",
    "LocationDesc": "",
    "DataSource": "",
    "Topic": "",
    "Data_Value": "",
    "Sample_Size": "",
    "Stratification1": "",
    "StratificationId1": "",
    "LocationDisplayOrder": ""
  },
  {
    "ID": "",
    "Description": "",
    "LocationAbbr": "",
    "LocationDesc": "",
    "DataSource": "",
    "Topic": "",
    "Data_Value": "",
    "Sample_Size": "",
    "Stratification1": "",
    "StratificationId1": "",
    "LocationDisplayOrder": ""
  },
  {
    "ID": "",
    "Description": "",
    "LocationAbbr": "",
    "LocationDesc": "",
    "DataSource": "",
    "Topic": "",
    "Data_Value": "",
    "Sample_Size": "",
    "Stratification1": "",
    "StratificationId1": "",
    "LocationDisplayOrder": ""
  },
  {
    "ID": "",
    "Description": "",
    "LocationAbbr": "",
    "LocationDesc": "",
    "DataSource": "",
    "Topic": "",
    "Data_Value": "",
    "Sample_Size": "",
    "Stratification1": "",
    "StratificationId1": "",
    "LocationDisplayOrder": ""
  },
  {
    "ID": "",
    "Description": "",
    "LocationAbbr": "",
    "LocationDesc": "",
    "DataSource": "",
    "Topic": "",
    "Data_Value": "",
    "Sample_Size": "",
    "Stratification1": "",
    "StratificationId1": "",
    "LocationDisplayOrder": ""
  },
  {
    "ID": "",
    "Description": "",
    "LocationAbbr": "",
    "LocationDesc": "",
    "DataSource": "",
    "Topic": "",
    "Data_Value": "",
    "Sample_Size": "",
    "Stratification1": "",
    "StratificationId1": "",
    "LocationDisplayOrder": ""
  }
]