[
  {
    "ID": 1047,
    "Description": 2015,
    "LocationAbbr": "US",
    "LocationDesc": "National",
    "DataSource": "BRFSS",
    "Topic": "Obesity / Weight Status",
    "Data_Value": 30.2,
    "Sample_Size": "109,147",
    "Stratification1": "Some college or technical school",
    "StratificationId1": "EDUCOTEC",
    "LocationDisplayOrder": 0
  },
  {
    "ID": 8253,
    "Description": 2015,
    "LocationAbbr": "AL",
    "LocationDesc": "Alabama",
    "DataSource": "BRFSS",
    "Topic": "Obesity / Weight Status",
    "Data_Value": 36.5,
    "Sample_Size": "2,078",
    "Stratification1": "Some college or technical school",
    "StratificationId1": "EDUCOTEC",
    "LocationDisplayOrder": 1
  },
  {
    "ID": 30762,
    "Description": 2015,
    "LocationAbbr": "AK",
    "LocationDesc": "Alaska",
    "DataSource": "BRFSS",
    "Topic": "Obesity / Weight Status",
    "Data_Value": 33,
    "Sample_Size": 983,
    "Stratification1": "Some college or technical school",
    "StratificationId1": "EDUCOTEC",
    "LocationDisplayOrder": 2
  },
  {
    "ID": 38188,
    "Description": 2015,
    "LocationAbbr": "AZ",
    "LocationDesc": "Arizona",
    "DataSource": "BRFSS",
    "Topic": "Obesity / Weight Status",
    "Data_Value": 30.3,
    "Sample_Size": "2,181",
    "Stratification1": "Some college or technical school",
    "StratificationId1": "EDUCOTEC",
    "LocationDisplayOrder": 4
  },
  {
    "ID": 4213,
    "Description": 2015,
    "LocationAbbr": "AR",
    "LocationDesc": "Arkansas",
    "DataSource": "BRFSS",
    "Topic": "Obesity / Weight Status",
    "Data_Value": 36.9,
    "Sample_Size": "1,276",
    "Stratification1": "Some college or technical school",
    "StratificationId1": "EDUCOTEC",
    "LocationDisplayOrder": 5
  },
  {
    "ID": 17724,
    "Description": 2015,
    "LocationAbbr": "CA",
    "LocationDesc": "California",
    "DataSource": "BRFSS",
    "Topic": "Obesity / Weight Status",
    "Data_Value": 25.3,
    "Sample_Size": "3,031",
    "Stratification1": "Some college or technical school",
    "StratificationId1": "EDUCOTEC",
    "LocationDisplayOrder": 6
  },
  {
    "ID": 28027,
    "Description": 2015,
    "LocationAbbr": "CO",
    "LocationDesc": "Colorado",
    "DataSource": "BRFSS",
    "Topic": "Obesity / Weight Status",
    "Data_Value": 21.8,
    "Sample_Size": "3,388",
    "Stratification1": "Some college or technical school",
    "StratificationId1": "EDUCOTEC",
    "LocationDisplayOrder": 8
  },
  {
    "ID": 7730,
    "Description": 2015,
    "LocationAbbr": "CT",
    "LocationDesc": "Connecticut",
    "DataSource": "BRFSS",
    "Topic": "Obesity / Weight Status",
    "Data_Value": 26,
    "Sample_Size": "2,500",
    "Stratification1": "Some college or technical school",
    "StratificationId1": "EDUCOTEC",
    "LocationDisplayOrder": 9
  },
  {
    "ID": 6761,
    "Description": 2015,
    "LocationAbbr": "DE",
    "LocationDesc": "Delaware",
    "DataSource": "BRFSS",
    "Topic": "Obesity / Weight Status",
    "Data_Value": 29.2,
    "Sample_Size": 934,
    "Stratification1": "Some college or technical school",
    "StratificationId1": "EDUCOTEC",
    "LocationDisplayOrder": 10
  },
  {
    "ID": 3961,
    "Description": 2015,
    "LocationAbbr": "DC",
    "LocationDesc": "District of Columbia",
    "DataSource": "BRFSS",
    "Topic": "Obesity / Weight Status",
    "Data_Value": 28.8,
    "Sample_Size": 530,
    "Stratification1": "Some college or technical school",
    "StratificationId1": "EDUCOTEC",
    "LocationDisplayOrder": 11
  },
  {
    "ID": 25594,
    "Description": 2015,
    "LocationAbbr": "FL",
    "LocationDesc": "Florida",
    "DataSource": "BRFSS",
    "Topic": "Obesity / Weight Status",
    "Data_Value": 28.3,
    "Sample_Size": "2,643",
    "Stratification1": "Some college or technical school",
    "StratificationId1": "EDUCOTEC",
    "LocationDisplayOrder": 12
  },
  {
    "ID": 21715,
    "Description": 2015,
    "LocationAbbr": "GA",
    "LocationDesc": "Georgia",
    "DataSource": "BRFSS",
    "Topic": "Obesity / Weight Status",
    "Data_Value": 33,
    "Sample_Size": "1,109",
    "Stratification1": "Some college or technical school",
    "StratificationId1": "EDUCOTEC",
    "LocationDisplayOrder": 13
  },
  {
    "ID": 16033,
    "Description": 2015,
    "LocationAbbr": "HI",
    "LocationDesc": "Hawaii",
    "DataSource": "BRFSS",
    "Topic": "Obesity / Weight Status",
    "Data_Value": 22.7,
    "Sample_Size": "1,937",
    "Stratification1": "Some college or technical school",
    "StratificationId1": "EDUCOTEC",
    "LocationDisplayOrder": 15
  },
  {
    "ID": 34075,
    "Description": 2015,
    "LocationAbbr": "ID",
    "LocationDesc": "Idaho",
    "DataSource": "BRFSS",
    "Topic": "Obesity / Weight Status",
    "Data_Value": 30.1,
    "Sample_Size": "1,720",
    "Stratification1": "Some college or technical school",
    "StratificationId1": "EDUCOTEC",
    "LocationDisplayOrder": 16
  },
  {
    "ID": 34610,
    "Description": 2015,
    "LocationAbbr": "IL",
    "LocationDesc": "Illinois",
    "DataSource": "BRFSS",
    "Topic": "Obesity / Weight Status",
    "Data_Value": 33.4,
    "Sample_Size": "1,346",
    "Stratification1": "Some college or technical school",
    "StratificationId1": "EDUCOTEC",
    "LocationDisplayOrder": 17
  },
  {
    "ID": 31402,
    "Description": 2015,
    "LocationAbbr": "IN",
    "LocationDesc": "Indiana",
    "DataSource": "BRFSS",
    "Topic": "Obesity / Weight Status",
    "Data_Value": 32.3,
    "Sample_Size": "1,415",
    "Stratification1": "Some college or technical school",
    "StratificationId1": "EDUCOTEC",
    "LocationDisplayOrder": 18
  },
  {
    "ID": 28432,
    "Description": 2015,
    "LocationAbbr": "IA",
    "LocationDesc": "Iowa",
    "DataSource": "BRFSS",
    "Topic": "Obesity / Weight Status",
    "Data_Value": 33.5,
    "Sample_Size": "1,650",
    "Stratification1": "Some college or technical school",
    "StratificationId1": "EDUCOTEC",
    "LocationDisplayOrder": 19
  },
  {
    "ID": 20574,
    "Description": 2015,
    "LocationAbbr": "KS",
    "LocationDesc": "Kansas",
    "DataSource": "BRFSS",
    "Topic": "Obesity / Weight Status",
    "Data_Value": 34.5,
    "Sample_Size": "5,990",
    "Stratification1": "Some college or technical school",
    "StratificationId1": "EDUCOTEC",
    "LocationDisplayOrder": 20
  },
  {
    "ID": 9078,
    "Description": 2015,
    "LocationAbbr": "KY",
    "LocationDesc": "Kentucky",
    "DataSource": "BRFSS",
    "Topic": "Obesity / Weight Status",
    "Data_Value": 35,
    "Sample_Size": "2,238",
    "Stratification1": "Some college or technical school",
    "StratificationId1": "EDUCOTEC",
    "LocationDisplayOrder": 21
  },
  {
    "ID": 25672,
    "Description": 2015,
    "LocationAbbr": "LA",
    "LocationDesc": "Louisiana",
    "DataSource": "BRFSS",
    "Topic": "Obesity / Weight Status",
    "Data_Value": 35.2,
    "Sample_Size": "1,132",
    "Stratification1": "Some college or technical school",
    "StratificationId1": "EDUCOTEC",
    "LocationDisplayOrder": 22
  },
  {
    "ID": 28145,
    "Description": 2015,
    "LocationAbbr": "ME",
    "LocationDesc": "Maine",
    "DataSource": "BRFSS",
    "Topic": "Obesity / Weight Status",
    "Data_Value": 31.7,
    "Sample_Size": "2,286",
    "Stratification1": "Some college or technical school",
    "StratificationId1": "EDUCOTEC",
    "LocationDisplayOrder": 23
  },
  {
    "ID": 29667,
    "Description": 2015,
    "LocationAbbr": "MD",
    "LocationDesc": "Maryland",
    "DataSource": "BRFSS",
    "Topic": "Obesity / Weight Status",
    "Data_Value": 29.9,
    "Sample_Size": "2,625",
    "Stratification1": "Some college or technical school",
    "StratificationId1": "EDUCOTEC",
    "LocationDisplayOrder": 24
  },
  {
    "ID": 10063,
    "Description": 2015,
    "LocationAbbr": "MA",
    "LocationDesc": "Massachusetts",
    "DataSource": "BRFSS",
    "Topic": "Obesity / Weight Status",
    "Data_Value": 26.5,
    "Sample_Size": "1,924",
    "Stratification1": "Some college or technical school",
    "StratificationId1": "EDUCOTEC",
    "LocationDisplayOrder": 25
  },
  {
    "ID": 34410,
    "Description": 2015,
    "LocationAbbr": "MI",
    "LocationDesc": "Michigan",
    "DataSource": "BRFSS",
    "Topic": "Obesity / Weight Status",
    "Data_Value": 32.1,
    "Sample_Size": "2,482",
    "Stratification1": "Some college or technical school",
    "StratificationId1": "EDUCOTEC",
    "LocationDisplayOrder": 26
  },
  {
    "ID": 20141,
    "Description": 2015,
    "LocationAbbr": "MN",
    "LocationDesc": "Minnesota",
    "DataSource": "BRFSS",
    "Topic": "Obesity / Weight Status",
    "Data_Value": 27,
    "Sample_Size": "4,839",
    "Stratification1": "Some college or technical school",
    "StratificationId1": "EDUCOTEC",
    "LocationDisplayOrder": 27
  },
  {
    "ID": 28727,
    "Description": 2015,
    "LocationAbbr": "MS",
    "LocationDesc": "Mississippi",
    "DataSource": "BRFSS",
    "Topic": "Obesity / Weight Status",
    "Data_Value": 37.2,
    "Sample_Size": "1,532",
    "Stratification1": "Some college or technical school",
    "StratificationId1": "EDUCOTEC",
    "LocationDisplayOrder": 28
  },
  {
    "ID": 14903,
    "Description": 2015,
    "LocationAbbr": "MO",
    "LocationDesc": "Missouri",
    "DataSource": "BRFSS",
    "Topic": "Obesity / Weight Status",
    "Data_Value": 32.6,
    "Sample_Size": "1,818",
    "Stratification1": "Some college or technical school",
    "StratificationId1": "EDUCOTEC",
    "LocationDisplayOrder": 29
  },
  {
    "ID": 21051,
    "Description": 2015,
    "LocationAbbr": "MT",
    "LocationDesc": "Montana",
    "DataSource": "BRFSS",
    "Topic": "Obesity / Weight Status",
    "Data_Value": 25.8,
    "Sample_Size": "1,610",
    "Stratification1": "Some college or technical school",
    "StratificationId1": "EDUCOTEC",
    "LocationDisplayOrder": 30
  },
  {
    "ID": 23001,
    "Description": 2015,
    "LocationAbbr": "NE",
    "LocationDesc": "Nebraska",
    "DataSource": "BRFSS",
    "Topic": "Obesity / Weight Status",
    "Data_Value": 34.3,
    "Sample_Size": "4,917",
    "Stratification1": "Some college or technical school",
    "StratificationId1": "EDUCOTEC",
    "LocationDisplayOrder": 31
  },
  {
    "ID": 37009,
    "Description": 2015,
    "LocationAbbr": "NV",
    "LocationDesc": "Nevada",
    "DataSource": "BRFSS",
    "Topic": "Obesity / Weight Status",
    "Data_Value": 23.5,
    "Sample_Size": 854,
    "Stratification1": "Some college or technical school",
    "StratificationId1": "EDUCOTEC",
    "LocationDisplayOrder": 32
  },
  {
    "ID": 6199,
    "Description": 2015,
    "LocationAbbr": "NH",
    "LocationDesc": "New Hampshire",
    "DataSource": "BRFSS",
    "Topic": "Obesity / Weight Status",
    "Data_Value": 26.9,
    "Sample_Size": "1,551",
    "Stratification1": "Some college or technical school",
    "StratificationId1": "EDUCOTEC",
    "LocationDisplayOrder": 33
  },
  {
    "ID": 20383,
    "Description": 2015,
    "LocationAbbr": "NJ",
    "LocationDesc": "New Jersey",
    "DataSource": "BRFSS",
    "Topic": "Obesity / Weight Status",
    "Data_Value": 25.1,
    "Sample_Size": "2,508",
    "Stratification1": "Some college or technical school",
    "StratificationId1": "EDUCOTEC",
    "LocationDisplayOrder": 34
  },
  {
    "ID": 18261,
    "Description": 2015,
    "LocationAbbr": "NM",
    "LocationDesc": "New Mexico",
    "DataSource": "BRFSS",
    "Topic": "Obesity / Weight Status",
    "Data_Value": 29.8,
    "Sample_Size": "1,736",
    "Stratification1": "Some college or technical school",
    "StratificationId1": "EDUCOTEC",
    "LocationDisplayOrder": 35
  },
  {
    "ID": 8619,
    "Description": 2015,
    "LocationAbbr": "NY",
    "LocationDesc": "New York",
    "DataSource": "BRFSS",
    "Topic": "Obesity / Weight Status",
    "Data_Value": 26.5,
    "Sample_Size": "2,648",
    "Stratification1": "Some college or technical school",
    "StratificationId1": "EDUCOTEC",
    "LocationDisplayOrder": 36
  },
  {
    "ID": 23189,
    "Description": 2015,
    "LocationAbbr": "NC",
    "LocationDesc": "North Carolina",
    "DataSource": "BRFSS",
    "Topic": "Obesity / Weight Status",
    "Data_Value": 30.7,
    "Sample_Size": "1,688",
    "Stratification1": "Some college or technical school",
    "StratificationId1": "EDUCOTEC",
    "LocationDisplayOrder": 37
  },
  {
    "ID": 26851,
    "Description": 2015,
    "LocationAbbr": "ND",
    "LocationDesc": "North Dakota",
    "DataSource": "BRFSS",
    "Topic": "Obesity / Weight Status",
    "Data_Value": 31.7,
    "Sample_Size": "1,487",
    "Stratification1": "Some college or technical school",
    "StratificationId1": "EDUCOTEC",
    "LocationDisplayOrder": 38
  },
  {
    "ID": 21578,
    "Description": 2015,
    "LocationAbbr": "OH",
    "LocationDesc": "Ohio",
    "DataSource": "BRFSS",
    "Topic": "Obesity / Weight Status",
    "Data_Value": 32.8,
    "Sample_Size": "2,827",
    "Stratification1": "Some college or technical school",
    "StratificationId1": "EDUCOTEC",
    "LocationDisplayOrder": 39
  },
  {
    "ID": 26027,
    "Description": 2015,
    "LocationAbbr": "OK",
    "LocationDesc": "Oklahoma",
    "DataSource": "BRFSS",
    "Topic": "Obesity / Weight Status",
    "Data_Value": 36.3,
    "Sample_Size": "1,981",
    "Stratification1": "Some college or technical school",
    "StratificationId1": "EDUCOTEC",
    "LocationDisplayOrder": 40
  },
  {
    "ID": 4277,
    "Description": 2015,
    "LocationAbbr": "OR",
    "LocationDesc": "Oregon",
    "DataSource": "BRFSS",
    "Topic": "Obesity / Weight Status",
    "Data_Value": 35.7,
    "Sample_Size": "1,481",
    "Stratification1": "Some college or technical school",
    "StratificationId1": "EDUCOTEC",
    "LocationDisplayOrder": 41
  },
  {
    "ID": 2887,
    "Description": 2015,
    "LocationAbbr": "PA",
    "LocationDesc": "Pennsylvania",
    "DataSource": "BRFSS",
    "Topic": "Obesity / Weight Status",
    "Data_Value": 31.8,
    "Sample_Size": "1,283",
    "Stratification1": "Some college or technical school",
    "StratificationId1": "EDUCOTEC",
    "LocationDisplayOrder": 42
  },
  {
    "ID": 24711,
    "Description": 2015,
    "LocationAbbr": "RI",
    "LocationDesc": "Rhode Island",
    "DataSource": "BRFSS",
    "Topic": "Obesity / Weight Status",
    "Data_Value": 24.9,
    "Sample_Size": "1,387",
    "Stratification1": "Some college or technical school",
    "StratificationId1": "EDUCOTEC",
    "LocationDisplayOrder": 44
  },
  {
    "ID": 18075,
    "Description": 2015,
    "LocationAbbr": "SC",
    "LocationDesc": "South Carolina",
    "DataSource": "BRFSS",
    "Topic": "Obesity / Weight Status",
    "Data_Value": 31,
    "Sample_Size": "3,010",
    "Stratification1": "Some college or technical school",
    "StratificationId1": "EDUCOTEC",
    "LocationDisplayOrder": 45
  },
  {
    "ID": 29942,
    "Description": 2015,
    "LocationAbbr": "SD",
    "LocationDesc": "South Dakota",
    "DataSource": "BRFSS",
    "Topic": "Obesity / Weight Status",
    "Data_Value": 32.8,
    "Sample_Size": "2,063",
    "Stratification1": "Some college or technical school",
    "StratificationId1": "EDUCOTEC",
    "LocationDisplayOrder": 46
  },
  {
    "ID": 10994,
    "Description": 2015,
    "LocationAbbr": "TN",
    "LocationDesc": "Tennessee",
    "DataSource": "BRFSS",
    "Topic": "Obesity / Weight Status",
    "Data_Value": 35.5,
    "Sample_Size": "1,372",
    "Stratification1": "Some college or technical school",
    "StratificationId1": "EDUCOTEC",
    "LocationDisplayOrder": 47
  },
  {
    "ID": 13790,
    "Description": 2015,
    "LocationAbbr": "TX",
    "LocationDesc": "Texas",
    "DataSource": "BRFSS",
    "Topic": "Obesity / Weight Status",
    "Data_Value": 32.5,
    "Sample_Size": "3,332",
    "Stratification1": "Some college or technical school",
    "StratificationId1": "EDUCOTEC",
    "LocationDisplayOrder": 48
  },
  {
    "ID": 24818,
    "Description": 2015,
    "LocationAbbr": "UT",
    "LocationDesc": "Utah",
    "DataSource": "BRFSS",
    "Topic": "Obesity / Weight Status",
    "Data_Value": 25.8,
    "Sample_Size": "3,303",
    "Stratification1": "Some college or technical school",
    "StratificationId1": "EDUCOTEC",
    "LocationDisplayOrder": 49
  },
  {
    "ID": 11291,
    "Description": 2015,
    "LocationAbbr": "VT",
    "LocationDesc": "Vermont",
    "DataSource": "BRFSS",
    "Topic": "Obesity / Weight Status",
    "Data_Value": 25.6,
    "Sample_Size": "1,404",
    "Stratification1": "Some college or technical school",
    "StratificationId1": "EDUCOTEC",
    "LocationDisplayOrder": 50
  },
  {
    "ID": 3281,
    "Description": 2015,
    "LocationAbbr": "VA",
    "LocationDesc": "Virginia",
    "DataSource": "BRFSS",
    "Topic": "Obesity / Weight Status",
    "Data_Value": 30.3,
    "Sample_Size": "2,082",
    "Stratification1": "Some college or technical school",
    "StratificationId1": "EDUCOTEC",
    "LocationDisplayOrder": 51
  },
  {
    "ID": 34487,
    "Description": 2015,
    "LocationAbbr": "WA",
    "LocationDesc": "Washington",
    "DataSource": "BRFSS",
    "Topic": "Obesity / Weight Status",
    "Data_Value": 29.4,
    "Sample_Size": "4,446",
    "Stratification1": "Some college or technical school",
    "StratificationId1": "EDUCOTEC",
    "LocationDisplayOrder": 53
  },
  {
    "ID": 37595,
    "Description": 2015,
    "LocationAbbr": "WV",
    "LocationDesc": "West Virginia",
    "DataSource": "BRFSS",
    "Topic": "Obesity / Weight Status",
    "Data_Value": 33.6,
    "Sample_Size": "1,348",
    "Stratification1": "Some college or technical school",
    "StratificationId1": "EDUCOTEC",
    "LocationDisplayOrder": 54
  },
  {
    "ID": 7318,
    "Description": 2015,
    "LocationAbbr": "WI",
    "LocationDesc": "Wisconsin",
    "DataSource": "BRFSS",
    "Topic": "Obesity / Weight Status",
    "Data_Value": 34.4,
    "Sample_Size": "1,661",
    "Stratification1": "Some college or technical school",
    "StratificationId1": "EDUCOTEC",
    "LocationDisplayOrder": 55
  },
  {
    "ID": 4975,
    "Description": 2015,
    "LocationAbbr": "WY",
    "LocationDesc": "Wyoming",
    "DataSource": "BRFSS",
    "Topic": "Obesity / Weight Status",
    "Data_Value": 33.3,
    "Sample_Size": "1,581",
    "Stratification1": "Some college or technical school",
    "StratificationId1": "EDUCOTEC",
    "LocationDisplayOrder": 56
  },
  {
    "ID": 579,
    "Description": 2015,
    "LocationAbbr": "GU",
    "LocationDesc": "Guam",
    "DataSource": "BRFSS",
    "Topic": "Obesity / Weight Status",
    "Data_Value": 28.8,
    "Sample_Size": 383,
    "Stratification1": "Some college or technical school",
    "StratificationId1": "EDUCOTEC",
    "LocationDisplayOrder": 66
  },
  {
    "ID": 220,
    "Description": 2015,
    "LocationAbbr": "PR",
    "LocationDesc": "Puerto Rico",
    "DataSource": "BRFSS",
    "Topic": "Obesity / Weight Status",
    "Data_Value": 29.5,
    "Sample_Size": "1,298",
    "Stratification1": "Some college or technical school",
    "StratificationId1": "EDUCOTEC",
    "LocationDisplayOrder": 72
  },
  {
    "ID": "",
    "Description": "",
    "LocationAbbr": "",
    "LocationDesc": "",
    "DataSource": "",
    "Topic": "",
    "Data_Value": "",
    "Sample_Size": "",
    "Stratification1": "",
    "StratificationId1": "",
    "LocationDisplayOrder": ""
  },
  {
    "ID": "",
    "Description": "",
    "LocationAbbr": "",
    "LocationDesc": "",
    "DataSource": "",
    "Topic": "",
    "Data_Value": "",
    "Sample_Size": "",
    "Stratification1": "",
    "StratificationId1": "",
    "LocationDisplayOrder": ""
  },
  {
    "ID": "",
    "Description": "",
    "LocationAbbr": "",
    "LocationDesc": "",
    "DataSource": "",
    "Topic": "",
    "Data_Value": "",
    "Sample_Size": "",
    "Stratification1": "",
    "StratificationId1": "",
    "LocationDisplayOrder": ""
  },
  {
    "ID": "",
    "Description": "",
    "LocationAbbr": "",
    "LocationDesc": "",
    "DataSource": "",
    "Topic": "",
    "Data_Value": "",
    "Sample_Size": "",
    "Stratification1": "",
    "StratificationId1": "",
    "LocationDisplayOrder": ""
  },
  {
    "ID": "",
    "Description": "",
    "LocationAbbr": "",
    "LocationDesc": "",
    "DataSource": "",
    "Topic": "",
    "Data_Value": "",
    "Sample_Size": "",
    "Stratification1": "",
    "StratificationId1": "",
    "LocationDisplayOrder": ""
  },
  {
    "ID": "",
    "Description": "",
    "LocationAbbr": "",
    "LocationDesc": "",
    "DataSource": "",
    "Topic": "",
    "Data_Value": "",
    "Sample_Size": "",
    "Stratification1": "",
    "StratificationId1": "",
    "LocationDisplayOrder": ""
  },
  {
    "ID": "",
    "Description": "",
    "LocationAbbr": "",
    "LocationDesc": "",
    "DataSource": "",
    "Topic": "",
    "Data_Value": "",
    "Sample_Size": "",
    "Stratification1": "",
    "StratificationId1": "",
    "LocationDisplayOrder": ""
  },
  {
    "ID": "",
    "Description": "",
    "LocationAbbr": "",
    "LocationDesc": "",
    "DataSource": "",
    "Topic": "",
    "Data_Value": "",
    "Sample_Size": "",
    "Stratification1": "",
    "StratificationId1": "",
    "LocationDisplayOrder": ""
  },
  {
    "ID": "",
    "Description": "",
    "LocationAbbr": "",
    "LocationDesc": "",
    "DataSource": "",
    "Topic": "",
    "Data_Value": "",
    "Sample_Size": "",
    "Stratification1": "",
    "StratificationId1": "",
    "LocationDisplayOrder": ""
  }
]